zone,year,fhv,fhvhv,green,yellow,medallion_trips,total_trips,aggregator_share,log_medallion_trips,log_aggregator_trips,borough
1,2019,23460.0,11851.0,22.0,2590.0,2612.0,37923.0,0.31250164807636527,7.867871490396322,9.380167531188448,EWR
1,2020,5745.0,3769.0,8.0,556.0,564.0,10078.0,0.3739829331216511,6.335054251498059,8.234564993267135,EWR
1,2021,2096.0,2414.0,9.0,711.0,720.0,5230.0,0.4615678776290631,6.579251212010101,7.789040401657477,EWR
1,2022,2872.0,24.0,19.0,2406.0,2425.0,5321.0,0.004510430370231159,7.793586803371584,3.1780538303479458,EWR
1,2023,11488.0,20.0,20.0,1112.0,1132.0,12640.0,0.0015822784810126582,7.0317412587631285,2.995732273553991,EWR
1,2024,9765.0,14.0,2.0,1247.0,1249.0,11028.0,0.0012694958287994198,7.130098510125578,2.6390573296152584,EWR
1,2025,8560.0,13.0,2.0,1344.0,1346.0,9919.0,0.001310615989515072,7.204892510204673,2.5649493574615367,EWR
2,2019,33.0,408.0,9.0,84.0,93.0,534.0,0.7640449438202247,4.532599493153256,6.0112671744041615,Queens
2,2020,53.0,373.0,1.0,24.0,25.0,451.0,0.8270509977827051,3.2188758248682006,5.921578419643816,Queens
2,2021,31.0,505.0,4.0,13.0,17.0,553.0,0.9132007233273056,2.833213344056216,6.22455842927536,Queens
2,2022,41.0,510.0,2.0,29.0,31.0,582.0,0.8762886597938144,3.4339872044851463,6.234410725718371,Queens
2,2023,34.0,483.0,0.0,32.0,32.0,549.0,0.8797814207650273,3.4657359027997265,6.180016653652572,Queens
2,2024,14.0,529.0,0.0,57.0,57.0,600.0,0.8816666666666667,4.04305126783455,6.270988431858299,Queens
2,2025,12.0,673.0,0.0,60.0,60.0,745.0,0.9033557046979865,4.0943445622221,6.511745329644728,Queens
3,2019,42442.0,433224.0,6513.0,2124.0,8637.0,484303.0,0.8945309031742524,9.063810579280286,12.979010194236407,Bronx
3,2020,6052.0,359937.0,2241.0,1666.0,3907.0,369896.0,0.9730762160174752,8.27052509505507,12.793684295118005,Bronx
3,2021,6229.0,404207.0,1744.0,1599.0,3343.0,413779.0,0.9768668782127657,8.114623886420098,12.909682401961026,Bronx
3,2022,6055.0,426961.0,75.0,436.0,511.0,433527.0,0.9848544611984952,6.236369590203704,12.964447953144862,Bronx
3,2023,3742.0,487761.0,53.0,665.0,718.0,492221.0,0.9909390294197119,6.576469569048224,13.097580810768214,Bronx
3,2024,6119.0,522024.0,24.0,1536.0,1560.0,529703.0,0.9855031970745871,7.352441100243583,13.16546884281936,Bronx
3,2025,10053.0,554304.0,100.0,4276.0,4376.0,568733.0,0.9746295713454293,8.383890344101816,13.225468551690717,Bronx
4,2019,98992.0,982099.0,248.0,141579.0,141827.0,1222918.0,0.8030783748378877,11.862363283981464,13.797447396919097,Manhattan
4,2020,3057.0,517937.0,390.0,33852.0,34242.0,555236.0,0.9328231598815638,10.441208239764762,13.15760889222349,Manhattan
4,2021,5257.0,620333.0,252.0,36530.0,36782.0,662372.0,0.9365326432880617,10.512763874058926,13.33801170961062,Manhattan
4,2022,10002.0,733746.0,8.0,47632.0,47640.0,791388.0,0.9271634141533609,10.771428023469236,13.505918198661544,Manhattan
4,2023,9810.0,773862.0,0.0,43989.0,43989.0,827661.0,0.934998749488015,10.691694881645189,13.559148842101854,Manhattan
4,2024,7530.0,749059.0,12.0,66947.0,66959.0,823548.0,0.9095511129891639,11.111835770762712,13.526573031092624,Manhattan
4,2025,10145.0,675943.0,59.0,129233.0,129292.0,815380.0,0.8289913905173049,11.769828691229426,13.423864031943383,Manhattan
5,2019,8194.0,51947.0,69.0,371.0,440.0,60581.0,0.8574800680081214,6.0867747269123065,10.857979247025447,Staten Island
5,2020,3110.0,35618.0,44.0,106.0,150.0,38878.0,0.9161479499974279,5.0106352940962555,10.480606407035951,Staten Island
5,2021,2631.0,45840.0,172.0,109.0,281.0,48752.0,0.9402691171644241,5.638354669333745,10.732912351388622,Staten Island
5,2022,4806.0,56382.0,2.0,382.0,384.0,61572.0,0.9157084389007991,5.950642552587727,10.93990523761112,Staten Island
5,2023,7876.0,63094.0,0.0,291.0,291.0,71261.0,0.8853931322883485,5.673323267171493,11.052380956845,Staten Island
5,2024,8822.0,70799.0,0.0,2.0,2.0,79623.0,0.8891777501475704,0.6931471805599453,11.167600155288277,Staten Island
5,2025,8296.0,70967.0,0.0,10.0,10.0,79273.0,0.8952228375361094,2.302585092994046,11.169970259243295,Staten Island
6,2019,10393.0,94695.0,69.0,230.0,299.0,105387.0,0.8985453613823337,5.700443573390687,11.458416479469836,Staten Island
6,2020,8805.0,69654.0,39.0,134.0,173.0,78632.0,0.8858225658764879,5.153291594497779,11.15129540756609,Staten Island
6,2021,10037.0,90822.0,55.0,71.0,126.0,100985.0,0.8993612912808833,4.836281906951478,11.41665682599062,Staten Island
6,2022,12059.0,99147.0,2.0,158.0,160.0,111366.0,0.8902806960831852,5.075173815233827,11.504358876304103,Staten Island
6,2023,20831.0,117426.0,3.0,384.0,387.0,138644.0,0.84696056086091,5.958424693029782,11.673563626933024,Staten Island
6,2024,21093.0,132483.0,1.0,558.0,559.0,154135.0,0.8595257404223571,6.326149473155099,11.79420961429023,Staten Island
6,2025,22881.0,143908.0,4.0,1000.0,1004.0,167793.0,0.8576519878660016,6.911747300251674,11.876929485492774,Staten Island
7,2019,268017.0,2274745.0,246455.0,114398.0,360853.0,2903615.0,0.7834182562082094,12.796225952169616,14.637378516172781,Queens
7,2020,54428.0,1366835.0,45922.0,32570.0,78492.0,1499755.0,0.9113721907911626,11.270751987749213,14.128008406153242,Queens
7,2021,46309.0,1722621.0,21434.0,24753.0,46187.0,1815117.0,0.9490413014698226,10.740453652192178,14.359357526137162,Queens
7,2022,43158.0,2110355.0,23991.0,20766.0,44757.0,2198270.0,0.960007187470147,10.709003136050958,14.5623667377459,Queens
7,2023,47222.0,2256596.0,18257.0,17149.0,35406.0,2339224.0,0.9646771749947846,10.474636576285224,14.629368041106696,Queens
7,2024,45664.0,2300839.0,12197.0,25645.0,37842.0,2384345.0,0.9649773837259289,10.541174875891706,14.648784396991074,Queens
7,2025,44288.0,2334499.0,7151.0,77533.0,84684.0,2463471.0,0.9476462276194849,11.34668196078883,14.663307865035787,Queens
8,2019,1202.0,9005.0,86.0,1123.0,1209.0,11416.0,0.7888051857042747,7.097548850614793,9.105535257610056,Queens
8,2020,235.0,5425.0,26.0,258.0,284.0,5944.0,0.9126850605652759,5.648974238161206,8.59877317840866,Queens
8,2021,228.0,7220.0,53.0,220.0,273.0,7721.0,0.9351120321201917,5.60947179518496,8.884610231886873,Queens
8,2022,242.0,7463.0,18.0,260.0,278.0,7983.0,0.934861580859326,5.627621113690637,8.917712757131387,Queens
8,2023,229.0,8465.0,10.0,170.0,180.0,8874.0,0.9539102997520847,5.19295685089021,9.043695294567236,Queens
8,2024,201.0,9963.0,11.0,212.0,223.0,10387.0,0.9591797439106575,5.407171771460119,9.206633510044856,Queens
8,2025,150.0,10089.0,8.0,454.0,462.0,10701.0,0.9428090832632464,6.135564891081739,9.219201000408379,Queens
9,2019,25570.0,193901.0,3752.0,1479.0,5231.0,224702.0,0.8629251186015255,8.562357743370612,12.17510299851502,Queens
9,2020,8293.0,106157.0,1454.0,1059.0,2513.0,116963.0,0.9076118088626318,7.829232537543592,11.572674409375441,Queens
9,2021,10297.0,140002.0,730.0,1350.0,2080.0,152379.0,0.9187748968033653,7.640123172695364,11.849411987203688,Queens
9,2022,8431.0,171254.0,113.0,290.0,403.0,180088.0,0.9509462040780063,5.998936561946683,12.05090311351592,Queens
9,2023,7482.0,193358.0,100.0,502.0,602.0,201442.0,0.9598693420438638,6.400257445308821,12.172298671922961,Queens
9,2024,8150.0,207362.0,44.0,718.0,762.0,216274.0,0.9587930125673914,6.635946555686647,12.242221337161261,Queens
9,2025,8151.0,223715.0,60.0,1700.0,1760.0,233626.0,0.9575774956554494,7.473069088032197,12.318128199320496,Queens
10,2019,55129.0,629529.0,8523.0,31320.0,39843.0,724501.0,0.8689139145425611,10.59270201006836,13.352727199713607,Queens
10,2020,8266.0,510160.0,3495.0,8218.0,11713.0,530139.0,0.9623136573615599,9.368454615069874,13.142479680989153,Queens
10,2021,5820.0,636756.0,3145.0,9127.0,12272.0,654848.0,0.9723722146207975,9.415075523607037,13.36414181564772,Queens
10,2022,8227.0,680139.0,286.0,12282.0,12568.0,700934.0,0.9703324421414855,9.438909179935457,13.430052468027757,Queens
10,2023,6941.0,779751.0,183.0,10737.0,10920.0,797612.0,0.9776069066162495,9.298351249298896,13.566729916931555,Queens
10,2024,13194.0,775292.0,116.0,14000.0,14116.0,802602.0,0.9659731722572333,9.55506418479516,13.56099501156746,Queens
10,2025,19048.0,819740.0,215.0,21206.0,21421.0,860209.0,0.9529544564169871,9.972127028252816,13.616742495791378,Queens
11,2019,23988.0,230078.0,4091.0,1435.0,5526.0,259592.0,0.886306203581004,8.617219505483362,12.346173660848386,Brooklyn
11,2020,7072.0,164278.0,1277.0,812.0,2089.0,173439.0,0.9471802766390489,7.644440761556566,12.009315393659888,Brooklyn
11,2021,6363.0,189226.0,1195.0,854.0,2049.0,197638.0,0.9574373349254698,7.6251071482389,12.150697346877369,Brooklyn
11,2022,6684.0,223236.0,42.0,370.0,412.0,230332.0,0.9691922963374607,6.021023349349527,12.315984786805988,Brooklyn
11,2023,5427.0,248560.0,55.0,487.0,542.0,254529.0,0.9765488411929485,6.295266001439646,12.423439544066929,Brooklyn
11,2024,8008.0,257639.0,21.0,1157.0,1178.0,266825.0,0.9655729410662419,7.071573364211532,12.459314659268417,Brooklyn
11,2025,10779.0,280940.0,46.0,2994.0,3040.0,294759.0,0.9531176316923317,8.019612794400267,12.545896402384901,Brooklyn
12,2019,4255.0,38906.0,3.0,36631.0,36634.0,79795.0,0.48757440942414937,10.508732049920162,10.568903759357763,Manhattan
12,2020,69.0,12348.0,4.0,5781.0,5785.0,18202.0,0.6783869904406109,8.663023639627777,9.42124938562205,Manhattan
12,2021,114.0,20583.0,3.0,10156.0,10159.0,30856.0,0.6670663728286232,9.226115291091546,9.932220771359,Manhattan
12,2022,161.0,32314.0,0.0,16525.0,16525.0,49000.0,0.659469387755102,9.712629664719888,10.383255851836775,Manhattan
12,2023,319.0,36157.0,0.0,16617.0,16617.0,53093.0,0.6810125628613941,9.718181546701214,10.49562584646259,Manhattan
12,2024,185.0,27110.0,1.0,16394.0,16395.0,43690.0,0.62050812542916,9.704731689278749,10.20765794249271,Manhattan
12,2025,156.0,25136.0,0.0,15234.0,15234.0,40526.0,0.6202437941074865,9.631285050932734,10.132056360495403,Manhattan
13,2019,143410.0,1242723.0,77.0,733939.0,734016.0,2120149.0,0.5861488980255632,13.506286105724195,14.032815497710043,Manhattan
13,2020,9999.0,532608.0,80.0,153074.0,153154.0,695761.0,0.7655042464294491,11.939199230104634,13.185540972902558,Manhattan
13,2021,5922.0,774802.0,61.0,158893.0,158954.0,939678.0,0.8245398955812523,11.976370131168585,13.560362791822952,Manhattan
13,2022,13254.0,1032020.0,14.0,228002.0,228016.0,1273290.0,0.810514493948747,12.337171080912993,13.847028604680819,Manhattan
13,2023,15717.0,1069948.0,0.0,216633.0,216633.0,1302298.0,0.8215846142741523,12.285959956514885,13.88312060712632,Manhattan
13,2024,11908.0,1066746.0,21.0,245317.0,245338.0,1323992.0,0.8057042640741031,12.410392130601123,13.880123451336162,Manhattan
13,2025,12893.0,1050617.0,21.0,275473.0,275494.0,1339004.0,0.7846257367416378,12.526321128753557,13.864888168600856,Manhattan
14,2019,106083.0,1170625.0,19035.0,7358.0,26393.0,1303101.0,0.898337887853666,10.180854102460378,13.97304835218049,Brooklyn
14,2020,11449.0,770830.0,6167.0,3898.0,10065.0,792344.0,0.9728476520299264,9.216819338073892,13.555223135366933,Brooklyn
14,2021,9786.0,945777.0,4404.0,3883.0,8287.0,963850.0,0.9812491570265083,9.022443300849043,13.759762090858585,Brooklyn
14,2022,18615.0,1093941.0,368.0,1789.0,2157.0,1114713.0,0.9813656071114268,7.676473646389156,13.905297329979597,Brooklyn
14,2023,14462.0,1181731.0,140.0,2509.0,2649.0,1198842.0,0.9857270599461814,7.88193748927207,13.982490870675587,Brooklyn
14,2024,17484.0,1261484.0,69.0,6116.0,6185.0,1285153.0,0.9815827376195675,8.729882284826589,14.0477993636693,Brooklyn
14,2025,27896.0,1345187.0,216.0,17693.0,17909.0,1390992.0,0.9670702635241611,9.79305865876674,14.11204359481107,Brooklyn
15,2019,36223.0,142647.0,2067.0,1431.0,3498.0,182368.0,0.7821931479206878,8.159946655578548,11.868128325926286,Queens
15,2020,14449.0,81799.0,653.0,711.0,1364.0,97612.0,0.8380014752284555,7.218176838403408,11.312020297577238,Queens
15,2021,16808.0,109472.0,323.0,802.0,1125.0,127405.0,0.8592441426945567,7.025538314638521,11.60342408777733,Queens
15,2022,15354.0,132941.0,44.0,240.0,284.0,148579.0,0.8947495944918191,5.648974238161206,11.797660699757744,Queens
15,2023,13193.0,155468.0,26.0,323.0,349.0,169010.0,0.9198745636352879,5.855071922202427,11.954195201642865,Queens
15,2024,5100.0,167247.0,43.0,655.0,698.0,173045.0,0.9664942644976741,6.548219102762372,12.027227040609871,Queens
15,2025,3919.0,179941.0,83.0,1530.0,1613.0,185473.0,0.9701735562588625,7.385851078125209,12.100384298363693,Queens
16,2019,56840.0,459757.0,4553.0,2296.0,6849.0,523446.0,0.8783274683539467,8.831857935197906,13.038453368016782,Queens
16,2020,12486.0,247500.0,1457.0,1183.0,2640.0,262626.0,0.9424047885586347,7.878534196140362,12.419165860990882,Queens
16,2021,14277.0,316800.0,660.0,1580.0,2240.0,333317.0,0.9504465718820222,7.7142311448490855,12.666025938922408,Queens
16,2022,12939.0,399514.0,112.0,372.0,484.0,412937.0,0.9674938307780606,6.182084906716632,12.898004087379203,Queens
16,2023,11356.0,437322.0,70.0,490.0,560.0,449238.0,0.97347508447638,6.327936783729195,12.988425044848125,Queens
16,2024,9015.0,462296.0,61.0,1005.0,1066.0,472377.0,0.9786589948282833,6.97166860472579,13.043960657548661,Queens
16,2025,8012.0,505410.0,144.0,3052.0,3196.0,516618.0,0.9783050532501771,8.069655306886165,13.13312526004836,Queens
17,2019,187057.0,2061828.0,40225.0,15844.0,56069.0,2304954.0,0.8945202377140715,10.93433835410938,14.539103525918879,Brooklyn
17,2020,8435.0,1446141.0,11096.0,7790.0,18886.0,1473462.0,0.9814579541243683,9.846176185823014,14.184409187320464,Brooklyn
17,2021,8032.0,1618204.0,6631.0,7992.0,14623.0,1640859.0,0.9861932073383515,9.590350910611878,14.29682745023516,Brooklyn
17,2022,19052.0,1752647.0,2149.0,4315.0,6464.0,1778163.0,0.9856503593877501,8.774003600200931,14.37663777454432,Brooklyn
17,2023,25872.0,1897637.0,1103.0,4508.0,5611.0,1929120.0,0.9836801235796633,8.632484235750972,14.456119985909114,Brooklyn
17,2024,22528.0,1982854.0,680.0,12460.0,13140.0,2018522.0,0.9823296451562084,9.483416292038601,14.500047778971954,Brooklyn
17,2025,27859.0,1969351.0,529.0,39961.0,40490.0,2037700.0,0.966457771016342,10.608810309026207,14.493214604811993,Brooklyn
18,2019,100204.0,1019948.0,12145.0,3001.0,15146.0,1135298.0,0.8983967205086242,9.625491749673769,13.835262203568753,Bronx
18,2020,13607.0,891623.0,4595.0,3133.0,7728.0,912958.0,0.9766309074459066,8.952605375892354,13.700798676482352,Bronx
18,2021,10125.0,894016.0,3062.0,2743.0,5805.0,909946.0,0.9824934666452735,8.666474894131992,13.703478951087222,Bronx
18,2022,9753.0,919952.0,423.0,860.0,1283.0,930988.0,0.9881459266929327,7.1569563646156364,13.732076773751073,Bronx
18,2023,6284.0,1013747.0,256.0,1263.0,1519.0,1021550.0,0.9923616073613626,7.325807502595773,13.829163925097886,Bronx
18,2024,7535.0,1094159.0,119.0,2548.0,2667.0,1104361.0,0.9907620787043367,7.888709524182015,13.905496589611898,Bronx
18,2025,16634.0,1174861.0,208.0,9463.0,9671.0,1201166.0,0.9781004457335623,9.176886995716963,13.97666040069031,Bronx
19,2019,14505.0,146259.0,3251.0,1690.0,4941.0,165705.0,0.8826468724540599,8.50532301884575,11.893134301662228,Queens
19,2020,2496.0,95459.0,1001.0,802.0,1803.0,99758.0,0.9569057118226107,7.497207223203318,11.466452114913148,Queens
19,2021,1826.0,136369.0,768.0,936.0,1704.0,139899.0,0.9747675108471111,7.440733707389261,11.823119725833866,Queens
19,2022,3744.0,164327.0,42.0,463.0,505.0,168576.0,0.9747947513287776,6.22455842927536,12.009613624060297,Queens
19,2023,2823.0,192658.0,77.0,717.0,794.0,196275.0,0.981571774296268,6.677083461247136,12.168671875275692,Queens
19,2024,4790.0,207643.0,91.0,1535.0,1626.0,214059.0,0.9700269551852526,7.3938782901077555,12.243575537920014,Queens
19,2025,6160.0,225760.0,120.0,4066.0,4186.0,236106.0,0.9561806984998263,8.339500903005945,12.32722776708664,Queens
20,2019,60721.0,641008.0,6730.0,1730.0,8460.0,710189.0,0.9025879026568984,9.04310445260027,13.370797216324146,Bronx
20,2020,8061.0,508333.0,2302.0,1730.0,4032.0,520426.0,0.9767632670158678,8.302017809751204,13.13889202361762,Bronx
20,2021,6802.0,551741.0,1833.0,1709.0,3542.0,562085.0,0.9815970894081856,8.17244681834278,13.220834012250558,Bronx
20,2022,6032.0,585537.0,325.0,532.0,857.0,592426.0,0.9883715434501524,6.75343791859778,13.28028465387467,Bronx
20,2023,3611.0,655434.0,243.0,713.0,956.0,660001.0,0.9930803135146765,6.862757913051401,13.39305289061781,Bronx
20,2024,4468.0,697119.0,106.0,1692.0,1798.0,703385.0,0.9910916496655459,7.494430215031565,13.454711406876978,Bronx
20,2025,8249.0,734685.0,149.0,5151.0,5300.0,748234.0,0.9818920284296089,8.575462099540212,13.50719711490342,Bronx
21,2019,57858.0,553432.0,8459.0,3134.0,11593.0,622883.0,0.8885007296715435,9.358156746670401,13.22389416902171,Brooklyn
21,2020,12346.0,391249.0,2337.0,1626.0,3963.0,407558.0,0.9599836096948164,8.284756593190435,12.87709946492269,Brooklyn
21,2021,9226.0,454819.0,1554.0,1610.0,3164.0,467209.0,0.9734808190766873,8.059592328887545,13.027654816591001,Brooklyn
21,2022,11957.0,514953.0,248.0,562.0,810.0,527720.0,0.9758072462669598,6.697034247666484,13.151830913345309,Brooklyn
21,2023,10731.0,562548.0,256.0,757.0,1013.0,574292.0,0.9795504725818921,6.920671504248683,13.240231742753364,Brooklyn
21,2024,14031.0,592586.0,97.0,2043.0,2140.0,608757.0,0.9734360344111033,7.668561108015897,13.292251289137843,Brooklyn
21,2025,24194.0,653092.0,137.0,5548.0,5685.0,682971.0,0.9562514367374311,8.645586406184636,13.389473286543026,Brooklyn
22,2019,71179.0,730615.0,10445.0,3874.0,14319.0,816113.0,0.8952375467612941,9.569342605674006,13.501641924202913,Brooklyn
22,2020,13157.0,500875.0,3464.0,2428.0,5892.0,519924.0,0.9633619529008086,8.681350777582521,13.124111847938446,Brooklyn
22,2021,10002.0,607183.0,2274.0,2511.0,4785.0,621970.0,0.9762255414248275,8.473241303887054,13.31658550730667,Brooklyn
22,2022,13612.0,676639.0,105.0,627.0,732.0,690983.0,0.9792411680171582,6.595780513961311,13.42489317481447,Brooklyn
22,2023,10806.0,752159.0,77.0,950.0,1027.0,763992.0,0.9845116179227008,6.934397209928558,13.530703016752712,Brooklyn
22,2024,13550.0,783952.0,37.0,2977.0,3014.0,800516.0,0.9793083461167547,8.01102337918644,13.572103072968453,Brooklyn
22,2025,21648.0,867575.0,109.0,7872.0,7981.0,897204.0,0.9669762952461202,8.984818995876008,13.673457242397516,Brooklyn
23,2019,29603.0,272137.0,196.0,543.0,739.0,302479.0,0.8996889040230892,6.6052979209482015,12.514060894946306,Staten Island
23,2020,10457.0,186557.0,287.0,527.0,814.0,197828.0,0.9430262652405119,6.70196036600254,12.136492101397474,Staten Island
23,2021,10115.0,248533.0,929.0,765.0,1694.0,260342.0,0.9546404345053814,7.434847875211999,12.423330912482793,Staten Island
23,2022,20674.0,300566.0,9.0,841.0,850.0,322090.0,0.9331739575894936,6.745236349484363,12.613422642784823,Staten Island
23,2023,42471.0,345074.0,3.0,489.0,492.0,388037.0,0.8892811767949964,6.198478716492308,12.751514165766839,Staten Island
23,2024,45541.0,360548.0,2.0,135.0,137.0,406226.0,0.8875552032612388,4.919980925828125,12.795380375248671,Staten Island
23,2025,43251.0,387906.0,6.0,281.0,287.0,431444.0,0.8990877147439761,5.659482215759621,12.86851832121253,Staten Island
24,2019,35842.0,395588.0,21465.0,248456.0,269921.0,701351.0,0.564037122639021,12.505884602574355,12.888128544600244,Manhattan
24,2020,1292.0,236327.0,5919.0,90016.0,95935.0,333554.0,0.7085119650791176,11.4714261577922,12.372971718179599,Manhattan
24,2021,1202.0,269137.0,5017.0,115085.0,120102.0,390441.0,0.6893154151331443,11.69609666071876,12.502975822618264,Manhattan
24,2022,2460.0,308733.0,6487.0,124764.0,131251.0,442444.0,0.6977900028026146,11.784866799472464,12.640232104679681,Manhattan
24,2023,3181.0,334843.0,5384.0,94000.0,99384.0,437408.0,0.7655164057356061,11.506746413893513,12.721417044236903,Manhattan
24,2024,2641.0,339232.0,4697.0,101903.0,106600.0,448473.0,0.7564156593596493,11.57683879071388,12.734439518072824,Manhattan
24,2025,3862.0,322136.0,3681.0,117105.0,120786.0,446784.0,0.7210106002005443,11.701775663726883,12.68272909560601,Manhattan
25,2019,126154.0,1307091.0,115225.0,70088.0,185313.0,1618558.0,0.8075651289604697,12.129801566315567,14.083314615278283,Brooklyn
25,2020,6436.0,742360.0,26635.0,18357.0,44992.0,793788.0,0.935211920563173,10.714239975170337,13.51758957969224,Brooklyn
25,2021,6111.0,929900.0,10884.0,16022.0,26906.0,962917.0,0.9657114787671212,10.200104589045488,13.742832332466289,Brooklyn
25,2022,16594.0,1183761.0,7445.0,17734.0,25179.0,1225534.0,0.9659144503538866,10.133765592750937,13.98420721594189,Brooklyn
25,2023,15318.0,1321350.0,5056.0,14183.0,19239.0,1355907.0,0.9745137387741195,9.864694747816973,14.094164499206052,Brooklyn
25,2024,14427.0,1403220.0,3096.0,21857.0,24953.0,1442600.0,0.9727020657146819,10.12474933443232,14.15428015363417,Brooklyn
25,2025,20384.0,1424961.0,2875.0,46441.0,49316.0,1494661.0,0.9533673521955814,10.806003850988443,14.169655002889312,Brooklyn
26,2019,102805.0,1060956.0,14318.0,6300.0,20618.0,1184379.0,0.8957909588062605,9.93391975965633,13.874680946425176,Brooklyn
26,2020,10731.0,784330.0,4239.0,3744.0,7983.0,803044.0,0.9766961710690821,8.9850695596458,13.572585129138606,Brooklyn
26,2021,10518.0,871540.0,2971.0,3366.0,6337.0,888395.0,0.981027583451055,8.754160749323518,13.67801704076616,Brooklyn
26,2022,18832.0,1013287.0,159.0,938.0,1097.0,1033216.0,0.9807116808102081,7.00033446027523,13.828710059984724,Brooklyn
26,2023,13059.0,1164742.0,135.0,1093.0,1228.0,1179029.0,0.9878824015355008,7.113142108707088,13.968010161228754,Brooklyn
26,2024,15231.0,1176215.0,39.0,4044.0,4083.0,1195529.0,0.9838448084488122,8.314587291319576,13.977812213859849,Brooklyn
26,2025,24159.0,1226160.0,158.0,11003.0,11161.0,1261480.0,0.9720011415163141,9.320180837655714,14.019397892672789,Brooklyn
27,2019,645.0,18412.0,127.0,112.0,239.0,19296.0,0.9541873963515755,5.476463551931511,9.820757904937132,Queens
27,2020,192.0,15934.0,77.0,110.0,187.0,16313.0,0.976766995647643,5.231108616854587,9.676210469940312,Queens
27,2021,374.0,14528.0,38.0,76.0,114.0,15016.0,0.9675013319126265,4.736198448394496,9.583833100841074,Queens
27,2022,460.0,16207.0,11.0,13.0,24.0,16691.0,0.9710023365885807,3.1780538303479458,9.69319852665812,Queens
27,2023,273.0,15783.0,3.0,16.0,19.0,16075.0,0.9818351477449455,2.9444389791664403,9.666688690398917,Queens
27,2024,313.0,18529.0,3.0,164.0,167.0,19009.0,0.9747488031984849,5.117993812416755,9.827092351282415,Queens
27,2025,294.0,18729.0,2.0,297.0,299.0,19322.0,0.9693095952799917,5.700443573390687,9.837828403729853,Queens
28,2019,38054.0,434350.0,8530.0,12144.0,20674.0,493078.0,0.8808951119295527,9.93663215112843,12.981605939688066,Queens
28,2020,4589.0,314593.0,2394.0,4106.0,6500.0,325682.0,0.9659514495735103,8.779557455883728,12.659035018881973,Queens
28,2021,4800.0,412771.0,1895.0,2500.0,4395.0,421966.0,0.9782091448126152,8.388222810119277,12.930648238743723,Queens
28,2022,6360.0,493478.0,742.0,2512.0,3254.0,503092.0,0.9808901751568302,8.087640287778983,13.109233557328036,Queens
28,2023,7381.0,548327.0,506.0,3184.0,3690.0,559398.0,0.9802090819059059,8.213381737034572,13.21462710329482,Queens
28,2024,9517.0,581141.0,250.0,5243.0,5493.0,596151.0,0.9748218152783439,8.61122983334262,13.272748691416618,Queens
28,2025,11485.0,620152.0,280.0,12399.0,12679.0,644316.0,0.9624966631280304,9.447702360527948,13.337719888264479,Queens
29,2019,48418.0,411682.0,9915.0,1987.0,11902.0,472002.0,0.872203931339274,9.384461732204798,12.928006485646018,Brooklyn
29,2020,28035.0,293724.0,3440.0,2261.0,5701.0,327460.0,0.896976729982288,8.648396877031582,12.59039582988491,Brooklyn
29,2021,18384.0,354375.0,1868.0,1897.0,3765.0,376524.0,0.9411750645377187,8.233503140233994,12.778110953464154,Brooklyn
29,2022,20936.0,386504.0,477.0,652.0,1129.0,408569.0,0.9459944342326511,7.029087564149662,12.864897496244547,Brooklyn
29,2023,25394.0,414324.0,282.0,959.0,1241.0,440959.0,0.9395975589567284,7.123672785204607,12.934403555424602,Brooklyn
29,2024,26696.0,444908.0,162.0,2757.0,2919.0,474523.0,0.937589958758585,7.978996370854115,13.005622798201358,Brooklyn
29,2025,47908.0,503616.0,199.0,5752.0,5951.0,557475.0,0.9033875958563164,8.691314551644853,13.129569351894656,Brooklyn
30,2019,693.0,9354.0,67.0,51.0,118.0,10165.0,0.9202164289227742,4.770684624465665,9.143559338285831,Queens
30,2020,322.0,6451.0,28.0,20.0,48.0,6821.0,0.9457557542882276,3.871201010907891,8.771990436532242,Queens
30,2021,133.0,8675.0,12.0,28.0,40.0,8848.0,0.9804475587703436,3.6888794541139363,9.06820060481506,Queens
30,2022,155.0,8954.0,1.0,15.0,16.0,9125.0,0.9812602739726027,2.772588722239781,9.09985563880091,Queens
30,2023,141.0,10711.0,0.0,26.0,26.0,10878.0,0.9846479132193418,3.258096538021482,9.27902652976463,Queens
30,2024,222.0,14480.0,2.0,82.0,84.0,14786.0,0.9793047477343433,4.430816798843313,9.580523665939708,Queens
30,2025,155.0,14486.0,0.0,181.0,181.0,14822.0,0.9773309944676831,5.198497031265826,9.580937944755272,Queens
31,2019,12024.0,92702.0,2264.0,530.0,2794.0,107520.0,0.8621837797619047,7.935229539816907,11.43714532629424,Bronx
31,2020,1129.0,64763.0,392.0,317.0,709.0,66601.0,0.9724028167745229,6.5638555265321274,11.078489731610516,Bronx
31,2021,950.0,87705.0,379.0,515.0,894.0,89549.0,0.9794079219198427,6.795705775173514,11.38173418927788,Bronx
31,2022,1182.0,78208.0,126.0,204.0,330.0,79720.0,0.9810336176618164,5.799092654460526,11.267127223091212,Bronx
31,2023,729.0,88538.0,73.0,200.0,273.0,89540.0,0.9888094706276525,5.60947179518496,11.391187117370512,Bronx
31,2024,1198.0,102078.0,83.0,331.0,414.0,103690.0,0.9844536599479217,6.025865973825314,11.533492505910193,Bronx
31,2025,1240.0,105773.0,78.0,1029.0,1107.0,108120.0,0.9782926378098409,7.009408932708637,11.569050567349949,Bronx
32,2019,50052.0,510684.0,8798.0,2973.0,11771.0,572507.0,0.8920135474326079,9.37339415841248,13.143506282597276,Bronx
32,2020,7931.0,472232.0,2977.0,2300.0,5277.0,485440.0,0.9727916941331576,8.571113033405668,13.065225669232369,Bronx
32,2021,6657.0,500049.0,2270.0,2180.0,4450.0,511156.0,0.9782708214322047,8.400659375160286,13.122461372602643,Bronx
32,2022,6968.0,504335.0,96.0,508.0,604.0,511907.0,0.9852082507174155,6.403574197934815,13.130996008789586,Bronx
32,2023,4924.0,548099.0,75.0,983.0,1058.0,554081.0,0.9892037445788612,6.964135612418245,13.21421120654796,Bronx
32,2024,7697.0,579663.0,41.0,1782.0,1823.0,589183.0,0.9838420321020803,7.508238774678663,13.270202179173895,Bronx
32,2025,14841.0,611915.0,141.0,5731.0,5872.0,632628.0,0.9672587998001986,8.677950570294351,13.32434866295962,Bronx
33,2019,108330.0,1161553.0,144455.0,83005.0,227460.0,1497343.0,0.7757427656856178,12.334729677738435,13.965268460801576,Brooklyn
33,2020,7395.0,618609.0,30969.0,19524.0,50493.0,676497.0,0.9144297757417993,10.829589991794276,13.335228688108842,Brooklyn
33,2021,6528.0,805235.0,12798.0,19718.0,32516.0,844279.0,0.9537546237677356,10.389487554866463,13.59888943926459,Brooklyn
33,2022,13543.0,992145.0,11022.0,23988.0,35010.0,1040698.0,0.9533457352661386,10.463389013948712,13.807624544940149,Brooklyn
33,2023,12600.0,1078444.0,7396.0,17985.0,25381.0,1116425.0,0.9659798015988534,10.141756141595407,13.891029819494777,Brooklyn
33,2024,12874.0,1142782.0,5975.0,28120.0,34095.0,1189751.0,0.9605219915763886,10.436906024954753,13.94897619842717,Brooklyn
33,2025,16334.0,1157078.0,5371.0,51237.0,56608.0,1230020.0,0.9406985252272321,10.943905596959512,13.961408419633813,Brooklyn
34,2019,16874.0,190438.0,2035.0,1923.0,3958.0,211270.0,0.9013963175084015,8.28349412616251,12.15708196125793,Brooklyn
34,2020,307.0,115386.0,1067.0,1874.0,2941.0,118634.0,0.9726216767537131,7.9865049385539955,11.656038308538902,Brooklyn
34,2021,153.0,143578.0,327.0,708.0,1035.0,144766.0,0.9917936532058632,6.942156705699469,11.874633720516812,Brooklyn
34,2022,526.0,179589.0,293.0,980.0,1273.0,181388.0,0.9900820340926633,7.149131598557407,12.098426185758512,Brooklyn
34,2023,1572.0,177991.0,176.0,687.0,863.0,180426.0,0.9865041623712769,6.760414691083428,12.08948826619818,Brooklyn
34,2024,1587.0,228321.0,310.0,2395.0,2705.0,232613.0,0.98154875264925,7.902857191280582,12.338507812518872,Brooklyn
34,2025,1260.0,213478.0,548.0,6868.0,7416.0,222154.0,0.9609460104252006,8.91139510724569,12.27128906184488,Brooklyn
35,2019,114254.0,1275153.0,24630.0,9870.0,34500.0,1423907.0,0.8955310985900062,10.448714603019452,14.05857672937524,Brooklyn
35,2020,17975.0,1243941.0,8746.0,8954.0,17700.0,1279616.0,0.9721205424127238,9.78131991856192,14.033795123503802,Brooklyn
35,2021,14739.0,1298277.0,6082.0,7434.0,13516.0,1326532.0,0.9787000992060501,9.511629447834181,14.076548558717342,Brooklyn
35,2022,27031.0,1224278.0,325.0,1479.0,1804.0,1253113.0,0.9769893058327541,7.4977617006225685,14.017861840448623,Brooklyn
35,2023,19193.0,1370354.0,285.0,2857.0,3142.0,1392689.0,0.9839626793921686,8.052614818815567,14.13057965858687,Brooklyn
35,2024,23246.0,1430560.0,259.0,10931.0,11190.0,1464996.0,0.9764941337723789,9.322775801305971,14.173576533969145,Brooklyn
35,2025,36645.0,1463120.0,575.0,29209.0,29784.0,1529549.0,0.9565695508937602,10.301726615552553,14.196081699878457,Brooklyn
36,2019,200490.0,1942199.0,14577.0,7438.0,22015.0,2164704.0,0.8972122747498041,9.999479318189854,14.479331394262225,Brooklyn
36,2020,11370.0,1165678.0,3014.0,3107.0,6121.0,1183169.0,0.9852168202513758,8.71948076085107,13.968813449949527,Brooklyn
36,2021,4246.0,1345031.0,1643.0,3753.0,5396.0,1354673.0,0.9928824151658739,8.593413217327646,14.111927619079605,Brooklyn
36,2022,8078.0,1672631.0,1035.0,3272.0,4307.0,1685016.0,0.9926499214250785,8.36799688505411,14.329908393776702,Brooklyn
36,2023,14327.0,1820059.0,1009.0,3111.0,4120.0,1838506.0,0.9899663096013829,8.323608442343572,14.414379476109957,Brooklyn
36,2024,11946.0,1918392.0,489.0,8169.0,8658.0,1938996.0,0.9893738821534444,9.066239028001926,14.466997893104907,Brooklyn
36,2025,11687.0,1957632.0,384.0,35921.0,36305.0,2005624.0,0.9760712875394391,10.499710751814348,14.487246137523787,Brooklyn
37,2019,236671.0,2564040.0,17167.0,14344.0,31511.0,2832222.0,0.9053103888042675,10.358091970204585,14.757094697525034,Brooklyn
37,2020,10757.0,1774134.0,5407.0,8425.0,13832.0,1798723.0,0.9863297461588026,9.534740027363126,14.388822974511964,Brooklyn
37,2021,9785.0,2059589.0,3077.0,7152.0,10229.0,2079603.0,0.9903760477360343,9.232982102457008,14.538017006296979,Brooklyn
37,2022,19334.0,2346310.0,1168.0,4762.0,5930.0,2371574.0,0.9893471593127602,8.68777949199177,14.668354439278309,Brooklyn
37,2023,26489.0,2507437.0,653.0,4451.0,5104.0,2539030.0,0.9875570591918961,8.537779825024625,14.734771673876477,Brooklyn
37,2024,22983.0,2586739.0,263.0,12783.0,13046.0,2622768.0,0.9862629862801437,9.476236852356042,14.765908567017835,Brooklyn
37,2025,26380.0,2691100.0,364.0,56920.0,57284.0,2774764.0,0.9698482465535808,10.955776631598594,14.80546058992532,Brooklyn
38,2019,16720.0,189900.0,4496.0,2238.0,6734.0,213354.0,0.8900700244663798,8.814924599721019,12.154252896800378,Queens
38,2020,1831.0,159928.0,1638.0,1590.0,3228.0,164987.0,0.9693369780649385,8.07961802938984,11.98247899293558,Queens
38,2021,1423.0,203532.0,881.0,1465.0,2346.0,207301.0,0.9818187080621897,7.76046702921342,12.223578519659839,Queens
38,2022,3313.0,222324.0,76.0,786.0,862.0,226499.0,0.9815672475375167,6.759255270663693,12.311891056338013,Queens
38,2023,2354.0,255837.0,28.0,1132.0,1160.0,259351.0,0.9864507944831522,7.05617528410041,12.452295801920231,Queens
38,2024,5953.0,283401.0,25.0,2033.0,2058.0,291412.0,0.972509711336527,7.629489916393995,12.554618134814001,Queens
38,2025,8746.0,314988.0,131.0,4245.0,4376.0,328110.0,0.9600073146200969,8.383890344101816,12.660289821844033,Queens
39,2019,146094.0,1602617.0,24594.0,10183.0,34777.0,1783488.0,0.8985858048946783,10.456711527718735,14.28714847603223,Brooklyn
39,2020,17569.0,1348985.0,8820.0,8419.0,17239.0,1383793.0,0.9748459487799115,9.754929537894979,14.114863015780408,Brooklyn
39,2021,26239.0,1497466.0,6004.0,7396.0,13400.0,1537105.0,0.9742119113528354,9.503009985939002,14.219284904206477,Brooklyn
39,2022,37484.0,1469419.0,175.0,2266.0,2441.0,1509344.0,0.9735481109674137,7.80016307039296,14.20037764253252,Brooklyn
39,2023,24319.0,1637886.0,242.0,3599.0,3841.0,1666046.0,0.9830977055855601,8.253488028345904,14.308916943903567,Brooklyn
39,2024,27663.0,1738007.0,89.0,14528.0,14617.0,1780287.0,0.9762510202006756,9.589940513889292,14.368249612417316,Brooklyn
39,2025,45961.0,1818427.0,659.0,34936.0,35595.0,1899983.0,0.9570754054115221,10.479960457537974,14.413482399628451,Brooklyn
40,2019,57660.0,652673.0,26571.0,36309.0,62880.0,773213.0,0.8441050525534362,11.048983427103089,13.388831517136769,Brooklyn
40,2020,2697.0,312669.0,4888.0,8307.0,13195.0,328561.0,0.951631508304394,9.487593248937424,12.652900401978973,Brooklyn
40,2021,2302.0,423314.0,1723.0,5940.0,7663.0,433279.0,0.977000962428366,8.944158830970403,12.955869499432453,Brooklyn
40,2022,2791.0,515440.0,1400.0,6018.0,7418.0,525649.0,0.9805782946414813,8.911664758049536,13.152776183812524,Brooklyn
40,2023,3339.0,528512.0,625.0,4519.0,5144.0,536995.0,0.9842028324286073,8.545586265917455,13.177820789805708,Brooklyn
40,2024,3141.0,556231.0,340.0,7249.0,7589.0,566961.0,0.9810745359910117,8.934455109403913,13.228938954575842,Brooklyn
40,2025,3600.0,584008.0,293.0,14254.0,14547.0,602155.0,0.9698632411920519,9.585140065773462,13.277669960346676,Brooklyn
41,2019,148634.0,1576715.0,337400.0,318223.0,655623.0,2380972.0,0.6622148433496908,13.393341207603736,14.27085412672126,Manhattan
41,2020,9796.0,1097325.0,96011.0,135081.0,231092.0,1338213.0,0.8199927814182048,12.350571178614391,13.908385957914472,Manhattan
41,2021,7574.0,1221825.0,57673.0,141254.0,198927.0,1428326.0,0.8554244619225583,12.200693202235662,14.01585620060248,Manhattan
41,2022,15716.0,1360177.0,57290.0,113909.0,171199.0,1547092.0,0.879183009155241,12.050581901551224,14.123125396302665,Manhattan
41,2023,10921.0,1491617.0,41687.0,83209.0,124896.0,1627434.0,0.9165453099787764,11.735236669980342,14.215371324379271,Manhattan
41,2024,12653.0,1573962.0,28127.0,111631.0,139758.0,1726373.0,0.911716065995008,11.847667634459409,14.269106565355475,Manhattan
41,2025,25522.0,1581628.0,22997.0,176766.0,199763.0,1806913.0,0.8753205051931111,12.204886942862512,14.273965254273138,Manhattan
42,2019,195888.0,2041124.0,206980.0,140767.0,347747.0,2584759.0,0.7896767164753078,12.759230482861346,14.529011194478592,Manhattan
42,2020,18106.0,1696429.0,67853.0,70709.0,138562.0,1853097.0,0.9154561256102621,11.839073157872228,14.344036011461213,Manhattan
42,2021,18325.0,1789947.0,38477.0,62959.0,101436.0,1909708.0,0.9372883184235495,11.527183336716927,14.397696568440036,Manhattan
42,2022,28935.0,1915316.0,29373.0,38584.0,67957.0,2012208.0,0.9518479202945223,11.12663043119762,14.465393180038557,Manhattan
42,2023,15728.0,2089770.0,19412.0,30017.0,49429.0,2154927.0,0.9697637089330636,10.80829257546719,14.552564570038395,Manhattan
42,2024,18609.0,2161477.0,12634.0,54813.0,67447.0,2247533.0,0.9617109070256143,11.119097383256094,14.586302342274477,Manhattan
42,2025,41973.0,2157873.0,10313.0,121520.0,131833.0,2331679.0,0.9254588646207303,11.789291249073534,14.584633572280675,Manhattan
43,2019,76077.0,420735.0,63826.0,1306953.0,1370779.0,1867591.0,0.22528219508446978,14.1308897493438,12.949758460793667,Manhattan
43,2020,2328.0,200875.0,21705.0,382597.0,404302.0,607505.0,0.33065571476777966,12.909917402438294,12.210438103039813,Manhattan
43,2021,1861.0,284870.0,17502.0,552584.0,570086.0,856817.0,0.33247472914286247,13.253542505622896,12.559788214836255,Manhattan
43,2022,3774.0,357574.0,25233.0,659508.0,684741.0,1046089.0,0.3418198642754106,13.436795943555925,12.787097612703096,Manhattan
43,2023,3627.0,360624.0,32115.0,620587.0,652702.0,1016953.0,0.3546122583836224,13.388875948813498,12.795591143277052,Manhattan
43,2024,2795.0,362100.0,32136.0,633607.0,665743.0,1030638.0,0.3513357745396541,13.408658989163522,12.799675695753733,Manhattan
43,2025,3132.0,361769.0,27349.0,598062.0,625411.0,990312.0,0.3653081049204695,13.346164312594402,12.798761165574737,Manhattan
44,2019,13976.0,65861.0,21.0,377.0,398.0,80235.0,0.8208512494547268,5.986452005284438,11.095301739538133,Staten Island
44,2020,9820.0,46330.0,53.0,903.0,956.0,57106.0,0.81129828739537,6.862757913051401,10.743544978410695,Staten Island
44,2021,7725.0,63967.0,80.0,1296.0,1376.0,73068.0,0.8754447911534461,7.226936018493289,11.066122604361524,Staten Island
44,2022,11604.0,77105.0,7.0,333.0,340.0,89049.0,0.8658715987826927,5.8289456176102075,11.252923408291757,Staten Island
44,2023,13181.0,87275.0,0.0,232.0,232.0,100688.0,0.8667865088193231,5.44673737166631,11.376819331973238,Staten Island
44,2024,13844.0,96510.0,0.0,10.0,10.0,110364.0,0.8744699358486463,2.302585092994046,11.477401908901182,Staten Island
44,2025,14911.0,109881.0,0.0,19.0,19.0,124811.0,0.8803791332494733,2.9444389791664403,11.607153241005074,Staten Island
45,2019,63769.0,648452.0,497.0,163218.0,163715.0,875936.0,0.7402960946918496,12.005882390193737,13.382343263037024,Manhattan
45,2020,4597.0,291780.0,543.0,35534.0,36077.0,332454.0,0.8776552545615334,10.493410822160769,12.583755372625886,Manhattan
45,2021,4865.0,386566.0,313.0,37295.0,37608.0,429039.0,0.9010043376010106,10.534972072703967,12.865057895691253,Manhattan
45,2022,10261.0,549240.0,2.0,50174.0,50176.0,609677.0,0.90087046091619,10.823292103710079,13.216290783435689,Manhattan
45,2023,11153.0,609542.0,0.0,50748.0,50748.0,671443.0,0.9078090024022888,10.834627487260489,13.320463134471106,Manhattan
45,2024,7807.0,608811.0,24.0,61540.0,61564.0,678182.0,0.8977103491393166,11.027832563099844,13.319263153697525,Manhattan
45,2025,10683.0,602875.0,46.0,90743.0,90789.0,704347.0,0.855934645849276,11.416293411876241,13.309465157371273,Manhattan
46,2019,3723.0,46133.0,1063.0,316.0,1379.0,51235.0,0.9004196350151263,7.229113877793302,10.739283808037968,Bronx
46,2020,692.0,34248.0,483.0,265.0,748.0,35688.0,0.9596503026227303,6.617402977974478,10.441383447824782,Bronx
46,2021,497.0,39882.0,379.0,267.0,646.0,41025.0,0.9721389396709323,6.470799503782602,10.593680373269637,Bronx
46,2022,811.0,40062.0,3.0,84.0,87.0,40960.0,0.978076171875,4.465908118654584,10.598183533085924,Bronx
46,2023,493.0,43114.0,6.0,90.0,96.0,43703.0,0.9865226643479853,4.564348191467836,10.67160304933338,Bronx
46,2024,864.0,45859.0,1.0,300.0,301.0,47024.0,0.9752254168084382,5.707110264748875,10.733326750679167,Bronx
46,2025,1716.0,51025.0,13.0,731.0,744.0,53485.0,0.9540057960175751,6.612041034833092,10.840070987678045,Bronx
47,2019,78376.0,713071.0,9949.0,3507.0,13456.0,804903.0,0.8859092337834497,9.507180382212729,13.477336273681386,Bronx
47,2020,13354.0,641598.0,4094.0,3194.0,7288.0,662240.0,0.9688300314085528,8.893984438939794,13.371717218322601,Bronx
47,2021,10258.0,682500.0,3571.0,4085.0,7656.0,700414.0,0.9744236979843349,8.94324493313279,13.433517806041252,Bronx
47,2022,10248.0,671862.0,526.0,900.0,1426.0,683536.0,0.982921162894127,7.262628600974241,13.417808241273764,Bronx
47,2023,5896.0,744866.0,405.0,1209.0,1614.0,752376.0,0.9900182887279765,7.3864708488298945,13.520959615412096,Bronx
47,2024,7058.0,778901.0,178.0,2671.0,2849.0,788808.0,0.987440543199359,7.954723334497908,13.565639230769072,Bronx
47,2025,14065.0,814024.0,195.0,8062.0,8257.0,836346.0,0.9733100893649279,9.01881660441743,13.609745128579515,Bronx
48,2019,316026.0,2701174.0,512.0,2659840.0,2660352.0,5677552.0,0.47576385033549673,14.793969002829998,14.809197051284805,Manhattan
48,2020,12163.0,1236248.0,425.0,720254.0,720679.0,1969090.0,0.6278270673255159,13.487949102150276,14.027591544121996,Manhattan
48,2021,10866.0,1676940.0,464.0,867308.0,867772.0,2555578.0,0.6561881499997261,13.673684286326882,14.33248126198998,Manhattan
48,2022,20829.0,2321520.0,37.0,1184528.0,1184565.0,3526914.0,0.6582298292501604,13.984886176550257,14.657732701524539,Manhattan
48,2023,26935.0,2392833.0,5.0,992631.0,992636.0,3412404.0,0.7012162100384363,13.808119309863851,14.687988577576897,Manhattan
48,2024,18309.0,2376424.0,109.0,1004135.0,1004244.0,3398977.0,0.6991585997786981,13.819745577595764,14.681107394722606,Manhattan
48,2025,19214.0,2294918.0,90.0,1048239.0,1048329.0,3362461.0,0.6825114105412673,13.862708025894715,14.646207670990961,Manhattan
49,2019,145068.0,1550109.0,51086.0,20367.0,71453.0,1766630.0,0.8774383996648987,11.176795169880346,14.253835809003558,Brooklyn
49,2020,5763.0,879430.0,11774.0,6831.0,18605.0,903798.0,0.9730382231427819,9.831185640780722,13.687029249315723,Brooklyn
49,2021,5426.0,1057653.0,6078.0,7269.0,13347.0,1076426.0,0.9825598787097302,9.499046919474152,13.87156286028837,Brooklyn
49,2022,13199.0,1247205.0,2701.0,5644.0,8345.0,1268749.0,0.9830194940055125,9.029417836095936,14.036415605697783,Brooklyn
49,2023,15885.0,1366499.0,1318.0,5470.0,6788.0,1389172.0,0.983678766920151,8.822911626354117,14.127762552553431,Brooklyn
49,2024,16137.0,1459840.0,687.0,12423.0,13110.0,1489087.0,0.9803591059488129,9.481130576757746,14.193837398638106,Brooklyn
49,2025,21978.0,1472665.0,655.0,34135.0,34790.0,1529433.0,0.9628829768940516,10.457085268145988,14.202584242559633,Brooklyn
50,2019,131668.0,1693934.0,233.0,737389.0,737622.0,2563224.0,0.6608606973093261,13.51118677724393,14.342564192396175,Manhattan
50,2020,3847.0,810428.0,277.0,192284.0,192561.0,1006836.0,0.8049255290831874,12.168168265630008,13.605317782158837,Manhattan
50,2021,4815.0,1035128.0,302.0,227982.0,228284.0,1268227.0,0.8162008851727648,12.338345746838115,13.850035648532502,Manhattan
50,2022,12243.0,1371781.0,8.0,292670.0,292678.0,1676702.0,0.8181424009752478,12.58682830757295,14.131620453535927,Manhattan
50,2023,20232.0,1460076.0,0.0,239103.0,239103.0,1719411.0,0.8491721874525637,12.384649700419146,14.193999047124237,Manhattan
50,2024,12866.0,1384380.0,16.0,241159.0,241175.0,1638421.0,0.8449476660760574,12.393278090038754,14.140762943947264,Manhattan
50,2025,13368.0,1281182.0,65.0,288341.0,288406.0,1582956.0,0.8093604623249162,12.572124488614802,14.063293647289694,Manhattan
51,2019,80690.0,742975.0,20855.0,6880.0,27735.0,851400.0,0.872650927883486,10.230450432489334,13.518417675758306,Bronx
51,2020,15212.0,565514.0,8016.0,5010.0,13026.0,593752.0,0.9524414233552055,9.474702639106347,13.24549033108421,Bronx
51,2021,11263.0,712002.0,6117.0,5330.0,11447.0,734712.0,0.9690899291150818,9.345482965918476,13.475835999378932,Bronx
51,2022,13101.0,754551.0,162.0,2000.0,2162.0,769814.0,0.9801731327307636,7.6787889981991535,13.53387814933904,Bronx
51,2023,7427.0,858644.0,116.0,3215.0,3331.0,869402.0,0.9876259773959573,8.11102783819368,13.663109679674323,Bronx
51,2024,15864.0,913503.0,54.0,5354.0,5408.0,934775.0,0.9772437217512235,8.5956346177228,13.725041938867056,Bronx
51,2025,32255.0,969302.0,362.0,12814.0,13176.0,1014733.0,0.9552286167888498,9.486152271857476,13.784331503823253,Bronx
52,2019,32514.0,349687.0,51991.0,42227.0,94218.0,476419.0,0.7339904579792158,11.453366525113008,12.764793747639281,Brooklyn
52,2020,1453.0,184751.0,13558.0,10634.0,24192.0,210396.0,0.8781108005855625,10.09377727897926,12.126764251515691,Brooklyn
52,2021,1310.0,247116.0,5369.0,8031.0,13400.0,261826.0,0.9438176498896214,9.503009985939002,12.417613140993348,Brooklyn
52,2022,2083.0,315407.0,3704.0,9271.0,12975.0,330465.0,0.9544339037416973,9.470779708034089,12.661619147304107,Brooklyn
52,2023,2456.0,352100.0,1946.0,7189.0,9135.0,363691.0,0.9681295385368348,9.119868468812108,12.771670505143144,Brooklyn
52,2024,2847.0,372877.0,1130.0,8859.0,9989.0,385713.0,0.9667213705527167,9.20923976653215,12.829003885530456,Brooklyn
52,2025,4247.0,376075.0,781.0,14513.0,15294.0,395616.0,0.9506061433309068,9.63521587360417,12.837543870566025,Brooklyn
53,2019,36952.0,293357.0,1943.0,1611.0,3554.0,333863.0,0.8786747857654188,8.175829008714597,12.589145576349859,Queens
53,2020,12253.0,191188.0,693.0,1017.0,1710.0,205151.0,0.9319379383965957,7.444248649496705,12.161012516123575,Queens
53,2021,9943.0,237760.0,362.0,826.0,1188.0,248891.0,0.9552776114845455,7.080026499922591,12.379017040511531,Queens
53,2022,8838.0,278432.0,234.0,414.0,648.0,287918.0,0.9670531192909092,6.473890696352274,12.53692914336575,Queens
53,2023,8040.0,311583.0,195.0,480.0,675.0,320298.0,0.9727909634153195,6.51471269087253,12.649421034365918,Queens
53,2024,6478.0,347924.0,174.0,1138.0,1312.0,355714.0,0.9781003840163727,7.179307969504034,12.75973934410127,Queens
53,2025,6616.0,378147.0,136.0,3560.0,3696.0,388459.0,0.9734540839573803,8.215006432761575,12.843038287892929,Queens
54,2019,15275.0,151486.0,2031.0,2588.0,4619.0,171380.0,0.883918776986813,8.437933510430605,11.92824849042064,Brooklyn
54,2020,975.0,76397.0,483.0,754.0,1237.0,78609.0,0.9718607284153215,7.1204443723924875,11.243698707367935,Brooklyn
54,2021,693.0,92736.0,257.0,653.0,910.0,94339.0,0.9830080878533798,6.813444599510896,11.437512025680354,Brooklyn
54,2022,810.0,114908.0,216.0,672.0,888.0,116606.0,0.9854381421196164,6.78897174299217,11.651887087174618,Brooklyn
54,2023,1433.0,127162.0,137.0,685.0,822.0,129417.0,0.9825757048919385,6.71174039505618,11.753217143117473,Brooklyn
54,2024,1349.0,137215.0,90.0,1644.0,1734.0,140298.0,0.9780253460491241,7.458186157340487,11.829304317743958,Brooklyn
54,2025,994.0,143930.0,105.0,3871.0,3976.0,148900.0,0.9666218938885158,8.288031567776464,11.877082349256716,Brooklyn
55,2019,47169.0,438455.0,24352.0,3071.0,27423.0,513047.0,0.8546098115767171,10.219137356321928,12.991012462951351,Brooklyn
55,2020,21899.0,364323.0,7811.0,3197.0,11008.0,397230.0,0.9171588248621705,9.306377560173125,12.805796115782767,Brooklyn
55,2021,16439.0,473918.0,5598.0,4340.0,9938.0,500295.0,0.9472771065071608,9.204121072162266,13.068789589931127,Brooklyn
55,2022,24961.0,512489.0,2920.0,1187.0,4107.0,541557.0,0.946325132903831,8.320448113956559,13.147034526349724,Brooklyn
55,2023,21598.0,588269.0,2584.0,1812.0,4396.0,614263.0,0.9576826212876244,8.388450315523512,13.284939605260522,Brooklyn
55,2024,27014.0,629501.0,1791.0,5565.0,7356.0,663871.0,0.948227893672114,8.903271585724212,13.352682721027628,Brooklyn
55,2025,53502.0,681062.0,1473.0,13572.0,15045.0,749609.0,0.9085563273653331,9.618800989064146,13.43140862357196,Brooklyn
56,2019,133949.0,617600.0,14795.0,8080.0,22875.0,774424.0,0.7974959453735938,10.037799890143722,13.333596277692703,Queens
56,2020,48576.0,461304.0,4233.0,3622.0,7855.0,517735.0,0.8910040851014515,8.96890555068972,13.041812540655076,Queens
56,2021,48651.0,542154.0,2670.0,2719.0,5389.0,596194.0,0.909358363217342,8.592115117933497,13.203305372905021,Queens
56,2022,35784.0,595372.0,661.0,1633.0,2294.0,633450.0,0.9398879153840082,7.738052297689316,13.2969416992494,Queens
56,2023,43569.0,666347.0,478.0,2159.0,2637.0,712553.0,0.9351542972943767,7.877397186353287,13.409565834859222,Queens
56,2024,46157.0,701010.0,263.0,4393.0,4656.0,751823.0,0.9324136133105797,8.445911989411274,13.460277431250214,Queens
56,2025,34557.0,764891.0,434.0,12049.0,12483.0,811931.0,0.9420640423878384,9.432122997651051,13.54748861899678,Queens
57,2019,5916.0,49800.0,822.0,240.0,1062.0,56778.0,0.8771002853217795,6.967909201801884,10.815770263012745,Queens
57,2020,2631.0,35638.0,273.0,279.0,552.0,38821.0,0.9180082944797918,6.313548046277095,10.48116776328736,Queens
57,2021,2832.0,39431.0,260.0,339.0,599.0,42862.0,0.9199524053940553,6.395261598115449,10.582307587950027,Queens
57,2022,1492.0,43767.0,162.0,90.0,252.0,45511.0,0.9616795939443211,5.529429087511423,10.686635387740004,Queens
57,2023,1702.0,50746.0,119.0,88.0,207.0,52655.0,0.9637451334156301,5.332718793265369,10.834588076063763,Queens
57,2024,1731.0,50875.0,81.0,259.0,340.0,52946.0,0.9608846749518377,5.8289456176102075,10.837126922744897,Queens
57,2025,1311.0,59887.0,145.0,945.0,1090.0,62288.0,0.9614532494220396,6.993932975223189,11.000214732168839,Queens
58,2019,5262.0,58866.0,660.0,255.0,915.0,65043.0,0.9050320557169872,6.818924065275521,10.983018953391445,Bronx
58,2020,987.0,45509.0,171.0,139.0,310.0,46806.0,0.9722898773661497,5.736572297479192,10.72566538757657,Bronx
58,2021,500.0,55698.0,98.0,121.0,219.0,56417.0,0.9872556144424552,5.389071729816501,10.927699518627987,Bronx
58,2022,399.0,65602.0,4.0,29.0,33.0,66034.0,0.9934579156192265,3.4965075614664802,11.091361462272316,Bronx
58,2023,252.0,74169.0,8.0,49.0,57.0,74478.0,0.9958511238217997,4.04305126783455,11.214101552099603,Bronx
58,2024,444.0,79173.0,1.0,149.0,150.0,79767.0,0.9925533115198014,5.0106352940962555,11.279390610588894,Bronx
58,2025,860.0,83550.0,5.0,551.0,556.0,84966.0,0.9833345102746981,6.320768294250582,11.33320053402354,Bronx
59,2019,3566.0,31461.0,491.0,189.0,680.0,35707.0,0.8810877418993475,6.522092798170152,10.356503962502515,Bronx
59,2020,550.0,30560.0,141.0,108.0,249.0,31359.0,0.9745208712012501,5.517452896464707,10.327447243280456,Bronx
59,2021,237.0,26155.0,94.0,90.0,184.0,26576.0,0.9841586393738712,5.214935757608986,10.171795655804711,Bronx
59,2022,319.0,24347.0,18.0,18.0,36.0,24702.0,0.9856286940328718,3.58351893845611,10.100163917635166,Bronx
59,2023,183.0,25589.0,10.0,41.0,51.0,25823.0,0.9909383108081943,3.9318256327243257,10.149917850625528,Bronx
59,2024,145.0,26845.0,1.0,90.0,91.0,27081.0,0.9912854030501089,4.51085950651685,10.19783486285667,Bronx
59,2025,339.0,29651.0,8.0,252.0,260.0,30250.0,0.980198347107438,5.560681631015528,10.297251130669952,Bronx
60,2019,47559.0,484263.0,6099.0,1975.0,8074.0,539896.0,0.8969560804303051,8.996404301412886,13.090383426546488,Bronx
60,2020,6346.0,462795.0,2325.0,1655.0,3980.0,473121.0,0.9781747164044716,8.289037098278483,13.045039470440358,Bronx
60,2021,4231.0,476831.0,1548.0,1464.0,3012.0,484074.0,0.9850374116354111,8.010359588919783,13.074917409398301,Bronx
60,2022,4837.0,456429.0,192.0,419.0,611.0,461877.0,0.9882046518878402,6.415096959171596,13.031188435705154,Bronx
60,2023,3426.0,505545.0,161.0,691.0,852.0,509823.0,0.9916088524840975,6.747586526829315,13.133392334252063,Bronx
60,2024,5120.0,526143.0,67.0,2002.0,2069.0,533332.0,0.9865205913014783,7.634820677745543,13.173328317889636,Bronx
60,2025,10642.0,561718.0,109.0,6503.0,6612.0,578972.0,0.9701989042648004,8.796641458940915,13.238755223583006,Bronx
61,2019,321367.0,3340743.0,63916.0,23267.0,87183.0,3749293.0,0.8910327893818915,11.375764636762604,15.021703795303239,Brooklyn
61,2020,22481.0,2505598.0,20234.0,14329.0,34563.0,2562642.0,0.9777401603501387,10.450539024706163,14.734037986566298,Brooklyn
61,2021,23526.0,2676627.0,13521.0,13070.0,26591.0,2726744.0,0.9816202034367729,10.188328091653252,14.800067977717879,Brooklyn
61,2022,48069.0,2810592.0,3379.0,6619.0,9998.0,2868659.0,0.979758137861628,9.210140351973516,14.848905695277407,Brooklyn
61,2023,41657.0,3033798.0,1943.0,7847.0,9790.0,3085245.0,0.9833248250949276,9.189116735524555,14.925325857900253,Brooklyn
61,2024,41782.0,3135830.0,894.0,24896.0,25790.0,3203402.0,0.9789061753723073,10.15774209887539,14.95840444979939,Brooklyn
61,2025,60117.0,3164353.0,1137.0,72133.0,73270.0,3297740.0,0.9595519962155901,11.20190652715401,14.96745916928238,Brooklyn
62,2019,85710.0,883447.0,17210.0,7320.0,24530.0,993687.0,0.8890596334660713,10.107652137252535,13.691586580261115,Brooklyn
62,2020,6473.0,638417.0,5162.0,3949.0,9111.0,654001.0,0.976171290257966,9.117237753713859,13.36674695383587,Brooklyn
62,2021,6887.0,701910.0,3665.0,3638.0,7303.0,716100.0,0.9801843317972351,8.89604050162011,13.461560469660762,Brooklyn
62,2022,15254.0,733195.0,662.0,1880.0,2542.0,750991.0,0.9763033112247683,7.8407064517494,13.505166975502721,Brooklyn
62,2023,15089.0,817988.0,386.0,2434.0,2820.0,835897.0,0.9785751115268987,7.944492163932159,13.61460294555063,Brooklyn
62,2024,12580.0,866497.0,155.0,8138.0,8293.0,887370.0,0.9764776812378151,9.023167064451204,13.672213925927535,Brooklyn
62,2025,19584.0,894032.0,296.0,20902.0,21198.0,934814.0,0.9563742092009747,9.9616621165872,13.7034968476985,Brooklyn
63,2019,55717.0,654083.0,5688.0,2876.0,8564.0,718364.0,0.9105175092293044,9.055322649709574,13.390989533701761,Brooklyn
63,2020,5768.0,553393.0,2037.0,2933.0,4970.0,564131.0,0.9809654140616275,8.511175119090675,13.223823697176538,Brooklyn
63,2021,4615.0,629842.0,1333.0,2165.0,3498.0,637955.0,0.9872828020785165,8.159946655578548,13.353224273262935,Brooklyn
63,2022,7781.0,632911.0,126.0,693.0,819.0,641511.0,0.9865941503731035,6.70808408385307,13.358085090925206,Brooklyn
63,2023,5658.0,706755.0,96.0,922.0,1018.0,713431.0,0.9906424026990697,6.925595197110468,13.468439350168236,Brooklyn
63,2024,6959.0,748589.0,52.0,3762.0,3814.0,759362.0,0.9858130904627832,8.246433786160365,13.525945380248862,Brooklyn
63,2025,10603.0,779772.0,138.0,14271.0,14409.0,804784.0,0.9689208532972823,9.575608290332934,13.566756848243246,Brooklyn
64,2019,13653.0,139017.0,1521.0,1097.0,2618.0,155288.0,0.8952204935345938,7.870165946469845,11.842351506792802,Queens
64,2020,1201.0,72794.0,464.0,1101.0,1565.0,75560.0,0.9633933298041292,7.355641102974253,11.195388813205843,Queens
64,2021,1278.0,98522.0,221.0,1240.0,1461.0,101261.0,0.9729510867955087,7.2868764117507,11.498035152475033,Queens
64,2022,3203.0,128881.0,44.0,227.0,271.0,132355.0,0.973752408295871,5.602118820879701,11.766644776976557,Queens
64,2023,2343.0,142852.0,20.0,264.0,284.0,145479.0,0.9819424109321621,5.648974238161206,11.869564408260945,Queens
64,2024,2808.0,155375.0,28.0,676.0,704.0,158887.0,0.9778962407245401,6.556778356158042,11.953596828813012,Queens
64,2025,3163.0,169313.0,34.0,1500.0,1534.0,174010.0,0.9730072984311247,7.335633981927201,12.039504351942323,Queens
65,2019,101013.0,1197896.0,136047.0,98397.0,234444.0,1533353.0,0.7812265016600874,12.364972032379637,13.996077242536954,Brooklyn
65,2020,5469.0,643186.0,35556.0,23935.0,59491.0,708146.0,0.9082675041587469,10.993580319588496,13.374189230440853,Brooklyn
65,2021,4856.0,738843.0,20418.0,23885.0,44303.0,788002.0,0.9376156405694401,10.698807673830618,13.512840728104047,Brooklyn
65,2022,13005.0,947270.0,20593.0,29084.0,49677.0,1009952.0,0.937935664269193,10.813297328310593,13.761339442408286,Brooklyn
65,2023,14797.0,1081525.0,19703.0,23079.0,42782.0,1139104.0,0.9494523766047701,10.663872732361751,13.893882640150613,Brooklyn
65,2024,12982.0,1162083.0,18497.0,30415.0,48912.0,1223977.0,0.9494320563213198,10.797778044130617,13.965724642414523,Brooklyn
65,2025,15975.0,1150721.0,16044.0,52338.0,68382.0,1235078.0,0.9316990505862788,11.13286491108379,13.95589926040604,Brooklyn
66,2019,90979.0,990608.0,102943.0,41865.0,144808.0,1226395.0,0.807739757582182,11.883164006026389,13.806074175017253,Brooklyn
66,2020,1321.0,451928.0,17486.0,7652.0,25138.0,478387.0,0.9446912227966061,10.132135924484782,13.021278154090647,Brooklyn
66,2021,1412.0,581045.0,3743.0,7971.0,11714.0,594171.0,0.9779087165142695,9.368539986649727,13.27258348550256,Brooklyn
66,2022,4076.0,763765.0,8428.0,12802.0,21230.0,789071.0,0.9679293751766318,9.963170554697301,13.546015429209614,Brooklyn
66,2023,9535.0,860051.0,10021.0,11058.0,21079.0,890665.0,0.9656279296929822,9.956032563199894,13.664746968796958,Brooklyn
66,2024,7451.0,888721.0,10659.0,19748.0,30407.0,926579.0,0.9591421778391265,10.322428124045716,13.697538629468761,Brooklyn
66,2025,7506.0,924625.0,10019.0,49993.0,60012.0,992143.0,0.9319473100147861,11.002299821206904,13.737143528890169,Brooklyn
67,2019,34521.0,371641.0,4256.0,1852.0,6108.0,412270.0,0.9014505057365318,8.717354666338522,12.825683613527648,Brooklyn
67,2020,4297.0,236385.0,1304.0,890.0,2194.0,242876.0,0.9732744281032296,7.693481640835175,12.373217110724282,Brooklyn
67,2021,3422.0,286802.0,1067.0,929.0,1996.0,292220.0,0.9814591745944836,7.59890045687141,12.566547361183986,Brooklyn
67,2022,5571.0,342522.0,88.0,458.0,546.0,348639.0,0.9824546307211758,6.302618975744905,12.744091168198171,Brooklyn
67,2023,4285.0,391269.0,66.0,562.0,628.0,396182.0,0.9875991337314669,6.4425401664681985,12.877150581957709,Brooklyn
67,2024,4683.0,421088.0,40.0,1558.0,1598.0,427369.0,0.9853030987273294,7.37650812632622,12.950597116949867,Brooklyn
67,2025,6609.0,452794.0,53.0,4660.0,4713.0,464116.0,0.975605236621879,8.45807992692373,13.023192554899925,Brooklyn
68,2019,246902.0,2647476.0,501.0,2025130.0,2025631.0,4920009.0,0.5381038937123895,14.521391814922312,14.789117291260803,Manhattan
68,2020,11351.0,1144067.0,494.0,552267.0,552761.0,1708179.0,0.669758263039178,13.222680999019193,13.9501000156405,Manhattan
68,2021,12468.0,1734211.0,535.0,714753.0,715288.0,2461967.0,0.7044005870103052,13.480440537777927,14.366063112887435,Manhattan
68,2022,24605.0,2598229.0,35.0,975246.0,975281.0,3598115.0,0.7221083817498885,13.79048091358507,14.770340617054877,Manhattan
68,2023,28014.0,2695038.0,0.0,974891.0,974891.0,3697943.0,0.7287938186175396,13.790080948858677,14.806922862411357,Manhattan
68,2024,20548.0,2687073.0,103.0,1078798.0,1078901.0,3786522.0,0.7096414598938022,13.891453488408962,14.803963055073769,Manhattan
68,2025,22823.0,2536423.0,90.0,1144578.0,1144668.0,3703914.0,0.6847953273213147,13.950625196593135,14.74626537873725,Manhattan
69,2019,141439.0,1199149.0,25916.0,8962.0,34878.0,1375466.0,0.8718128983195513,10.459611536929405,13.997122696513934,Bronx
69,2020,19834.0,1017923.0,8716.0,5608.0,14324.0,1052081.0,0.9675329180928084,9.569691731118324,13.833274834724993,Bronx
69,2021,15419.0,951288.0,6025.0,5045.0,11070.0,977777.0,0.9729089557230329,9.311994025702683,13.765572134797738,Bronx
69,2022,16524.0,994306.0,1818.0,1732.0,3550.0,1014380.0,0.9802105719749995,8.174702882469461,13.809800285346016,Bronx
69,2023,9137.0,1112010.0,1070.0,2439.0,3509.0,1124656.0,0.9887556728457413,8.163086375583216,13.921679746557984,Bronx
69,2024,12099.0,1190370.0,456.0,6128.0,6584.0,1209053.0,0.9845474102458701,8.792397742356906,13.989774741130494,Bronx
69,2025,24648.0,1253524.0,513.0,16607.0,17120.0,1295292.0,0.9677539890619258,9.748002649695733,14.041469342787304,Bronx
70,2019,78055.0,466990.0,6564.0,19995.0,26559.0,571604.0,0.8169816866222069,10.187123952279158,13.054063123145536,Queens
70,2020,19550.0,301602.0,2133.0,17772.0,19905.0,341057.0,0.8843155249708993,9.898726235434417,12.616863546393686,Queens
70,2021,16115.0,359048.0,1159.0,78850.0,80009.0,455172.0,0.7888182928651147,11.289894407328369,12.791211363268111,Queens
70,2022,12693.0,441821.0,613.0,150710.0,151323.0,605837.0,0.7292737155373475,11.927171904085732,12.998660101658785,Queens
70,2023,13264.0,537259.0,502.0,167306.0,167808.0,718331.0,0.7479267914095312,12.030575747683317,13.194235566342108,Queens
70,2024,14516.0,568693.0,414.0,154014.0,154428.0,737637.0,0.77096593581938,11.947483247281665,13.25109602444474,Queens
70,2025,14414.0,597475.0,418.0,126691.0,127109.0,738998.0,0.8084933924043096,11.752800265056132,13.300467720908259,Queens
71,2019,86430.0,918722.0,17326.0,7013.0,24339.0,1029491.0,0.892404110380761,10.099835281063175,13.730738852854298,Brooklyn
71,2020,12825.0,792654.0,6307.0,4948.0,11255.0,816734.0,0.9705167165809186,9.328567753340833,13.583142087622106,Brooklyn
71,2021,11012.0,883637.0,4256.0,3745.0,8001.0,902650.0,0.978936464853487,8.987321812850125,13.6918016238026,Brooklyn
71,2022,17307.0,882667.0,296.0,1042.0,1338.0,901312.0,0.9793134896683945,7.198931240688173,13.69070328501436,Brooklyn
71,2023,12487.0,965158.0,271.0,2011.0,2282.0,979927.0,0.9849284691614784,7.732807530422021,13.780047097488684,Brooklyn
71,2024,16077.0,1036740.0,133.0,8792.0,8925.0,1061742.0,0.976451906395339,9.09661160664784,13.851591732535223,Brooklyn
71,2025,27377.0,1045809.0,482.0,24065.0,24547.0,1097733.0,0.9526988803288231,10.10834492616302,13.860301306551117,Brooklyn
72,2019,115362.0,1154357.0,18954.0,7644.0,26598.0,1296317.0,0.8904897490351511,10.188591303973109,13.959054036960795,Brooklyn
72,2020,15588.0,1015686.0,6616.0,5841.0,12457.0,1043731.0,0.9731300497925232,9.430037992886092,13.83107480423508,Brooklyn
72,2021,14270.0,1070666.0,4894.0,4902.0,9796.0,1094732.0,0.9780165373808384,9.189729418072059,13.883791442715479,Brooklyn
72,2022,22649.0,1044062.0,258.0,1444.0,1702.0,1068413.0,0.9772082518651495,7.43955930913332,13.858629432634565,Brooklyn
72,2023,14674.0,1144912.0,270.0,2374.0,2644.0,1162230.0,0.9850993348992885,7.880048200971577,13.950838336121715,Brooklyn
72,2024,18380.0,1201864.0,101.0,10387.0,10488.0,1230732.0,0.9765440404572239,9.257987025443535,13.999384242917204,Brooklyn
72,2025,28599.0,1216049.0,528.0,27593.0,28121.0,1272769.0,0.955435746785159,10.24427190716996,14.011117636749017,Brooklyn
73,2019,37875.0,236025.0,1607.0,562.0,2169.0,276069.0,0.8549493061517229,7.682021510826875,12.371693010600717,Queens
73,2020,13073.0,148623.0,474.0,460.0,934.0,162630.0,0.9138719793396053,6.839476438228843,11.90916817721625,Queens
73,2021,16746.0,172158.0,256.0,404.0,660.0,189564.0,0.9081787681205292,6.492239835020471,12.056167938787706,Queens
73,2022,12001.0,200443.0,147.0,155.0,302.0,212746.0,0.9421704755906104,5.71042701737487,12.208285196034096,Queens
73,2023,11308.0,225635.0,113.0,249.0,362.0,237305.0,0.9508227808095068,5.8916442118257715,12.326673928416762,Queens
73,2024,9542.0,240580.0,64.0,494.0,558.0,250680.0,0.95970958991543,6.324358962381311,12.390807953548064,Queens
73,2025,6062.0,258291.0,74.0,1621.0,1695.0,266048.0,0.9708436071686313,7.43543801981455,12.461842135271318,Queens
74,2019,165228.0,1683293.0,463178.0,323901.0,787079.0,2635600.0,0.6386754439216876,13.576083903556095,14.336262551900338,Manhattan
74,2020,23996.0,1290428.0,142185.0,144701.0,286886.0,1601310.0,0.805857704004846,12.566840203288406,14.0704845042558,Manhattan
74,2021,17125.0,1387645.0,105608.0,146582.0,252190.0,1656960.0,0.8374643926226342,12.437938050656253,14.143118623647016,Manhattan
74,2022,24029.0,1456718.0,141361.0,102477.0,243838.0,1724585.0,0.8446774151462526,12.404259349347043,14.19169651805734,Manhattan
74,2023,14518.0,1618049.0,157116.0,74913.0,232029.0,1864596.0,0.8677745742241215,12.354617642836597,14.296731660443621,Manhattan
74,2024,14355.0,1695646.0,147654.0,100072.0,247726.0,1957727.0,0.8661299558109992,12.420078575653234,14.3435743471325,Manhattan
74,2025,27795.0,1688706.0,143110.0,160067.0,303177.0,2019678.0,0.8361263528146566,12.622072072353237,14.339473113142873,Manhattan
75,2019,166141.0,1443871.0,374155.0,615164.0,989319.0,2599331.0,0.555477928743973,13.804772106625729,14.182838259264228,Manhattan
75,2020,23703.0,1098439.0,123413.0,290603.0,414016.0,1536158.0,0.7150560033538217,12.933659899403658,13.909400638996392,Manhattan
75,2021,19525.0,1195044.0,92737.0,313093.0,405830.0,1620399.0,0.7374998380028622,12.91368963168468,13.993693562753588,Manhattan
75,2022,28972.0,1301503.0,104607.0,259616.0,364223.0,1694698.0,0.7679852103442619,12.805521596395856,14.079030308446756,Manhattan
75,2023,19575.0,1486151.0,99147.0,212045.0,311192.0,1816918.0,0.817951608162834,12.648165364015071,14.211700114171403,Manhattan
75,2024,20030.0,1557898.0,89231.0,250939.0,340170.0,1918098.0,0.812209803670094,12.737200771633995,14.258848034720248,Manhattan
75,2025,38594.0,1498232.0,81998.0,312436.0,394434.0,1931260.0,0.7757795428890983,12.885207104891569,14.21979630423191,Manhattan
76,2019,178847.0,2083817.0,38962.0,16663.0,55625.0,2318289.0,0.8988598919289182,10.926388019468542,14.549711866099512,Brooklyn
76,2020,20484.0,1929384.0,12301.0,14067.0,26368.0,1976236.0,0.9762923051700303,10.179906432709199,14.472711338950713,Brooklyn
76,2021,18722.0,2194212.0,8095.0,11733.0,19828.0,2232762.0,0.9827343890660984,9.894850359140465,14.601333542314205,Brooklyn
76,2022,42050.0,2196978.0,501.0,2718.0,3219.0,2242247.0,0.9798108772137949,8.076826031298808,14.602593337661625,Brooklyn
76,2023,26445.0,2467938.0,473.0,4707.0,5180.0,2499563.0,0.9873477883934112,8.55256033525353,14.718893542135948,Brooklyn
76,2024,36616.0,2564984.0,219.0,18414.0,18633.0,2620233.0,0.9789144705833412,9.832689481227412,14.757462798750787,Brooklyn
76,2025,61094.0,2718043.0,623.0,52732.0,53355.0,2832492.0,0.9595942371593635,10.884722973050666,14.815422694024301,Brooklyn
77,2019,54516.0,591614.0,9742.0,3708.0,13450.0,659580.0,0.8969556384365809,9.506734385029985,13.290609674177048,Brooklyn
77,2020,9716.0,580127.0,3466.0,3872.0,7338.0,597181.0,0.971442493984236,8.900821604915228,13.271002324070393,Brooklyn
77,2021,7054.0,639318.0,2290.0,2956.0,5246.0,651618.0,0.9811239100209018,8.56522116042682,13.368157262153852,Brooklyn
77,2022,13223.0,598281.0,152.0,566.0,718.0,612222.0,0.9772288483589286,6.576469569048224,13.301815822230045,Brooklyn
77,2023,8734.0,650284.0,139.0,1129.0,1268.0,660286.0,0.9848520186706973,7.145196134997171,13.38516446952565,Brooklyn
77,2024,10186.0,695937.0,45.0,4366.0,4411.0,710534.0,0.9794562962504257,8.39185670010494,13.453014417978245,Brooklyn
77,2025,15981.0,710523.0,162.0,13801.0,13963.0,740467.0,0.9595606556402919,9.544166252942194,13.473756597564662,Brooklyn
78,2019,94698.0,880234.0,12268.0,3900.0,16168.0,991100.0,0.8881384320452023,9.690789259083457,13.687943060197743,Bronx
78,2020,23017.0,814107.0,4357.0,3317.0,7674.0,844798.0,0.9636706052807891,8.945593270806897,13.609847085977382,Bronx
78,2021,14731.0,813619.0,2902.0,3234.0,6136.0,834486.0,0.9749941880391043,8.721928343047091,13.609247476442826,Bronx
78,2022,12682.0,842932.0,428.0,1053.0,1481.0,857095.0,0.9834755773864041,7.300472814267799,13.644641569436265,Bronx
78,2023,8880.0,954877.0,307.0,1448.0,1755.0,965512.0,0.9889851187763591,7.470224135899966,13.769337815356456,Bronx
78,2024,14513.0,1031616.0,176.0,3211.0,3387.0,1049516.0,0.9829445191878923,8.127699852817772,13.846637062756603,Bronx
78,2025,22762.0,1084109.0,253.0,10273.0,10526.0,1117397.0,0.9702093347306284,9.261603665913725,13.896269009432098,Bronx
79,2019,361214.0,3861794.0,194.0,2129359.0,2129553.0,6352561.0,0.6079113604733587,14.571422656507165,15.166642400309737,Manhattan
79,2020,5525.0,1822456.0,220.0,561557.0,561777.0,2389758.0,0.7626111095767856,13.238860252977982,14.415695599912333,Manhattan
79,2021,12063.0,2463858.0,281.0,766475.0,766756.0,3242677.0,0.7598222086257743,13.549923907182269,14.717238972104752,Manhattan
79,2022,24977.0,3199080.0,24.0,1009813.0,1009837.0,4233894.0,0.7555881181720657,13.825299489654684,14.978373826433907,Manhattan
79,2023,33657.0,3302389.0,2.0,882182.0,882184.0,4218230.0,0.7828850015290774,13.69015593001152,15.010156703912926,Manhattan
79,2024,19277.0,3171096.0,57.0,916803.0,916860.0,4107233.0,0.7720759937407983,13.728710067827357,14.969587827423625,Manhattan
79,2025,16990.0,2896393.0,32.0,1095675.0,1095707.0,4009090.0,0.7224564676772035,13.906910374983099,14.878976727700621,Manhattan
80,2019,160502.0,2047475.0,31369.0,27469.0,58838.0,2266815.0,0.9032386851154593,10.98254318365502,14.53211788462261,Brooklyn
80,2020,3231.0,1053696.0,5486.0,6570.0,12056.0,1068983.0,0.9856994919470188,9.397317740306331,13.867814541433503,Brooklyn
80,2021,4110.0,1343096.0,2455.0,7762.0,10217.0,1357423.0,0.9894454418409,9.231808278591423,14.110487954707935,Brooklyn
80,2022,11866.0,1738136.0,2555.0,9493.0,12048.0,1762050.0,0.9864283079367782,9.396653950039674,14.368323832609097,Brooklyn
80,2023,17957.0,1854362.0,3324.0,8062.0,11386.0,1883705.0,0.9844227201180652,9.340139809511028,14.433051259554386,Brooklyn
80,2024,15370.0,1929410.0,3304.0,18607.0,21911.0,1966691.0,0.9810437938649234,9.99474407280768,14.472724814663591,Brooklyn
80,2025,15193.0,1907351.0,1658.0,51686.0,53344.0,1975888.0,0.96531331735402,10.88451678555052,14.461225926376818,Brooklyn
81,2019,59940.0,527826.0,9055.0,2978.0,12033.0,599799.0,0.8800048016085389,9.395408154438163,13.176521962921818,Bronx
81,2020,6132.0,465618.0,3221.0,2468.0,5689.0,477439.0,0.9752408161042563,8.646289764750648,13.051120834445909,Bronx
81,2021,4578.0,532092.0,2114.0,2451.0,4565.0,541235.0,0.9831071530850739,8.426173793029069,13.184571685703537,Bronx
81,2022,6416.0,545964.0,47.0,570.0,617.0,552997.0,0.9872820286547667,6.424869023905388,13.210308318487362,Bronx
81,2023,3784.0,621419.0,42.0,931.0,973.0,626176.0,0.9924030943376942,6.880384082186005,13.339760851592086,Bronx
81,2024,7519.0,654221.0,17.0,2037.0,2054.0,663794.0,0.9855783571409202,7.627544390488503,13.391200493846362,Bronx
81,2025,15071.0,705218.0,222.0,6923.0,7145.0,727434.0,0.9694597722954935,8.874168090363968,13.466262253853955,Bronx
82,2019,179589.0,1512885.0,262458.0,26346.0,288804.0,1981278.0,0.7635904703933521,12.573503536320404,14.229528981950482,Queens
82,2020,41784.0,1023453.0,52145.0,11667.0,63812.0,1129049.0,0.906473501150083,11.063696539420889,13.838692762169291,Queens
82,2021,42149.0,1254480.0,20181.0,6421.0,26602.0,1323231.0,0.9480430854476656,10.18874167991324,14.042231702054913,Queens
82,2022,33600.0,1395668.0,23565.0,4163.0,27728.0,1456996.0,0.9579079146408089,10.230198011955387,14.148883711670665,Queens
82,2023,35941.0,1543315.0,31960.0,4386.0,36346.0,1615602.0,0.955256925901305,10.500839435641206,14.249443258274075,Queens
82,2024,38200.0,1658014.0,29499.0,9263.0,38762.0,1734976.0,0.9556408849459589,10.565195664260694,14.321131058550051,Queens
82,2025,36122.0,1810335.0,20802.0,29474.0,50276.0,1896733.0,0.9544490447522134,10.825283105044727,14.409022468989216,Queens
83,2019,49572.0,434676.0,31950.0,8032.0,39982.0,524230.0,0.829170402304332,10.596184631815689,12.982356204962736,Queens
83,2020,7466.0,283047.0,6635.0,2657.0,9292.0,299805.0,0.9441036673837995,9.1369090938903,12.55336824057451,Queens
83,2021,7719.0,350393.0,3502.0,1906.0,5408.0,363520.0,0.9638891945422535,8.5956346177228,12.766810660675878,Queens
83,2022,6520.0,427577.0,4248.0,1563.0,5811.0,439908.0,0.9719691390017913,8.667507952075105,12.965889668098905,Queens
83,2023,7682.0,476938.0,6099.0,1462.0,7561.0,492181.0,0.9690296862333166,8.93075873555827,13.075141782386831,Queens
83,2024,9306.0,529388.0,5309.0,3528.0,8837.0,547531.0,0.9668639766515503,9.086702731518004,13.179476901347853,Queens
83,2025,10824.0,599525.0,4730.0,11101.0,15831.0,626180.0,0.9574323676898017,9.669725322073777,13.303892953998075,Queens
84,2019,12749.0,87054.0,27.0,35.0,62.0,99865.0,0.8717168177039003,4.127134385045092,11.37428389474374,Staten Island
84,2020,4886.0,52140.0,22.0,69.0,91.0,57117.0,0.9128630705394191,4.51085950651685,10.861687687487493,Staten Island
84,2021,4998.0,66542.0,35.0,53.0,88.0,71628.0,0.9289942480594181,4.477336814478207,11.105588606229269,Staten Island
84,2022,10694.0,85079.0,1.0,8.0,9.0,95782.0,0.8882566661794492,2.1972245773362196,11.35133551560147,Staten Island
84,2023,19402.0,96706.0,0.0,9.0,9.0,116117.0,0.8328324018016311,2.1972245773362196,11.479430727086319,Staten Island
84,2024,18289.0,107616.0,0.0,11.0,11.0,125916.0,0.8546650147717526,2.3978952727983707,11.586324614539997,Staten Island
84,2025,18165.0,117371.0,0.0,14.0,14.0,135550.0,0.8658871265215787,2.6390573296152584,11.673095137122626,Staten Island
85,2019,56081.0,653881.0,11045.0,5254.0,16299.0,726261.0,0.9003388588950805,9.698859035219632,13.390680656696574,Brooklyn
85,2020,5011.0,562253.0,3725.0,3177.0,6902.0,574166.0,0.9792516449946531,8.839566503657949,13.239707205512085,Brooklyn
85,2021,4852.0,622912.0,2385.0,2659.0,5044.0,632808.0,0.9843617653379856,8.52595469708481,13.342160535786165,Brooklyn
85,2022,8475.0,639543.0,363.0,952.0,1315.0,649333.0,0.9849229902068738,7.181591944611865,13.368509137771799,Brooklyn
85,2023,6705.0,702019.0,230.0,1323.0,1553.0,710277.0,0.9883735500375206,7.347943823148687,13.461715748168748,Brooklyn
85,2024,8698.0,749272.0,87.0,5457.0,5544.0,763514.0,0.981346772947189,8.620471540869739,13.526857347443864,Brooklyn
85,2025,13883.0,774609.0,192.0,17342.0,17534.0,806026.0,0.9610223491549901,9.771897132148531,13.560113664895367,Brooklyn
86,2019,43024.0,268723.0,4728.0,2224.0,6952.0,318699.0,0.8431874590130499,8.846784666945227,12.501436388260773,Queens
86,2020,21114.0,265629.0,2237.0,1917.0,4154.0,290897.0,0.9131376397831534,8.331827004436057,12.489855877370966,Queens
86,2021,11640.0,360927.0,1945.0,2233.0,4178.0,376745.0,0.9580140413276885,8.33758794211651,12.79643100080011,Queens
86,2022,18612.0,373610.0,35.0,980.0,1015.0,393237.0,0.9500886234001378,6.922643891475888,12.830967751573894,Queens
86,2023,11880.0,441053.0,112.0,1674.0,1786.0,454719.0,0.9699462745123911,7.487733761436444,12.996920328613673,Queens
86,2024,16851.0,500395.0,42.0,3666.0,3708.0,520954.0,0.9605358630512483,8.218247926685745,13.123153065518578,Queens
86,2025,23240.0,556021.0,38.0,8835.0,8873.0,588134.0,0.9453984976212904,9.090768236835338,13.228561342303632,Queens
87,2019,155882.0,1539921.0,330.0,593629.0,593959.0,2289762.0,0.6725244807102223,13.294565572393521,14.24724167437269,Manhattan
87,2020,8900.0,783822.0,458.0,135705.0,136163.0,928885.0,0.843831044747197,11.821607976466948,13.57193723273855,Manhattan
87,2021,7080.0,1059111.0,244.0,151492.0,151736.0,1217927.0,0.8696013800498716,11.929897447664159,13.872940434954767,Manhattan
87,2022,16110.0,1461360.0,16.0,225851.0,225867.0,1703337.0,0.8579394447487491,12.327701609447713,14.194878066950565,Manhattan
87,2023,21090.0,1489608.0,0.0,195365.0,195365.0,1706063.0,0.8731260217236996,12.182624882792611,14.214023556059798,Manhattan
87,2024,16389.0,1486704.0,13.0,224644.0,224657.0,1727750.0,0.8604856026624222,12.322330073594427,14.212072147120457,Manhattan
87,2025,18046.0,1487473.0,99.0,298927.0,299026.0,1804545.0,0.8242925501996348,12.608285805114063,14.212589264976682,Manhattan
88,2019,65901.0,603177.0,189.0,318413.0,318602.0,987680.0,0.6107008342783088,12.671697953902287,13.309965964975442,Manhattan
88,2020,8993.0,255700.0,289.0,71932.0,72221.0,336914.0,0.7589473871670516,11.18748614131548,12.451760161279278,Manhattan
88,2021,6349.0,354719.0,143.0,74162.0,74305.0,435373.0,0.8147473545672331,11.21593352319267,12.779081205721221,Manhattan
88,2022,14352.0,549327.0,3.0,106661.0,106664.0,670343.0,0.8194715242793614,11.577438985795295,13.216449171590769,Manhattan
88,2023,13399.0,613668.0,2.0,102032.0,102034.0,729101.0,0.8416776276537818,11.533061370056528,13.327209344276955,Manhattan
88,2024,8403.0,619966.0,6.0,120278.0,120284.0,748653.0,0.8281086164084028,11.69761089228612,13.3374199168079,Manhattan
88,2025,13638.0,617975.0,123.0,150000.0,150123.0,781736.0,0.7905162356601205,11.91921023706207,13.334203282547147,Manhattan
89,2019,161633.0,1855292.0,29944.0,15567.0,45511.0,2062436.0,0.8995634288773082,10.725709333961985,14.433552654034562,Brooklyn
89,2020,18246.0,1391123.0,9338.0,8644.0,17982.0,1427351.0,0.9746187167697364,9.797126536544718,14.145621892589366,Brooklyn
89,2021,18330.0,1546154.0,6228.0,7744.0,13972.0,1578456.0,0.979535698175939,9.544810605926722,14.25128111507025,Brooklyn
89,2022,29988.0,1671267.0,758.0,3013.0,3771.0,1705026.0,0.9802003019308796,8.235095497258357,14.329092579373482,Brooklyn
89,2023,22569.0,1806825.0,558.0,4209.0,4767.0,1834161.0,0.9850961829414102,8.469472455204826,14.407081719284085,Brooklyn
89,2024,26820.0,1881165.0,224.0,13423.0,13647.0,1921632.0,0.9789413373632413,9.521274996238114,14.4474018237343,Brooklyn
89,2025,44276.0,1950883.0,603.0,41196.0,41799.0,2036958.0,0.9577433604423852,10.640627694781701,14.483792648560481,Brooklyn
90,2019,173182.0,1633398.0,331.0,1460492.0,1460823.0,3267403.0,0.49990711277427363,14.194510533496265,14.306173065465744,Manhattan
90,2020,3849.0,851225.0,316.0,437417.0,437733.0,1292807.0,0.6584316143090191,12.989364414442546,13.65443176743897,Manhattan
90,2021,6429.0,1195800.0,345.0,562836.0,563181.0,1765410.0,0.6773497374547556,13.241356347461451,13.994325975428941,Manhattan
90,2022,13801.0,1592591.0,11.0,659522.0,659533.0,2265925.0,0.7028436510475854,13.399287287795158,14.280872807653008,Manhattan
90,2023,16177.0,1643876.0,1.0,604387.0,604388.0,2264441.0,0.7259522328027094,13.311971654782562,14.31256742596284,Manhattan
90,2024,11195.0,1637441.0,68.0,632952.0,633020.0,2281656.0,0.7176546333014266,13.358257296203803,14.308645215308077,Manhattan
90,2025,12805.0,1564840.0,76.0,673808.0,673884.0,2251529.0,0.6950121450800767,13.420813268257438,14.263294140308167,Manhattan
91,2019,98702.0,1050367.0,20034.0,7854.0,27888.0,1176957.0,0.8924429694542791,10.235951767759802,13.864650184874012,Brooklyn
91,2020,13216.0,874703.0,6328.0,5404.0,11732.0,899651.0,0.9722692466300821,9.37007543009734,13.681639679149407,Brooklyn
91,2021,11120.0,994255.0,4278.0,4768.0,9046.0,1014421.0,0.9801206796783584,9.11007795003779,13.80974899197356,Brooklyn
91,2022,19671.0,995149.0,360.0,1568.0,1928.0,1016748.0,0.9787567814246991,7.564238475170491,13.810647753673225,Brooklyn
91,2023,12400.0,1087636.0,267.0,2355.0,2622.0,1102658.0,0.9863765555593846,7.871692664323645,13.899517091597207,Brooklyn
91,2024,16693.0,1165670.0,141.0,9387.0,9528.0,1191891.0,0.978000505079743,9.161990111035136,13.968806586967252,Brooklyn
91,2025,32675.0,1199418.0,442.0,24198.0,24640.0,1256733.0,0.9543936540219761,10.112126417647456,13.997346997107687,Brooklyn
92,2019,199250.0,1097959.0,49495.0,6168.0,55663.0,1352872.0,0.811576409298145,10.9270709322979,13.908963559735128,Queens
92,2020,61897.0,598972.0,10650.0,3303.0,13953.0,674822.0,0.8875999893305198,9.543449817892206,13.302970131430735,Queens
92,2021,74531.0,758550.0,4182.0,3894.0,8076.0,841157.0,0.9017936009567774,8.996651979432729,13.539163995176239,Queens
92,2022,66040.0,995468.0,4772.0,1368.0,6140.0,1067648.0,0.9323934480278144,8.722580021141189,13.810968257318809,Queens
92,2023,58966.0,1148473.0,7527.0,1880.0,9407.0,1216846.0,0.9438112957596935,9.149209371971951,13.953943791910266,Queens
92,2024,51652.0,1224703.0,5556.0,3892.0,9448.0,1285803.0,0.9524810565848735,9.153558357877198,14.018208923585867,Queens
92,2025,44182.0,1348132.0,3993.0,13267.0,17260.0,1409574.0,0.9564109440157097,9.756146964637418,14.114230488508925,Queens
93,2019,10019.0,159386.0,15690.0,23408.0,39098.0,208503.0,0.7644302480060239,10.573826593770065,11.979084212120927,Queens
93,2020,1385.0,41391.0,528.0,7874.0,8402.0,51178.0,0.8087654851694087,9.036225051729327,10.630818744876143,Queens
93,2021,1735.0,111645.0,2730.0,3356.0,6086.0,119466.0,0.9345336748530962,8.713746330456916,11.62307947346212,Queens
93,2022,1948.0,161227.0,3743.0,6119.0,9862.0,173037.0,0.9317487011448419,9.196444266784072,11.99056858882567,Queens
93,2023,2622.0,182719.0,6212.0,7871.0,14083.0,199424.0,0.9162337532092426,9.55272367519805,12.115704732580165,Queens
93,2024,2169.0,192429.0,5880.0,18709.0,24589.0,219187.0,0.8779215920652228,10.110054467445536,12.1674825335062,Queens
93,2025,2247.0,196764.0,4836.0,24052.0,28888.0,227899.0,0.8633824632841741,10.271181562957294,12.189760320037868,Queens
94,2019,42214.0,464227.0,5577.0,1661.0,7238.0,513679.0,0.9037297611932744,8.887100204123687,13.04812893571521,Bronx
94,2020,6083.0,427232.0,2264.0,1591.0,3855.0,437170.0,0.9772674245716769,8.25712628599743,12.965082470189822,Bronx
94,2021,5292.0,422367.0,1657.0,1469.0,3126.0,430785.0,0.9804589296284689,8.047509510981422,12.953629883322272,Bronx
94,2022,5034.0,424697.0,389.0,454.0,843.0,430574.0,0.9863507782634344,6.736966958001855,12.959131252466666,Bronx
94,2023,2838.0,468495.0,169.0,647.0,816.0,472149.0,0.992260917634052,6.704414354964107,13.057280708245072,Bronx
94,2024,4989.0,495170.0,109.0,1318.0,1427.0,501586.0,0.9872085744019968,7.2633296174768365,13.112656416934186,Bronx
94,2025,7474.0,511820.0,108.0,4659.0,4767.0,524061.0,0.9766420321298475,8.469472455204826,13.145728279709061,Bronx
95,2019,128873.0,1325123.0,179422.0,15524.0,194946.0,1648942.0,0.8036201394591198,12.180477876118685,14.097015843282684,Queens
95,2020,16729.0,815639.0,47903.0,6729.0,54632.0,887000.0,0.9195479143179256,10.908375070640925,13.61172713409684,Queens
95,2021,18025.0,1070283.0,32007.0,6016.0,38023.0,1126331.0,0.9502384290230846,10.54594651876855,13.883433657449146,Queens
95,2022,24751.0,1311877.0,33494.0,3749.0,37243.0,1373871.0,0.9548764039709696,10.525219286685545,14.086969494091365,Queens
95,2023,22475.0,1463997.0,39399.0,4796.0,44195.0,1530667.0,0.9564438248162402,10.696366939495048,14.196680924320967,Queens
95,2024,29975.0,1593940.0,31258.0,9509.0,40767.0,1664682.0,0.9575041959965928,10.615628209588607,14.281719496469522,Queens
95,2025,35870.0,1721585.0,26064.0,25544.0,51608.0,1809063.0,0.9516445806475506,10.851431978212078,14.358755936086366,Queens
96,2019,3767.0,29200.0,373.0,328.0,701.0,33668.0,0.8672923844600214,6.55250788703459,10.281923988256374,Queens
96,2020,340.0,23738.0,104.0,124.0,228.0,24306.0,0.9766312844565128,5.429345628954441,10.07483241861645,Queens
96,2021,285.0,25785.0,136.0,175.0,311.0,26381.0,0.9774079830180812,5.739792912179234,10.157548206485059,Queens
96,2022,360.0,28123.0,92.0,94.0,186.0,28669.0,0.9809550385433744,5.225746673713202,10.244343025867096,Queens
96,2023,298.0,30413.0,47.0,90.0,137.0,30848.0,0.9858985995850622,4.919980925828125,10.322625427564935,Queens
96,2024,295.0,35391.0,27.0,262.0,289.0,35975.0,0.9837665045170257,5.666426688112432,10.474212829509952,Queens
96,2025,333.0,36999.0,28.0,834.0,862.0,38194.0,0.9687123631984081,6.759255270663693,10.518646164234097,Queens
97,2019,152598.0,1645688.0,165951.0,67045.0,232996.0,2031282.0,0.8101720982118682,12.358776565018502,14.313669091826926,Brooklyn
97,2020,9592.0,997247.0,46571.0,20930.0,67501.0,1074340.0,0.9282415250293203,11.119897691565697,13.812753761490377,Brooklyn
97,2021,7887.0,1134017.0,22206.0,17910.0,40116.0,1182020.0,0.9593890120302533,10.599530536208098,13.941276754339126,Brooklyn
97,2022,22458.0,1332737.0,21391.0,16213.0,37604.0,1392799.0,0.9568767639838914,10.534865706698442,14.102745280369943,Brooklyn
97,2023,20028.0,1444713.0,22072.0,13849.0,35921.0,1500662.0,0.9627171208440009,10.489077361672273,14.183421243884961,Brooklyn
97,2024,19335.0,1573786.0,20842.0,24044.0,44886.0,1638007.0,0.9607932078434341,10.71188122110046,14.268994739376915,Brooklyn
97,2025,25552.0,1620875.0,19652.0,52982.0,72634.0,1719061.0,0.9428839348923628,11.193188410744737,14.298476684851185,Brooklyn
98,2019,20755.0,209801.0,2363.0,1606.0,3969.0,234525.0,0.8945784031553139,8.286269452783065,12.253914741377207,Queens
98,2020,3106.0,119370.0,747.0,692.0,1439.0,123915.0,0.963321631763709,7.271703706887368,11.689983192089084,Queens
98,2021,3421.0,156288.0,527.0,718.0,1245.0,160954.0,0.9710103507834537,7.126890808898808,11.959455738030321,Queens
98,2022,3689.0,180377.0,177.0,294.0,471.0,184537.0,0.9774570953250568,6.154858094016418,12.102804384025788,Queens
98,2023,3130.0,201252.0,77.0,491.0,568.0,204950.0,0.9819565747743352,6.342121418721152,12.212313133119627,Queens
98,2024,4489.0,212452.0,51.0,1068.0,1119.0,218060.0,0.9742823076217555,7.020190708311925,12.266471359478407,Queens
98,2025,5214.0,232239.0,76.0,2526.0,2602.0,240055.0,0.9674407948178543,7.86403565907245,12.355522292798783,Queens
99,2019,893.0,5232.0,5.0,34.0,39.0,6164.0,0.8487994808565866,3.6635616461296463,8.562548893137034,Staten Island
99,2020,261.0,2994.0,4.0,79.0,83.0,3338.0,0.8969442780107849,4.418840607796598,8.004365564979574,Staten Island
99,2021,176.0,4345.0,18.0,29.0,47.0,4568.0,0.9511821366024519,3.8501476017100584,8.376781037699493,Staten Island
99,2022,260.0,4266.0,1.0,15.0,16.0,4542.0,0.9392338177014531,2.772588722239781,8.358431899031295,Staten Island
99,2023,370.0,4721.0,0.0,10.0,10.0,5101.0,0.9255048029798079,2.302585092994046,8.459775920546287,Staten Island
99,2024,396.0,5197.0,0.0,3.0,3.0,5596.0,0.928699070764832,1.0986122886681098,8.555836815008442,Staten Island
99,2025,563.0,6162.0,0.0,5.0,5.0,6730.0,0.9156017830609212,1.6094379124341003,8.726156679156613,Staten Island
100,2019,175852.0,1525410.0,268.0,1713651.0,1713919.0,3415181.0,0.44665568237818143,14.354293119146861,14.23777378434832,Manhattan
100,2020,7600.0,650784.0,184.0,459085.0,459269.0,1117653.0,0.5822773257889524,13.037391374023434,13.385933068898801,Manhattan
100,2021,9229.0,884519.0,264.0,493766.0,494030.0,1387778.0,0.6373634687968825,13.110351523071083,13.69279927341401,Manhattan
100,2022,13405.0,1321474.0,6.0,633980.0,633986.0,1968865.0,0.6711856831220018,13.359782151156624,14.094258338220751,Manhattan
100,2023,14880.0,1428299.0,0.0,617389.0,617389.0,2060568.0,0.6931579059754398,13.333254574241009,14.17199478371745,Manhattan
100,2024,9449.0,1370696.0,66.0,606459.0,606525.0,1986670.0,0.6899464933783668,13.315501226632133,14.130829197998246,Manhattan
100,2025,12752.0,1304276.0,71.0,619719.0,619790.0,1936818.0,0.6734117506136353,13.337135989968775,14.081158655514388,Manhattan
101,2019,18867.0,157267.0,2416.0,2056.0,4472.0,180606.0,0.8707739499241443,8.405591014834934,11.965700276827535,Queens
101,2020,3132.0,97268.0,836.0,967.0,1803.0,102203.0,0.9517137461718345,7.497207223203318,11.48522533432795,Queens
101,2021,2849.0,135255.0,339.0,1036.0,1375.0,139479.0,0.9697158712064182,7.226209010100671,11.814917164602116,Queens
101,2022,4383.0,167208.0,26.0,465.0,491.0,172082.0,0.971676293859904,6.19644412779452,12.026993825378064,Queens
101,2023,3635.0,192143.0,78.0,478.0,556.0,196334.0,0.9786537227377836,6.320768294250582,12.165995165456911,Queens
101,2024,6060.0,207306.0,64.0,902.0,966.0,214332.0,0.9672190806785734,6.873163834212518,12.241951241565072,Queens
101,2025,6243.0,235779.0,68.0,2591.0,2659.0,244681.0,0.9636179351890829,7.88570539124302,12.37065020459529,Queens
102,2019,67333.0,511830.0,4410.0,2120.0,6530.0,585693.0,0.8738878559245202,8.784162222270476,13.145747817637064,Queens
102,2020,13487.0,358520.0,1472.0,1350.0,2822.0,374829.0,0.9564894925419325,7.945201132412759,12.789739725471298,Queens
102,2021,7721.0,429532.0,1235.0,1121.0,2356.0,439609.0,0.9770773573789435,7.764720544771477,12.97045152286972,Queens
102,2022,7603.0,480713.0,305.0,511.0,816.0,489132.0,0.9827878773010149,6.704414354964107,13.083025697410694,Queens
102,2023,4468.0,529014.0,202.0,675.0,877.0,534359.0,0.9899973613245028,6.776506992372183,13.178770175518599,Queens
102,2024,5931.0,563328.0,155.0,1912.0,2067.0,571326.0,0.9860009871771983,7.633853559681768,13.241617330730708,Queens
102,2025,6938.0,594077.0,195.0,6750.0,6945.0,607960.0,0.9771646160931641,8.845777255188445,13.294764219573217,Queens
104,2019,0.0,0.0,0.0,1.0,1.0,1.0,0.0,0.0,0.0,Manhattan
104,2021,1.0,0.0,0.0,0.0,0.0,1.0,0.0,0.0,0.0,Manhattan
104,2023,1.0,0.0,0.0,0.0,0.0,1.0,0.0,0.0,0.0,Manhattan
104,2025,1.0,0.0,0.0,0.0,0.0,1.0,0.0,0.0,0.0,Manhattan
105,2019,23.0,64.0,0.0,115.0,115.0,202.0,0.31683168316831684,4.74493212836325,4.1588830833596715,Manhattan
105,2020,11.0,12.0,0.0,14.0,14.0,37.0,0.32432432432432434,2.6390573296152584,2.4849066497880004,Manhattan
105,2021,14.0,20.0,0.0,15.0,15.0,49.0,0.40816326530612246,2.70805020110221,2.995732273553991,Manhattan
105,2022,11.0,43.0,0.0,13.0,13.0,67.0,0.6417910447761194,2.5649493574615367,3.7612001156935624,Manhattan
105,2023,6.0,41.0,0.0,10.0,10.0,57.0,0.7192982456140351,2.302585092994046,3.713572066704308,Manhattan
105,2024,7.0,43.0,0.0,4.0,4.0,54.0,0.7962962962962963,1.3862943611198906,3.7612001156935624,Manhattan
105,2025,2.0,40.0,0.0,7.0,7.0,49.0,0.8163265306122449,1.9459101490553132,3.6888794541139363,Manhattan
106,2019,50767.0,538417.0,11805.0,9280.0,21085.0,610269.0,0.8822617567007336,9.95631716618066,13.19638863185132,Brooklyn
106,2020,4447.0,277554.0,3069.0,3267.0,6336.0,288337.0,0.9626027877102141,8.754002933494261,12.533770787832148,Brooklyn
106,2021,4172.0,340450.0,1979.0,2532.0,4511.0,349133.0,0.975129821586616,8.414274137408396,12.738023550911112,Brooklyn
106,2022,5571.0,445111.0,566.0,2028.0,2594.0,453276.0,0.9819866924346314,7.860956364876389,13.006078968246088,Brooklyn
106,2023,4821.0,462233.0,235.0,1796.0,2031.0,469085.0,0.9853928392508821,7.616283561580385,13.043824371937074,Brooklyn
106,2024,4205.0,479393.0,132.0,3376.0,3508.0,487106.0,0.9841656641470234,8.162801353492073,13.080275999290501,Brooklyn
106,2025,5184.0,535073.0,135.0,10973.0,11108.0,551365.0,0.9704515157835554,9.31542084842669,13.190158465168011,Brooklyn
107,2019,225969.0,2177977.0,454.0,1887943.0,1888397.0,4292343.0,0.5074098225607786,14.451238879006533,14.59390702227236,Manhattan
107,2020,7860.0,1021915.0,573.0,556021.0,556594.0,1586369.0,0.6441849279707307,13.229591348281726,13.837188876032545,Manhattan
107,2021,11979.0,1330705.0,542.0,744180.0,744722.0,2087406.0,0.6374921792885524,13.520766273359866,14.101219434945682,Manhattan
107,2022,23897.0,1824581.0,18.0,917555.0,917573.0,2766051.0,0.6596338968442736,13.72948741977851,14.416860929598034,Manhattan
107,2023,24206.0,1958944.0,0.0,785306.0,785306.0,2768456.0,0.7075944136370598,13.573828729725985,14.487916110504818,Manhattan
107,2024,16462.0,1895453.0,51.0,797644.0,797695.0,2709610.0,0.6995298216348478,13.589481597859018,14.45496841806266,Manhattan
107,2025,19035.0,1744188.0,95.0,842804.0,842899.0,2606122.0,0.6692656752063026,13.644602419604515,14.371799675806395,Manhattan
108,2019,30635.0,294917.0,8050.0,1643.0,9693.0,335245.0,0.8797058867395486,9.179159254492609,12.594449239801747,Brooklyn
108,2020,8410.0,214314.0,2393.0,1379.0,3772.0,226496.0,0.9462153857021758,8.235360643753348,12.275197508305892,Brooklyn
108,2021,5842.0,257401.0,1754.0,1524.0,3278.0,266521.0,0.9657813080395166,8.094988759303774,12.458390459140501,Brooklyn
108,2022,9984.0,283874.0,300.0,710.0,1010.0,294868.0,0.9627155201649552,6.917705609835305,12.55628575672442,Brooklyn
108,2023,8734.0,304143.0,147.0,897.0,1044.0,313921.0,0.9688520360218017,6.950814768442584,12.625253264524279,Brooklyn
108,2024,11649.0,324795.0,84.0,2145.0,2229.0,338673.0,0.9590224198563216,7.709308333385869,12.690949493062499,Brooklyn
108,2025,21218.0,357771.0,85.0,4825.0,4910.0,383899.0,0.9319404322491072,8.499029220788566,12.787648395905551,Brooklyn
109,2019,14232.0,119533.0,23.0,57.0,80.0,133845.0,0.8930703425604244,4.382026634673881,11.69134776285875,Staten Island
109,2020,4372.0,79146.0,4.0,38.0,42.0,83560.0,0.9471756821445668,3.7376696182833684,11.279049527076975,Staten Island
109,2021,4298.0,106466.0,13.0,36.0,49.0,110813.0,0.9607717506068782,3.8918202981106265,11.57558096433457,Staten Island
109,2022,9853.0,127940.0,3.0,28.0,31.0,137824.0,0.9282853494311586,3.4339872044851463,11.759316683004128,Staten Island
109,2023,18247.0,143566.0,0.0,22.0,22.0,161835.0,0.8871134179874564,3.091042453358316,11.874550138759874,Staten Island
109,2024,19326.0,159224.0,1.0,27.0,28.0,178578.0,0.8916215883255496,3.332204510175204,11.978067294799056,Staten Island
109,2025,19018.0,175662.0,1.0,53.0,54.0,194734.0,0.9020612733266918,3.9889840465642745,12.076316973037626,Staten Island
110,2019,25.0,349.0,0.0,0.0,0.0,374.0,0.9331550802139037,0.0,5.855071922202427,Staten Island
110,2020,12.0,299.0,0.0,0.0,0.0,311.0,0.9614147909967846,0.0,5.700443573390687,Staten Island
110,2021,12.0,274.0,0.0,1.0,1.0,287.0,0.9547038327526133,0.0,5.6131281063880705,Staten Island
110,2022,13.0,363.0,0.0,0.0,0.0,376.0,0.9654255319148937,0.0,5.8944028342648505,Staten Island
110,2023,17.0,346.0,0.0,1.0,1.0,364.0,0.9505494505494505,0.0,5.846438775057725,Staten Island
110,2024,7.0,493.0,0.0,1.0,1.0,501.0,0.9840319361277445,0.0,6.20050917404269,Staten Island
110,2025,2.0,496.0,0.0,0.0,0.0,498.0,0.9959839357429718,0.0,6.206575926724928,Staten Island
111,2019,1398.0,13706.0,168.0,154.0,322.0,15426.0,0.8884999351743809,5.7745515455444085,9.52558897214577,Brooklyn
111,2020,46.0,7295.0,25.0,25.0,50.0,7391.0,0.9870112298741713,3.912023005428146,8.894944460956886,Brooklyn
111,2021,44.0,7755.0,22.0,38.0,60.0,7859.0,0.9867667642193664,4.0943445622221,8.956093075610639,Brooklyn
111,2022,58.0,7281.0,7.0,35.0,42.0,7381.0,0.9864517003116109,3.7376696182833684,8.893023494394711,Brooklyn
111,2023,67.0,7816.0,4.0,21.0,25.0,7908.0,0.9883662114314619,3.2188758248682006,8.96392819372262,Brooklyn
111,2024,74.0,8907.0,1.0,65.0,66.0,9047.0,0.9845252569912678,4.189654742026425,9.09459276343187,Brooklyn
111,2025,89.0,9025.0,3.0,128.0,131.0,9245.0,0.9762033531638724,4.875197323201151,9.107753783201082,Brooklyn
112,2019,168695.0,1992681.0,32086.0,23228.0,55314.0,2216690.0,0.8989443720141291,10.920781320026649,14.50499152617319,Brooklyn
112,2020,2092.0,1016204.0,4312.0,5670.0,9982.0,1028278.0,0.988258039168396,9.208538750029554,13.831584674367047,Brooklyn
112,2021,2461.0,1373541.0,1757.0,6405.0,8162.0,1384164.0,0.9923253313913669,9.00724451596575,14.13290263481821,Brooklyn
112,2022,8448.0,1850323.0,2089.0,8468.0,10557.0,1869328.0,0.9898332448880025,9.264544425989694,14.43087077640924,Brooklyn
112,2023,17906.0,2038927.0,1805.0,7056.0,8861.0,2065694.0,0.9870421272463394,9.089414904047302,14.527934247052032,Brooklyn
112,2024,15411.0,2279338.0,1226.0,15367.0,16593.0,2311342.0,0.9861534987033507,9.716736198662788,14.639395607893453,Brooklyn
112,2025,13489.0,2401096.0,1017.0,53764.0,54781.0,2469366.0,0.9723532275085994,10.911098697487983,14.691435857744352,Brooklyn
113,2019,156479.0,1718824.0,221.0,1270822.0,1271043.0,3146346.0,0.5462921115478081,14.055348381227953,14.357150894015653,Manhattan
113,2020,2457.0,768243.0,188.0,350163.0,350351.0,1121051.0,0.685288180466366,12.766690788083174,13.551861368333908,Manhattan
113,2021,6033.0,1053671.0,250.0,424781.0,425031.0,1484735.0,0.7096694022839093,12.959917386422946,13.867790815143776,Manhattan
113,2022,12140.0,1422648.0,7.0,513337.0,513344.0,1948132.0,0.7302626310742804,13.148701464726596,14.168030481749872,Manhattan
113,2023,14324.0,1515597.0,0.0,512257.0,512257.0,2042178.0,0.7421473544421691,13.146581731210317,14.23131997871053,Manhattan
113,2024,9113.0,1478126.0,53.0,565842.0,565895.0,2053134.0,0.7199364483759949,13.246163827608282,14.206285627194976,Manhattan
113,2025,8644.0,1372296.0,20.0,620020.0,620040.0,2000980.0,0.6858119521434497,13.33753927106923,14.131995807438932,Manhattan
114,2019,156339.0,1615032.0,84.0,1061560.0,1061644.0,2833015.0,0.5700753437592105,13.875329208013882,14.29486532868408,Manhattan
114,2020,2191.0,707777.0,52.0,265508.0,265560.0,975528.0,0.7255322246004215,12.489596082833096,13.469884351310425,Manhattan
114,2021,5347.0,1060507.0,59.0,330475.0,330534.0,1396388.0,0.7594644181989533,12.708464807415345,13.874257653625156,Manhattan
114,2022,12199.0,1540351.0,8.0,469610.0,469618.0,2022168.0,0.761732457441716,13.059674877255466,14.247520870497443,Manhattan
114,2023,15600.0,1614276.0,3.0,497889.0,497892.0,2127768.0,0.758671058122878,13.11813846501776,14.294397116910034,Manhattan
114,2024,8906.0,1550823.0,94.0,578779.0,578873.0,2138602.0,0.7251573691598531,13.268838388799757,14.254296315723872,Manhattan
114,2025,7524.0,1437420.0,19.0,648753.0,648772.0,2093716.0,0.6865401038154172,13.382836624255273,14.17836039793109,Manhattan
115,2019,15163.0,139300.0,611.0,168.0,779.0,155242.0,0.8973087180015717,6.658011045870748,11.844385159767898,Staten Island
115,2020,39345.0,114715.0,340.0,329.0,669.0,154729.0,0.7413930161766702,6.505784060128229,11.650206070504263,Staten Island
115,2021,40159.0,143701.0,351.0,228.0,579.0,184439.0,0.7791248054912464,6.361302477572996,11.875490030985144,Staten Island
115,2022,15432.0,155232.0,2.0,30.0,32.0,170696.0,0.9094061958100952,3.4657359027997265,11.952676051044943,Staten Island
115,2023,37254.0,179640.0,2.0,14.0,16.0,216910.0,0.8281775851735743,2.772588722239781,12.098710127201674,Staten Island
115,2024,39601.0,194140.0,2.0,86.0,88.0,233829.0,0.8302648516651057,4.477336814478207,12.176334827266217,Staten Island
115,2025,35693.0,208797.0,0.0,298.0,298.0,244788.0,0.852970733859503,5.697093486505405,12.249117767071311,Staten Island
116,2019,98562.0,1072324.0,89039.0,96989.0,186028.0,1356914.0,0.7902667376119636,12.133652479000094,13.885338813753908,Manhattan
116,2020,5829.0,818749.0,25664.0,39899.0,65563.0,890141.0,0.9197969759847036,11.090766791420345,13.615532844556807,Manhattan
116,2021,4961.0,851343.0,14611.0,42133.0,56744.0,913048.0,0.9324186680218346,10.946305202881923,13.654570381579713,Manhattan
116,2022,7913.0,958795.0,12000.0,35645.0,47645.0,1014353.0,0.945228140499412,10.771532971782289,13.77343256667687,Manhattan
116,2023,6146.0,1035660.0,7491.0,24170.0,31661.0,1073467.0,0.964780472990786,10.362840918533156,13.85054946260879,Manhattan
116,2024,7585.0,1087402.0,4437.0,36190.0,40627.0,1135614.0,0.9575454335716185,10.612188149189475,13.899301922941852,Manhattan
116,2025,14067.0,1096405.0,4103.0,75439.0,79542.0,1190014.0,0.9213379002263838,11.284040463026905,13.907547203779792,Manhattan
117,2019,27827.0,233549.0,5754.0,1975.0,7729.0,269105.0,0.8678731350216459,8.952734767106872,12.361147184182702,Queens
117,2020,11366.0,247312.0,3070.0,2840.0,5910.0,264588.0,0.934706033531377,8.684401110400144,12.4184059763921,Queens
117,2021,11225.0,316769.0,2549.0,2321.0,4870.0,332864.0,0.9516469188617573,8.490849216076635,12.665928080599084,Queens
117,2022,15434.0,296436.0,30.0,895.0,925.0,312795.0,0.9477005706612958,6.829793737512425,12.599586622518583,Queens
117,2023,8768.0,347533.0,106.0,1524.0,1630.0,357931.0,0.9709497081839796,7.396335293800808,12.758614903506963,Queens
117,2024,12507.0,371245.0,23.0,3671.0,3694.0,387446.0,0.9581851406389535,8.214465160759186,12.824617500994885,Queens
117,2025,19728.0,403165.0,23.0,8396.0,8419.0,431312.0,0.934740976369774,9.038246335337664,12.90710118641592,Queens
118,2019,22723.0,207883.0,102.0,376.0,478.0,231084.0,0.8995992799155286,6.169610732491456,12.244730700420979,Staten Island
118,2020,6425.0,127956.0,37.0,189.0,226.0,134607.0,0.9505894938599033,5.420534999272286,11.75944173380618,Staten Island
118,2021,9909.0,179638.0,84.0,180.0,264.0,189811.0,0.946404581399392,5.575949103146316,12.09869899376183,Staten Island
118,2022,15770.0,207041.0,2.0,108.0,110.0,222921.0,0.9287640015969783,4.700480365792417,12.240672120267552,Staten Island
118,2023,28631.0,232257.0,0.0,50.0,50.0,260938.0,0.8900850010347285,3.912023005428146,12.3555997961573,Staten Island
118,2024,29875.0,242467.0,1.0,77.0,78.0,272420.0,0.8900484545921739,4.356708826689592,12.398620897625388,Staten Island
118,2025,27637.0,254828.0,0.0,207.0,207.0,282672.0,0.9014971415633667,5.332718793265369,12.44834408675256,Staten Island
119,2019,83017.0,803695.0,11670.0,4688.0,16358.0,903070.0,0.8899586964465656,9.702472353294919,13.596975122954632,Bronx
119,2020,10634.0,685825.0,4678.0,3152.0,7830.0,704289.0,0.9737834894482237,8.965717788984849,13.438377772123145,Bronx
119,2021,10072.0,651035.0,3803.0,2956.0,6759.0,667866.0,0.9747988368924305,8.818630229100354,13.386318683186364,Bronx
119,2022,11588.0,656866.0,704.0,1607.0,2311.0,670765.0,0.9792788830663496,7.745435610274381,13.395235319282573,Bronx
119,2023,5635.0,732538.0,617.0,1643.0,2260.0,740433.0,0.9893373201896728,7.723120092266331,13.504270495660894,Bronx
119,2024,8040.0,791418.0,503.0,3521.0,4024.0,803482.0,0.9849853512586467,8.300031711779575,13.58158155217822,Bronx
119,2025,14311.0,822449.0,707.0,9602.0,10309.0,847069.0,0.970935071405045,9.240772579096385,13.62004175362018,Bronx
120,2019,8131.0,21736.0,680.0,472.0,1152.0,31019.0,0.7007318095360908,7.049254841255837,9.986725151106183,Manhattan
120,2020,140.0,17364.0,266.0,226.0,492.0,17996.0,0.9648810846854856,6.198478716492308,9.762154376419485,Manhattan
120,2021,102.0,17828.0,201.0,305.0,506.0,18436.0,0.9670210457799957,6.226536669287466,9.788525534066446,Manhattan
120,2022,272.0,16736.0,89.0,193.0,282.0,17290.0,0.9679583574320416,5.641907070938114,9.72531736686465,Manhattan
120,2023,219.0,21423.0,85.0,177.0,262.0,21904.0,0.9780405405405406,5.568344503761097,9.97222039021722,Manhattan
120,2024,216.0,24659.0,62.0,242.0,304.0,25179.0,0.9793478692561262,5.717027701406222,10.112897224395695,Manhattan
120,2025,258.0,22739.0,59.0,799.0,858.0,23855.0,0.9532173548522322,6.754604099487962,10.03183679096379,Manhattan
121,2019,49847.0,479289.0,10130.0,3460.0,13590.0,542726.0,0.8831141312559192,9.51708950714519,13.08005903474875,Queens
121,2020,13480.0,305188.0,3369.0,2536.0,5905.0,324573.0,0.9402753771878746,8.683554728631462,12.628683259139763,Queens
121,2021,12307.0,386026.0,2214.0,2400.0,4614.0,402947.0,0.9580068842800666,8.4368504387337,12.863660003691505,Queens
121,2022,14900.0,437510.0,409.0,792.0,1201.0,453611.0,0.9645048290275148,7.0909098220799835,12.988854841661443,Queens
121,2023,12106.0,489457.0,297.0,1605.0,1902.0,503465.0,0.972176814674307,7.550661243105336,13.101051892354597,Queens
121,2024,13164.0,518579.0,191.0,2818.0,3009.0,534752.0,0.9697560738435761,8.009363076630045,13.158847657630098,Queens
121,2025,15118.0,553430.0,225.0,7161.0,7386.0,575934.0,0.9609260783353648,8.90734159541251,13.22389055520174,Queens
122,2019,18780.0,221138.0,5536.0,1774.0,7310.0,247228.0,0.8944698820521947,8.896998552743824,12.306542220010998,Queens
122,2020,2977.0,181646.0,1990.0,1132.0,3122.0,187745.0,0.9675144477882234,8.046229101075378,12.109815017038056,Queens
122,2021,2804.0,218975.0,1395.0,1102.0,2497.0,224276.0,0.9763639444256185,7.822845290279774,12.296712847031289,Queens
122,2022,3972.0,232998.0,425.0,376.0,801.0,237771.0,0.9799260633130197,6.68586094706836,12.35878514882001,Queens
122,2023,2698.0,262971.0,301.0,719.0,1020.0,266689.0,0.9860586675865897,6.927557906278317,12.479799038920445,Queens
122,2024,5186.0,278099.0,96.0,1325.0,1421.0,284706.0,0.9767936046307419,7.259116128097101,12.535732444386753,Queens
122,2025,7250.0,308140.0,180.0,4840.0,5020.0,320410.0,0.9617053150650728,8.521185212685776,12.638309504135766,Queens
123,2019,65487.0,664160.0,10813.0,3589.0,14402.0,744049.0,0.8926293832798646,9.575122364808813,13.406278363286866,Brooklyn
123,2020,27331.0,420889.0,3039.0,2268.0,5307.0,453527.0,0.9280351555695692,8.576781982827894,12.950124419943403,Brooklyn
123,2021,13317.0,515559.0,1927.0,2190.0,4117.0,532993.0,0.9672903771719329,8.322880021769905,13.153007027878383,Brooklyn
123,2022,17246.0,581719.0,153.0,551.0,704.0,599669.0,0.970066820195808,6.556778356158042,13.273742792250081,Brooklyn
123,2023,16266.0,626449.0,129.0,842.0,971.0,643686.0,0.9732214154106195,6.878326468291325,13.347822645375834,Brooklyn
123,2024,19451.0,657397.0,89.0,2873.0,2962.0,679810.0,0.9670304938144482,7.993619994827744,13.396043376770143,Brooklyn
123,2025,49293.0,722099.0,150.0,7322.0,7472.0,778864.0,0.9271182131925471,8.918917979908679,13.48991752758857,Brooklyn
124,2019,22359.0,266691.0,3353.0,3056.0,6409.0,295459.0,0.902632852612376,8.765458531504226,12.493845963818927,Queens
124,2020,2123.0,184079.0,818.0,1494.0,2312.0,188514.0,0.976473895837975,7.7458682297922685,12.123120292273805,Queens
124,2021,2027.0,240944.0,610.0,1376.0,1986.0,244957.0,0.9836175328731165,7.593877844605118,12.3923198203266,Queens
124,2022,4958.0,285073.0,41.0,724.0,765.0,290796.0,0.9803195367198999,6.639875833826536,12.560500566803325,Queens
124,2023,2524.0,324752.0,58.0,1195.0,1253.0,328529.0,0.9885032980345723,7.133295954896068,12.690817093097408,Queens
124,2024,4490.0,354828.0,29.0,2715.0,2744.0,362062.0,0.9800199965751722,7.917171988845776,12.779388444003837,Queens
124,2025,6342.0,374136.0,48.0,5768.0,5816.0,386294.0,0.9685265626698836,8.668368019213355,12.832374646660627,Queens
125,2019,95803.0,885308.0,84.0,468939.0,469023.0,1450134.0,0.6105008226825934,13.058407086737697,13.69369088604312,Manhattan
125,2020,2255.0,385879.0,59.0,111083.0,111142.0,499276.0,0.7728771260785617,11.618563941993214,12.863279127801915,Manhattan
125,2021,2551.0,547620.0,32.0,145107.0,145139.0,695310.0,0.7875911463951331,11.885447182908985,13.213336894738978,Manhattan
125,2022,5990.0,759252.0,4.0,196421.0,196425.0,961667.0,0.7895165374292764,12.188035958044022,13.540089017082991,Manhattan
125,2023,7803.0,824196.0,10.0,185211.0,185221.0,1017220.0,0.8102436051198364,12.129304985694676,13.622163644684104,Manhattan
125,2024,6142.0,848212.0,26.0,201971.0,201997.0,1056351.0,0.8029641662667049,12.216008124787908,13.650885883529247,Manhattan
125,2025,6688.0,858341.0,17.0,220568.0,220585.0,1085614.0,0.7906502679589614,12.304038387116154,13.662756735410808,Manhattan
126,2019,54176.0,605229.0,7109.0,2219.0,9328.0,668733.0,0.9050383336847442,9.140775908590273,13.313362177791927,Bronx
126,2020,8202.0,571593.0,2083.0,1844.0,3927.0,583722.0,0.9792212731402963,8.27563105457801,13.256182478636761,Bronx
126,2021,7126.0,585615.0,1645.0,1598.0,3243.0,595984.0,0.9826018819297162,8.084254106307318,13.280417856055285,Bronx
126,2022,5721.0,610199.0,241.0,486.0,727.0,616647.0,0.9895434503046313,6.588926477533519,13.321540412456415,Bronx
126,2023,3930.0,673500.0,173.0,696.0,869.0,678299.0,0.9929249490269041,6.767343125265392,13.420243274832556,Bronx
126,2024,5104.0,731570.0,60.0,2313.0,2373.0,739047.0,0.989882916783371,7.771910256435763,13.502948188643863,Bronx
126,2025,9823.0,760853.0,114.0,7530.0,7644.0,778320.0,0.9775580737999794,8.941676305360163,13.54219545129902,Bronx
127,2019,72448.0,834859.0,17901.0,8074.0,25975.0,933282.0,0.8945409854684865,10.164889815967427,13.635018127298704,Manhattan
127,2020,4540.0,608316.0,5375.0,3571.0,8946.0,621802.0,0.9783114238937797,9.098961783992793,13.318449762773996,Manhattan
127,2021,3313.0,656381.0,3467.0,3791.0,7258.0,666952.0,0.9841502836785856,8.889859587773016,13.394496692014359,Manhattan
127,2022,4639.0,721055.0,1478.0,2115.0,3593.0,729287.0,0.9887122627991449,8.186742787113518,13.488470696298052,Manhattan
127,2023,2922.0,812663.0,946.0,1926.0,2872.0,818457.0,0.9929208254068326,7.962763930168115,13.60807178845007,Manhattan
127,2024,3365.0,851696.0,450.0,4161.0,4611.0,859672.0,0.9907220428256358,8.436200032206706,13.65498493462877,Manhattan
127,2025,6277.0,896497.0,453.0,16345.0,16798.0,919572.0,0.9749068044699055,9.729015110685573,13.706250225674822,Manhattan
128,2019,5436.0,52939.0,1021.0,712.0,1733.0,60108.0,0.8807313502362414,7.457609289715606,10.876895586294035,Manhattan
128,2020,324.0,41542.0,503.0,421.0,924.0,42790.0,0.9708343070810938,6.828712071641684,10.634460242636054,Manhattan
128,2021,328.0,44902.0,397.0,510.0,907.0,46137.0,0.9732318963088193,6.810142450115136,10.71223761616816,Manhattan
128,2022,810.0,51362.0,102.0,207.0,309.0,52481.0,0.9786779977515673,5.733341276897746,10.846653878415639,Manhattan
128,2023,391.0,59955.0,89.0,206.0,295.0,60641.0,0.9886875216437724,5.68697535633982,11.001349559813534,Manhattan
128,2024,426.0,67571.0,27.0,369.0,396.0,68393.0,0.9879812261488748,5.981414211254481,11.120934175903928,Manhattan
128,2025,759.0,72337.0,30.0,1256.0,1286.0,74382.0,0.9725067892769756,7.1592919047975645,11.189091033813968,Manhattan
129,2019,239859.0,1721294.0,153999.0,41981.0,195980.0,2157133.0,0.7979545072093376,12.18576789218981,14.358586891515998,Queens
129,2020,72316.0,1109384.0,28552.0,11816.0,40368.0,1222068.0,0.9077923650729747,10.605792670880838,13.919315464289067,Queens
129,2021,70643.0,1334125.0,12638.0,10011.0,22649.0,1427417.0,0.9346427848344246,10.02787097982616,14.103786204216266,Queens
129,2022,47586.0,1565894.0,11809.0,7970.0,19779.0,1633259.0,0.9587542453462679,9.89237604778141,14.26396746486389,Queens
129,2023,46269.0,1760444.0,13813.0,7172.0,20985.0,1827698.0,0.9632028923815641,9.951563175767692,14.381076607926193,Queens
129,2024,50200.0,1838978.0,10309.0,15334.0,25643.0,1914821.0,0.9603915979613761,10.15202590887028,14.424720540491519,Queens
129,2025,51223.0,1914539.0,7601.0,46607.0,54208.0,2019970.0,0.9478056604801062,10.900583778011725,14.464987420546013,Queens
130,2019,108295.0,1338033.0,108302.0,16376.0,124678.0,1571006.0,0.8517045765579507,11.733489692687487,14.106711183043297,Queens
130,2020,11907.0,924744.0,28690.0,6929.0,35619.0,972270.0,0.9511185164614767,10.480634482333901,13.737272221433587,Queens
130,2021,9935.0,1194963.0,14195.0,6135.0,20330.0,1225228.0,0.9752984750593359,9.919852906622392,13.993625780525308,Queens
130,2022,16454.0,1350204.0,16039.0,4196.0,20235.0,1386893.0,0.9735459044064683,9.915169057309965,14.115766250109589,Queens
130,2023,14217.0,1620810.0,17556.0,5946.0,23502.0,1658529.0,0.9772575577514774,10.064840802893887,14.298436582250218,Queens
130,2024,23467.0,1781035.0,14829.0,12224.0,27053.0,1831555.0,0.9724168807379522,10.205553183855171,14.392705213959669,Queens
130,2025,30878.0,1960720.0,17697.0,46188.0,63885.0,2055483.0,0.9538974537858012,11.064839871025423,14.488822310690107,Queens
131,2019,30659.0,323022.0,7354.0,3085.0,10439.0,364120.0,0.8871306162803472,9.253304071408298,12.685475711340422,Queens
131,2020,5059.0,210466.0,2604.0,1748.0,4352.0,219877.0,0.9571987975095166,8.378390788535778,12.25707939886876,Queens
131,2021,4611.0,274807.0,1978.0,2240.0,4218.0,283636.0,0.9688720754770198,8.34711636103872,12.523824312077222,Queens
131,2022,7298.0,317344.0,222.0,808.0,1030.0,325672.0,0.9744282591073227,6.937314081223682,12.667741637985852,Queens
131,2023,5940.0,351267.0,171.0,1486.0,1657.0,358864.0,0.978830420437826,7.4127640174265625,12.769301897035431,Queens
131,2024,10169.0,364669.0,142.0,2528.0,2670.0,377508.0,0.9659901247125888,7.8898337513942955,12.80674537181296,Queens
131,2025,12979.0,392952.0,283.0,7171.0,7454.0,413385.0,0.9505715011430023,8.916506080039204,12.881442745987439,Queens
132,2019,424543.0,3612242.0,492.0,2661423.0,2661915.0,6698700.0,0.5392452266857749,14.794556346548354,15.099839190167268,Queens
132,2020,28462.0,1275874.0,134.0,613297.0,613431.0,1917767.0,0.6652914561570827,13.326823067370288,14.059141991929652,Queens
132,2021,21972.0,2103257.0,323.0,997851.0,998174.0,3123403.0,0.6733863673691803,13.813682888794029,14.558997653590096,Queens
132,2022,29803.0,3643813.0,342.0,1845326.0,1845668.0,5519284.0,0.660196684932321,14.428351829549593,15.108541218811403,Queens
132,2023,46073.0,4388696.0,151.0,1916083.0,1916234.0,6351003.0,0.6910240791887517,14.465872359492076,15.294542702202241,Queens
132,2024,39585.0,4322804.0,201.0,1872168.0,1872369.0,6234758.0,0.6933395009076535,14.442715031979604,15.279414823736897,Queens
132,2025,39913.0,4061179.0,150.0,1880283.0,1880433.0,5981525.0,0.678953778509661,14.447012627435685,15.216983883510384,Queens
133,2019,42405.0,417053.0,6622.0,4689.0,11311.0,470769.0,0.8858973296882335,9.33353098253138,12.940968591025975,Brooklyn
133,2020,7136.0,299034.0,1866.0,2072.0,3938.0,310108.0,0.9642898603067318,8.278428259199071,12.608312558282643,Brooklyn
133,2021,5425.0,353733.0,1298.0,1716.0,3014.0,362172.0,0.9766989165368941,8.01102337918644,12.776297670247729,Brooklyn
133,2022,8696.0,406050.0,163.0,867.0,1030.0,415776.0,0.9766075963980605,6.937314081223682,12.914231583710556,Brooklyn
133,2023,6618.0,442950.0,92.0,1052.0,1144.0,450712.0,0.9827783595732974,7.042286171939743,13.001212175840179,Brooklyn
133,2024,7372.0,452088.0,33.0,2858.0,2891.0,462351.0,0.9778025785604444,7.969357742016346,13.021632130130165,Brooklyn
133,2025,10048.0,461078.0,73.0,9450.0,9523.0,480649.0,0.9592821372768902,9.161465204194046,13.041322505063484,Brooklyn
134,2019,40470.0,443349.0,51388.0,7452.0,58840.0,542659.0,0.8169937290268843,10.982577174715374,13.002112549251306,Queens
134,2020,7545.0,289781.0,11600.0,2976.0,14576.0,311902.0,0.9290770819039313,9.58713161949974,12.57688074426254,Queens
134,2021,6963.0,354963.0,7301.0,2648.0,9949.0,371875.0,0.9545223529411765,9.20522732258936,12.7797688376736,Queens
134,2022,8911.0,434058.0,8839.0,3341.0,12180.0,455149.0,0.9536613284880336,9.407550541263888,12.980933444706434,Queens
134,2023,6639.0,497001.0,8485.0,3430.0,11915.0,515555.0,0.9640115991504301,9.385553389532843,13.116347317149176,Queens
134,2024,8785.0,523761.0,6801.0,5328.0,12129.0,544675.0,0.9616027906549778,9.40335455830888,13.168790752384572,Queens
134,2025,11176.0,570880.0,5625.0,11302.0,16927.0,598983.0,0.9530821408954845,9.736665259189097,13.254934308933727,Queens
135,2019,38687.0,403223.0,6384.0,4974.0,11358.0,453268.0,0.8895907057193537,9.337677620437377,12.907245037763163,Queens
135,2020,5613.0,242190.0,1996.0,2357.0,4353.0,252156.0,0.9604768476657307,8.378620541552298,12.397477821057171,Queens
135,2021,5711.0,293003.0,1414.0,2475.0,3889.0,302603.0,0.9682752649511076,8.265907334155747,12.587938126854636,Queens
135,2022,7453.0,356604.0,376.0,1017.0,1393.0,365450.0,0.9757942262963469,7.239214973779806,12.784381201398181,Queens
135,2023,5612.0,401265.0,272.0,1421.0,1693.0,408570.0,0.9821205668551288,7.4342573821331355,12.9023773359052,Queens
135,2024,7448.0,416434.0,164.0,2098.0,2262.0,426144.0,0.9772142749868589,7.724004656676065,12.939483264647032,Queens
135,2025,9966.0,439268.0,229.0,5707.0,5936.0,455170.0,0.9650636026100139,8.688790784847216,12.992864984151106,Queens
136,2019,60665.0,630021.0,12604.0,4070.0,16674.0,707360.0,0.8906652906582221,9.721605898970559,13.353508431145505,Bronx
136,2020,7938.0,515442.0,4798.0,3502.0,8300.0,531680.0,0.9694590731266928,9.02401079378469,13.152780063985036,Bronx
136,2021,6505.0,492842.0,3664.0,3047.0,6711.0,506058.0,0.9738844164107672,8.811503250158239,13.107943914842537,Bronx
136,2022,6488.0,526666.0,355.0,882.0,1237.0,534391.0,0.9855442924749855,7.1204443723924875,13.174321850511454,Bronx
136,2023,3288.0,583773.0,245.0,1170.0,1415.0,588476.0,0.9920081702567309,7.254884810077338,13.277267487617333,Bronx
136,2024,5559.0,611993.0,153.0,2016.0,2169.0,619721.0,0.9875298723135089,7.682021510826875,13.324476123520553,Bronx
136,2025,11652.0,647610.0,202.0,6210.0,6412.0,665674.0,0.9728635938913042,8.765926513729443,13.381043942297033,Bronx
137,2019,191088.0,1600195.0,1201.0,991642.0,992843.0,2784126.0,0.5747566740873078,13.808327823779889,14.285636054783856,Manhattan
137,2020,16261.0,885346.0,1458.0,379867.0,381325.0,1282932.0,0.6900958117811389,12.851407308868135,13.69373380803692,Manhattan
137,2021,16112.0,1062760.0,1393.0,465351.0,466744.0,1545616.0,0.6875964016935643,13.053536206473996,13.87637985572746,Manhattan
137,2022,31627.0,1230748.0,15.0,479118.0,479133.0,1741508.0,0.7067139513570997,13.079733499647556,14.023132672593736,Manhattan
137,2023,28560.0,1349126.0,4.0,402632.0,402636.0,1780322.0,0.7577988700920395,12.90578820696815,14.114967533348535,Manhattan
137,2024,20619.0,1325786.0,18.0,421436.0,421454.0,1767859.0,0.7499387677410925,12.951465916423416,14.097516049071583,Manhattan
137,2025,30953.0,1237275.0,190.0,474017.0,474207.0,1742435.0,0.7100838768734559,13.069399214208412,14.028421938712235,Manhattan
138,2019,335735.0,3972125.0,589.0,2143893.0,2144482.0,6452342.0,0.6156098049359442,14.578408589338913,15.194811773944066,Queens
138,2020,17629.0,1252149.0,115.0,402037.0,402152.0,1671930.0,0.7489242970698534,12.904585405588529,14.040371833145766,Queens
138,2021,12065.0,2002341.0,188.0,673773.0,673961.0,2688367.0,0.7448168349038654,13.420927524718804,14.50982755402318,Queens
138,2022,22416.0,3821648.0,289.0,1072288.0,1072577.0,4916641.0,0.7772883966919691,13.885574722078976,15.156192301163227,Queens
138,2023,44589.0,4372744.0,180.0,1282331.0,1282511.0,5699844.0,0.7671690663814659,14.06433043298833,15.290901287634128,Queens
138,2024,46415.0,4736122.0,153.0,1261607.0,1261760.0,6044297.0,0.7835687094793654,14.0480181296714,15.370729215349327,Queens
138,2025,46766.0,4921420.0,128.0,1225161.0,1225289.0,6193475.0,0.7946136861777919,14.01868729250395,15.40910766471254,Queens
139,2019,26720.0,309275.0,5022.0,3195.0,8217.0,344212.0,0.8985015048865235,9.013960457931187,12.641986127731032,Queens
139,2020,2836.0,266189.0,1905.0,2098.0,4003.0,273028.0,0.9749512870474824,8.294799358992574,12.491961861775309,Queens
139,2021,3027.0,332225.0,1296.0,2379.0,3675.0,338927.0,0.9802258303410469,8.209308411646937,12.713567729199708,Queens
139,2022,5862.0,371906.0,39.0,809.0,848.0,378616.0,0.9822775582648382,6.742880635791903,12.826396413152205,Queens
139,2023,3283.0,421663.0,22.0,1198.0,1220.0,426166.0,0.9894336948513021,7.106606137727303,12.951961695785666,Queens
139,2024,7504.0,451987.0,40.0,2140.0,2180.0,461671.0,0.9790240236012225,7.687080155783135,13.021408697338813,Queens
139,2025,10656.0,497554.0,127.0,5330.0,5457.0,513667.0,0.9686314285324928,8.604654467186231,13.117459372404019,Queens
140,2019,178438.0,1613904.0,1488.0,1495479.0,1496967.0,3289309.0,0.49065137997068686,14.218951619070614,14.294166646489149,Manhattan
140,2020,13236.0,962724.0,1807.0,570406.0,572213.0,1548173.0,0.6218452330585794,13.257266578668974,13.777522045340012,Manhattan
140,2021,13292.0,1035575.0,2137.0,691432.0,693569.0,1742436.0,0.5943259895915832,13.44960600910132,13.850467385973307,Manhattan
140,2022,25056.0,1265617.0,11.0,790554.0,790565.0,2081238.0,0.6081077704712291,13.580503158690219,14.05107030826941,Manhattan
140,2023,23311.0,1403755.0,2.0,735966.0,735968.0,2163034.0,0.6489750045537888,13.508941918504936,14.154661346916248,Manhattan
140,2024,20648.0,1408190.0,21.0,781560.0,781581.0,2210419.0,0.637069261529149,13.569074070305719,14.157815749777932,Manhattan
140,2025,29270.0,1354928.0,309.0,836603.0,836912.0,2221110.0,0.6100229164696931,13.637474206548829,14.119258874352777,Manhattan
141,2019,185041.0,1793418.0,620.0,1949869.0,1950489.0,3928948.0,0.45646264598055253,14.48359066833335,14.399633854251322,Manhattan
141,2020,7156.0,918059.0,548.0,681677.0,682225.0,1607440.0,0.5711311153137909,13.433114794440055,13.730016937689895,Manhattan
141,2021,7614.0,1150199.0,587.0,899600.0,900187.0,2058000.0,0.5588916423712342,13.710357798501413,13.955445528847397,Manhattan
141,2022,13762.0,1456937.0,18.0,1019967.0,1019985.0,2490684.0,0.5849545747272636,13.835298479269968,14.191846844709199,Manhattan
141,2023,16573.0,1572135.0,2.0,887465.0,887467.0,2476175.0,0.6349046412309308,13.696126616541807,14.267945126146591,Manhattan
141,2024,13202.0,1561751.0,30.0,903914.0,903944.0,2478897.0,0.6300185122657376,13.71452269055287,14.261318185662958,Manhattan
141,2025,15107.0,1520982.0,124.0,948714.0,948838.0,2484927.0,0.612083171859777,13.762993357013814,14.234866736851878,Manhattan
142,2019,174152.0,1773691.0,334.0,2521612.0,2521946.0,4469789.0,0.3968176126434603,14.740541383699659,14.388573244041998,Manhattan
142,2020,4760.0,840151.0,307.0,740760.0,741067.0,1585978.0,0.5297368563750569,13.515846318544307,13.641336916569022,Manhattan
142,2021,6130.0,1115413.0,366.0,979569.0,979935.0,2101478.0,0.530775482779263,13.795241521916441,13.924735297881327,Manhattan
142,2022,15136.0,1521280.0,24.0,1281544.0,1281568.0,2817984.0,0.5398469260293884,14.063594886195492,14.235062643713912,Manhattan
142,2023,17441.0,1687411.0,1.0,1230965.0,1230966.0,2935818.0,0.5747668963130548,14.023309784963873,14.33870595959724,Manhattan
142,2024,12629.0,1661404.0,44.0,1281705.0,1281749.0,2955782.0,0.5620861078388054,14.0637361094623,14.32317358599225,Manhattan
142,2025,14702.0,1566177.0,112.0,1286358.0,1286470.0,2867349.0,0.5462108030797785,14.067412591349258,14.26414817596576,Manhattan
143,2019,136944.0,1316316.0,283.0,978523.0,978806.0,2432066.0,0.54123366717844,13.794088740486913,14.090347483623374,Manhattan
143,2020,2921.0,710258.0,245.0,314922.0,315167.0,1028346.0,0.6906799851411879,12.66085793605344,13.473383563292563,Manhattan
143,2021,3997.0,895238.0,316.0,405537.0,405853.0,1305088.0,0.6859598739701844,12.91374630405556,13.70484488369377,Manhattan
143,2022,11150.0,1139124.0,10.0,474118.0,474128.0,1624402.0,0.7012574473560116,13.069232606416476,13.94577010393126,Manhattan
143,2023,16097.0,1228202.0,3.0,400396.0,400399.0,1644698.0,0.7467644515892887,12.900216828917586,14.021061869275394,Manhattan
143,2024,10777.0,1209181.0,11.0,444108.0,444119.0,1664077.0,0.7266376495799173,13.003847823521967,14.00545382889598,Manhattan
143,2025,12871.0,1158000.0,98.0,482680.0,482778.0,1653649.0,0.7002695251531613,13.087312199644499,13.962204937115077,Manhattan
144,2019,193927.0,1931176.0,110.0,815293.0,815403.0,2940506.0,0.656749552628017,13.611437748536387,14.473639701741968,Manhattan
144,2020,5138.0,835517.0,159.0,189222.0,189381.0,1030036.0,0.8111532024123429,12.151516137912186,13.635805973908132,Manhattan
144,2021,6427.0,1227528.0,149.0,229182.0,229331.0,1463286.0,0.8388845379508859,12.342921653777006,14.020512948981287,Manhattan
144,2022,12734.0,1689624.0,8.0,322315.0,322323.0,2024681.0,0.8345136838840291,12.68330942734239,14.34001657693865,Manhattan
144,2023,17291.0,1807258.0,3.0,333997.0,334000.0,2158549.0,0.8372559529572875,12.718896271958837,14.407321337467769,Manhattan
144,2024,12713.0,1745181.0,136.0,409420.0,409556.0,2167450.0,0.8051770513737341,12.922828925062293,14.372368833167974,Manhattan
144,2025,13096.0,1644059.0,19.0,490110.0,490129.0,2147284.0,0.7656458111735569,13.102423900744702,14.31267874203216,Manhattan
145,2019,140215.0,1552062.0,49908.0,72451.0,122359.0,1814636.0,0.8553021101752638,11.714714625626018,14.255094927380991,Queens
145,2020,4967.0,897665.0,7309.0,16930.0,24239.0,926871.0,0.9684896819514258,10.095718185206863,13.707552226458473,Queens
145,2021,3849.0,1213951.0,2132.0,14065.0,16197.0,1233997.0,0.9837552279300517,9.692581318886397,14.009390887348776,Queens
145,2022,9777.0,1672316.0,2036.0,19379.0,21415.0,1703508.0,0.9816895488603516,9.971846890049472,14.329720049984749,Queens
145,2023,16634.0,1843874.0,1624.0,16797.0,18421.0,1878929.0,0.9813430949226927,9.821246597152218,14.42737935104609,Queens
145,2024,16180.0,1971367.0,905.0,27007.0,27912.0,2015459.0,0.9781230975177366,10.23681198286661,14.494237768700337,Queens
145,2025,15478.0,2108646.0,998.0,73922.0,74920.0,2199044.0,0.958892136764885,11.224176156558025,14.56155659330959,Queens
146,2019,61910.0,599867.0,27695.0,72188.0,99883.0,761660.0,0.7875784470761232,11.511754779985889,13.30446324295993,Queens
146,2020,8979.0,349485.0,4739.0,20925.0,25664.0,384128.0,0.9098139161946018,10.152844510666242,12.764215921280043,Queens
146,2021,5949.0,454947.0,2309.0,19144.0,21453.0,482349.0,0.9431905114346666,9.973619774716505,13.027936207631873,Queens
146,2022,7778.0,561042.0,2355.0,21275.0,23630.0,592450.0,0.9469862435648578,10.070272370180954,13.237551048012651,Queens
146,2023,9004.0,587144.0,1569.0,16916.0,18485.0,614633.0,0.9552757499190574,9.824714871370732,13.28302538388723,Queens
146,2024,7566.0,596052.0,894.0,19022.0,19916.0,623534.0,0.9559254186620136,9.899278707762074,13.298083190563721,Queens
146,2025,7557.0,624812.0,972.0,37314.0,38286.0,670655.0,0.9316444371547219,10.552839573096401,13.345206083469144,Queens
147,2019,52195.0,471925.0,6953.0,2444.0,9397.0,533517.0,0.8845547564557455,9.148145768383065,13.064575353636934,Bronx
147,2020,6920.0,436014.0,2357.0,1943.0,4300.0,447234.0,0.9749124619326796,8.366370301681654,12.985429631907397,Bronx
147,2021,5172.0,428635.0,1764.0,1864.0,3628.0,437435.0,0.979882725433493,8.196436811235028,12.968361019910104,Bronx
147,2022,5497.0,420636.0,218.0,419.0,637.0,426770.0,0.9856269184806805,6.456769655572163,12.949523130599362,Bronx
147,2023,2886.0,462158.0,136.0,656.0,792.0,465836.0,0.9921045174696674,6.674561391814426,13.043662102940157,Bronx
147,2024,4386.0,490796.0,85.0,1946.0,2031.0,497213.0,0.9870940623032785,7.616283561580385,13.103783841826433,Bronx
147,2025,8320.0,514286.0,116.0,5986.0,6102.0,528708.0,0.9727221831332229,8.716371865276615,13.150534809926427,Bronx
148,2019,248464.0,2701876.0,163.0,1025766.0,1025929.0,3976269.0,0.6795003054370818,13.84110910153864,14.809456904517312,Manhattan
148,2020,3284.0,1138408.0,148.0,232448.0,232596.0,1374288.0,0.8283620318303004,12.357058322014275,13.945141353139974,Manhattan
148,2021,7444.0,1641282.0,159.0,256631.0,256790.0,1905516.0,0.8613320486419427,12.456013909229762,14.310988201743422,Manhattan
148,2022,15496.0,2382983.0,10.0,388928.0,388938.0,2787417.0,0.8549072492562111,12.871175226864338,14.683863622190557,Manhattan
148,2023,23847.0,2546998.0,0.0,387243.0,387243.0,2958088.0,0.8610284751501646,12.86680768193756,14.750425968723752,Manhattan
148,2024,14947.0,2490837.0,76.0,433114.0,433190.0,2938974.0,0.8475192363049145,12.978931709816678,14.728129356535272,Manhattan
148,2025,13809.0,2411499.0,32.0,536712.0,536744.0,2962052.0,0.8141312171427105,13.1932765372901,14.695759103811417,Manhattan
149,2019,51705.0,514173.0,7629.0,3229.0,10858.0,576736.0,0.8915222909615491,9.292657414465397,13.150315063683834,Brooklyn
149,2020,21621.0,327875.0,1834.0,1632.0,3466.0,352962.0,0.928924360129419,8.150756470275551,12.700387717169175,Brooklyn
149,2021,9958.0,402325.0,1234.0,2293.0,3527.0,415810.0,0.9675693225271158,8.168202930236053,12.905015498686696,Brooklyn
149,2022,11872.0,459360.0,94.0,371.0,465.0,471697.0,0.9738454982753759,6.142037405587356,13.03758949535489,Brooklyn
149,2023,11513.0,509962.0,74.0,726.0,800.0,522275.0,0.9764242975443971,6.684611727667927,13.142091492120594,Brooklyn
149,2024,15886.0,552229.0,36.0,2346.0,2382.0,570497.0,0.9679787974345176,7.775695749915245,13.221718094303123,Brooklyn
149,2025,32087.0,597500.0,94.0,5450.0,5544.0,635131.0,0.9407508057392884,8.620471540869739,13.300509562787802,Brooklyn
150,2019,28531.0,287068.0,5176.0,1446.0,6622.0,322221.0,0.8909040689464685,8.798152718107191,12.567474400475287,Brooklyn
150,2020,8293.0,164493.0,1331.0,738.0,2069.0,174855.0,0.9407394698464442,7.634820677745543,12.010623295090662,Brooklyn
150,2021,3553.0,185299.0,863.0,865.0,1728.0,190580.0,0.9722898520306433,7.454719949364001,12.129726015604815,Brooklyn
150,2022,5928.0,215268.0,355.0,282.0,637.0,221833.0,0.9704056655231639,6.456769655572163,12.27963904248709,Brooklyn
150,2023,4896.0,233873.0,186.0,390.0,576.0,239345.0,0.9771376047128622,6.3561076606958915,12.362533511963129,Brooklyn
150,2024,5580.0,248653.0,100.0,1316.0,1416.0,255649.0,0.9726343541339884,7.255591274253665,12.423813629221922,Brooklyn
150,2025,13169.0,261412.0,124.0,3330.0,3454.0,278035.0,0.9402125631665078,8.147288258706624,12.473852985775045,Brooklyn
151,2019,84694.0,817552.0,637.0,735114.0,735751.0,1637997.0,0.49911690924952856,13.508647025252118,13.614069788293298,Manhattan
151,2020,3769.0,510440.0,830.0,286397.0,287227.0,801436.0,0.6369067523794788,12.568028122879497,13.143028377847912,Manhattan
151,2021,3813.0,562070.0,970.0,344371.0,345341.0,911224.0,0.6168296708602934,12.752287613659224,13.23938167627962,Manhattan
151,2022,6940.0,642866.0,20.0,360289.0,360309.0,1010115.0,0.6364285254649223,12.794717275608223,13.3736915833681,Manhattan
151,2023,6920.0,708181.0,24.0,295331.0,295355.0,1010456.0,0.7008528822630574,12.595933301659295,13.470454989720551,Manhattan
151,2024,6196.0,717645.0,16.0,315069.0,315085.0,1038926.0,0.6907566082666138,12.660597722677004,13.483730296790695,Manhattan
151,2025,9272.0,671522.0,176.0,336311.0,336487.0,1017281.0,0.6601145602837367,12.72631479433402,13.417302056880828,Manhattan
152,2019,57540.0,554249.0,45118.0,81587.0,126705.0,738494.0,0.7505125295533884,11.749616828829707,13.225369323236967,Manhattan
152,2020,6276.0,406790.0,12712.0,30196.0,42908.0,455974.0,0.8921342006342466,10.66681356771732,12.91605236075017,Manhattan
152,2021,7296.0,416639.0,7596.0,31478.0,39074.0,463009.0,0.8998507588405409,10.57321256315158,12.939975418405796,Manhattan
152,2022,6733.0,484649.0,7264.0,31999.0,39263.0,530645.0,0.9133205815564077,10.57803787856365,13.091180196573944,Manhattan
152,2023,5049.0,529466.0,4618.0,21762.0,26380.0,560895.0,0.9439663395109602,10.180361426271306,13.179624230441648,Manhattan
152,2024,3581.0,541149.0,2828.0,29120.0,31948.0,576678.0,0.9383902281689261,10.37186486003728,13.20144993580511,Manhattan
152,2025,6972.0,529118.0,2014.0,50057.0,52071.0,588161.0,0.8996142212761472,10.860363450888991,13.178966748347575,Manhattan
153,2019,14713.0,217169.0,2876.0,1846.0,4722.0,236604.0,0.9178585315548342,8.459987717645458,12.288431131257123,Manhattan
153,2020,1619.0,206680.0,1155.0,880.0,2035.0,210334.0,0.9826276303403159,7.618251097876695,12.238926982401122,Manhattan
153,2021,1161.0,192523.0,934.0,813.0,1747.0,195431.0,0.985120067952372,7.465655310134056,12.167970906092227,Manhattan
153,2022,1248.0,192014.0,113.0,324.0,437.0,193699.0,0.9913009359883118,6.07993319509559,12.165323565018294,Manhattan
153,2023,781.0,212635.0,73.0,307.0,380.0,213796.0,0.9945695897023331,5.940171252720432,12.267332359750375,Manhattan
153,2024,1185.0,227783.0,34.0,688.0,722.0,229690.0,0.9916975053332753,6.582025138892826,12.336148700344824,Manhattan
153,2025,2496.0,233108.0,51.0,1988.0,2039.0,237643.0,0.9809167532811823,7.620214770574455,12.35925714446925,Manhattan
154,2019,1967.0,25699.0,402.0,447.0,849.0,28515.0,0.9012449587936174,6.744059186311348,10.154207359620441,Brooklyn
154,2020,315.0,15391.0,68.0,133.0,201.0,15907.0,0.9675614509335513,5.303304908059076,9.641538201979953,Brooklyn
154,2021,231.0,18429.0,93.0,154.0,247.0,18907.0,0.9747183582800021,5.5093883366279774,9.821680789832037,Brooklyn
154,2022,415.0,19443.0,50.0,286.0,336.0,20194.0,0.9628107358621373,5.817111159963204,9.875242387095826,Brooklyn
154,2023,206.0,22352.0,27.0,396.0,423.0,22981.0,0.9726295635524999,6.0473721790462776,10.014671081496743,Brooklyn
154,2024,253.0,25519.0,18.0,626.0,644.0,26416.0,0.9660433070866141,6.467698726104354,10.147178551737998,Brooklyn
154,2025,361.0,21940.0,21.0,687.0,708.0,23009.0,0.953539919162067,6.56244409369372,9.99606673382922,Brooklyn
155,2019,57015.0,638375.0,12542.0,4719.0,17261.0,712651.0,0.8957750708270948,9.75620490038669,13.366681163949945,Brooklyn
155,2020,8745.0,437928.0,3449.0,3059.0,6508.0,453181.0,0.9663423665158072,8.780787468338929,12.98980979228448,Brooklyn
155,2021,6719.0,559907.0,2440.0,3101.0,5541.0,572167.0,0.9785726894420684,8.61993026886735,13.235525977491374,Brooklyn
155,2022,12559.0,576197.0,196.0,951.0,1147.0,589903.0,0.9767656716443212,7.044905117129371,13.2642048950935,Brooklyn
155,2023,8299.0,620272.0,139.0,1171.0,1310.0,629881.0,0.9847447374980354,7.177782416195197,13.33791337049374,Brooklyn
155,2024,10177.0,657816.0,83.0,4175.0,4258.0,672251.0,0.9785273655226991,8.356554845453426,13.396680535943867,Brooklyn
155,2025,18005.0,678187.0,186.0,10350.0,10536.0,706728.0,0.9596152975402135,9.262553243423117,13.427178340103053,Brooklyn
156,2019,34131.0,210133.0,611.0,169.0,780.0,245044.0,0.8575317085911102,6.659293919683638,12.255495942562023,Staten Island
156,2020,16932.0,187603.0,495.0,222.0,717.0,205252.0,0.9140130181435504,6.57507584059962,12.142083306897614,Staten Island
156,2021,9718.0,233633.0,368.0,84.0,452.0,243803.0,0.9582859931994274,6.113682179832232,12.361506787082236,Staten Island
156,2022,18844.0,244173.0,4.0,58.0,62.0,263079.0,0.9281356550693898,4.127134385045092,12.405632269435404,Staten Island
156,2023,34068.0,297499.0,0.0,17.0,17.0,331584.0,0.8972055346458213,2.833213344056216,12.603166142617635,Staten Island
156,2024,33904.0,317610.0,1.0,41.0,42.0,351556.0,0.9034407036147868,3.7376696182833684,12.668579494005535,Staten Island
156,2025,34438.0,347190.0,4.0,127.0,131.0,381759.0,0.9094481073137765,4.875197323201151,12.757627459510234,Staten Island
157,2019,60632.0,582239.0,4868.0,7138.0,12006.0,654877.0,0.8890814610988017,9.393161803811788,13.274636295339702,Queens
157,2020,5917.0,375167.0,1380.0,3012.0,4392.0,385476.0,0.973256441386753,8.387539983189367,12.835126539154421,Queens
157,2021,3635.0,463890.0,852.0,2093.0,2945.0,470470.0,0.986013986013986,7.987864096085687,13.047402734137586,Queens
157,2022,4359.0,595222.0,649.0,2866.0,3515.0,603096.0,0.9869440354437767,8.164794804244766,13.29668972418352,Queens
157,2023,5410.0,706376.0,955.0,2784.0,3739.0,715525.0,0.9872135844310121,8.226573474977114,13.467902952609784,Queens
157,2024,6471.0,761591.0,1829.0,6935.0,8764.0,776826.0,0.9803881435482334,9.078407700715356,13.543164945162578,Queens
157,2025,7606.0,817490.0,2206.0,18997.0,21203.0,846299.0,0.965958839606333,9.96189796008255,13.613993949262827,Queens
158,2019,145967.0,1604598.0,22.0,840940.0,840962.0,2591527.0,0.6191708594971227,13.642301753629845,14.288383815884364,Manhattan
158,2020,1520.0,639108.0,19.0,182516.0,182535.0,823163.0,0.7764051591240131,12.11469721443901,13.367828733162908,Manhattan
158,2021,3943.0,1057071.0,24.0,192963.0,192987.0,1254001.0,0.842958657927705,12.17037810810545,13.871012433835844,Manhattan
158,2022,9402.0,1472546.0,7.0,297052.0,297059.0,1779007.0,0.8277347981205245,12.601686051254555,14.202503433408733,Manhattan
158,2023,11981.0,1482323.0,0.0,327847.0,327847.0,1822151.0,0.8135017350373268,12.700302315123745,14.209121009808747,Manhattan
158,2024,7989.0,1441150.0,41.0,401787.0,401828.0,1850967.0,0.7785930273203142,12.903779415346136,14.18095196394312,Manhattan
158,2025,6534.0,1367023.0,3.0,447235.0,447238.0,1820795.0,0.7507835862906038,13.01084617037938,14.128145940729139,Manhattan
159,2019,102866.0,914688.0,22898.0,7809.0,30707.0,1048261.0,0.872576581595614,10.332245920613584,13.726338302502972,Bronx
159,2020,16345.0,832286.0,10449.0,8772.0,19221.0,867852.0,0.9590183579688702,9.863758710307131,13.63193141073485,Bronx
159,2021,12670.0,839457.0,5696.0,5593.0,11289.0,863416.0,0.9722509196030651,9.331584079261546,13.640510533223035,Bronx
159,2022,14360.0,864370.0,1782.0,1900.0,3682.0,882412.0,0.9795537685344261,8.211211361793023,13.669756196858037,Bronx
159,2023,11264.0,986964.0,1136.0,2202.0,3338.0,1001566.0,0.9854208309786874,8.11312710422178,13.802388843586286,Bronx
159,2024,11359.0,1059437.0,601.0,5411.0,6012.0,1076808.0,0.9838680619014718,8.701512750872865,13.873248192912174,Bronx
159,2025,20109.0,1111661.0,587.0,14866.0,15453.0,1147223.0,0.9690016675049228,9.645558438233694,13.921365851199486,Bronx
160,2019,50661.0,441584.0,3941.0,2306.0,6247.0,498492.0,0.8858396925126181,8.73985662749357,12.998123541404574,Queens
160,2020,5330.0,296679.0,1130.0,981.0,2111.0,304120.0,0.9755326844666579,7.65491704784832,12.600406025209786,Queens
160,2021,3360.0,367886.0,955.0,1004.0,1959.0,373205.0,0.9857477793705872,7.580189417944541,12.815528386549829,Queens
160,2022,3992.0,431068.0,394.0,661.0,1055.0,436115.0,0.988427364341974,6.961296045910167,12.974021129262903,Queens
160,2023,3757.0,475107.0,146.0,817.0,963.0,479827.0,0.9901631212916322,6.870053411798126,13.071295320806737,Queens
160,2024,5609.0,515100.0,131.0,2335.0,2466.0,523175.0,0.9845653939886271,7.81035268372429,13.152116335553677,Queens
160,2025,7134.0,554095.0,241.0,7909.0,8150.0,569379.0,0.9731567198649757,9.005773206234908,13.225091431172785,Queens
161,2019,371595.0,2943869.0,354.0,3432538.0,3432892.0,6748356.0,0.4362349881956435,15.048913612579986,14.895235260558263,Manhattan
161,2020,21323.0,1158366.0,291.0,938598.0,938889.0,2118578.0,0.5467658023447803,13.752452540340325,13.962520949354115,Manhattan
161,2021,14975.0,1573100.0,308.0,1079610.0,1079918.0,2667993.0,0.5896192381314344,13.892395670291958,14.268558752810597,Manhattan
161,2022,28746.0,2628166.0,10.0,1552267.0,1552277.0,4209189.0,0.6243877383505468,14.255233443181195,14.781796822497387,Manhattan
161,2023,31864.0,2910858.0,3.0,1730482.0,1730485.0,4673207.0,0.622882316148204,14.363912274004944,14.883958441050149,Manhattan
161,2024,22645.0,2804107.0,144.0,1862219.0,1862363.0,4689115.0,0.5980034612074986,14.43735666948342,14.846595686180306,Manhattan
161,2025,25070.0,2819208.0,64.0,1946063.0,1946127.0,4790405.0,0.5885114097868552,14.481351801674665,14.85196655240442,Manhattan
162,2019,267045.0,2321151.0,318.0,3030817.0,3031135.0,5619331.0,0.4130653631188481,14.92444769480393,14.657573741304967,Manhattan
162,2020,25973.0,940460.0,286.0,824457.0,824743.0,1791176.0,0.5250516978789354,13.622827101634378,13.754124396249926,Manhattan
162,2021,15257.0,1243100.0,307.0,944878.0,945185.0,2203542.0,0.5641371936636561,13.75913595451175,14.033118817779807,Manhattan
162,2022,23637.0,1783579.0,8.0,1275905.0,1275913.0,3083129.0,0.5784963911662471,14.059172558744205,14.3941325777258,Manhattan
162,2023,23357.0,1926061.0,2.0,1329137.0,1329139.0,3278557.0,0.5874721714461576,14.10004192214347,14.47098754269744,Manhattan
162,2024,16933.0,1901077.0,77.0,1381887.0,1381964.0,3299974.0,0.5760884782728591,14.139016233766414,14.457931125647631,Manhattan
162,2025,18988.0,1907070.0,76.0,1412255.0,1412331.0,3338389.0,0.5712545781812725,14.160752088826879,14.461078590778303,Manhattan
163,2019,188794.0,1887732.0,221.0,2244531.0,2244752.0,4321278.0,0.43684576646075535,14.624105605350472,14.450886666459306,Manhattan
163,2020,9389.0,800404.0,175.0,603526.0,603701.0,1413494.0,0.5662592129856936,13.310834321235026,13.592871879180477,Manhattan
163,2021,9742.0,1224079.0,193.0,789626.0,789819.0,2023640.0,0.6048897037022395,13.57955908426855,14.017699282455292,Manhattan
163,2022,18071.0,1914995.0,19.0,1101917.0,1101936.0,3035002.0,0.6309699301680856,13.912579190783463,14.465225569627417,Manhattan
163,2023,20271.0,2055397.0,0.0,1086616.0,1086616.0,3162284.0,0.6499722985032338,13.898578837820894,14.53597957460213,Manhattan
163,2024,14587.0,1982371.0,55.0,1136754.0,1136809.0,3133767.0,0.6325840434212243,13.943735772693577,14.499804161017165,Manhattan
163,2025,17050.0,1970489.0,41.0,1153229.0,1153270.0,3140809.0,0.6273826265780568,13.958111943563209,14.493792293262107,Manhattan
164,2019,242478.0,2543573.0,258.0,1948119.0,1948377.0,4734428.0,0.5372503288676056,14.482507276287265,14.749080343442499,Manhattan
164,2020,3671.0,1029642.0,170.0,489737.0,489907.0,1523220.0,0.675964076101942,13.101970856154917,13.844721726972853,Manhattan
164,2021,6269.0,1565758.0,267.0,619428.0,619695.0,2191722.0,0.7143962601096306,13.336982700497446,14.263880609747112,Manhattan
164,2022,16098.0,2345111.0,21.0,865110.0,865131.0,3226340.0,0.7268641866635258,13.670636219534073,14.66784329349706,Manhattan
164,2023,23109.0,2599138.0,0.0,865513.0,865513.0,3487760.0,0.7452169874073904,13.671077673705124,14.770690409559146,Manhattan
164,2024,14460.0,2521551.0,121.0,906418.0,906539.0,3442550.0,0.7324660498758188,13.717389330866048,14.740384746350292,Manhattan
164,2025,14957.0,2423586.0,44.0,941829.0,941873.0,3380416.0,0.7169490382248812,13.755625724936621,14.700758819505506,Manhattan
165,2019,69671.0,665818.0,14040.0,5786.0,19826.0,755315.0,0.8815103632259389,9.894749486592843,13.408771638903309,Brooklyn
165,2020,20007.0,455570.0,3513.0,2958.0,6471.0,482048.0,0.9450718600637281,8.775085935057266,13.029304661152723,Brooklyn
165,2021,16718.0,558172.0,2675.0,3131.0,5806.0,580696.0,0.9612120627660601,8.666647144584575,13.232422437593709,Brooklyn
165,2022,20978.0,625791.0,128.0,1188.0,1316.0,648085.0,0.965600191332927,7.182352111885263,13.34677172852194,Brooklyn
165,2023,18415.0,668907.0,130.0,1370.0,1500.0,688822.0,0.9710883218015685,7.313220387090301,13.413400315994185,Brooklyn
165,2024,27010.0,697533.0,49.0,4399.0,4448.0,728991.0,0.9568472038749449,8.400209835930418,13.455305103386445,Brooklyn
165,2025,47240.0,739476.0,144.0,10065.0,10209.0,796925.0,0.9279116604448349,9.231024963169016,13.513697106245283,Brooklyn
166,2019,106665.0,1217472.0,235873.0,455738.0,691611.0,2015748.0,0.6039802594371916,13.44677893781227,14.012287135727814,Manhattan
166,2020,4367.0,616092.0,55195.0,153057.0,208252.0,828711.0,0.7434340801558083,12.24650416382451,13.331151582013309,Manhattan
166,2021,3886.0,719491.0,33752.0,185401.0,219153.0,942530.0,0.763361378417663,12.297525395007193,13.486299296544738,Manhattan
166,2022,8852.0,929049.0,49245.0,211760.0,261005.0,1198906.0,0.7749139632298112,12.472294843209458,13.741916761291987,Manhattan
166,2023,9343.0,1022620.0,41014.0,166151.0,207165.0,1239128.0,0.8252739022925799,12.241270856180138,13.83787851942622,Manhattan
166,2024,7320.0,1034118.0,32787.0,191310.0,224097.0,1265535.0,0.8171389965508659,12.319834272818557,13.84905944746196,Manhattan
166,2025,11927.0,998566.0,26138.0,239040.0,265178.0,1275671.0,0.7827770639922049,12.488156577593356,13.814075528802277,Manhattan
167,2019,89629.0,798644.0,11633.0,3871.0,15504.0,903777.0,0.8836737381013237,9.648853334130548,13.59067056851224,Bronx
167,2020,12880.0,746495.0,4652.0,3591.0,8243.0,767618.0,0.9724824066137063,9.017119634313227,13.523144198015308,Bronx
167,2021,10962.0,747595.0,3491.0,3324.0,6815.0,765372.0,0.9767733860135986,8.826881344130634,13.524616666472694,Bronx
167,2022,10870.0,731257.0,657.0,998.0,1655.0,743782.0,0.9831603883933733,7.411556287811163,13.502520250131958,Bronx
167,2023,7444.0,822250.0,420.0,1602.0,2022.0,831716.0,0.9886187111946867,7.611842399580417,13.619799764051303,Bronx
167,2024,11240.0,874536.0,162.0,3853.0,4015.0,889791.0,0.9828555244995735,8.297792626380861,13.68144873897427,Bronx
167,2025,18542.0,913600.0,219.0,11579.0,11798.0,943940.0,0.9678581265758417,9.37568530456302,13.725148117883883,Bronx
168,2019,128296.0,1177212.0,22571.0,17128.0,39699.0,1345207.0,0.8751158743598569,10.589081277441158,13.978659488969418,Bronx
168,2020,17986.0,1076478.0,7870.0,10491.0,18361.0,1112825.0,0.967338081010042,9.817984128922188,13.889205158977632,Bronx
168,2021,13086.0,1121848.0,5441.0,8532.0,13973.0,1148907.0,0.9764480501903113,9.544882175080447,13.930487883516802,Bronx
168,2022,13877.0,1178427.0,1989.0,3828.0,5817.0,1198121.0,0.9835625950968224,8.668539943910762,13.979691056291697,Bronx
168,2023,9889.0,1320566.0,1085.0,3602.0,4687.0,1335142.0,0.9890828091693618,8.452547997922705,14.093570990538089,Bronx
168,2024,12904.0,1454612.0,562.0,10711.0,11273.0,1478789.0,0.9836508115762289,9.330165765044532,14.190249756359185,Bronx
168,2025,23115.0,1589514.0,675.0,29181.0,29856.0,1642485.0,0.967749477164175,10.304141103647071,14.278938867095402,Bronx
169,2019,128906.0,1044230.0,11907.0,3909.0,15816.0,1188952.0,0.8782776764747442,9.668777364850452,13.858790329674214,Bronx
169,2020,32561.0,957612.0,5053.0,3906.0,8959.0,999132.0,0.958443929330659,9.100413892597578,13.772197964475705,Bronx
169,2021,29109.0,932388.0,3806.0,3448.0,7254.0,968751.0,0.9624640387467988,8.889308319842847,13.74550431604805,Bronx
169,2022,18924.0,931285.0,851.0,988.0,1839.0,952048.0,0.9781912256524881,7.516977224604321,13.744320631862267,Bronx
169,2023,10070.0,1040221.0,450.0,1468.0,1918.0,1052209.0,0.9886068262103822,7.559038255443384,13.85494374854263,Bronx
169,2024,10717.0,1107023.0,186.0,3375.0,3561.0,1121301.0,0.9872665769494543,8.177796683277778,13.917184988349373,Bronx
169,2025,17988.0,1148216.0,248.0,11151.0,11399.0,1177603.0,0.9750450703675178,9.341280911236778,13.95371999147314,Bronx
170,2019,261526.0,2579666.0,866.0,2590163.0,2591029.0,5432221.0,0.4748823731582349,14.767565652071344,14.763170491153131,Manhattan
170,2020,13338.0,1225309.0,886.0,745770.0,746656.0,1985303.0,0.6171899201280611,13.523359849346786,14.018703615050528,Manhattan
170,2021,14524.0,1588052.0,866.0,955942.0,956808.0,2559384.0,0.6204821160091647,13.771358023347563,14.278018665845032,Manhattan
170,2022,29814.0,2112571.0,19.0,1196912.0,1196931.0,3339316.0,0.6326358451850619,13.99527133876835,14.563416247116136,Manhattan
170,2023,30938.0,2215748.0,3.0,1106496.0,1106499.0,3353185.0,0.6607890706895087,13.916711534722268,14.61110060197133,Manhattan
170,2024,22964.0,2188730.0,68.0,1140492.0,1140560.0,3352254.0,0.6529129355949758,13.947029927827842,14.598832024904814,Manhattan
170,2025,28948.0,2109289.0,143.0,1185706.0,1185849.0,3324086.0,0.6345470604551146,13.98596953171571,14.561861481841527,Manhattan
171,2019,67627.0,431369.0,4446.0,2309.0,6755.0,505751.0,0.8529276264406793,8.818038250394299,12.974719151291692,Queens
171,2020,27614.0,254663.0,1488.0,1566.0,3054.0,285331.0,0.8925178126456642,8.024207485778577,12.447696381471138,Queens
171,2021,34713.0,315911.0,698.0,1456.0,2154.0,352778.0,0.8954951839400416,7.675081857716334,12.663215807329866,Queens
171,2022,22945.0,380335.0,236.0,354.0,590.0,403870.0,0.9417262980662094,6.380122536899765,12.848807722287448,Queens
171,2023,20121.0,436465.0,144.0,540.0,684.0,457270.0,0.95450171671004,6.52795791762255,12.986463467770884,Queens
171,2024,17272.0,456215.0,108.0,1170.0,1278.0,474765.0,0.9609280380819984,7.15305163493748,13.03071946860753,Queens
171,2025,11322.0,497860.0,172.0,3396.0,3568.0,512750.0,0.970960507069722,8.1797604936999,13.1180741919859,Queens
172,2019,12070.0,105185.0,51.0,60.0,111.0,117366.0,0.8962135541809383,4.709530201312334,11.56347598356813,Staten Island
172,2020,4139.0,73005.0,8.0,34.0,42.0,77186.0,0.9458321457259088,3.7376696182833684,11.198283210935664,Staten Island
172,2021,4470.0,97978.0,10.0,57.0,67.0,102515.0,0.9557430619909282,4.204692619390966,11.492498242655184,Staten Island
172,2022,9118.0,115159.0,1.0,26.0,27.0,124304.0,0.9264303642682455,3.295836866004329,11.654069061117726,Staten Island
172,2023,16568.0,128693.0,2.0,19.0,21.0,145282.0,0.885815173249267,3.044522437723423,11.765185002050636,Staten Island
172,2024,17094.0,143798.0,1.0,70.0,71.0,160963.0,0.8933605859731739,4.2626798770413155,11.876164815966522,Staten Island
172,2025,15770.0,160962.0,1.0,177.0,178.0,176910.0,0.9098524673562829,5.181783550292085,11.988923591263632,Staten Island
173,2019,117892.0,484353.0,16214.0,3407.0,19621.0,621866.0,0.7788703675711488,9.884355700220102,13.09056925870342,Queens
173,2020,42267.0,352651.0,3628.0,1434.0,5062.0,399980.0,0.881671583579179,8.529516941105069,12.773234178305069,Queens
173,2021,35260.0,411135.0,1943.0,1279.0,3222.0,449617.0,0.914411599205546,8.07775756373692,12.92667690669813,Queens
173,2022,25084.0,463955.0,1195.0,519.0,1714.0,490753.0,0.9453941188337106,7.446585099157725,13.04754284374664,Queens
173,2023,28159.0,538756.0,814.0,634.0,1448.0,568363.0,0.9479082910041646,7.277938572945661,13.19701805722903,Queens
173,2024,29418.0,563363.0,405.0,1805.0,2210.0,594991.0,0.9468428934219173,7.700747794511798,13.241679459566408,Queens
173,2025,22742.0,627239.0,311.0,7278.0,7589.0,657570.0,0.9538741122618124,8.934455109403913,13.349082927207618,Queens
174,2019,85828.0,833666.0,17337.0,3194.0,20531.0,940025.0,0.8868551368314672,9.929691218032765,13.633588121511199,Bronx
174,2020,16007.0,714041.0,6441.0,4501.0,10942.0,740990.0,0.9636310881388412,9.300363874623772,13.478695662642274,Bronx
174,2021,14644.0,786979.0,4068.0,3719.0,7787.0,809410.0,0.9722872215564423,8.960210955576986,13.575956843434886,Bronx
174,2022,13506.0,846844.0,392.0,854.0,1246.0,861596.0,0.9828782863430192,7.1276936993473985,13.649271777214166,Bronx
174,2023,7996.0,935377.0,257.0,1330.0,1587.0,944960.0,0.9898588300033864,7.369600720526409,13.748704935560248,Bronx
174,2024,10213.0,994756.0,112.0,2089.0,2201.0,1007170.0,0.9876743747331632,7.696667081526462,13.810252759937232,Bronx
174,2025,18545.0,1063607.0,202.0,7286.0,7488.0,1089640.0,0.97610862303146,8.921057018157429,13.87717651975093,Bronx
175,2019,19378.0,182998.0,2384.0,1382.0,3766.0,206142.0,0.887727876900389,8.233768709217097,12.117230502802087,Queens
175,2020,2883.0,89394.0,503.0,396.0,899.0,93176.0,0.9594101485361037,6.80128303447162,11.400808844815394,Queens
175,2021,3275.0,110389.0,273.0,555.0,828.0,114492.0,0.9641634349998253,6.71901315438526,11.61176577017981,Queens
175,2022,4270.0,148050.0,36.0,195.0,231.0,152551.0,0.9704951131097141,5.442417710521793,11.905305333529737,Queens
175,2023,3539.0,170800.0,31.0,450.0,481.0,174820.0,0.9770049193456126,6.175867270105761,12.048248560336607,Queens
175,2024,3705.0,185711.0,16.0,892.0,908.0,190324.0,0.9757623841449318,6.811244378601294,12.131946980912248,Queens
175,2025,4348.0,197291.0,46.0,2085.0,2131.0,203770.0,0.9682043480394562,7.664346632098617,12.192435075156792,Queens
176,2019,7329.0,60580.0,24.0,26.0,50.0,67959.0,0.8914198266601921,3.912023005428146,11.011720084581228,Staten Island
176,2020,2522.0,44556.0,3.0,24.0,27.0,47105.0,0.94588684852988,3.295836866004329,10.70450210396508,Staten Island
176,2021,3002.0,57483.0,5.0,13.0,18.0,60503.0,0.9500851197461283,2.8903717578961645,10.95924453089781,Staten Island
176,2022,6055.0,65837.0,2.0,13.0,15.0,71907.0,0.9155854089309803,2.70805020110221,11.09493726930676,Staten Island
176,2023,11982.0,71622.0,2.0,6.0,8.0,83612.0,0.856599531167775,2.0794415416798357,11.179157568323093,Staten Island
176,2024,12436.0,79705.0,0.0,31.0,31.0,92172.0,0.86474200407933,3.4339872044851463,11.286087598067747,Staten Island
176,2025,12781.0,87263.0,1.0,76.0,77.0,100121.0,0.871575393773534,4.343805421853684,11.376681826100373,Staten Island
177,2019,88415.0,959161.0,15013.0,6020.0,21033.0,1068609.0,0.8975790022356166,9.953847911875078,13.773814222986445,Brooklyn
177,2020,8986.0,842157.0,5114.0,4845.0,9959.0,861102.0,0.9779991220552269,9.20623194393164,13.64372173665041,Brooklyn
177,2021,6865.0,899055.0,3143.0,3970.0,7113.0,913033.0,0.9846905862110131,8.869679374733515,13.709099490670269,Brooklyn
177,2022,14837.0,898789.0,365.0,1582.0,1947.0,915573.0,0.9816683104460266,7.5740450053721995,13.708803580678143,Brooklyn
177,2023,9871.0,976699.0,231.0,2400.0,2631.0,989201.0,0.9873615170223241,7.875119281040293,13.791933797579203,Brooklyn
177,2024,13202.0,1012672.0,101.0,8247.0,8348.0,1034222.0,0.9791630810406277,9.029777268197092,13.828102940078654,Brooklyn
177,2025,21278.0,1030127.0,323.0,26980.0,27303.0,1078708.0,0.9549637158526681,10.214751865245466,13.845192653575753,Brooklyn
178,2019,22581.0,246494.0,3499.0,1462.0,4961.0,274036.0,0.899494956866981,8.509362612301048,12.415092931397849,Brooklyn
178,2020,3566.0,159545.0,705.0,482.0,1187.0,164298.0,0.9710708590488015,7.079184394609668,11.980081293076825,Brooklyn
178,2021,2193.0,190423.0,398.0,525.0,923.0,193539.0,0.9838998858111285,6.827629234502852,12.1570031923632,Brooklyn
178,2022,3138.0,213765.0,50.0,186.0,236.0,217139.0,0.9844615660936082,5.4638318050256105,12.272632559775422,Brooklyn
178,2023,2563.0,233844.0,71.0,262.0,333.0,236740.0,0.9877671707358283,5.808142489980444,12.362409505352135,Brooklyn
178,2024,2946.0,233668.0,38.0,1055.0,1093.0,237707.0,0.9830084936497453,6.996681488176539,12.361656583466432,Brooklyn
178,2025,6086.0,242576.0,31.0,2582.0,2613.0,251275.0,0.9653805591483434,7.868254265520613,12.399070342321362,Brooklyn
179,2019,110666.0,751537.0,37128.0,42515.0,79643.0,941846.0,0.7979404276282959,11.285309426981462,13.529875721826777,Queens
179,2020,41032.0,487639.0,8161.0,11928.0,20089.0,548760.0,0.8886197973613237,9.90792768056215,13.097330656983846,Queens
179,2021,41413.0,595685.0,3846.0,8527.0,12373.0,649471.0,0.9171849089489754,9.423271958213975,13.297467282839783,Queens
179,2022,38664.0,707754.0,3472.0,7142.0,10614.0,757032.0,0.9349063183590655,9.26992916338784,13.46985185467135,Queens
179,2023,37439.0,781029.0,2704.0,5887.0,8591.0,827059.0,0.9443449620885571,9.058470422638056,13.568367560014654,Queens
179,2024,32877.0,831475.0,1295.0,9429.0,10724.0,875076.0,0.9501746134050071,9.28023949935585,13.630956511017605,Queens
179,2025,31771.0,874098.0,1172.0,29039.0,30211.0,936080.0,0.9337855738825741,10.315961375454851,13.680947776498234,Queens
180,2019,26554.0,330709.0,1916.0,1800.0,3716.0,360979.0,0.9161447064787702,8.22040309993373,12.70899411359805,Queens
180,2020,1560.0,235165.0,449.0,777.0,1226.0,237951.0,0.988291707116171,7.111512116496157,12.368042674409564,Queens
180,2021,1255.0,290597.0,323.0,681.0,1004.0,292856.0,0.992286311361215,6.911747300251674,12.579692706596347,Queens
180,2022,2635.0,325552.0,72.0,413.0,485.0,328672.0,0.990507253431993,6.184148890937483,12.693277482095684,Queens
180,2023,2285.0,370634.0,96.0,623.0,719.0,373638.0,0.9919601325346994,6.577861357721047,12.82297033174452,Queens
180,2024,2947.0,397812.0,50.0,1846.0,1896.0,402655.0,0.9879723336354944,7.547501682814967,12.893734810859545,Queens
180,2025,4422.0,423109.0,47.0,5958.0,6005.0,433536.0,0.9759489408030706,8.700347734514084,12.955385108048928,Queens
181,2019,235139.0,2399779.0,115149.0,66795.0,181944.0,2816862.0,0.851933463549155,12.11145422640425,14.690887207744911,Brooklyn
181,2020,24612.0,1281108.0,22183.0,17188.0,39371.0,1345091.0,0.9524322146233972,10.580784783666008,14.063235886458546,Brooklyn
181,2021,18388.0,1580345.0,9548.0,14370.0,23918.0,1622651.0,0.9739278501661787,10.082386592528753,14.27315373559767,Brooklyn
181,2022,21727.0,1983503.0,4915.0,13285.0,18200.0,2023430.0,0.9802676643125782,9.809176873064887,14.500375031413322,Brooklyn
181,2023,19839.0,2186554.0,3065.0,11909.0,14974.0,2221367.0,0.9843281186764726,9.614070642790631,14.597837346534492,Brooklyn
181,2024,18731.0,2304790.0,2407.0,19809.0,22216.0,2345737.0,0.9825440788971653,10.008568028986636,14.650500123971783,Brooklyn
181,2025,24335.0,2352871.0,2286.0,45721.0,48007.0,2425213.0,0.9701708674660741,10.779102112590714,14.67114684257722,Brooklyn
182,2019,47614.0,515139.0,16333.0,4576.0,20909.0,583662.0,0.8825981475580045,9.947934967271424,13.152192046141256,Bronx
182,2020,5827.0,437938.0,4698.0,3359.0,8057.0,451822.0,0.9692710846306731,8.994296557777195,12.989832626827665,Bronx
182,2021,4914.0,482466.0,3378.0,2885.0,6263.0,493643.0,0.977358131281108,8.742414582525413,13.086665730957066,Bronx
182,2022,7113.0,518337.0,272.0,849.0,1121.0,526571.0,0.9843629823898392,7.02197642307216,13.158380888857325,Bronx
182,2023,3916.0,575739.0,154.0,1495.0,1649.0,581304.0,0.9904266958424508,7.407924322559599,13.263409711985872,Bronx
182,2024,7722.0,613553.0,77.0,3883.0,3960.0,625235.0,0.9813158252497061,8.283999304248526,13.327021928969792,Bronx
182,2025,18384.0,650752.0,128.0,11659.0,11787.0,680923.0,0.9556910252701113,9.37475250822657,13.385883896228961,Bronx
183,2019,20901.0,244537.0,4173.0,1228.0,5401.0,270839.0,0.9028869549806342,8.594339400592892,12.407121905691303,Bronx
183,2020,3125.0,197066.0,1217.0,1432.0,2649.0,202840.0,0.971534214158943,7.88193748927207,12.191293976992364,Bronx
183,2021,2859.0,238293.0,999.0,1312.0,2311.0,243463.0,0.9787647404328379,7.745435610274381,12.381256287917662,Bronx
183,2022,2730.0,260464.0,59.0,259.0,318.0,263512.0,0.988433164334072,5.762051382780177,12.470219934848291,Bronx
183,2023,1778.0,296384.0,52.0,360.0,412.0,298574.0,0.9926651349414216,6.021023349349527,12.599411189840424,Bronx
183,2024,2404.0,305297.0,15.0,834.0,849.0,308550.0,0.9894571382271917,6.744059186311348,12.629040352274428,Bronx
183,2025,4741.0,324230.0,38.0,2581.0,2619.0,331590.0,0.9778039144726922,7.870547844507712,12.6892084194745,Bronx
184,2019,5684.0,43426.0,472.0,202.0,674.0,49784.0,0.8722882853928973,6.513230110912307,10.678813619053717,Bronx
184,2020,1438.0,37368.0,162.0,142.0,304.0,39110.0,0.9554589619023268,5.717027701406222,10.528570002181944,Bronx
184,2021,387.0,37435.0,171.0,150.0,321.0,38143.0,0.9814382717667725,5.771441123130016,10.530361374664786,Bronx
184,2022,383.0,42169.0,19.0,56.0,75.0,42627.0,0.989255636099186,4.31748811353631,10.649440632919003,Bronx
184,2023,202.0,51371.0,13.0,60.0,73.0,51646.0,0.994675289470627,4.290459441148391,10.846829089886597,Bronx
184,2024,733.0,57931.0,8.0,159.0,167.0,58831.0,0.9847019428532576,5.117993812416755,10.967007926154695,Bronx
184,2025,466.0,63819.0,4.0,535.0,539.0,64824.0,0.984496482784154,6.289715570908998,11.063806230640216,Bronx
185,2019,64972.0,616964.0,9637.0,2396.0,12033.0,693969.0,0.8890368301754112,9.395408154438163,13.332565954345736,Bronx
185,2020,17313.0,514796.0,4760.0,3514.0,8274.0,540383.0,0.9526502499153379,9.020873347021357,13.151525984666153,Bronx
185,2021,14809.0,599307.0,3273.0,2333.0,5606.0,619722.0,0.9670578097921326,8.631592731724734,13.303529266671738,Bronx
185,2022,11111.0,639169.0,368.0,640.0,1008.0,651288.0,0.9813922565746643,6.915723448631314,13.367924174135476,Bronx
185,2023,5513.0,695215.0,143.0,937.0,1080.0,701808.0,0.9906056927250758,6.984716320118266,13.45197642922529,Bronx
185,2024,8945.0,745011.0,58.0,1639.0,1697.0,755653.0,0.9859168163164839,7.436617265234227,13.521154262353365,Bronx
185,2025,12858.0,786424.0,160.0,5001.0,5161.0,804443.0,0.9776006503879081,8.548885638148727,13.575251366169343,Bronx
186,2019,151134.0,1946308.0,300.0,3010803.0,3011103.0,5108545.0,0.38099067346964743,14.917817014783145,14.481444802585472,Manhattan
186,2020,4554.0,797384.0,175.0,854244.0,854419.0,1656357.0,0.48140829543389496,13.658176984768525,13.589091648516144,Manhattan
186,2021,5414.0,1139876.0,298.0,1007909.0,1008207.0,2153497.0,0.5293139484289971,13.823684063673417,13.946430042524758,Manhattan
186,2022,12247.0,1645941.0,21.0,1277713.0,1277734.0,2935922.0,0.5606215015249043,14.060598754540777,14.313822815105278,Manhattan
186,2023,13403.0,1600251.0,1.0,1280750.0,1280751.0,2894405.0,0.5528773616684604,14.062957182593648,14.285671049906414,Manhattan
186,2024,8963.0,1531556.0,445.0,1324642.0,1325087.0,2865606.0,0.5344614716747522,14.096988675624269,14.241794770045168,Manhattan
186,2025,11041.0,1498656.0,61.0,1444064.0,1444125.0,2953822.0,0.5073616487384819,14.18301415978532,14.220079264424502,Manhattan
187,2019,24657.0,108132.0,84.0,65.0,149.0,132938.0,0.8134017361476779,5.003946305945459,11.591107982023038,Staten Island
187,2020,12941.0,87425.0,23.0,39.0,62.0,100428.0,0.8705241566097104,4.127134385045092,11.378536561931577,Staten Island
187,2021,5855.0,117358.0,23.0,74.0,97.0,123310.0,0.9517314086448787,4.574710978503383,11.672984371090195,Staten Island
187,2022,11017.0,129035.0,3.0,17.0,20.0,140072.0,0.9212048089553944,2.995732273553991,11.76783896437324,Staten Island
187,2023,21195.0,151813.0,2.0,10.0,12.0,173020.0,0.8774303548722691,2.4849066497880004,11.93040477927554,Staten Island
187,2024,23548.0,171040.0,0.0,24.0,24.0,194612.0,0.8788769448954844,3.1780538303479458,12.049652726258872,Staten Island
187,2025,22673.0,187767.0,2.0,48.0,50.0,210490.0,0.8920471281296024,3.912023005428146,12.142957111466094,Staten Island
188,2019,162078.0,1667888.0,33948.0,15223.0,49171.0,1879137.0,0.8875819059493799,10.80305929780341,14.327068713363444,Brooklyn
188,2020,18438.0,1306772.0,13145.0,11951.0,25096.0,1350306.0,0.9677599003485136,10.130463749870515,14.08307053209444,Brooklyn
188,2021,18792.0,1503578.0,8560.0,8888.0,17448.0,1539818.0,0.9764647510290178,9.766980307881465,14.223358159014174,Brooklyn
188,2022,31691.0,1564963.0,1265.0,3646.0,4911.0,1601565.0,0.9771461039670573,8.499232866039245,14.263372739504387,Brooklyn
188,2023,26157.0,1703979.0,842.0,4693.0,5535.0,1735671.0,0.981740779214494,8.618846845142738,14.348476662351796,Brooklyn
188,2024,25621.0,1797601.0,341.0,15377.0,15718.0,1838940.0,0.9775202018554167,9.662561831426121,14.401963556150386,Brooklyn
188,2025,38124.0,1850285.0,606.0,43485.0,44091.0,1932500.0,0.9574566623544631,10.694010958974793,14.430850239243455,Brooklyn
189,2019,84784.0,926941.0,14869.0,15328.0,30197.0,1041922.0,0.8896452901464793,10.315497860680296,13.739645196352047,Brooklyn
189,2020,2603.0,489702.0,3488.0,4460.0,7948.0,500253.0,0.9789086722118608,8.980675603671708,13.10155232181521,Brooklyn
189,2021,2862.0,598752.0,2523.0,4677.0,7200.0,608814.0,0.9834727847914141,8.881836305004146,13.302602767993958,Brooklyn
189,2022,5863.0,728120.0,1353.0,4347.0,5700.0,739683.0,0.9843676277540514,8.648221453822641,13.498221148759836,Brooklyn
189,2023,7428.0,812502.0,599.0,3928.0,4527.0,824457.0,0.9854995469745541,8.417814747435958,13.60787365472146,Brooklyn
189,2024,6720.0,875436.0,375.0,7168.0,7543.0,889699.0,0.9839687354936895,8.928375259853631,13.682477326950934,Brooklyn
189,2025,8149.0,892871.0,341.0,17944.0,18285.0,919305.0,0.9712456692827734,9.81383633058348,13.702197392536837,Brooklyn
190,2019,14266.0,178010.0,5047.0,3413.0,8460.0,200736.0,0.8867866252191934,9.04310445260027,12.089595007471479,Brooklyn
190,2020,529.0,87037.0,828.0,838.0,1666.0,89232.0,0.9754012013627398,7.418180822726788,11.374088594584007,Brooklyn
190,2021,551.0,115404.0,566.0,1000.0,1566.0,117521.0,0.9819861982113834,7.356279876550748,11.656194294500482,Brooklyn
190,2022,1530.0,125139.0,355.0,842.0,1197.0,127866.0,0.9786729857819905,7.087573705557973,11.737180398470402,Brooklyn
190,2023,1461.0,151341.0,216.0,725.0,941.0,153743.0,0.9843765244596502,6.846943139585379,11.927290847865113,Brooklyn
190,2024,1131.0,145241.0,119.0,1300.0,1419.0,147791.0,0.9827459046897308,7.257707677160043,11.886149710660174,Brooklyn
190,2025,1487.0,146124.0,123.0,3529.0,3652.0,151263.0,0.9660260605700006,8.20303024171486,11.892210855295009,Brooklyn
191,2019,42557.0,487402.0,8805.0,4264.0,13069.0,543028.0,0.8975632932371811,9.477998292597036,13.09684452357065,Queens
191,2020,3661.0,390620.0,2858.0,2559.0,5417.0,399698.0,0.977287852328508,8.597297435657898,12.875490499390882,Queens
191,2021,3700.0,495768.0,2118.0,2440.0,4558.0,504026.0,0.9836159245753195,8.42463920980563,13.113863354346199,Queens
191,2022,8608.0,557895.0,382.0,1160.0,1542.0,568045.0,0.9821316973127129,7.340835554123275,13.231926051613858,Queens
191,2023,6233.0,637609.0,380.0,2036.0,2416.0,646258.0,0.9866168001015074,7.789868559054706,13.365480521791394,Queens
191,2024,15284.0,679939.0,188.0,4178.0,4366.0,699589.0,0.971912079806858,8.38160253710989,13.429758367246123,Queens
191,2025,21600.0,743993.0,378.0,10330.0,10708.0,776301.0,0.9583821223983996,9.278746404640243,13.519786905168818,Queens
192,2019,43675.0,287486.0,5334.0,1458.0,6792.0,337953.0,0.8506685840930543,8.823500727991183,12.568929442381696,Queens
192,2020,12511.0,180047.0,1109.0,934.0,2043.0,194601.0,0.9252110729132944,7.622174594817622,12.100973206899885,Queens
192,2021,13642.0,209503.0,1219.0,949.0,2168.0,225313.0,0.9298309462836144,7.681560362559537,12.252493338050872,Queens
192,2022,10893.0,248037.0,647.0,327.0,974.0,259904.0,0.9543408335385373,6.881411303642535,12.421333207567256,Queens
192,2023,10433.0,285017.0,138.0,541.0,679.0,296129.0,0.9624758129058619,6.520621127558696,12.560304106594657,Queens
192,2024,10582.0,304641.0,84.0,1020.0,1104.0,316327.0,0.963057216108647,7.00669522683704,12.626889313142776,Queens
192,2025,9024.0,327242.0,83.0,2835.0,2918.0,339184.0,0.9647919713194019,7.978653729082731,12.698455237331242,Queens
193,2019,43472.0,281363.0,15207.0,32335.0,47542.0,372377.0,0.7555864083979408,10.769368809865203,12.547400929587466,Queens
193,2020,18247.0,214895.0,4054.0,11455.0,15509.0,248651.0,0.864243457697737,9.649175779559453,12.277904815724286,Queens
193,2021,8645.0,243908.0,2650.0,8698.0,11348.0,263901.0,0.9242405295925366,9.336796795928741,12.404546383994097,Queens
193,2022,9687.0,303525.0,2987.0,7160.0,10147.0,323359.0,0.938662601010023,9.224933374279082,12.623219258412176,Queens
193,2023,9272.0,324698.0,3221.0,6304.0,9525.0,343495.0,0.9452772238314968,9.161675199994901,12.690650798540092,Queens
193,2024,10273.0,347576.0,3086.0,7182.0,10268.0,368117.0,0.9441998060399275,9.236787541991031,12.758738625110496,Queens
193,2025,10580.0,413885.0,2569.0,20483.0,23052.0,447517.0,0.9248475476909257,10.045507812556558,12.93334343644228,Queens
194,2019,2640.0,43899.0,572.0,6202.0,6774.0,53313.0,0.8234201789432221,8.820847033377717,10.689646819760537,Manhattan
194,2020,677.0,17275.0,173.0,1427.0,1600.0,19552.0,0.883541325695581,7.3777589082278725,9.757015648635871,Manhattan
194,2021,411.0,23924.0,148.0,1493.0,1641.0,25976.0,0.9210040036957191,7.403061091090091,10.082637418164447,Manhattan
194,2022,865.0,28378.0,82.0,1790.0,1872.0,31115.0,0.9120359955005625,7.534762657037537,10.253369476067258,Manhattan
194,2023,1007.0,38118.0,70.0,1405.0,1475.0,40600.0,0.9388669950738916,7.29641326877392,10.548441890494589,Manhattan
194,2024,1121.0,41101.0,38.0,1772.0,1810.0,44032.0,0.9334347747093024,7.501082124259871,10.623787731088578,Manhattan
194,2025,796.0,51802.0,39.0,2077.0,2116.0,54714.0,0.9467777899623496,7.65728279297819,10.855184037540836,Manhattan
195,2019,40540.0,462453.0,8937.0,6337.0,15274.0,518267.0,0.892306475233808,9.63390731544833,13.044300209149169,Brooklyn
195,2020,3605.0,272957.0,1749.0,2365.0,4114.0,280676.0,0.9724985392409754,8.322151070212902,12.517069552603717,Brooklyn
195,2021,2741.0,347106.0,1175.0,2055.0,3230.0,353077.0,0.9830886747083497,8.080237416216702,12.757385487785177,Brooklyn
195,2022,5033.0,380409.0,844.0,2237.0,3081.0,388523.0,0.9791157795034013,8.033009498596668,12.84900226867949,Brooklyn
195,2023,5288.0,427728.0,2157.0,4104.0,6261.0,439277.0,0.9737090719523217,8.74209519574531,12.966242758520611,Brooklyn
195,2024,5354.0,448769.0,1908.0,8178.0,10086.0,464209.0,0.9667391196637721,9.21890360263667,13.01426355772119,Brooklyn
195,2025,6641.0,492091.0,2739.0,16233.0,18972.0,517704.0,0.9505257830729529,9.850719486997471,13.106418937721166,Brooklyn
196,2019,57382.0,508785.0,51068.0,9075.0,60143.0,626310.0,0.812353307467548,11.004480338903296,13.139780809441397,Queens
196,2020,10661.0,357850.0,12135.0,3907.0,16042.0,384553.0,0.9305609369839788,9.68296556192687,12.787869183166743,Queens
196,2021,10469.0,451400.0,7425.0,3291.0,10716.0,472585.0,0.9551720854449464,9.2794932306645,13.020109143365572,Queens
196,2022,13491.0,511547.0,5816.0,1870.0,7686.0,532724.0,0.9602477080063974,8.94715577112479,13.145194746760518,Queens
196,2023,13442.0,556473.0,4649.0,2248.0,6897.0,576812.0,0.9647389444047627,8.83884181343129,13.229373931000508,Queens
196,2024,18365.0,594663.0,2586.0,4165.0,6751.0,619779.0,0.9594758776918869,8.81744592104187,13.29575013751569,Queens
196,2025,19287.0,651661.0,1721.0,11485.0,13206.0,684154.0,0.9525063070595217,9.488426550754516,13.387279767043513,Queens
197,2019,70167.0,832559.0,15885.0,8069.0,23954.0,926680.0,0.8984320369491087,10.083890603507452,13.632259369196385,Queens
197,2020,9461.0,598953.0,8185.0,4674.0,12859.0,621273.0,0.964073764673501,9.461799234270439,13.302938409912272,Queens
197,2021,8979.0,755354.0,6333.0,5204.0,11537.0,775870.0,0.9735574258574246,9.35331454092729,13.5349417925162,Queens
197,2022,12497.0,871220.0,645.0,3207.0,3852.0,887569.0,0.9815800236375989,8.256347772918016,13.677649807178522,Queens
197,2023,9351.0,975808.0,449.0,4034.0,4483.0,989642.0,0.9860212076690359,8.40804774415544,13.791021124731579,Queens
197,2024,15073.0,1033340.0,327.0,9459.0,9786.0,1058199.0,0.9765081993084477,9.188708071849069,13.848306832379357,Queens
197,2025,20103.0,1082032.0,480.0,30214.0,30694.0,1132829.0,0.9551591634748051,10.33182247473504,13.894351312812605,Queens
198,2019,197042.0,1311600.0,5434.0,3621.0,9055.0,1517697.0,0.8642041197946626,9.111072370317514,14.08675832395263,Queens
198,2020,18614.0,910429.0,1540.0,2190.0,3730.0,932773.0,0.9760456188161536,8.224163512637862,13.721671195976924,Queens
198,2021,3552.0,1074459.0,1178.0,2301.0,3479.0,1081490.0,0.9934987840849199,8.154500175151941,13.887327837054238,Queens
198,2022,7774.0,1251209.0,405.0,1183.0,1588.0,1260571.0,0.9925732069038554,7.370230641807081,14.039620841841943,Queens
198,2023,10458.0,1374792.0,266.0,1345.0,1611.0,1386861.0,0.9912976138199863,7.384610383176974,14.133813004912662,Queens
198,2024,11085.0,1465761.0,158.0,4313.0,4471.0,1481317.0,0.9894985340747456,8.405367376233981,14.197885119488733,Queens
198,2025,10670.0,1564291.0,224.0,19814.0,20038.0,1594999.0,0.9807473233525539,9.905385749819208,14.262943244161196,Queens
199,2019,16.0,11.0,1.0,13.0,14.0,41.0,0.2682926829268293,2.6390573296152584,2.3978952727983707,Bronx
199,2020,1.0,7.0,0.0,10.0,10.0,18.0,0.3888888888888889,2.302585092994046,1.9459101490553132,Bronx
199,2021,4.0,47.0,0.0,14.0,14.0,65.0,0.7230769230769231,2.6390573296152584,3.8501476017100584,Bronx
199,2022,0.0,106.0,0.0,12.0,12.0,118.0,0.8983050847457628,2.4849066497880004,4.663439094112067,Bronx
199,2023,0.0,157.0,0.0,20.0,20.0,177.0,0.8870056497175142,2.995732273553991,5.056245805348308,Bronx
199,2024,0.0,63.0,1.0,16.0,17.0,80.0,0.7875,2.833213344056216,4.143134726391533,Bronx
199,2025,2.0,76.0,0.0,15.0,15.0,93.0,0.8172043010752689,2.70805020110221,4.330733340286331,Bronx
200,2019,36944.0,389831.0,5803.0,2484.0,8287.0,435062.0,0.8960355075828272,9.022443300849043,12.873468590856474,Bronx
200,2020,2581.0,229910.0,1718.0,1239.0,2957.0,235448.0,0.9764788828106419,7.9919305198524775,12.345443206977983,Bronx
200,2021,1884.0,295799.0,1074.0,1450.0,2524.0,300207.0,0.9853167980759943,7.8336002236611035,12.597435448590511,Bronx
200,2022,3508.0,379533.0,97.0,585.0,682.0,383723.0,0.9890806649588375,6.525029657843462,12.846696828559061,Bronx
200,2023,2623.0,439935.0,65.0,736.0,801.0,443359.0,0.9922771388423377,6.68586094706836,12.994382267708968,Bronx
200,2024,3545.0,475233.0,38.0,1593.0,1631.0,480409.0,0.9892258471427471,7.396948602621014,13.071560489063863,Bronx
200,2025,6646.0,515082.0,66.0,4253.0,4319.0,526047.0,0.9791558548950949,8.3707791729607,13.15208139027216,Bronx
201,2019,9383.0,112476.0,1212.0,435.0,1647.0,123506.0,0.9106925979304649,7.4067107301776405,11.630495144534486,Queens
201,2020,3406.0,80696.0,727.0,536.0,1263.0,85365.0,0.9453054530545305,7.141245122350491,11.298444286734671,Queens
201,2021,6424.0,109694.0,592.0,763.0,1355.0,117473.0,0.9337805282916074,7.2115567333138015,11.60544995014582,Queens
201,2022,7168.0,130194.0,9.0,295.0,304.0,137666.0,0.945723708105124,5.717027701406222,11.776780924745445,Queens
201,2023,3422.0,148701.0,12.0,459.0,471.0,152594.0,0.9744878566653997,6.154858094016418,11.909692857375196,Queens
201,2024,4245.0,164457.0,3.0,1217.0,1220.0,169922.0,0.9678381845788068,7.106606137727303,12.010404416840814,Queens
201,2025,6616.0,175429.0,3.0,2651.0,2654.0,184699.0,0.9498102317825219,7.8838232148921525,12.07498968162767,Queens
202,2019,15106.0,116343.0,948.0,3566.0,4514.0,135963.0,0.8556960349506851,8.414938957377482,11.664298003620168,Manhattan
202,2020,2425.0,81845.0,312.0,1333.0,1645.0,85915.0,0.9526275970435896,7.405495663199472,11.312582493578455,Manhattan
202,2021,1725.0,105189.0,531.0,1489.0,2020.0,108934.0,0.9656213854260378,7.61085279039525,11.56351401108104,Manhattan
202,2022,3176.0,146618.0,112.0,1256.0,1368.0,151162.0,0.9699395350683373,7.221105098182496,11.895585843980681,Manhattan
202,2023,2913.0,165009.0,113.0,1410.0,1523.0,169445.0,0.9738204137035616,7.328437352895162,12.013755296849714,Manhattan
202,2024,2504.0,166059.0,100.0,1976.0,2076.0,170639.0,0.9731597114375963,7.638198244285779,12.020098425878102,Manhattan
202,2025,3890.0,163964.0,61.0,5101.0,5162.0,173016.0,0.947681139316595,8.54907938027856,12.007402170514885,Manhattan
203,2019,29675.0,315061.0,4364.0,3422.0,7786.0,352522.0,0.8937342917605142,8.960082528170402,12.660521549853526,Queens
203,2020,2706.0,254933.0,1418.0,2213.0,3631.0,261270.0,0.9757453974815326,8.197263371414335,12.448756044518984,Queens
203,2021,2174.0,324048.0,724.0,1516.0,2240.0,328462.0,0.9865616113888365,7.7142311448490855,12.688646931949762,Queens
203,2022,4637.0,364786.0,46.0,902.0,948.0,370371.0,0.9849205256351065,6.854354502255021,12.807066159252908,Queens
203,2023,2821.0,419204.0,31.0,1458.0,1489.0,423514.0,0.9898232407901509,7.305860032684009,12.946112953928179,Queens
203,2024,6543.0,455845.0,37.0,2352.0,2389.0,464777.0,0.9807821815623406,7.77863014732581,13.029908118432548,Queens
203,2025,8276.0,492989.0,139.0,4906.0,5045.0,506310.0,0.9736900317987004,8.52615293278771,13.108242140402677,Queens
204,2019,6251.0,46915.0,13.0,15.0,28.0,53194.0,0.8819603714704666,3.332204510175204,10.75609273272415,Staten Island
204,2020,2376.0,29496.0,9.0,61.0,70.0,31942.0,0.9234237054661574,4.248495242049359,10.29200993991398,Staten Island
204,2021,2437.0,40450.0,7.0,40.0,47.0,42934.0,0.9421437555317465,3.8501476017100584,10.607821922486638,Staten Island
204,2022,4395.0,48927.0,0.0,13.0,13.0,53335.0,0.9173525827317897,2.5649493574615367,10.798084670325027,Staten Island
204,2023,6858.0,56827.0,0.0,10.0,10.0,63695.0,0.8921736400031399,2.302585092994046,10.947766843877893,Staten Island
204,2024,6198.0,61012.0,1.0,6.0,7.0,67217.0,0.9076870434562685,1.9459101490553132,11.018825845119824,Staten Island
204,2025,6628.0,66321.0,1.0,16.0,17.0,72966.0,0.9089301866622811,2.833213344056216,11.102261868103218,Staten Island
205,2019,61924.0,717809.0,15309.0,7934.0,23243.0,802976.0,0.8939358087912964,10.053759290414428,13.483958795928547,Queens
205,2020,7401.0,636184.0,5257.0,4890.0,10147.0,653732.0,0.9731571959151456,9.224933374279082,13.36324310865682,Queens
205,2021,6795.0,787209.0,3499.0,5311.0,8810.0,802814.0,0.9805621227332857,9.083642718930225,13.576249057581654,Queens
205,2022,13678.0,818768.0,172.0,1757.0,1929.0,834375.0,0.9812949812734082,7.564757012905729,13.615556050422763,Queens
205,2023,7853.0,924664.0,105.0,2924.0,3029.0,935546.0,0.9883682897473774,8.015987811027237,13.737185707262512,Queens
205,2024,18981.0,984775.0,113.0,5009.0,5122.0,1008878.0,0.9761091033801906,8.541300266759471,13.800168467665005,Queens
205,2025,26845.0,1054251.0,327.0,14395.0,14722.0,1095818.0,0.9620676061170742,9.59709825261865,13.868341120149974,Queens
206,2019,87316.0,362936.0,398.0,247.0,645.0,450897.0,0.8049199706363094,6.4692503167957724,12.801981789162864,Staten Island
206,2020,89659.0,273297.0,129.0,207.0,336.0,363292.0,0.7522791583629698,5.817111159963204,12.518314394907504,Staten Island
206,2021,80929.0,337823.0,112.0,129.0,241.0,418993.0,0.8062736131629884,5.484796933490655,12.730277368663794,Staten Island
206,2022,73051.0,377594.0,24.0,38.0,62.0,450707.0,0.8377815299074565,4.127134385045092,12.84157482329673,Staten Island
206,2023,86926.0,451772.0,48.0,28.0,76.0,538774.0,0.8385185625141525,4.330733340286331,13.02093290677063,Staten Island
206,2024,85769.0,489226.0,11.0,41.0,52.0,575047.0,0.8507582858444614,3.9512437185814275,13.100579829379578,Staten Island
206,2025,85820.0,517005.0,12.0,145.0,157.0,602982.0,0.8574136541389296,5.056245805348308,13.155807824623684,Staten Island
207,2019,525.0,16929.0,160.0,1067.0,1227.0,18681.0,0.9062148707242653,7.112327444710911,9.73678340663725,Queens
207,2020,280.0,56152.0,294.0,470.0,764.0,57196.0,0.981746975312959,6.638567789166521,10.935817578410257,Queens
207,2021,176.0,48009.0,262.0,710.0,972.0,49157.0,0.9766462558740363,6.879355804460439,10.7791437723141,Queens
207,2022,240.0,44161.0,41.0,873.0,914.0,45315.0,0.974533818823789,6.81783057145415,10.69559732562212,Queens
207,2023,178.0,39077.0,53.0,511.0,564.0,39819.0,0.9813656797006454,6.335054251498059,10.573289337601082,Queens
207,2024,239.0,43226.0,28.0,688.0,716.0,44181.0,0.9783843733731694,6.573680166960646,10.674197445043864,Queens
207,2025,255.0,43335.0,22.0,1776.0,1798.0,45388.0,0.9547677800299639,7.494430215031565,10.676715901568445,Queens
208,2019,53405.0,607972.0,7314.0,2570.0,9884.0,671261.0,0.9057162564188892,9.1986725671085,13.31788410725627,Bronx
208,2020,6288.0,477125.0,2940.0,2242.0,5182.0,488595.0,0.9765245244016005,8.552946361122055,13.075533790047531,Bronx
208,2021,5065.0,578027.0,2028.0,2103.0,4131.0,587223.0,0.984339850448637,8.326274787396764,13.267375859366274,Bronx
208,2022,6378.0,631906.0,95.0,643.0,738.0,639022.0,0.9888642331562919,6.6039438246004725,13.356495927889755,Bronx
208,2023,4333.0,714611.0,87.0,962.0,1049.0,719993.0,0.9925249273256823,6.955592608396297,13.479493617679951,Bronx
208,2024,7742.0,762784.0,29.0,2078.0,2107.0,772633.0,0.9872526801210925,7.653020413804189,13.544730177134456,Bronx
208,2025,12484.0,803461.0,96.0,6539.0,6635.0,822580.0,0.9767572758880595,8.800113946766308,13.596683925333924,Bronx
209,2019,48361.0,574376.0,412.0,175956.0,176368.0,799105.0,0.7187741285563224,12.080328000203096,13.261039513113424,Manhattan
209,2020,2206.0,269368.0,432.0,42976.0,43408.0,314982.0,0.8551853756722606,10.678399034898712,12.503833753423619,Manhattan
209,2021,3315.0,354978.0,194.0,49952.0,50146.0,408439.0,0.8691089734329973,10.82269402949118,12.779811094706234,Manhattan
209,2022,7626.0,508588.0,6.0,70400.0,70406.0,586620.0,0.8669803279806348,11.162033765787223,13.139393537511706,Manhattan
209,2023,7358.0,563775.0,0.0,69369.0,69369.0,640502.0,0.8802080243309154,11.147195360822078,13.242410514713779,Manhattan
209,2024,5068.0,557495.0,6.0,83282.0,83288.0,645851.0,0.8631944519711203,11.330059760154588,13.231208813666328,Manhattan
209,2025,7113.0,527234.0,78.0,97764.0,97842.0,632189.0,0.8339816099299419,11.491109211689333,13.175399751744958,Manhattan
210,2019,67533.0,679832.0,29592.0,4391.0,33983.0,781348.0,0.870075817689429,10.433615678556617,13.429600987804701,Brooklyn
210,2020,25262.0,470845.0,6810.0,2788.0,9598.0,505705.0,0.9310665308826293,9.169310022418191,13.062284231788697,Brooklyn
210,2021,15346.0,563622.0,3050.0,3256.0,6306.0,585274.0,0.963005361591323,8.749256840105007,13.242139093021262,Brooklyn
210,2022,18792.0,626046.0,2083.0,1196.0,3279.0,648117.0,0.9659459634603011,8.095293776844649,13.34717912981065,Brooklyn
210,2023,18161.0,692336.0,2617.0,1174.0,3791.0,714288.0,0.9692672983446453,8.240385115516334,13.447826665891919,Brooklyn
210,2024,26664.0,724855.0,1935.0,3970.0,5905.0,757424.0,0.9570003063013582,8.683554728631462,13.493726913834145,Brooklyn
210,2025,49732.0,785437.0,1752.0,9260.0,11012.0,846181.0,0.9282139400435604,9.306740866262498,13.573995529769409,Brooklyn
211,2019,136439.0,1421376.0,38.0,657985.0,658023.0,2215838.0,0.641462056341664,13.396995164103858,14.16713597447088,Manhattan
211,2020,966.0,693948.0,30.0,160704.0,160734.0,855648.0,0.8110204196118029,11.987506103709071,13.450152308727812,Manhattan
211,2021,3785.0,1059264.0,45.0,198912.0,198957.0,1262006.0,0.8393494167222659,12.200843999955886,13.873084885300212,Manhattan
211,2022,8618.0,1418952.0,2.0,281611.0,281613.0,1709183.0,0.8301931390611772,12.548289066973192,14.165429128931569,Manhattan
211,2023,11430.0,1425093.0,2.0,280922.0,280924.0,1717447.0,0.8297740774533363,12.545839449100816,14.169747632713236,Manhattan
211,2024,7335.0,1374442.0,118.0,329449.0,329567.0,1711344.0,0.8031360147346179,12.705534950645752,14.133558388534508,Manhattan
211,2025,6350.0,1337179.0,5.0,376643.0,376648.0,1720177.0,0.7773496564597713,12.839066343270275,14.106072728947689,Manhattan
212,2019,50905.0,536540.0,14291.0,2943.0,17234.0,604679.0,0.8873137648239809,9.754639455799712,13.192896395589568,Bronx
212,2020,9448.0,466786.0,4261.0,2395.0,6656.0,482890.0,0.9666507900349977,8.803273982501045,13.053626187513766,Bronx
212,2021,8828.0,499846.0,2688.0,2137.0,4825.0,513499.0,0.9734118274816504,8.481566013773087,13.122055329962587,Bronx
212,2022,7983.0,507603.0,616.0,550.0,1166.0,516752.0,0.9822951822150664,7.061334366910438,13.13745492497039,Bronx
212,2023,4839.0,576585.0,402.0,791.0,1193.0,582617.0,0.9896467147371257,7.084226422097916,13.264878049279895,Bronx
212,2024,7063.0,615807.0,226.0,2450.0,2676.0,625546.0,0.9844312009028913,7.892078421248119,13.330688881734984,Bronx
212,2025,11985.0,663945.0,138.0,8673.0,8811.0,684741.0,0.9696293927192909,9.08375621986673,13.405954593702566,Bronx
213,2019,95219.0,951287.0,21120.0,7576.0,28696.0,1075202.0,0.8847518884823503,10.264513019212119,13.765571083590821,Bronx
213,2020,16768.0,936204.0,8678.0,5845.0,14523.0,967495.0,0.967657713993354,9.583488878607804,13.749588680430307,Bronx
213,2021,14647.0,1007302.0,7071.0,5487.0,12558.0,1034507.0,0.9737024495725983,9.438113191674054,13.822786027434608,Bronx
213,2022,13536.0,954207.0,292.0,1807.0,2099.0,969842.0,0.9838788173743764,7.649216319820633,13.768635908025498,Bronx
213,2023,8446.0,1043453.0,176.0,2486.0,2662.0,1054561.0,0.9894667069994054,7.8868329989550565,13.85804596375671,Bronx
213,2024,13388.0,1119205.0,62.0,5147.0,5209.0,1137802.0,0.9836553284314845,8.558143177745192,13.928129169800199,Bronx
213,2025,27310.0,1195960.0,207.0,14328.0,14535.0,1237805.0,0.9661941905227398,9.584314812992977,13.99445976811737,Bronx
214,2019,18140.0,136520.0,112.0,212.0,324.0,154984.0,0.8808651215609353,5.780743515792329,11.824226403020644,Staten Island
214,2020,11511.0,104511.0,9.0,150.0,159.0,116181.0,0.8995532832390838,5.0689042022202315,11.55704760800512,Staten Island
214,2021,14804.0,136084.0,18.0,59.0,77.0,150965.0,0.9014274831914683,4.343805421853684,11.821027621111574,Staten Island
214,2022,25887.0,152213.0,3.0,52.0,55.0,178155.0,0.8543852263478432,4.007333185232471,11.933036134691202,Staten Island
214,2023,43920.0,178803.0,0.0,147.0,147.0,222870.0,0.8022748687575717,4.990432586778736,12.094039920104283,Staten Island
214,2024,47520.0,195127.0,1.0,121.0,122.0,242769.0,0.8037558337349496,4.804021044733257,12.18140590760505,Staten Island
214,2025,51501.0,211433.0,2.0,338.0,340.0,263274.0,0.803091076217173,5.8289456176102075,12.261663442411567,Staten Island
215,2019,50885.0,585136.0,10698.0,13562.0,24260.0,660281.0,0.8861923938444389,10.096584182498042,13.279599577827502,Queens
215,2020,8253.0,508790.0,4368.0,5398.0,9766.0,526809.0,0.9657959526128065,9.186662244621605,13.139790636726856,Queens
215,2021,6769.0,621468.0,3414.0,4967.0,8381.0,636618.0,0.9762023693957758,9.033722518098907,13.339839700272659,Queens
215,2022,10433.0,645419.0,424.0,4252.0,4676.0,660528.0,0.9771258750575297,8.450198322591959,13.377654997274206,Queens
215,2023,7260.0,716150.0,352.0,5318.0,5670.0,729080.0,0.9822653206781149,8.642944396721798,13.48164492120801,Queens
215,2024,15904.0,745599.0,167.0,8084.0,8251.0,769754.0,0.9686198447815796,9.018089684104343,13.521943201150902,Queens
215,2025,21732.0,773321.0,369.0,16966.0,17335.0,812388.0,0.95191090956538,9.760482858119124,13.558449506571346,Queens
216,2019,97232.0,1151257.0,10719.0,14549.0,25268.0,1273757.0,0.9038278101710138,10.137294052018591,13.956364946880617,Queens
216,2020,17107.0,805569.0,3279.0,5354.0,8633.0,831309.0,0.969036784156072,9.063347348235522,13.59930413901054,Queens
216,2021,11941.0,1008001.0,2765.0,5854.0,8619.0,1028561.0,0.9800109084439328,9.061724347647399,13.82347971967645,Queens
216,2022,13773.0,1223166.0,819.0,6304.0,7123.0,1244062.0,0.9832034094763766,8.871084263978354,14.016953137265613,Queens
216,2023,11572.0,1500718.0,637.0,6195.0,6832.0,1519122.0,0.9878851073185695,8.829372735468406,14.221454218214761,Queens
216,2024,18330.0,1551724.0,410.0,14243.0,14653.0,1584707.0,0.9791866887695959,9.592400371638025,14.254877128859228,Queens
216,2025,24894.0,1628520.0,455.0,36260.0,36715.0,1690129.0,0.9635477528638347,10.510940669885711,14.303182184863417,Queens
217,2019,33064.0,330529.0,4575.0,5683.0,10258.0,373851.0,0.8841196091490995,9.235813167949214,12.708449680264074,Brooklyn
217,2020,1398.0,259601.0,1075.0,2063.0,3138.0,264137.0,0.9828270935158648,8.051340933292979,12.466901115884776,Brooklyn
217,2021,1628.0,268491.0,681.0,1865.0,2546.0,272665.0,0.9846918379696697,7.842278779117352,12.50057267281619,Brooklyn
217,2022,5117.0,306216.0,228.0,1232.0,1460.0,312793.0,0.9789733146202121,7.286191714702382,12.632046014269688,Brooklyn
217,2023,4034.0,362651.0,183.0,1178.0,1361.0,368046.0,0.9853415062247654,7.215975002651466,12.801196218267421,Brooklyn
217,2024,2965.0,396409.0,130.0,2656.0,2786.0,402160.0,0.9856997215038791,7.932362154339751,12.890201785519281,Brooklyn
217,2025,4388.0,420121.0,95.0,7330.0,7425.0,431934.0,0.972650914260049,8.9126079636709,12.948298044006181,Brooklyn
218,2019,32134.0,378728.0,8340.0,6408.0,14748.0,425610.0,0.8898475129813679,9.598862759354034,12.84457354831009,Queens
218,2020,5036.0,320766.0,3339.0,3912.0,7251.0,333053.0,0.9631079738059708,8.888894669371593,12.67846716432028,Queens
218,2021,4706.0,404845.0,2330.0,3812.0,6142.0,415693.0,0.9739038184429375,8.722905701000768,12.911259556784815,Queens
218,2022,8438.0,431885.0,66.0,1445.0,1511.0,441834.0,0.9774824934251325,7.32052696227274,12.975914628084048,Queens
218,2023,5159.0,500512.0,66.0,2633.0,2699.0,508370.0,0.984542754293133,7.900636613018005,13.123386853473969,Queens
218,2024,13240.0,510925.0,56.0,4417.0,4473.0,528638.0,0.9664931389722268,8.405814603432848,13.143978087376738,Queens
218,2025,20895.0,528104.0,199.0,9914.0,10113.0,559112.0,0.9445406287112421,9.221577003902171,13.177048512989384,Queens
219,2019,30419.0,352940.0,3213.0,8949.0,12162.0,395521.0,0.8923419995398475,9.406071615680055,12.774053349797224,Queens
219,2020,2449.0,294042.0,1387.0,3586.0,4973.0,301464.0,0.9753801448929226,8.511778558714738,12.591477893260565,Queens
219,2021,2178.0,357230.0,972.0,3771.0,4743.0,364151.0,0.9809941480319977,8.464425125877582,12.786135111019957,Queens
219,2022,4306.0,373907.0,93.0,3653.0,3746.0,381959.0,0.9789192033699952,8.228443883004033,12.83176238237327,Queens
219,2023,3290.0,429510.0,69.0,3454.0,3523.0,436323.0,0.9843854208923206,8.167068178341237,12.970400303022483,Queens
219,2024,6896.0,449756.0,143.0,6342.0,6485.0,463137.0,0.9711079011178118,8.777247096750544,13.016460492468651,Queens
219,2025,10309.0,474262.0,223.0,11010.0,11233.0,495804.0,0.9565513791740284,9.326611153641569,13.069515190587316,Queens
220,2019,71334.0,749417.0,12540.0,4423.0,16963.0,837714.0,0.8945976789214457,9.738789780495722,13.527050849898945,Bronx
220,2020,5172.0,545580.0,3760.0,2603.0,6363.0,557115.0,0.979295118602084,8.758255243232792,13.209604727948014,Bronx
220,2021,4315.0,611808.0,2863.0,2794.0,5657.0,621780.0,0.9839621731158931,8.640648995343156,13.324173786782131,Bronx
220,2022,6299.0,700538.0,296.0,1173.0,1469.0,708306.0,0.9890329885670882,7.292337176173877,13.459603890254337,Bronx
220,2023,3873.0,785153.0,229.0,1413.0,1642.0,790668.0,0.9930248852868714,7.403670290012373,13.573633882231738,Bronx
220,2024,6088.0,821595.0,98.0,2483.0,2581.0,830264.0,0.9895587427613386,7.855932199718614,13.619002851891501,Bronx
220,2025,11309.0,895557.0,154.0,7320.0,7474.0,914340.0,0.9794573134720126,8.91918561004543,13.705201150048516,Bronx
221,2019,45048.0,235450.0,231.0,135.0,366.0,280864.0,0.8383060840833998,5.902633333401366,12.369253855671701,Staten Island
221,2020,92006.0,195511.0,43.0,138.0,181.0,287698.0,0.6795702437973152,5.198497031265826,12.183371922809341,Staten Island
221,2021,89348.0,239245.0,69.0,105.0,174.0,328767.0,0.7277038145555971,5.159055299214529,12.385243410455233,Staten Island
221,2022,45922.0,260048.0,10.0,36.0,46.0,306016.0,0.8497856321238105,3.828641396489095,12.468621508342958,Staten Island
221,2023,78972.0,307165.0,2.0,38.0,40.0,386177.0,0.7953995188734699,3.6888794541139363,12.63514034147321,Staten Island
221,2024,85419.0,330450.0,2.0,137.0,139.0,416008.0,0.7943356858521952,4.9344739331306915,12.7082106408986,Staten Island
221,2025,83855.0,356966.0,3.0,608.0,611.0,441432.0,0.808654560611827,6.415096959171596,12.785395818131102,Staten Island
222,2019,25462.0,237197.0,10708.0,4211.0,14919.0,277578.0,0.8545237734978997,9.610390847382849,12.37664629847092,Brooklyn
222,2020,8148.0,204955.0,3320.0,2970.0,6290.0,219393.0,0.9341911546858833,8.746716349694486,12.230545721829095,Brooklyn
222,2021,9591.0,241928.0,2400.0,3199.0,5599.0,257118.0,0.9409220669109125,8.630343289348893,12.396395440209615,Brooklyn
222,2022,14282.0,242276.0,78.0,964.0,1042.0,257600.0,0.9405124223602485,6.948897222313312,12.39783285113525,Brooklyn
222,2023,10169.0,269457.0,34.0,1560.0,1594.0,281220.0,0.9581715382974184,7.374001859350161,12.504164101869994,Brooklyn
222,2024,15983.0,287315.0,19.0,5126.0,5145.0,308443.0,0.9315011201421333,8.545780648268149,12.56833445383768,Brooklyn
222,2025,24019.0,306791.0,226.0,9917.0,10143.0,340953.0,0.8998043718635707,9.224539091375995,12.63392201297325,Brooklyn
223,2019,142384.0,1160630.0,82072.0,42712.0,124784.0,1427798.0,0.8128810938241964,11.734339521570279,13.964473519103523,Queens
223,2020,35768.0,680731.0,14743.0,10896.0,25639.0,742138.0,0.9172566288210549,10.151869908713964,13.430922499753555,Queens
223,2021,35602.0,836264.0,4119.0,8408.0,12527.0,884393.0,0.9455796235384043,9.435641593844192,13.636699631689522,Queens
223,2022,33782.0,1002236.0,5244.0,8819.0,14063.0,1050081.0,0.9544368482050433,9.551302513870247,13.817744061836477,Queens
223,2023,34419.0,1084305.0,4812.0,6748.0,11560.0,1130284.0,0.9593208432570929,9.355306142226368,13.896449786719586,Queens
223,2024,32211.0,1155741.0,4334.0,10013.0,14347.0,1202299.0,0.9612758556731729,9.57129614009839,13.960252254668951,Queens
223,2025,29678.0,1207722.0,3830.0,25806.0,29636.0,1267036.0,0.9531868076360893,10.296745117536547,14.004246498542031,Queens
224,2019,61067.0,673275.0,190.0,163150.0,163340.0,897682.0,0.7500150387330926,12.003589196912266,13.419909143293,Manhattan
224,2020,704.0,322499.0,203.0,47347.0,47550.0,370753.0,0.8698486593500255,10.769537067973536,12.683855314437963,Manhattan
224,2021,2216.0,333152.0,181.0,49756.0,49937.0,385305.0,0.8646448917091655,10.81851748994286,12.71635412127448,Manhattan
224,2022,5695.0,510292.0,6.0,58502.0,58508.0,574495.0,0.8882444581763114,10.976918776006979,13.142738389876463,Manhattan
224,2023,7421.0,550609.0,1.0,46677.0,46678.0,604708.0,0.910536986446351,10.751028240581167,13.21878021736163,Manhattan
224,2024,4424.0,530863.0,4.0,58854.0,58858.0,594145.0,0.8934906462227235,10.982883042277106,13.1822592631689,Manhattan
224,2025,3937.0,478856.0,11.0,85256.0,85267.0,568060.0,0.842967292187445,11.353542788755272,13.079155204891105,Manhattan
225,2019,188950.0,1960827.0,30355.0,12810.0,43165.0,2192942.0,0.8941536073457483,10.672785260669624,14.488876880991077,Brooklyn
225,2020,9092.0,1432178.0,9460.0,7731.0,17191.0,1458461.0,0.981978949042861,9.752141270041493,14.174706920453893,Brooklyn
225,2021,8848.0,1612504.0,6175.0,7596.0,13771.0,1635123.0,0.9861667898989862,9.530320210727126,14.293298808269142,Brooklyn
225,2022,22094.0,1740702.0,1452.0,3641.0,5093.0,1767889.0,0.984621772068269,8.535622326884605,14.369799038103201,Brooklyn
225,2023,24035.0,1862455.0,772.0,4146.0,4918.0,1891408.0,0.9846923561706411,8.500657222776137,14.437406067870143,Brooklyn
225,2024,23390.0,1911681.0,301.0,12745.0,13046.0,1948117.0,0.9812968112284837,9.476236852356042,14.463493517669791,Brooklyn
225,2025,33943.0,1932100.0,527.0,43633.0,44160.0,2010203.0,0.9611467100586358,10.695574680950976,14.474118052249475,Brooklyn
226,2019,134114.0,1338996.0,43364.0,117662.0,161026.0,1634136.0,0.8193907973387772,11.989321121611614,14.107430637364889,Queens
226,2020,12629.0,865103.0,9203.0,36329.0,45532.0,923264.0,0.9370050169832247,10.726170654445108,13.670603853969643,Queens
226,2021,11618.0,1058704.0,5328.0,29609.0,34937.0,1105259.0,0.9578786510673064,10.461301718524922,13.872556076542903,Queens
226,2022,17352.0,1239903.0,3539.0,29215.0,32754.0,1290009.0,0.9611584105227173,10.396780371009813,14.03054370871497,Queens
226,2023,19036.0,1373586.0,3021.0,23563.0,26584.0,1419206.0,0.967855265549892,10.18806481003443,14.132935396317771,Queens
226,2024,19025.0,1430081.0,1528.0,32386.0,33914.0,1483020.0,0.964303246078947,10.431583187467073,14.17324164398856,Queens
226,2025,22441.0,1513397.0,1453.0,70926.0,72379.0,1608217.0,0.9410402949353228,11.189671481051029,14.229867350949064,Queens
227,2019,58260.0,494424.0,6350.0,2818.0,9168.0,561852.0,0.8799897481899148,9.12347443895452,13.111148727636731,Brooklyn
227,2020,17532.0,339758.0,2693.0,1849.0,4542.0,361832.0,0.9389937871719471,8.421122722665503,12.735988878461704,Brooklyn
227,2021,13304.0,406008.0,1702.0,1689.0,3391.0,422703.0,0.9605041837886176,8.128880142125638,12.914128142823238,Brooklyn
227,2022,14517.0,490488.0,189.0,450.0,639.0,505644.0,0.9700263426442319,6.459904454377535,13.103156092856482,Brooklyn
227,2023,14147.0,543513.0,202.0,692.0,894.0,558554.0,0.9730715382935222,6.795705775173514,13.205808904300584,Brooklyn
227,2024,20500.0,565485.0,32.0,1997.0,2029.0,588014.0,0.9616862863809366,7.615298339825815,13.245439048987574,Brooklyn
227,2025,27631.0,615735.0,76.0,7261.0,7337.0,650703.0,0.9462611975048525,8.900685318713995,13.33057195515013,Brooklyn
228,2019,84449.0,972630.0,11044.0,7347.0,18391.0,1075470.0,0.9043766911210912,9.81961669349898,13.78775902163343,Brooklyn
228,2020,9641.0,691179.0,3761.0,5020.0,8781.0,709601.0,0.9740389317376948,9.080345575359996,13.446154114065997,Brooklyn
228,2021,8323.0,862577.0,3211.0,5348.0,8559.0,879459.0,0.9808041079800195,9.05473863988161,13.667679699265163,Brooklyn
228,2022,13568.0,989379.0,660.0,2094.0,2754.0,1005701.0,0.9837705242413003,7.9208096792886,13.804832752565654,Brooklyn
228,2023,12733.0,1087117.0,344.0,2292.0,2636.0,1102486.0,0.9860596869257297,7.877017895622398,13.899039796005614,Brooklyn
228,2024,12420.0,1155121.0,165.0,5301.0,5466.0,1173007.0,0.9847520091525456,8.606302366488013,13.959715658355648,Brooklyn
228,2025,18444.0,1249729.0,200.0,20227.0,20427.0,1288600.0,0.969834704330281,9.924612834151077,14.038437285773966,Brooklyn
229,2019,190336.0,1674851.0,312.0,1581120.0,1581432.0,3446619.0,0.48594027944487045,14.273841323648837,14.331234764060673,Manhattan
229,2020,8648.0,807199.0,268.0,503785.0,504053.0,1319900.0,0.6115607242972952,13.130436700254872,13.601325509170422,Manhattan
229,2021,8101.0,1053069.0,272.0,681695.0,681967.0,1743137.0,0.6041229117390085,13.432736548558132,13.867219316034836,Manhattan
229,2022,13599.0,1395871.0,18.0,822897.0,822915.0,2232385.0,0.6252823773677032,13.620608193644953,14.149029151157885,Manhattan
229,2023,16109.0,1480064.0,9.0,710165.0,710174.0,2206347.0,0.6708210449217643,13.473265289415183,14.207595888048578,Manhattan
229,2024,12428.0,1424346.0,14.0,695204.0,695218.0,2131992.0,0.6680822442110477,13.451980744427821,14.16922331896789,Manhattan
229,2025,12298.0,1341114.0,47.0,699594.0,699641.0,2053053.0,0.6532291178065057,13.458322625326478,14.109011169836252,Manhattan
230,2019,287904.0,2751995.0,270.0,2879305.0,2879575.0,5919474.0,0.46490532773689014,14.873153271778243,14.827836661173256,Manhattan
230,2020,19519.0,1028778.0,163.0,679696.0,679859.0,1728156.0,0.5953038961760396,13.42964070271052,13.84388224809999,Manhattan
230,2021,23773.0,1593178.0,212.0,710741.0,710953.0,2327904.0,0.684383032977305,13.474361602521645,14.281241321507366,Manhattan
230,2022,34254.0,2834742.0,37.0,1198172.0,1198209.0,4067205.0,0.6969754413657536,13.996338499870653,14.85746148571175,Manhattan
230,2023,38540.0,2912929.0,1.0,1236504.0,1236505.0,4187974.0,0.6955461041544193,14.027799409607086,14.884669662146422,Manhattan
230,2024,29112.0,2939127.0,107.0,1338996.0,1339103.0,4307342.0,0.682352829192574,14.107510544791804,14.893623156444306,Manhattan
230,2025,32575.0,2897088.0,64.0,1392912.0,1392976.0,4322639.0,0.6702128028734299,14.146953023611369,14.879216652541434,Manhattan
231,2019,277449.0,2842051.0,784.0,1392203.0,1392987.0,4512487.0,0.6298192105594985,14.146960920342229,14.86003653258725,Manhattan
231,2020,8273.0,1355866.0,747.0,335775.0,336522.0,1700661.0,0.7972582425304043,12.726418804830258,14.119950922540458,Manhattan
231,2021,11601.0,1872352.0,363.0,389792.0,390155.0,2274108.0,0.8233346877105221,12.874299375046538,14.442705952531496,Manhattan
231,2022,27009.0,2571984.0,6.0,548278.0,548284.0,3147277.0,0.817209289172831,13.214548679861128,14.760188143480484,Manhattan
231,2023,28053.0,2758799.0,2.0,500788.0,500790.0,3287642.0,0.8391421572056812,13.123942130517543,14.830305998062768,Manhattan
231,2024,21295.0,2712868.0,51.0,541144.0,541195.0,3275358.0,0.8282661009880447,13.201534936507342,14.813516935831519,Manhattan
231,2025,27493.0,2650721.0,134.0,609279.0,609413.0,3287627.0,0.8062718185487587,13.320251477764367,14.790342236428284,Manhattan
232,2019,116455.0,1139222.0,595.0,119489.0,120084.0,1375761.0,0.8280667935782451,11.695946776878456,13.94585613125113,Manhattan
232,2020,5218.0,689302.0,936.0,31230.0,32166.0,726686.0,0.9485554971473236,10.378665273055592,13.443434770363803,Manhattan
232,2021,6686.0,882617.0,602.0,65999.0,66601.0,955904.0,0.9233322593063739,11.106474871430772,13.690646636905598,Manhattan
232,2022,15575.0,991273.0,9.0,50174.0,50183.0,1057031.0,0.9377899039857867,10.823431602908185,13.80674525468849,Manhattan
232,2023,17897.0,1091912.0,1.0,42966.0,42967.0,1152776.0,0.9472022318299479,10.668187658180978,13.90344084595917,Manhattan
232,2024,13855.0,1078133.0,5.0,59565.0,59570.0,1151558.0,0.9362385568073862,10.994907370622734,13.890741399464186,Manhattan
232,2025,20545.0,1009229.0,125.0,106945.0,107070.0,1136844.0,0.8877462519043949,11.581238105152316,13.824697230968363,Manhattan
233,2019,173953.0,1524230.0,294.0,1092814.0,1093108.0,2791291.0,0.5460663184168186,13.90453557289022,14.236999922476828,Manhattan
233,2020,5824.0,749566.0,287.0,313844.0,314131.0,1069521.0,0.7008427137008062,12.65756537533996,13.527249651353653,Manhattan
233,2021,7233.0,983522.0,314.0,405605.0,405919.0,1396674.0,0.704188665357843,12.913908911290461,13.798895285651051,Manhattan
233,2022,13315.0,1330966.0,12.0,506848.0,506860.0,1851141.0,0.7189976344319531,13.135990110318986,14.101415552347747,Manhattan
233,2023,16888.0,1419971.0,0.0,465604.0,465604.0,1902463.0,0.7463856064480623,13.051090766427754,14.16614700683369,Manhattan
233,2024,13226.0,1354106.0,20.0,460544.0,460564.0,1827896.0,0.7408003518799756,13.04020710439101,14.11865201594847,Manhattan
233,2025,14304.0,1281072.0,44.0,471268.0,471312.0,1766688.0,0.7251263380970494,13.063275574077181,14.06320778538836,Manhattan
234,2019,328245.0,3043282.0,204.0,2523140.0,2523344.0,5894871.0,0.5162593040628031,14.74109556394927,14.928447096290904,Manhattan
234,2020,5977.0,1298827.0,280.0,675209.0,675489.0,1980293.0,0.655876175899223,13.4231921520159,14.076972107414832,Manhattan
234,2021,8315.0,1775118.0,333.0,815429.0,815762.0,2599195.0,0.6829491438695442,13.611877924736582,14.38937745755527,Manhattan
234,2022,19228.0,2436061.0,9.0,1026718.0,1026727.0,3482016.0,0.6996122361298742,13.841886630788746,14.705892948549305,Manhattan
234,2023,23303.0,2565292.0,4.0,1006825.0,1006829.0,3595424.0,0.7134880336783646,13.82231634596037,14.757582870263654,Manhattan
234,2024,13866.0,2505413.0,86.0,1075326.0,1075412.0,3594691.0,0.696975901405712,13.888214401934103,14.733964149170976,Manhattan
234,2025,15627.0,2526651.0,65.0,1187967.0,1188032.0,3730310.0,0.6773300342330798,13.987808714568896,14.742405268403516,Manhattan
235,2019,105387.0,1058888.0,15183.0,5793.0,20976.0,1185251.0,0.8933871390954321,9.95113420600348,13.872729858839458,Bronx
235,2020,15559.0,911262.0,6209.0,4441.0,10650.0,937471.0,0.9720428685260664,9.273315171137572,13.722585730942578,Bronx
235,2021,11632.0,845937.0,4771.0,4072.0,8843.0,866412.0,0.9763680558441019,9.087381464575735,13.64820016773037,Bronx
235,2022,11080.0,842599.0,486.0,1811.0,2297.0,855976.0,0.9843722253894969,7.739359202689098,13.644246441723595,Bronx
235,2023,6923.0,934578.0,316.0,2056.0,2372.0,943873.0,0.9901522768423294,7.771488760117616,13.747850369489273,Bronx
235,2024,10318.0,988529.0,127.0,3970.0,4097.0,1002944.0,0.9856273131899688,8.318010277546872,13.803973258542344,Bronx
235,2025,20572.0,1034666.0,248.0,11735.0,11983.0,1067221.0,0.9694955402864074,9.391244257682517,13.849589227287032,Bronx
236,2019,203072.0,1946503.0,13258.0,3278520.0,3291778.0,5441353.0,0.35772408075712053,15.006938402296182,14.481544987259305,Manhattan
236,2020,9827.0,989157.0,3751.0,1081637.0,1085388.0,2084372.0,0.4745587639826288,13.897448084718373,13.804608344214294,Manhattan
236,2021,10283.0,1267254.0,4302.0,1411390.0,1415692.0,2693229.0,0.47053332635286493,14.16312901545188,14.052362912770727,Manhattan
236,2022,17801.0,1614855.0,5648.0,1638826.0,1644474.0,3277130.0,0.4927650108479065,14.312931134209585,14.2947557273264,Manhattan
236,2023,18438.0,1771602.0,4758.0,1569040.0,1573798.0,3363838.0,0.5266609152997261,14.269002364272707,14.387394779953551,Manhattan
236,2024,14806.0,1723422.0,4127.0,1691891.0,1696018.0,3434246.0,0.5018341726247916,14.343793708485213,14.359822407169943,Manhattan
236,2025,17619.0,1657639.0,4197.0,1746780.0,1750977.0,3426235.0,0.4838077364804224,14.375684475830491,14.3209048587628,Manhattan
237,2019,221996.0,2048324.0,436.0,3626075.0,3626511.0,5896831.0,0.3473601329256341,15.103781587008633,14.53253245575374,Manhattan
237,2020,9147.0,1004731.0,439.0,1136690.0,1137129.0,2151007.0,0.4670979685328779,13.944017222761355,13.820230401955987,Manhattan
237,2021,11101.0,1386129.0,473.0,1538832.0,1539305.0,2936535.0,0.47202876859972726,14.246841573822605,14.142025527993981,Manhattan
237,2022,17719.0,1835947.0,7.0,1838379.0,1838386.0,3692052.0,0.49727008178649706,14.424398570729965,14.423070982643514,Manhattan
237,2023,18837.0,1946683.0,2.0,1762618.0,1762620.0,3728140.0,0.5221593073221499,14.382311896457258,14.48163745651206,Manhattan
237,2024,15331.0,1925836.0,46.0,1872278.0,1872324.0,3813491.0,0.5050060430193751,14.442690997966668,14.47087071714356,Manhattan
237,2025,18089.0,1974254.0,103.0,1998665.0,1998768.0,3991111.0,0.49466276432802797,14.508041548718268,14.49570116344363,Manhattan
238,2019,169777.0,1543903.0,806.0,1656163.0,1656969.0,3370649.0,0.45804324330418267,14.32050058772434,14.249824183759161,Manhattan
238,2020,5688.0,847476.0,758.0,593887.0,594645.0,1447809.0,0.585350691976635,13.295719867812634,13.650017799251692,Manhattan
238,2021,5269.0,962347.0,796.0,733283.0,734079.0,1701695.0,0.5655226112787545,13.506371931232815,13.77713037146947,Manhattan
238,2022,11734.0,1144206.0,27.0,821012.0,821039.0,1976979.0,0.5787648730714894,13.618325890351398,13.950221504641306,Manhattan
238,2023,12096.0,1229489.0,10.0,717238.0,717248.0,1958833.0,0.6276640224051769,13.4831769454117,14.022109193872051,Manhattan
238,2024,9555.0,1239232.0,23.0,769772.0,769795.0,2018582.0,0.6139121422860205,13.553879524617132,14.03000239086307,Manhattan
238,2025,14164.0,1177325.0,207.0,787311.0,787518.0,1979007.0,0.59490694070309,13.576641506563561,13.978755473870132,Manhattan
239,2019,174447.0,1783346.0,283.0,2174142.0,2174425.0,4132218.0,0.43157113201675223,14.592274819737499,14.394001932982594,Manhattan
239,2020,4826.0,873533.0,224.0,697897.0,698121.0,1576480.0,0.5541034456510707,13.456147719156242,13.680301186892438,Manhattan
239,2021,4906.0,1107282.0,279.0,922722.0,923001.0,2035189.0,0.5440683887344124,13.73538559690802,13.917418921796825,Manhattan
239,2022,11039.0,1409366.0,26.0,1118242.0,1118268.0,2538673.0,0.5551585414899831,13.927291617745023,14.158650515843478,Manhattan
239,2023,14387.0,1537341.0,11.0,1038884.0,1038895.0,2590623.0,0.5934252108469662,13.85366820626429,14.245564858681002,Manhattan
239,2024,9973.0,1528006.0,24.0,1112036.0,1112060.0,2650039.0,0.5765975519605561,13.92172470917158,14.239474175402464,Manhattan
239,2025,11967.0,1433526.0,98.0,1114670.0,1114768.0,2560261.0,0.5599140087670749,13.924156869477548,14.17564770156696,Manhattan
240,2019,16303.0,123093.0,1338.0,505.0,1843.0,141239.0,0.871522738053937,7.519149957669823,11.720695446217771,Bronx
240,2020,1020.0,99831.0,485.0,481.0,966.0,101817.0,0.9804944164530481,6.873163834212518,11.51123403530925,Bronx
240,2021,810.0,110680.0,515.0,475.0,990.0,112480.0,0.9839971550497866,6.897704943128636,11.614398433900861,Bronx
240,2022,1193.0,119426.0,61.0,96.0,157.0,120776.0,0.9888222825726966,5.056245805348308,11.690452211679249,Bronx
240,2023,782.0,140927.0,36.0,116.0,152.0,141861.0,0.9934160903983477,5.0238805208462765,11.855997304795142,Bronx
240,2024,990.0,159783.0,31.0,288.0,319.0,161092.0,0.9918742085268045,5.765191102784844,11.981571923676517,Bronx
240,2025,1312.0,179219.0,44.0,1231.0,1275.0,181806.0,0.985770546626624,7.150701457592526,12.09636380068824,Bronx
241,2019,76326.0,878923.0,8464.0,2834.0,11298.0,966547.0,0.9093432600794374,9.332380997885208,13.686452573285312,Bronx
241,2020,6329.0,714735.0,3401.0,2353.0,5754.0,726818.0,0.9833754805191947,8.657650544111494,13.479667123605475,Bronx
241,2021,5595.0,719696.0,2531.0,2079.0,4610.0,729901.0,0.9860186518445653,8.435983135990694,13.486584179609116,Bronx
241,2022,6874.0,752648.0,283.0,907.0,1190.0,760712.0,0.9893994047681646,7.081708586105575,13.5313529340075,Bronx
241,2023,3981.0,836832.0,217.0,1250.0,1467.0,842280.0,0.9935318421427554,7.2909747781429814,13.637378612479413,Bronx
241,2024,6221.0,885939.0,79.0,2661.0,2740.0,894900.0,0.989986590680523,7.9157131993821155,13.694403378458569,Bronx
241,2025,13038.0,931860.0,193.0,7911.0,8104.0,953002.0,0.9778153665994405,9.000113045928519,13.744937867792112,Bronx
242,2019,99507.0,790218.0,26645.0,4884.0,31529.0,921254.0,0.8577634398330971,10.358663036209952,13.58006413574327,Bronx
242,2020,31548.0,647973.0,9344.0,4850.0,14194.0,693715.0,0.9340622589968502,9.560574619084928,13.381604307799666,Bronx
242,2021,30002.0,730351.0,7154.0,5157.0,12311.0,772664.0,0.9452375159189506,9.418248450647615,13.501280519484563,Bronx
242,2022,25309.0,799434.0,353.0,1447.0,1800.0,826543.0,0.9672019483559839,7.495541943884256,13.591659256253829,Bronx
242,2023,14003.0,866748.0,282.0,2094.0,2376.0,883127.0,0.9814534036440965,7.773173680482536,13.672503556074172,Bronx
242,2024,17789.0,921707.0,167.0,2664.0,2831.0,942327.0,0.9781179993781352,7.9483852851118995,13.733982664614954,Bronx
242,2025,28906.0,975696.0,274.0,7541.0,7815.0,1012417.0,0.9637293723831188,8.963800242855577,13.790906341466853,Bronx
243,2019,117395.0,1281717.0,31804.0,14955.0,46759.0,1445871.0,0.8864670499650383,10.752762029557497,14.06371114326419,Manhattan
243,2020,6936.0,967432.0,9583.0,6545.0,16128.0,990496.0,0.9767146964753013,9.688312170871095,13.782400417178295,Manhattan
243,2021,4698.0,991183.0,5614.0,7511.0,13125.0,1009006.0,0.9823360812522423,9.482274087459825,13.806654458221823,Manhattan
243,2022,6565.0,1096273.0,2883.0,5144.0,8027.0,1110865.0,0.9868642904403325,8.990566138131577,13.907426803064176,Manhattan
243,2023,5899.0,1220952.0,2292.0,4863.0,7155.0,1234006.0,0.9894214452766031,8.875566691990551,14.015141440280791,Manhattan
243,2024,5090.0,1273903.0,1269.0,9642.0,10911.0,1289904.0,0.9875952008831665,9.297526733655099,14.057595974068024,Manhattan
243,2025,10054.0,1313456.0,1261.0,35786.0,37047.0,1360557.0,0.9653810902446571,10.519942655785933,14.088172389259633,Manhattan
244,2019,174271.0,1849430.0,153164.0,90812.0,243976.0,2267677.0,0.8155614754658622,12.404825138781876,14.430388041471344,Manhattan
244,2020,13104.0,1418356.0,48044.0,35187.0,83231.0,1514691.0,0.9363995692850885,11.329375153566437,14.165009012392394,Manhattan
244,2021,11814.0,1445974.0,30814.0,43728.0,74542.0,1532330.0,0.9436439931346381,11.219118003904851,14.184293700902955,Manhattan
244,2022,16498.0,1564107.0,24380.0,30783.0,55163.0,1635768.0,0.9561912202708452,10.918047717665434,14.262825612069491,Manhattan
244,2023,11494.0,1731317.0,19336.0,21050.0,40386.0,1783197.0,0.9709061870337378,10.606238469238768,14.364392948529957,Manhattan
244,2024,11498.0,1823965.0,14337.0,31600.0,45937.0,1881400.0,0.9694722015520357,10.735026171542216,14.416523260835818,Manhattan
244,2025,20086.0,1852457.0,12832.0,82201.0,95033.0,1967576.0,0.9414919677816765,11.461979478685288,14.432023424007136,Manhattan
245,2019,24057.0,147576.0,55.0,72.0,127.0,171760.0,0.8591988821611551,4.844187086458591,11.902098576301416,Staten Island
245,2020,16749.0,99622.0,25.0,40.0,65.0,116436.0,0.8555944896767322,4.174387269895637,11.50913830271565,Staten Island
245,2021,16078.0,124134.0,11.0,39.0,50.0,140262.0,0.8850151858664499,3.912023005428146,11.729116906271798,Staten Island
245,2022,22706.0,147223.0,3.0,21.0,24.0,169953.0,0.866257141680347,3.1780538303479458,11.899703723071154,Staten Island
245,2023,36232.0,170735.0,4.0,14.0,18.0,206985.0,0.8248665362224316,2.8903717578961645,12.047867925843597,Staten Island
245,2024,38233.0,184105.0,1.0,36.0,37.0,222375.0,0.8279033164699269,3.6109179126442243,12.123261526005,Staten Island
245,2025,36082.0,197393.0,1.0,104.0,105.0,233580.0,0.8450766332733967,4.653960350157523,12.192951944359855,Staten Island
246,2019,243812.0,2537789.0,143.0,1375688.0,1375831.0,4157432.0,0.6104222510434326,14.13456847016502,14.746803787472636,Manhattan
246,2020,3931.0,1073111.0,149.0,339320.0,339469.0,1416511.0,0.757573361590556,12.735137911060702,13.886072464538294,Manhattan
246,2021,7632.0,1600818.0,135.0,411303.0,411438.0,2019888.0,0.7925281005679523,12.9274136194609,14.286025306566254,Manhattan
246,2022,16306.0,2345977.0,12.0,584593.0,584605.0,2946888.0,0.7960862442006619,13.27869168447936,14.66821250422593,Manhattan
246,2023,24715.0,2596746.0,1.0,626265.0,626266.0,3247727.0,0.7995579677725375,13.34753047995704,14.769769680701849,Manhattan
246,2024,17304.0,2569820.0,178.0,697934.0,698112.0,3285236.0,0.7822329963509471,13.456134827325151,14.759346415508057,Manhattan
246,2025,16300.0,2505735.0,45.0,795000.0,795045.0,3317080.0,0.7554038491685459,13.58615399580812,14.734092662637527,Manhattan
247,2019,103379.0,1163251.0,28342.0,12970.0,41312.0,1307942.0,0.8893750640318914,10.628908293646369,13.96672922936696,Bronx
247,2020,10632.0,961869.0,8017.0,6924.0,14941.0,987442.0,0.9741017700280118,9.611864390851085,13.776633545739061,Bronx
247,2021,9916.0,882330.0,5487.0,5998.0,11485.0,903731.0,0.9763192808479514,9.3487971151232,13.690321414672262,Bronx
247,2022,10159.0,935853.0,2741.0,3227.0,5968.0,951980.0,0.983059518057102,8.694167141883597,13.749213691843833,Bronx
247,2023,6855.0,1070798.0,2018.0,3374.0,5392.0,1083045.0,0.9886920672732896,8.592671652592143,13.88391472286417,Bronx
247,2024,8807.0,1197461.0,1843.0,7357.0,9200.0,1215468.0,0.9851851303366276,9.126958763037132,13.995714039887176,Bronx
247,2025,16342.0,1271051.0,1758.0,18637.0,20395.0,1307788.0,0.9719090555961669,9.923045051751659,14.0553546752517,Bronx
248,2019,49869.0,524584.0,7310.0,2448.0,9758.0,584211.0,0.8979358485204831,9.185842740375783,13.170360846521657,Bronx
248,2020,7617.0,479412.0,2646.0,2649.0,5295.0,492324.0,0.9737733687571599,8.574518258035507,13.080315631958255,Bronx
248,2021,6773.0,500916.0,1796.0,2403.0,4199.0,511888.0,0.978565623730191,8.342601680684194,13.12419370133905,Bronx
248,2022,5656.0,502841.0,207.0,542.0,749.0,509246.0,0.9874225816206705,6.618738983517219,13.12802929573095,Bronx
248,2023,3651.0,542598.0,133.0,879.0,1012.0,547261.0,0.9914793855217163,6.919683849847411,13.20412399324367,Bronx
248,2024,5256.0,570198.0,61.0,2456.0,2517.0,577971.0,0.9865512283488271,7.830822995135316,13.253738947913345,Bronx
248,2025,10192.0,606148.0,88.0,7768.0,7856.0,624196.0,0.9710860050368795,8.969032850034301,13.314879459655964,Bronx
249,2019,215991.0,2171797.0,111.0,1624905.0,1625016.0,4012804.0,0.5412168149752642,14.301028219851348,14.591065493421318,Manhattan
249,2020,2162.0,1102162.0,112.0,456602.0,456714.0,1561038.0,0.7060443115414231,13.031812653399982,13.912784263335402,Manhattan
249,2021,7287.0,1693318.0,148.0,628732.0,628880.0,2329485.0,0.7269065909417747,13.351695738467638,14.342200475727447,Manhattan
249,2022,16452.0,2243652.0,10.0,813887.0,813897.0,3074001.0,0.7298800488353777,13.609589101351833,14.623615453384641,Manhattan
249,2023,19908.0,2303226.0,2.0,832639.0,832641.0,3155775.0,0.7298448083275899,13.632357855864733,14.649821306858277,Manhattan
249,2024,12765.0,2244134.0,109.0,920699.0,920808.0,3177707.0,0.7062117432475682,13.733006824449376,14.623830258636875,Manhattan
249,2025,11200.0,2093105.0,33.0,975669.0,975702.0,3080007.0,0.6795780009590887,13.790912490904333,14.554159167393884,Manhattan
250,2019,45542.0,482216.0,10457.0,3171.0,13628.0,541386.0,0.8907064460477367,9.519881778780857,13.086147425431314,Bronx
250,2020,5788.0,406406.0,3236.0,2483.0,5719.0,417913.0,0.9724655610138953,8.651549243915316,12.915107938916954,Bronx
250,2021,5212.0,483053.0,2151.0,2235.0,4386.0,492651.0,0.9805176483961263,8.386172928977834,13.087881657463582,Bronx
250,2022,6453.0,498782.0,212.0,653.0,865.0,506100.0,0.985540407034183,6.762729506931879,13.119924405529023,Bronx
250,2023,4201.0,538054.0,105.0,938.0,1043.0,543298.0,0.9903478385710973,6.949856455000773,13.195714205854227,Bronx
250,2024,6255.0,561245.0,28.0,2175.0,2203.0,569703.0,0.9851536677883037,7.697575346802343,13.23791280931295,Bronx
250,2025,12503.0,607191.0,105.0,7851.0,7956.0,627650.0,0.967403807854696,8.981681639973862,13.31659868281932,Bronx
251,2019,18296.0,135023.0,149.0,114.0,263.0,153582.0,0.8791590160305244,5.572154032177765,11.813200413279553,Staten Island
251,2020,8350.0,94672.0,11.0,52.0,63.0,103085.0,0.9183877382742397,4.143134726391533,11.458173564916475,Staten Island
251,2021,8364.0,126938.0,10.0,40.0,50.0,135352.0,0.9378361605295821,3.912023005428146,11.751454057261315,Staten Island
251,2022,14993.0,145493.0,2.0,24.0,26.0,160512.0,0.9064306718500797,3.258096538021482,11.887883254470728,Staten Island
251,2023,26359.0,171494.0,3.0,27.0,30.0,197883.0,0.8666434206071264,3.4011973816621555,12.052303559553387,Staten Island
251,2024,27675.0,183129.0,0.0,59.0,59.0,210863.0,0.8684738432062524,4.07753744390572,12.117946101518326,Staten Island
251,2025,23849.0,200287.0,0.0,152.0,152.0,224288.0,0.8929902625196177,5.0238805208462765,12.207506616901611,Staten Island
252,2019,51712.0,260127.0,2227.0,1550.0,3777.0,315616.0,0.8241882540809085,8.236685322712457,12.468925252277623,Queens
252,2020,20164.0,171402.0,724.0,894.0,1618.0,193184.0,0.8872473910882889,7.388946097618437,12.051766953689174,Queens
252,2021,21410.0,218776.0,381.0,803.0,1184.0,241370.0,0.9063926751460414,7.076653815443951,12.295803654299768,Queens
252,2022,18971.0,253120.0,105.0,317.0,422.0,272513.0,0.9288364224825971,6.045005314036012,12.441618963561426,Queens
252,2023,15563.0,279400.0,58.0,412.0,470.0,295433.0,0.945730504039833,6.152732694704104,12.540399725804999,Queens
252,2024,7511.0,296340.0,60.0,1143.0,1203.0,305054.0,0.9714345656834528,7.0925737159746784,12.599262722762726,Queens
252,2025,5334.0,326349.0,69.0,2925.0,2994.0,334677.0,0.9751163061698295,8.004365564979574,12.695722639863787,Queens
253,2019,1280.0,19920.0,917.0,271.0,1188.0,22388.0,0.8897623726996605,7.080026499922591,9.899479531138589,Queens
253,2020,470.0,4767.0,51.0,98.0,149.0,5386.0,0.8850724099517266,5.003946305945459,8.469472455204826,Queens
253,2021,482.0,15990.0,195.0,174.0,369.0,16841.0,0.9494685588741761,5.910796644040527,9.679718805828,Queens
253,2022,354.0,19074.0,430.0,122.0,552.0,19980.0,0.9546546546546546,6.313548046277095,9.856081430138858,Queens
253,2023,285.0,10978.0,374.0,114.0,488.0,11751.0,0.9342183643945197,6.1903154058531475,9.303648549109834,Queens
253,2024,221.0,9299.0,390.0,247.0,637.0,10157.0,0.9155262380624201,6.456769655572163,9.137662146478197,Queens
253,2025,139.0,9211.0,170.0,382.0,552.0,9902.0,0.9302161179559685,6.313548046277095,9.128153700988236,Queens
254,2019,94895.0,915578.0,16005.0,5088.0,21093.0,1031566.0,0.8875612418400761,9.956696510867271,13.727310838812064,Bronx
254,2020,14546.0,847323.0,6203.0,5151.0,11354.0,873223.0,0.9703397642984667,9.337325383730672,13.649837246867115,Bronx
254,2021,10969.0,927846.0,4581.0,4337.0,8918.0,947733.0,0.9790162419162359,9.095826985187422,13.740621049721536,Bronx
254,2022,12524.0,936976.0,197.0,1504.0,1701.0,951201.0,0.9850452217775213,7.438971592395862,13.750412947231904,Bronx
254,2023,7598.0,1055154.0,124.0,1985.0,2109.0,1064861.0,0.9908842562550417,7.653969180478774,13.869197285803473,Bronx
254,2024,13182.0,1137934.0,61.0,3766.0,3827.0,1154943.0,0.9852728662799809,8.249836485425702,13.94472489550149,Bronx
254,2025,27170.0,1222001.0,213.0,12896.0,13109.0,1262280.0,0.968090281078683,9.48105429619781,14.016000237043949,Bronx
255,2019,209165.0,2601534.0,78695.0,60592.0,139287.0,2949986.0,0.8818801173971673,11.844291831651299,14.77161182901014,Brooklyn
255,2020,1164.0,1215215.0,10272.0,10520.0,20792.0,1237171.0,0.9822530596013,9.942323576321327,14.010431573834655,Brooklyn
255,2021,2067.0,1583805.0,2938.0,12033.0,14971.0,1600843.0,0.9893568576056491,9.613870275449836,14.275340737717729,Brooklyn
255,2022,8018.0,2175906.0,3822.0,18820.0,22642.0,2206566.0,0.9861051063054538,10.027561867638054,14.592955687495476,Brooklyn
255,2023,22243.0,2343265.0,2758.0,14803.0,17561.0,2383069.0,0.9832971684831618,9.773435813175855,14.667055813953867,Brooklyn
255,2024,16007.0,2434003.0,2276.0,31218.0,33494.0,2483504.0,0.9800680812271694,10.419121597294424,14.70504778506788,Brooklyn
255,2025,12027.0,2442827.0,2699.0,82937.0,85636.0,2540490.0,0.9615574160890222,11.357861034466612,14.70866653316016,Brooklyn
256,2019,169302.0,2070431.0,29633.0,48605.0,78238.0,2317971.0,0.8932083274553478,11.267510742009788,14.54326735612871,Brooklyn
256,2020,2604.0,1111227.0,4235.0,10215.0,14450.0,1128281.0,0.9848849710311527,9.578449693540579,13.920975368183234,Brooklyn
256,2021,2936.0,1424113.0,2190.0,12592.0,14782.0,1441831.0,0.9877114585551289,9.601165503344832,14.169059721738286,Brooklyn
256,2022,9976.0,1794857.0,2205.0,15780.0,17985.0,1822818.0,0.9846605640277856,9.797293356129725,14.400435910992872,Brooklyn
256,2023,22579.0,1953789.0,1408.0,11834.0,13242.0,1989610.0,0.9819959690592629,9.491148875484791,14.485281122130877,Brooklyn
256,2024,15854.0,2002050.0,1143.0,21824.0,22967.0,2040871.0,0.9809782195934971,10.041813682016414,14.509682213570407,Brooklyn
256,2025,13707.0,2037409.0,533.0,62101.0,62634.0,2113750.0,0.9638836191602602,11.045063540636354,14.527189460523065,Brooklyn
257,2019,34347.0,351455.0,5083.0,3664.0,8747.0,394549.0,0.890776557537847,9.076466063419854,12.769836959277642,Brooklyn
257,2020,6598.0,195163.0,1111.0,1286.0,2397.0,204158.0,0.9559409868827085,7.781973234434385,12.181590385814085,Brooklyn
257,2021,5746.0,249303.0,864.0,1381.0,2245.0,257294.0,0.9689421440064673,7.716460800176355,12.426424303133588,Brooklyn
257,2022,5235.0,307078.0,165.0,681.0,846.0,313159.0,0.9805817492072717,6.740519359606223,12.634857065959833,Brooklyn
257,2023,2651.0,327665.0,102.0,735.0,837.0,331153.0,0.9894671043294188,6.729824070489475,12.699747023978269,Brooklyn
257,2024,3042.0,349152.0,37.0,1764.0,1801.0,353995.0,0.986319015805308,7.496097345175956,12.763262636454826,Brooklyn
257,2025,4315.0,374054.0,71.0,5504.0,5575.0,383944.0,0.9742410351509595,8.62604759632832,12.832155451000892,Brooklyn
258,2019,54559.0,625939.0,5438.0,3066.0,8504.0,689002.0,0.9084719637969121,9.048291920021784,13.347008201244796,Queens
258,2020,7436.0,492395.0,1554.0,2127.0,3681.0,503512.0,0.9779210823177997,8.210939733379021,13.10703651889482,Queens
258,2021,5603.0,595480.0,1091.0,1610.0,2701.0,603784.0,0.9862467372437825,7.901377353792616,13.297123081990993,Queens
258,2022,7039.0,652878.0,390.0,565.0,955.0,660872.0,0.9879038603541987,6.86171134048073,13.389145560788354,Queens
258,2023,6142.0,722879.0,199.0,1040.0,1239.0,730260.0,0.9898926409771862,7.122059881629142,13.490997128905352,Queens
258,2024,7793.0,764563.0,112.0,3220.0,3332.0,775688.0,0.9856578933798125,8.111328003286733,13.547059707757832,Queens
258,2025,10795.0,793775.0,134.0,13174.0,13308.0,817878.0,0.9705298345229973,9.496120637138368,13.58455532475604,Queens
259,2019,78559.0,563229.0,7252.0,2431.0,9683.0,651471.0,0.8645496115713516,9.17812704961153,13.241441573977601,Bronx
259,2020,22632.0,493148.0,2684.0,2434.0,5118.0,520898.0,0.9467266144235532,8.540519016719735,13.108564610812728,Bronx
259,2021,7582.0,580976.0,1736.0,2102.0,3838.0,592396.0,0.9807223546411522,8.252706676567644,13.272464726891345,Bronx
259,2022,8238.0,632261.0,58.0,530.0,588.0,641087.0,0.9862327578004233,6.376726947898627,13.357057562561964,Bronx
259,2023,4855.0,719829.0,77.0,954.0,1031.0,725715.0,0.9918893780616358,6.93828448401696,13.486768962784646,Bronx
259,2024,6968.0,772675.0,25.0,1988.0,2013.0,781656.0,0.9885102909719877,7.607381425639791,13.557613799315185,Bronx
259,2025,14059.0,853453.0,123.0,7134.0,7257.0,874769.0,0.9756324241028203,8.889721799278137,13.657045752330715,Bronx
260,2019,95414.0,901853.0,123854.0,41765.0,165619.0,1162886.0,0.7755300175597608,12.017445248651336,13.712206814588349,Queens
260,2020,16087.0,586184.0,20897.0,11974.0,32871.0,635142.0,0.9229180246307125,10.400346089073503,13.28138901244767,Queens
260,2021,15926.0,728347.0,7671.0,8737.0,16408.0,760681.0,0.9574933513522751,9.705524299752216,13.49853286196973,Queens
260,2022,12341.0,872822.0,10722.0,7131.0,17853.0,903016.0,0.966563161671554,9.789926840312962,13.67948691941614,Queens
260,2023,12098.0,975823.0,13549.0,6575.0,20124.0,1008045.0,0.9680351571606426,9.909668411611209,13.791036496489868,Queens
260,2024,11328.0,1036297.0,9686.0,10983.0,20669.0,1068294.0,0.9700485072461327,9.936390272211836,13.851164340253519,Queens
260,2025,13605.0,1116571.0,5314.0,29199.0,34513.0,1164689.0,0.9586859668117411,10.449091343637994,13.925772939821323,Queens
261,2019,89428.0,861898.0,123.0,487964.0,488087.0,1439413.0,0.5987843655712433,13.098248947634051,13.66689221317799,Manhattan
261,2020,5355.0,402743.0,169.0,108743.0,108912.0,517010.0,0.77898493259318,11.598295495687733,12.906053920379177,Manhattan
261,2021,2650.0,586496.0,100.0,124795.0,124895.0,714041.0,0.8213758033502278,11.735228663286746,13.281921126933058,Manhattan
261,2022,7585.0,849772.0,9.0,195462.0,195471.0,1052828.0,0.8071327890215686,12.18316730980854,13.65272335719086,Manhattan
261,2023,9357.0,896184.0,1.0,192413.0,192414.0,1097955.0,0.8162301733677609,12.167404579639259,13.705901028017033,Manhattan
261,2024,6667.0,891827.0,23.0,208631.0,208654.0,1107148.0,0.8055174195319867,12.248432656696233,13.701027446563812,Manhattan
261,2025,8549.0,897047.0,68.0,223126.0,223194.0,1128790.0,0.794697862312742,12.315796627407543,13.706863536546749,Manhattan
262,2019,119621.0,1106487.0,342.0,1012614.0,1012956.0,2239064.0,0.4941739048102243,13.828383346946906,13.91670068964688,Manhattan
262,2020,2540.0,593513.0,290.0,358787.0,359077.0,955130.0,0.6213949933516904,12.79129212915153,13.293814396751534,Manhattan
262,2021,3015.0,685169.0,408.0,442742.0,443150.0,1131334.0,0.605629283659821,13.001663592166544,13.437420802143608,Manhattan
262,2022,5906.0,842296.0,124.0,525803.0,525927.0,1374129.0,0.6129671959473965,13.172917698818596,13.643886775390362,Manhattan
262,2023,9851.0,911467.0,74.0,496880.0,496954.0,1418272.0,0.6426602231447847,13.116252745463266,13.722810668386229,Manhattan
262,2024,7333.0,875527.0,55.0,544514.0,544569.0,1427429.0,0.613359403514991,13.207749935089714,13.68258126975279,Manhattan
262,2025,8544.0,824341.0,100.0,574883.0,574983.0,1407868.0,0.5855243531353792,13.262095754125037,13.622339558236998,Manhattan
263,2019,156719.0,1438645.0,4180.0,1538838.0,1543018.0,3138382.0,0.45840340659613776,14.249250796863775,14.179212256337681,Manhattan
263,2020,4924.0,809697.0,1791.0,567409.0,569200.0,1383821.0,0.5851168612125413,13.251987145197834,13.604415382591387,Manhattan
263,2021,4004.0,958670.0,1831.0,727313.0,729144.0,1691818.0,0.5666507863138943,13.49962652234834,13.77330218620038,Manhattan
263,2022,10525.0,1184307.0,1023.0,824780.0,825803.0,2020635.0,0.586106347757017,13.62411152526841,13.984668351356646,Manhattan
263,2023,12792.0,1298794.0,821.0,708901.0,709722.0,2021308.0,0.6425512588878093,13.472628623046283,14.07694669955125,Manhattan
263,2024,8993.0,1302318.0,626.0,744445.0,745071.0,2056382.0,0.6333054850703809,13.521234794834172,14.079656311560345,Manhattan
263,2025,10624.0,1262111.0,626.0,780798.0,781424.0,2054159.0,0.6144173844381082,13.568873175234332,14.048296273841416,Manhattan
264,2019,16808715.0,2382.0,2522.0,711885.0,714407.0,17525504.0,0.00013591620531997254,13.479208106928672,7.775695749915245,
264,2020,8484542.0,1.0,582.0,148976.0,149558.0,8634101.0,1.1581981725717593e-07,11.915439556442129,0.0,
264,2021,2354.0,57.0,586.0,212472.0,213058.0,215469.0,0.0002645392144577642,12.269319708094002,4.04305126783455,
264,2022,38.0,1.0,718.0,448268.0,448986.0,449025.0,2.2270474917877623e-06,13.014746985837382,0.0,
264,2023,141.0,0.0,446.0,319473.0,319919.0,320060.0,0.0,12.67582311773437,0.0,
264,2024,70.0,0.0,518.0,113664.0,114182.0,114252.0,0.0,11.645548945567331,0.0,
264,2025,3.0,5.0,523.0,74933.0,75456.0,75464.0,6.625675818933531e-05,11.231304983897044,1.6094379124341003,
265,2019,415106.0,10457.0,2455.0,23295.0,25750.0,451313.0,0.023170172363747556,10.156189906091882,9.25502688959859,
265,2020,50955.0,9973.0,2147.0,31487.0,33634.0,94562.0,0.10546519743660245,10.423292739082695,9.207636720401869,
265,2021,48435.0,12029.0,1679.0,92436.0,94115.0,154579.0,0.07781781483901436,11.452272717758278,9.395075679994072,
265,2022,50655.0,10514.0,571.0,54486.0,55057.0,116226.0,0.09046168671381619,10.916124291196926,9.260462981379394,
265,2023,44569.0,10831.0,409.0,14012.0,14421.0,69821.0,0.15512524885063234,9.57644075656207,9.290167671835738,
265,2024,31148.0,9428.0,264.0,9246.0,9510.0,50086.0,0.1882362336780737,9.160099155539436,9.151439264056021,
265,2025,33571.0,10365.0,254.0,9160.0,9414.0,53350.0,0.1942830365510778,9.149953221961088,9.24619002486988,
