{"type": "FeatureCollection", "features": [{"type": "Feature", "geometry": {"type": "MultiLineString", "coordinates": [[[-74.00342420169805, 40.74012706105822], [-74.00339053252095, 40.74011301441604], [-74.00333234586506, 40.740088738787], [-74.00328634581437, 40.74006954880598], [-74.00324036022491, 40.74005036429569], [-74.00319438548789, 40.74003118251142], [-74.00314842521226, 40.740012008942585], [-74.00310246135429, 40.7399928326107], [-74.00305647587072, 40.739973648026755], [-74.00301047237033, 40.73995445793532], [-74.00299810180684, 40.739949295380285], [-74.0029644869396, 40.7399352705698], [-74.00295078117173, 40.739929553604235], [-74.00291850875291, 40.73991609141996], [-74.00290343530402, 40.73990980357499], [-74.00287253059263, 40.7398969095069], [-74.00285609307292, 40.73989005078144], [-74.00282655606743, 40.73987772757537], [-74.00280876891334, 40.7398703089469], [-74.00278060322094, 40.73985855934865], [-74.00276144117325, 40.739850567092994], [-74.00273461070547, 40.739839374636006], [-74.0027140954178, 40.739830816985695], [-74.0026886073905, 40.7398201844157], [-74.00266678577715, 40.73981108332659], [-74.00264262936274, 40.73980100790011], [-74.00261939316529, 40.73979131671285], [-74.00259662249213, 40.73978181764302], [-74.00258468864115, 40.73977683893197], [-74.00255192559233, 40.73976317354407], [-74.00251906512305, 40.73974946697768], [-74.00250226680978, 40.73974244901387], [-74.00248625879681, 40.73973577137974], [-74.00247548695027, 40.739731275708536], [-74.00245860564773, 40.73972424127158], [-74.00243531537372, 40.73971452260075], [-74.00242465179402, 40.73971007907274], [-74.0023949309068, 40.739697681651265], [-74.00237933069343, 40.73969117965782], [-74.00236519559628, 40.7396852842224], [-74.00235585279268, 40.739681384121724], [-74.00233209703278, 40.739671476051576], [-74.00231460589822, 40.73966418085438], [-74.00228490309512, 40.73965178889357], [-74.0022733121124, 40.73964695287044], [-74.00223203999978, 40.73962973310547], [-74.00219086534172, 40.73961254626086], [-74.00218423625995, 40.73960978242178], [-74.00217725353139, 40.73960686762766], [-74.00213491691854, 40.73958919770863], [-74.00209265971813, 40.73957155796483], [-74.00205037006228, 40.73955390173753], [-74.00200809486334, 40.73953625098389], [-74.0019658088609, 40.739518594725396], [-74.0019235192722, 40.73950093570662], [-74.00188123692307, 40.739483276672175], [-74.00183896903094, 40.739465625856205], [-74.00179679859401, 40.73944801070491], [-74.00178995663575, 40.739445150780064], [-74.00178310746081, 40.7394422881102], [-74.0017384976227, 40.739423651927595], [-74.0016810519376, 40.73939965267069], [-74.00164922389189, 40.73938635480836], [-74.00160459247687, 40.73936770759503], [-74.00156616790866, 40.73935165407056], [-74.0015599177835, 40.73934904389641], [-74.00152375223001, 40.73933392903229], [-74.00148016738306, 40.73931571268276], [-74.0014315557641, 40.73929539664417], [-74.00139035986693, 40.73927817657575], [-74.00134914594797, 40.73926094551379], [-74.00130764697039, 40.73924359092645], [-74.00126141713486, 40.739224257409916], [-74.0012154796228, 40.739205044640755], [-74.00116952770279, 40.739185820874354], [-74.00112359746079, 40.73916660257892], [-74.00107764920232, 40.73914737603094], [-74.00103172262176, 40.739128152209204], [-74.00098577802483, 40.73910892013498], [-74.0009398514973, 40.739089693531746], [-74.00089391056193, 40.73907046142074], [-74.00084798408739, 40.73905123203595], [-74.00080193133894, 40.73903194773871], [-74.00074871558452, 40.73900966620064], [-74.0006998229424, 40.73898919340323], [-74.0006580067482, 40.738971676642684], [-74.00061615449029, 40.738954151632875], [-74.00057433834009, 40.73893663484187], [-74.00053248973475, 40.73891910980152], [-74.00049067723708, 40.73890159023527], [-74.00044197239907, 40.73888120515937], [-74.00038881101393, 40.73885895364659], [-74.00034313743038, 40.73883983659392], [-74.00029744222162, 40.738820711288916], [-74.00025173621346, 40.738801580476185], [-74.00020605549138, 40.73878246336906], [-74.0001603495357, 40.738763335264764], [-74.00011467969176, 40.738744223610695], [-74.00006897378849, 40.738725100959556], [-74.00002326069439, 40.738705972800695], [-73.99997758732059, 40.73868686109215], [-73.99993188149602, 40.73866773564164], [-73.9998861720892, 40.73864860742822], [-73.99984050240253, 40.73862949566516], [-73.9997947930482, 40.738610364670635], [-73.99974602729087, 40.7385899518519], [-73.9996999715716, 40.73857067809175], [-73.9996572429445, 40.73855279316767], [-73.99960971138823, 40.73853290179764], [-73.99956490068958, 40.738514149490406], [-73.99951538089148, 40.738493423669205], [-73.99946857112445, 40.73847383142181], [-73.99942177221051, 40.73845424738962], [-73.99937498775817, 40.73843466608326], [-73.99932815281407, 40.73841506554422], [-73.99928135398272, 40.73839547871005], [-73.99923454435329, 40.73837588911205], [-73.99918775279394, 40.738356304984535], [-73.99914093239411, 40.73833670711403], [-73.99909413728136, 40.73831712020362], [-73.99904734580456, 40.738297536018926], [-73.99900053992127, 40.73827794632556], [-73.99895374489101, 40.73825836210268], [-73.99890693545424, 40.738238772371126], [-73.9988601440875, 40.73821919085488], [-73.99881332027175, 40.73819959559551], [-73.9987665253515, 40.73818001404111], [-73.99871973406728, 40.73816042972296], [-73.9986729247681, 40.73814084264074], [-73.99862612993032, 40.73812126102911], [-73.99857932068612, 40.73810167390877], [-73.99853252590349, 40.73808208951427], [-73.99848570949759, 40.73806249137665], [-73.99843891476999, 40.73804290419927], [-73.99839212728705, 40.738023314258136], [-73.9983453217891, 40.73800372155295], [-73.99829853436115, 40.73798413157372], [-73.99825173974388, 40.737964536085805], [-73.99820486215938, 40.737944904895706], [-73.99819760553642, 40.737941863596745], [-73.99819003136906, 40.73793869328898], [-73.99814916551968, 40.73792157361891], [-73.9981083393843, 40.737904470403485], [-73.99806752048686, 40.73788736991841], [-73.99804250665386, 40.73787688728657], [-73.99802672326115, 40.737870274908694], [-73.99801919602022, 40.73786711831422], [-73.99801167238837, 40.737863967208845], [-73.99797026897117, 40.737846611417105], [-73.99792883309962, 40.73782923914138], [-73.9978874549849, 40.73781188880979], [-73.99784603719901, 40.737794516504486], [-73.99780457974191, 40.73777712497023], [-73.99779978411615, 40.737775112975186], [-73.99779023255842, 40.737771105453774], [-73.99776228514736, 40.73775937658697], [-73.997725222818, 40.737743821348744], [-73.99770995188769, 40.7377374093044], [-73.99768726561254, 40.737727887304814], [-73.99765753206015, 40.73771540082496], [-73.99761902640464, 40.737699230698574], [-73.99757359256999, 40.73768014548636], [-73.99756706851741, 40.73767740334102], [-73.99755967844084, 40.73767429886963], [-73.99751277961633, 40.73765459328825], [-73.99746585916922, 40.73763487121879], [-73.9974189423584, 40.7376151491302], [-73.9973720255756, 40.73759542153292], [-73.99732511242914, 40.73757569117184], [-73.99727819931047, 40.73755596079157], [-73.99723128982818, 40.73753622764746], [-73.9971843767653, 40.73751649173939], [-73.9971374709472, 40.73749675581231], [-73.99709056154863, 40.73747701437647], [-73.99704365578621, 40.73745727566632], [-73.99699673922628, 40.73743753419197], [-73.99694986960357, 40.7374178091682], [-73.99691157358103, 40.73740169096046], [-73.99687592253716, 40.737386689926005], [-73.99684029315998, 40.73737169437059], [-73.996796324784, 40.73735319352338], [-73.99676042842106, 40.737338085400886], [-73.9967272239389, 40.7373241136713], [-73.99669397616978, 40.73731012546234], [-73.99664423083586, 40.737289200774356], [-73.99659719543553, 40.73726941247253], [-73.99655014562951, 40.73724961866146], [-73.99650309585161, 40.73722982208639], [-73.9964560388849, 40.73721002274707], [-73.99640899998803, 40.73719023162329], [-73.99636194307719, 40.7371704322454], [-73.99631491145317, 40.737150641083275], [-73.99626786181487, 40.73713084715657], [-73.99622081220475, 40.737111050465835], [-73.99617374458057, 40.737091248265735], [-73.99612667337622, 40.7370714405567], [-73.99607966715028, 40.737051663022854], [-73.99603262486853, 40.73703187174478], [-73.9959855753982, 40.73701207495763], [-73.99593852234747, 40.73699227540636], [-73.99592019187193, 40.736984564748], [-73.99589146932442, 40.73697248132533], [-73.99584444519638, 40.7369526954603], [-73.99579740305454, 40.7369329013411], [-73.9957503392905, 40.73691309896758], [-73.99570327555442, 40.73689329657475], [-73.99565624071298, 40.73687350788753], [-73.9956091914663, 40.736853710946214], [-73.99556213503078, 40.73683391124054], [-73.9955151110982, 40.73681412798545], [-73.99546805471861, 40.73679432824126], [-73.99542099115051, 40.736774522987986], [-73.99537395647678, 40.736754734185105], [-73.9953269073978, 40.736734937128126], [-73.99527985834675, 40.736715140051885], [-73.99523278767369, 40.736695334721176], [-73.99518574950346, 40.73667554309634], [-73.99513872579479, 40.736655754197564], [-73.99509167685558, 40.736635957044214], [-73.99504462794411, 40.736616162616365], [-73.99499757906086, 40.73659636542445], [-73.99495051577223, 40.736576562723116], [-73.99490344168669, 40.736556754512506], [-73.99485643618692, 40.73653697647796], [-73.99480939824055, 40.7365171819542], [-73.99476234949708, 40.736497384665874], [-73.99471530078152, 40.73647758735834], [-73.99466823405226, 40.73645778454116], [-73.99462117095938, 40.736437981704846], [-73.99457412954435, 40.73641818708455], [-73.99452710980688, 40.736398403425014], [-73.99448006844773, 40.73637860876619], [-73.99443300546672, 40.73635880585277], [-73.99438594251367, 40.73633900292004], [-73.994338908455, 40.736319210948515], [-73.9942919321568, 40.73629944366331], [-73.99424480433824, 40.73627961596676], [-73.99419778118822, 40.736259829427475], [-73.99415072559154, 40.73624002914347], [-73.99410366280652, 40.736220223350315], [-73.99405662891532, 40.73620043400788], [-73.99400958061888, 40.73618063915595], [-73.99396253235068, 40.73616084153997], [-73.99391547689406, 40.73614103841485], [-73.99386843950623, 40.73612124899512], [-73.99382139132211, 40.73610144857656], [-73.99377930091912, 40.73608373990854], [-73.9937273022536, 40.73606185866106], [-73.99368025776124, 40.736042063674354], [-73.99363319525591, 40.73602225768845], [-73.99358612195331, 40.73600245168258], [-73.99353911723594, 40.735982670364066], [-73.99349208007195, 40.73596287804545], [-73.99344503211123, 40.73594308021744], [-73.99339798417846, 40.735923282370166], [-73.99335092184064, 40.73590347901327], [-73.99330385592268, 40.73588367289217], [-73.99325681529034, 40.7358638777322], [-73.99320979633517, 40.735844093533274], [-73.99316275575869, 40.735824298334805], [-73.99311569356071, 40.73580449488153], [-73.9930686313907, 40.735784691408924], [-73.99302159811461, 40.735764898897855], [-73.99297455043319, 40.735745103621866], [-73.99292749556385, 40.73572530009189], [-73.99288047680425, 40.7357055157581], [-73.99283342199048, 40.73568571493433], [-73.99278635998824, 40.735665911346075], [-73.99273932687986, 40.73564611871932], [-73.99269227936647, 40.73562632058293], [-73.99264523188107, 40.73560652242727], [-73.99259817720711, 40.73558672150709], [-73.99255114060213, 40.735566928803074], [-73.99250408598417, 40.735547127844356], [-73.99245705665147, 40.735527337846996], [-73.99241000930587, 40.73550753959497], [-73.99236296198816, 40.73548774132365], [-73.99231589665722, 40.73546793754234], [-73.99226882774651, 40.73544812825197], [-73.99222182381092, 40.735428349139006], [-73.99217478382148, 40.73540855353584], [-73.99212773664324, 40.73538875791288], [-73.99208068949328, 40.7353689595259], [-73.99203362793882, 40.735349152884396], [-73.99198656641201, 40.73532934896838], [-73.99193952656235, 40.7353095532688], [-73.99189250838947, 40.735289768530514], [-73.9918454685957, 40.735269972792466], [-73.99179842161352, 40.735250174289845], [-73.99175136022647, 40.73523037027741], [-73.99170429886746, 40.73521056624568], [-73.99165726640156, 40.73519077592056], [-73.99161020149045, 40.73517096910525], [-73.99159409825428, 40.73516419113469], [-73.99156319794623, 40.73515118697796], [-73.99151615474013, 40.73513138835996], [-73.99146909352127, 40.735111581487075], [-73.9914220323304, 40.735091774594906], [-73.99137500003214, 40.735071984154196], [-73.99132794611319, 40.73505218271353], [-73.99128092469479, 40.735032400469315], [-73.99123388526404, 40.73501260722544], [-73.99118682060355, 40.734992808470885], [-73.99113975236304, 40.734973006952], [-73.99109272023176, 40.73495322188513], [-73.99104567008818, 40.73493342581861], [-73.99099862358086, 40.73491362973303], [-73.99095155184497, 40.73489381990252], [-73.9909045198266, 40.734874026524295], [-73.99088520188887, 40.734865895036855], [-73.99085752752596, 40.734854246853736], [-73.99084104198135, 40.734847306806756], [-73.99080286076595, 40.734831233231574], [-73.99078846073029, 40.73482516891998], [-73.99076475534022, 40.73481518709733], [-73.9907508424083, 40.73480932867662], [-73.99071960326731, 40.73479617055939], [-73.99070567591117, 40.73479030389776], [-73.99066903543059, 40.73477486718528], [-73.9906498294033, 40.73476677409388], [-73.99063242383248, 40.734759438697694], [-73.99062173658274, 40.73475493643193], [-73.99060574540096, 40.73474819401366], [-73.99058784913609, 40.73474064996946], [-73.99057238835373, 40.73473413540448], [-73.99053903492968, 40.73472007129634], [-73.99050573203361, 40.734706026395955], [-73.9904610491671, 40.73468717996976], [-73.99041638436663, 40.734668339017176], [-73.99037172680809, 40.7346494980478], [-73.99032703319438, 40.7346306378448], [-73.9902823612551, 40.73461178311571], [-73.99023770738191, 40.734592933860306], [-73.99019305353478, 40.734574079098], [-73.99014837084798, 40.73455521333684], [-73.99010370261895, 40.734536353049066], [-73.99008124583918, 40.734526867992976], [-73.99005902359107, 40.734517487253434], [-73.9900423866766, 40.73451045924658], [-73.99001440953414, 40.734498648893606], [-73.99000349506034, 40.73449403676046], [-73.98998080739034, 40.734484461087845], [-73.989954255465, 40.734473249200505], [-73.98992318622311, 40.734460134797494], [-73.98990254075318, 40.73445141839602], [-73.98987935158836, 40.73444163131337], [-73.98985410582299, 40.73443097395789], [-73.98981585653674, 40.73441483142969], [-73.98978979175732, 40.73440382814869], [-73.98977766499866, 40.73439871085185], [-73.98975367848477, 40.73438858881309], [-73.98974776484326, 40.73438609330559], [-73.98970602659836, 40.73436847649736], [-73.9896637074757, 40.73435061259396], [-73.98962135229516, 40.73433273220322], [-73.98957898270501, 40.734314846306034], [-73.98953664561023, 40.73429697411988], [-73.98949429410622, 40.73427909368259], [-73.98945193180047, 40.734261210483936], [-73.98940954786939, 40.73424331628863], [-73.98940293789788, 40.734240524265964], [-73.98939658049083, 40.73423784205627], [-73.9893531033474, 40.734219483876075], [-73.98930966230837, 40.734201142151264], [-73.98926623211725, 40.73418280590061], [-73.98922275865444, 40.73416444492662], [-73.98917932129632, 40.73414609766335], [-73.9891358731377, 40.73412774763789], [-73.98909247190862, 40.734109411324226], [-73.98908503932884, 40.73410627062154], [-73.98907759592575, 40.7341031244279], [-73.9890361971944, 40.734085633667], [-73.98899476240543, 40.73406812092977], [-73.98895329877455, 40.73405059170623], [-73.98891182434159, 40.73403305697721], [-73.98887040044377, 40.73401553870661], [-73.98882895131158, 40.73399800943958], [-73.98878748777025, 40.733980466432435], [-73.98874606033095, 40.73396293988234], [-73.98873872880947, 40.7339598375937], [-73.98873130348011, 40.73395669412414], [-73.9886849114228, 40.73393705909507], [-73.98865627088995, 40.73392493544399], [-73.9886385554738, 40.73391743502983], [-73.98859214904039, 40.73389778623809], [-73.98854578232303, 40.73387815115532], [-73.98849940120137, 40.73385850781813], [-73.98845303453963, 40.73383886720839], [-73.98840667872967, 40.73381922932577], [-73.98836030490656, 40.73379958593312], [-73.98831395636827, 40.73377994526906], [-73.98826755373746, 40.73376027987796], [-73.98822118721387, 40.733740630940346], [-73.98817483514983, 40.73372098747499], [-73.98812846868141, 40.73370133575519], [-73.98808211667206, 40.733681692252425], [-73.9880357430428, 40.73366203500488], [-73.98798938387152, 40.73364239146397], [-73.98794300307941, 40.73362273966775], [-73.98789662953072, 40.7336030905983], [-73.98789223860346, 40.73360122919351], [-73.9878502740493, 40.73358344974633], [-73.98784561252486, 40.73358147577625], [-73.98780390416306, 40.73356380338461], [-73.98779897565012, 40.73356171684942], [-73.98775754512744, 40.733544165239536], [-73.98775235323464, 40.733541966139434], [-73.98771117168813, 40.73352451609524], [-73.98770574527983, 40.733522215412115], [-73.98766480909997, 40.73350487242285], [-73.98765911931179, 40.73350246191914], [-73.98761842849933, 40.733485220495524], [-73.98761251141173, 40.73348271389869], [-73.98757204792604, 40.733465568549505], [-73.98756588549948, 40.73346295762309], [-73.98751933538227, 40.733443234273864], [-73.98747175341202, 40.7334230743776], [-73.98743209457656, 40.733406269416115], [-73.98739247184055, 40.73338948091343], [-73.98735286716426, 40.7333727006333], [-73.98731321199601, 40.7333559011207], [-73.98727447327144, 40.73333948596122], [-73.9872694509849, 40.73333735822167], [-73.98725812919409, 40.733332559139214], [-73.98721207715715, 40.73331304981132], [-73.98716485977687, 40.73329304353456], [-73.98711765685684, 40.73327304272953], [-73.98707047200487, 40.73325305014135], [-73.98702323666939, 40.733233038314815], [-73.98697497670472, 40.73321258993706], [-73.98696077941909, 40.73320657731865], [-73.9869288526751, 40.73319304755036], [-73.98688163546487, 40.733173041157144], [-73.98683442910662, 40.73315304023527], [-73.98678724442406, 40.73313305027547], [-73.98674001286695, 40.733113038332895], [-73.98669282463388, 40.73309304284437], [-73.98664562560492, 40.73307304459045], [-73.98659840856476, 40.733053038080776], [-73.98655120237655, 40.73303303704246], [-73.98650401786391, 40.73301304696626], [-73.98645679008517, 40.73299303490757], [-73.98640959841383, 40.73297303930226], [-73.98636239955488, 40.7329530409319], [-73.98631518629304, 40.73293303430619], [-73.98626798027485, 40.73291303315145], [-73.98622079593272, 40.73289304021411], [-73.9861735683241, 40.73287302803896], [-73.98612638043039, 40.73285303506241], [-73.98607915287849, 40.73283302284838], [-73.98603196143435, 40.73281302434311], [-73.98598476280208, 40.73279302581757], [-73.98593754976642, 40.73277302178129], [-73.98589034397553, 40.73275301772655], [-73.98584315986001, 40.732733024634086], [-73.9857959252624, 40.732713009557926], [-73.9857487267718, 40.73269301093535], [-73.98570154274123, 40.73267301778466], [-73.98565431544455, 40.73265300539589], [-73.98560712425476, 40.7326330094608], [-73.98555992587815, 40.73261300801586], [-73.98551271309752, 40.73259300380494], [-73.98546550756174, 40.732572999575545], [-73.98541832370113, 40.73255300630847], [-73.98537109657455, 40.73253299380322], [-73.98532390916236, 40.73251300049693], [-73.98529546828895, 40.73250094739654], [-73.98527670734755, 40.73249299893509], [-73.9852294947376, 40.73247299186297], [-73.98518229297946, 40.73245299026237], [-73.98513510928879, 40.7324329968789], [-73.98508787872412, 40.73241298425676], [-73.9850406878743, 40.7323929880888], [-73.98499349344526, 40.73237298915628], [-73.98494627739721, 40.732352981967246], [-73.98489907220089, 40.73233298024972], [-73.98485189228839, 40.73231298675036], [-73.98480466189385, 40.73229297401167], [-73.98475747121401, 40.732272977727376], [-73.98471027334682, 40.732252978677934], [-73.98466306107635, 40.73223297411767], [-73.98461585605071, 40.73221296953895], [-73.98456867630814, 40.73219297592328], [-73.98452144608372, 40.732172963068116], [-73.98447425557323, 40.73215296941212], [-73.98442705787603, 40.732132970246305], [-73.98437984577627, 40.73211296282484], [-73.98433264092, 40.732092960874475], [-73.9842854577392, 40.732072967141875], [-73.98423823129309, 40.73205295417069], [-73.98419104095322, 40.73203295765361], [-73.98414384342603, 40.732012958371335], [-73.98409663149634, 40.73199295083341], [-73.9840494268101, 40.73197294876662], [-73.98400224379925, 40.73195295491768], [-73.98395501391508, 40.73193294182953], [-73.98390783096089, 40.73191294794176], [-73.98386060113342, 40.73189293481477], [-73.98381341823588, 40.73187294088827], [-73.98378703435704, 40.73186176053531], [-73.98376621011217, 40.73185293595975], [-73.98371900201674, 40.731832931011844], [-73.98367179755722, 40.73181292878975], [-73.98362461838117, 40.731792934786185], [-73.98357738872382, 40.73177292154271], [-73.98353019878061, 40.731752924754005], [-73.98348300165007, 40.731732925200106], [-73.98343579011652, 40.73171292013524], [-73.98338858582702, 40.73169291779677], [-73.98334140682091, 40.73167292367678], [-73.98329417733369, 40.731652910316804], [-73.98324698756046, 40.73163291341173], [-73.98319979060061, 40.73161291099669], [-73.98315257923711, 40.73159290581538], [-73.98310537511763, 40.73157290336044], [-73.98305819267402, 40.73155290637884], [-73.98301096696439, 40.73153289564767], [-73.98296378096995, 40.73151289588198], [-73.98291658417946, 40.731492896095254], [-73.98286936937856, 40.73147288805222], [-73.98282216903729, 40.7314528854814], [-73.98277498676292, 40.73143289112815], [-73.98272775040034, 40.731412874789406], [-73.98268055375148, 40.73139287490566], [-73.98263337156214, 40.731372880494256], [-73.98258614610833, 40.731352866843594], [-73.98253896036823, 40.73133286964809], [-73.98249176383342, 40.73131286694199], [-73.98244454928695, 40.73129286146902], [-73.98239734920067, 40.73127285872361], [-73.98233654075375, 40.73124708988671], [-73.98230295272054, 40.731232855919835], [-73.98225575271933, 40.73121285311622], [-73.98220857078486, 40.73119285853025], [-73.98216134197814, 40.731172844704325], [-73.98211415649293, 40.73115284733423], [-73.9820669566043, 40.73113284719774], [-73.98201974592178, 40.731112838805906], [-73.98197254609056, 40.73109283588588], [-73.98192536432607, 40.73107284118349], [-73.98187813208206, 40.7310528244958], [-73.98183093955136, 40.73103282426342], [-73.98178372540247, 40.73101281577395], [-73.98173652210478, 40.73099281275633], [-73.9816893440901, 40.73097281795755], [-73.98164211559522, 40.7309528039181], [-73.9815949304217, 40.730932806334614], [-73.98154773445363, 40.73091280324053], [-73.98150052047404, 40.73089279737938], [-73.98145331734638, 40.73087279424534], [-73.98140613950166, 40.73085279933021], [-73.98135891117688, 40.73083278517422], [-73.98131172617335, 40.73081278747441], [-73.98126453037452, 40.73079278700864], [-73.98121731656576, 40.73077277828628], [-73.98117011360814, 40.730752775035825], [-73.98112293593337, 40.73073278000431], [-73.98107570777873, 40.73071276573189], [-73.98102851933703, 40.73069276791506], [-73.9809813237082, 40.73067276733292], [-73.98093411367765, 40.73065275849471], [-73.98088691089005, 40.73063275512782], [-73.98083973338524, 40.730612759979984], [-73.98079250540071, 40.73059274559102], [-73.98074531712899, 40.73057274765785], [-73.98069811806286, 40.73055274421395], [-73.980672341317, 40.73054181850917], [-73.98065091902505, 40.73053274075062], [-73.98060371280023, 40.73051273452192], [-73.98055653185725, 40.730492739257144], [-73.98050930404285, 40.7304727247517], [-73.98046211594112, 40.73045272670212], [-73.98041492426123, 40.73043272314304], [-73.98036771457, 40.7304127168167], [-73.98032051212327, 40.7303927104722], [-73.98027333135025, 40.73037271509102], [-73.98022610370516, 40.73035270321385], [-73.98017891938152, 40.730332705048546], [-73.9801317242627, 40.73031270411722], [-73.98008451113425, 40.73029269492908], [-73.98003731246565, 40.73027268846873], [-73.97999013186259, 40.73025269297121], [-73.97994290799735, 40.73023267548869], [-73.97989572384287, 40.730212679951755], [-73.97984850003353, 40.73019266517516], [-73.97980131232843, 40.730172666853996], [-73.97975411382737, 40.73015266851157], [-73.97970690453211, 40.73013266465834], [-73.97965969887238, 40.73011266353103], [-73.97961251488617, 40.7300926733672], [-73.979565287638, 40.7300726612183], [-73.97951810010203, 40.7300526655255], [-73.9794709053799, 40.730032664322515], [-73.97942369264743, 40.730012657607425], [-73.97937649076755, 40.72999265087484], [-73.97932931416993, 40.72997265236169], [-73.97928209070167, 40.7299526346074], [-73.9792349105544, 40.729932630565266], [-73.97918772322186, 40.72991261826819], [-73.97914052509688, 40.72989259497076], [-73.97909333782276, 40.72987257714536], [-73.97908611182349, 40.729869509941274], [-73.97907861886323, 40.72986633015326], [-73.9790329251692, 40.72984693837864], [-73.97898725314846, 40.729827552079314], [-73.97894157033355, 40.72980815478084], [-73.97889589836771, 40.72978876295564], [-73.97885024446875, 40.72976937111565], [-73.97880459420442, 40.72974997925812], [-73.9787589151013, 40.72973059012192], [-73.97871323241932, 40.72971119273256], [-73.9786675678034, 40.729691798073155], [-73.97862191043102, 40.729672400652184], [-73.97861450409694, 40.72966925653175], [-73.97860696067684, 40.72966605200076], [-73.97855968715389, 40.729645959831586], [-73.97852327963663, 40.72963047811478], [-73.97851241366213, 40.7296258594087], [-73.97848123713047, 40.72961259367235], [-73.97846517266959, 40.7296057644619], [-73.97843920547105, 40.72959470921653], [-73.97841105931411, 40.72958273680837], [-73.9783706835628, 40.72956554706114], [-73.97835512418942, 40.72955891006305], [-73.97832343183963, 40.72954542735118], [-73.97831308538242, 40.729541022814956], [-73.97827617653788, 40.72952530487639], [-73.97822897898352, 40.72950521258536], [-73.97822197673332, 40.72950223594611], [-73.97821503220804, 40.72949927304112], [-73.97818450875712, 40.72948629554707], [-73.97816981522621, 40.72948004295371], [-73.978123746886, 40.72946046410279], [-73.97807809343485, 40.72944107744526], [-73.97803240753068, 40.72942171272142], [-73.97798671803677, 40.72940237268155], [-73.9779410069139, 40.72938305457737], [-73.97789524890844, 40.72936375016979], [-73.97784951977832, 40.72934449241035], [-73.97780394578463, 40.729325341708055], [-73.97776365323548, 40.72930843721793], [-73.97774334281756, 40.729299941019704], [-73.97769666856142, 40.729280408541136], [-73.97764977425992, 40.7292608238505], [-73.97760285111251, 40.72924126658263], [-73.97755590995064, 40.729221714781644], [-73.97750895797739, 40.7292022068754], [-73.97746198798592, 40.72918271541498], [-73.97741501080026, 40.72916324040248], [-73.97736802281237, 40.72914378183712], [-73.97732099516642, 40.729124315010466], [-73.97727400000524, 40.72910489208707], [-73.97722701930917, 40.729085452678774], [-73.97717998813566, 40.729065991283186], [-73.97713297502597, 40.72904654085094], [-73.97708600162258, 40.7290271178549], [-73.97703899579136, 40.72900764542757], [-73.97699200442163, 40.728988167494386], [-73.97694503112041, 40.72896868680081], [-73.97689805785039, 40.728949195109], [-73.97685109543103, 40.72892970614491], [-73.97680412943012, 40.72891021990564], [-73.97675712016246, 40.72889072814896], [-73.97671015781779, 40.72887126108526], [-73.97666319550159, 40.72885179125761], [-73.97661618631535, 40.728832302187946], [-73.97656919519281, 40.72881282408175], [-73.97652224738904, 40.72879335968891], [-73.97647525271539, 40.72877387605402], [-73.97642826167522, 40.728754397890114], [-73.97638128509362, 40.72873492245475], [-73.9763343049325, 40.72871544425465], [-73.97628731397572, 40.72869596328831], [-73.97624033747553, 40.728676490540046], [-73.97619335739672, 40.72865701228224], [-73.97614638095243, 40.728637536750774], [-73.9760994045346, 40.72861806394482], [-73.97605239567814, 40.7285985746444], [-73.97600543374627, 40.728579104547755], [-73.97595847184081, 40.728559637176666], [-73.97591146306678, 40.72854014781853], [-73.97586447235727, 40.7285206666792], [-73.97581752496419, 40.728501204743004], [-73.97577053070262, 40.72848172081972], [-73.97572354007546, 40.72846223962268], [-73.97567656751276, 40.72844276664455], [-73.97562958415553, 40.728423288155355], [-73.97558260804077, 40.72840381239325], [-73.97553563556045, 40.728384339357454], [-73.97548862342573, 40.72836484982542], [-73.97544166182331, 40.72834537949828], [-73.97539470024725, 40.72832591189664], [-73.97534769180302, 40.728306422307696], [-73.9753007014231, 40.728286940937686], [-73.97525375435931, 40.72826747877102], [-73.9752067604274, 40.728247994617014], [-73.97515977012884, 40.72822851593405], [-73.97511279428868, 40.72820903997978], [-73.97506581126001, 40.728189564004666], [-73.97501883908274, 40.728170088012725], [-73.97497186332392, 40.72815061474554], [-73.97492484791209, 40.72813112223717], [-73.97490195167292, 40.72812162862666], [-73.97487789746091, 40.72811165717131], [-73.97483091817857, 40.72809217835618], [-73.97478391006406, 40.72807268853647], [-73.97473695609244, 40.7280532096884], [-73.97469002741765, 40.72803369514485], [-73.97464307353124, 40.728014136660505], [-73.97459612327305, 40.72799459737103], [-73.97454919827717, 40.727975112963044], [-73.9745021939293, 40.72795563949735], [-73.97445517155649, 40.72793619894548], [-73.9744081491984, 40.72791679131142], [-73.97436109799561, 40.72789740560974], [-73.97431397826897, 40.72787801987349], [-73.97430687533009, 40.72787507316528], [-73.97429972188144, 40.727872123700585], [-73.97426896527257, 40.72785952937921], [-73.9742545682038, 40.727853578274164], [-73.97420800044196, 40.727834489051496], [-73.97416150849735, 40.72781533944235], [-73.974114948008, 40.72779624194933], [-73.9740684849954, 40.72777705388238], [-73.9740220833929, 40.72775774229646], [-73.97397584063052, 40.727738268787085], [-73.973929648444, 40.72771869920404], [-73.97388353568972, 40.72769905276723], [-73.97383740492607, 40.72767939807353], [-73.97379130669465, 40.72765965828129], [-73.97374524097398, 40.7276398882856], [-73.97373721466089, 40.72763640884884], [-73.97371780360467, 40.72762801369952], [-73.97368268620637, 40.72761289853927], [-73.9736363464539, 40.72759285670639], [-73.97359003561895, 40.72757274898724], [-73.97354379339228, 40.727552567156735], [-73.97349765225205, 40.72753229475391], [-73.97345157252843, 40.72751188785363], [-73.97340558669754, 40.72749133548442], [-73.97335977772788, 40.727470673347476], [-73.97331403739126, 40.72744987671507], [-73.9732684450923, 40.72742887149729], [-73.97322305133353, 40.72740767966411], [-73.97318729977452, 40.72739105458875], [-73.97312758915722, 40.72736247873286], [-73.97308112441397, 40.72734009536923], [-73.97303480043563, 40.72731765163513], [-73.9729866731215, 40.72729373352502], [-73.97294238750578, 40.72727173488231], [-73.97289837256521, 40.727249610027414], [-73.97285451288741, 40.72722725737745], [-73.97281085178467, 40.72720463577139], [-73.97276746862698, 40.727181756207344], [-73.97274237738411, 40.727168380561054], [-73.97272416137223, 40.72715861589299], [-73.97268102731756, 40.72713550030618], [-73.97263781394233, 40.72711232704439], [-73.97259477744599, 40.727089005591516], [-73.97255173378207, 40.72706564020468], [-73.97250864323865, 40.72704229125905], [-73.97246554907444, 40.72701904659705], [-73.97242232862125, 40.72699590344459], [-73.97237898908357, 40.72697288925086], [-73.97233553046809, 40.72694998754712], [-73.97229204659396, 40.72692716541876], [-73.97224861327639, 40.72690430485954], [-73.97220536410283, 40.726881178086856], [-73.97217105699093, 40.72686276071716], [-73.97216222321944, 40.72685799642892], [-73.97212821562759, 40.72683948305232], [-73.97211924481013, 40.72683460344782], [-73.9720394455965, 40.72679061583973], [-73.97202845490075, 40.72678446491526], [-73.97173962158598, 40.726603761944446], [-73.97172044752979, 40.72659080747424], [-73.97170079362, 40.72657788033042], [-73.96929704824129, 40.725080268440124], [-73.96820008450969, 40.72439650686241], [-73.96799252656369, 40.72426711362351], [-73.96348220650908, 40.721455438148375], [-73.96333106327701, 40.72136121194516], [-73.96331199279638, 40.721349310084946], [-73.9633024575586, 40.72134335915369], [-73.96329284298396, 40.72133735604588], [-73.96328334020748, 40.72133142433669], [-73.96327390956064, 40.72132553656585], [-73.96326432744743, 40.72131955542408], [-73.96325473091011, 40.72131356604258], [-73.96324521371608, 40.72130762334662], [-73.96323572537398, 40.72130169987229], [-73.9632261252372, 40.72129570499779], [-73.96321656837672, 40.72128974032866], [-73.96320713052948, 40.72128384706046], [-73.96319757006636, 40.72127787964383], [-73.96317847439234, 40.721265955795246], [-73.96268688663429, 40.72095903228945], [-73.96266776229307, 40.720947089133006], [-73.9626581478343, 40.72094108322712], [-73.96264858025893, 40.72093510752799], [-73.96263901268374, 40.72092913457284], [-73.96262940183614, 40.72092313141047], [-73.96261986311583, 40.720917174931635], [-73.96261024866564, 40.72091116902173], [-73.96260065945954, 40.72090518233255], [-73.9625910630415, 40.720899192895466], [-73.96258145941465, 40.72089319522094], [-73.96257192430895, 40.720887241484], [-73.96256234232177, 40.72088126028351], [-73.9625527350925, 40.72087526260539], [-73.96253358194492, 40.72086330843808], [-73.95876855994176, 40.71851100338443], [-73.9587497579495, 40.718499251821406], [-73.9587403749872, 40.71849338565188], [-73.95873094514492, 40.71848749476189], [-73.95872154054801, 40.71848161760399], [-73.95871212152974, 40.718475729461126], [-73.9587026628465, 40.71846981660042], [-73.95869331234424, 40.71846397514148], [-73.95868386808732, 40.718458073263406], [-73.95867439859012, 40.71845215490695], [-73.95866503727555, 40.71844630520755], [-73.95865562908621, 40.71844042255342], [-73.95864619565492, 40.71843452616566], [-73.95863681270914, 40.71842866273241], [-73.95862737206797, 40.71842276359573], [-73.95861793864161, 40.718416867205654], [-73.95860855930826, 40.71841100377133], [-73.95859912227783, 40.71840510737839], [-73.95855814316225, 40.71837949225822], [-73.95810800605413, 40.71809806829237], [-73.9580892367531, 40.718086330356414], [-73.95807990439208, 40.718080494343454], [-73.95807055039504, 40.71807464734284], [-73.95806117476538, 40.71806878386497], [-73.95805177389578, 40.71806290390858], [-73.95804244514531, 40.71805707338339], [-73.95803310197363, 40.71805123187315], [-73.95802370110725, 40.718045354659225], [-73.95801441203128, 40.71803954335954], [-73.95800500756076, 40.718033666142766], [-73.95799567521449, 40.71802783012294], [-73.95798629238664, 40.71802196114681], [-73.95797690955872, 40.71801609491465], [-73.95796756279283, 40.71801025065301], [-73.95795816193802, 40.71800437343369], [-73.9579489161435, 40.71799859233684], [-73.95793955135234, 40.71799273708726], [-73.95785682970379, 40.71794101476793], [-73.95755648703236, 40.71775319028253], [-73.95607416878856, 40.71682228123759], [-73.9560443374929, 40.716803454517624], [-73.95595811780946, 40.71674906158178], [-73.95594402252043, 40.71674017139846], [-73.95593932769714, 40.716737210749805], [-73.95593449224907, 40.71673415672521], [-73.95592983348384, 40.71673122079278], [-73.95592516750797, 40.71672827936789], [-73.95592046547532, 40.71672531322618], [-73.95591579589471, 40.71672236905477], [-73.95591102895588, 40.71671936446115], [-73.95590636658896, 40.71671642303684], [-73.95590169700966, 40.71671347886485], [-73.95589690843882, 40.71671045779381], [-73.95589225688985, 40.716707524607365], [-73.95588756207117, 40.71670456395653], [-73.95588279513665, 40.716701556616975], [-73.95587812555942, 40.71669861244403], [-73.95587346679916, 40.71669567650933], [-73.95586871428993, 40.716692677408986], [-73.95586403389547, 40.71668972774178], [-73.9558593318682, 40.71668676159754], [-73.95585465868933, 40.716683811932725], [-73.95584989896705, 40.71668081282884], [-73.95584512121934, 40.71667779724928], [-73.95584045525094, 40.71667485582093], [-73.9558357712553, 40.71667190066166], [-73.95583108726007, 40.7166689455022], [-73.95582643571684, 40.716666012313084], [-73.95582165076023, 40.716662991240284], [-73.95581686940771, 40.71665997565813], [-73.95581228277082, 40.716657083664806], [-73.95579810098252, 40.716648135790344], [-73.95546250271961, 40.71643605602617], [-73.95544815517391, 40.71642697904037], [-73.95544336664972, 40.71642394971605], [-73.95543851682689, 40.716420881941154], [-73.95543376075683, 40.716417871842296], [-73.95542904074406, 40.71641488646008], [-73.95542417650051, 40.71641180769993], [-73.95541938797855, 40.716408778374586], [-73.95541463551568, 40.71640577102111], [-73.95540983617988, 40.71640273071219], [-73.95540506568855, 40.71639971237225], [-73.95540027716827, 40.71639668304613], [-73.95539548504296, 40.716393650973636], [-73.95539066767775, 40.71639060242259], [-73.95538586834229, 40.716387564857406], [-73.95538112670081, 40.71638456299625], [-73.95537631654787, 40.716381519936924], [-73.95537151721373, 40.71637848237114], [-73.9553667755717, 40.716375483254126], [-73.95536201590447, 40.71637246766138], [-73.9553572273881, 40.716369438333444], [-73.95535240642089, 40.71636638703467], [-73.95534761429992, 40.71636335496018], [-73.9553428221812, 40.7163603201407], [-73.9553380841491, 40.7163573210239], [-73.95533328481844, 40.716354283456525], [-73.95532848909373, 40.71635124863506], [-73.9553237150061, 40.716348224800846], [-73.95531892649326, 40.71634519547131], [-73.95531414879916, 40.71634217163531], [-73.95529984096164, 40.716333113859655], [-73.95502431845188, 40.716158747174845], [-73.95462182061969, 40.71590371621707], [-73.95438801314857, 40.71577116988863], [-73.95383884406957, 40.71542747433918], [-73.95380400557252, 40.71540566970578], [-73.9537446409858, 40.7153685339531], [-73.9537402528254, 40.71536579017342], [-73.95296029146327, 40.71487743360552], [-73.95290622413364, 40.71484417792974], [-73.95233229896623, 40.714486000122086], [-73.95231491280691, 40.71447490957472], [-73.95230738433588, 40.71447010586816], [-73.9522998991351, 40.71446532688183], [-73.95229239230177, 40.714460534162306], [-73.95228487825898, 40.71445573594973], [-73.95227734618699, 40.714450929494916], [-73.95226985377603, 40.71444615050368], [-73.95226231809899, 40.71444134404638], [-73.95225479323688, 40.7144365485721], [-73.95224724674033, 40.71443174210932], [-73.95223969302845, 40.714426938387824], [-73.9522321753663, 40.71442216761791], [-73.95222463967698, 40.714417385861], [-73.95221706432102, 40.71441258761855], [-73.95220948174381, 40.71440780035163], [-73.95220193521835, 40.714403043291554], [-73.95219430574932, 40.71439825600415], [-73.95218671233792, 40.714393490689325], [-73.952175798134, 40.714386681891924], [-73.95217149663101, 40.71438400121759], [-73.95216061486174, 40.714377239093125], [-73.95215684337447, 40.71437490447846], [-73.95215298174213, 40.71437252042052], [-73.95214920664226, 40.71437019403837], [-73.95214543153668, 40.71436787589041], [-73.95214156989536, 40.714365505555854], [-73.95213775151738, 40.71436316817631], [-73.95213397640275, 40.71436086375177], [-73.95213013277865, 40.71435852087193], [-73.95212625669961, 40.7143561642547], [-73.9521224707582, 40.71435386805953], [-73.95211861630533, 40.71435153615387], [-73.95211477266456, 40.714349217976405], [-73.95211101195086, 40.71434695472852], [-73.95210711421798, 40.714344614570166], [-73.95210325974651, 40.71434231011159], [-73.95209944493702, 40.71434003037224], [-73.95209556161214, 40.71433772041188], [-73.9520917540058, 40.71433545714385], [-73.95208787788408, 40.71433316365479], [-73.95208400175868, 40.71433087565511], [-73.95208011841711, 40.71432859039707], [-73.95207627833888, 40.71432633809403], [-73.95207242383204, 40.714324085784895], [-73.95206854408072, 40.7143218252308], [-73.95206462105877, 40.7143195427005], [-73.95206079538282, 40.714317328829615], [-73.9520569300415, 40.71431509572874], [-73.9520530070006, 40.714312840645626], [-73.95204908035075, 40.71431058830561], [-73.9520452618666, 40.71430840737435], [-73.95204141452686, 40.714306223686165], [-73.95203747343511, 40.714303990553105], [-73.95203358642829, 40.71430179037958], [-73.95202964532119, 40.71429957920431], [-73.95202579074832, 40.71429742296021], [-73.95202184242534, 40.71429521452648], [-73.95201787607043, 40.714293000595504], [-73.95201401787132, 40.714290871797125], [-73.952010019044, 40.71428866883143], [-73.95200605267014, 40.714286482347674], [-73.95200216200283, 40.714284359024845], [-73.95199818119463, 40.7142821807691], [-73.9519941534928, 40.71428000249366], [-73.95199029887668, 40.71427790937785], [-73.95198638657294, 40.71427577781122], [-73.95198236968761, 40.71427360777413], [-73.95197845375934, 40.71427150090859], [-73.95197449094925, 40.71426937755475], [-73.95197047043575, 40.71426723770813], [-73.95196656530614, 40.71426516378378], [-73.9519626493492, 40.71426309808909], [-73.95195854948743, 40.714260944485105], [-73.95195459024626, 40.71425887602732], [-73.95195067427227, 40.71425683503507], [-73.95194667535216, 40.71425476656041], [-73.9519425970971, 40.71425266511537], [-73.95193860897939, 40.714250624092585], [-73.95193471821733, 40.71424863800556], [-73.9519185132363, 40.714240484785996], [-73.95190231534298, 40.714232512721445], [-73.95189832354515, 40.714230575996645], [-73.95189418028984, 40.71422857607892], [-73.95189015962684, 40.71422665032081], [-73.95188608126043, 40.714224708069885], [-73.95188307747159, 40.71422328502795], [-73.95187993304489, 40.71422180154234], [-73.95187679583077, 40.71422032080443], [-73.95187382087632, 40.714218930711404], [-73.95187073413189, 40.71421749391062], [-73.95186766180653, 40.7142160708396], [-73.95186445244656, 40.71421459281596], [-73.9518613512637, 40.71421316973269], [-73.95185827531567, 40.714211768618014], [-73.95185522460838, 40.714210381237564], [-73.95185212341006, 40.71420898011216], [-73.95184893566237, 40.71420754601331], [-73.95184586330423, 40.71420616960262], [-73.95184274045505, 40.71420477944696], [-73.95183963563217, 40.71420340302251], [-73.95183646229007, 40.71420200186647], [-73.95183324206224, 40.714200589711695], [-73.95183016607372, 40.714199246236234], [-73.95182701435155, 40.7141978780261], [-73.95182390950355, 40.71419653728319], [-73.95182081547132, 40.71419520477893], [-73.95181755194558, 40.71419380907417], [-73.95181441102181, 40.71419247380537], [-73.95181132057934, 40.71419116600525], [-73.95180795606774, 40.71418974829981], [-73.95180484037306, 40.71418844323369], [-73.95180177155248, 40.71418716563476], [-73.95179864142318, 40.714185868796704], [-73.95179540310522, 40.71418453348662], [-73.9517921503565, 40.71418320091514], [-73.95178908151655, 40.71418195076348], [-73.95178580712087, 40.714180623672256], [-73.95178255435664, 40.7141793130586], [-73.95177938813607, 40.714178043652545], [-73.95177614257464, 40.714176749510294], [-73.9517729114323, 40.71417546909784], [-73.95176986059538, 40.714174265614105], [-73.95176658977385, 40.71417298518485], [-73.95176336222322, 40.71417172673167], [-73.95176017433421, 40.714170492997894], [-73.9517568926795, 40.71416922903236], [-73.95175357856394, 40.71416795956359], [-73.95175028607987, 40.71416670657238], [-73.95174714144619, 40.71416551677256], [-73.9517439499267, 40.71416431597397], [-73.95174075479417, 40.714163123408056], [-73.9517374478658, 40.71416189236852], [-73.95173412289952, 40.71416066406605], [-73.95173093135864, 40.714159493459434], [-73.95172767129267, 40.714158306355465], [-73.95172437876782, 40.71415711100347], [-73.95172108623711, 40.71415592388569], [-73.95171777206126, 40.7141547395035], [-73.95171446870123, 40.71415356336003], [-73.95171136007532, 40.714152464151454], [-73.95170801703608, 40.71415128799116], [-73.95170465956416, 40.71415011731421], [-73.95170148961587, 40.71414901807966], [-73.95169810689167, 40.714147850136726], [-73.95169481792337, 40.71414672614917], [-73.95169152895319, 40.71414560490631], [-73.95168818948606, 40.714144478152626], [-73.95168492935396, 40.714143384369315], [-73.95168154299523, 40.71414225485097], [-73.9516782720357, 40.71414116929721], [-73.95167501910045, 40.71414010021946], [-73.95167162911893, 40.71413899265745], [-73.95166823913151, 40.71413789332959], [-73.9516649068418, 40.71413681872872], [-73.95166160339798, 40.714135760608464], [-73.95165833961968, 40.71413472171805], [-73.95165492436631, 40.71413364433734], [-73.95165165697105, 40.714132619169014], [-73.951648292197, 40.71413157200165], [-73.95164481561928, 40.714130497339596], [-73.951641623942, 40.7141295188638], [-73.95163842144122, 40.71412854312808], [-73.95163487632472, 40.71412747118171], [-73.95163147546108, 40.714126448701556], [-73.95162831261604, 40.71412550591935], [-73.9516249297728, 40.71412450540466], [-73.95162155053283, 40.71412351038089], [-73.95161825784025, 40.714122551075306], [-73.95161483170472, 40.71412155877643], [-73.95161153900243, 40.71412061319442], [-73.9516082535086, 40.71411967584968], [-73.95160469752362, 40.71411866977207], [-73.95160139038072, 40.71411774065229], [-73.9515981553623, 40.71411683901039], [-73.95159469673855, 40.714115879634384], [-73.95159127417105, 40.71411494223149], [-73.95158793454966, 40.714114032311016], [-73.95158465262783, 40.714113144372796], [-73.95158110021086, 40.714112193191205], [-73.95157776778824, 40.71411130523156], [-73.95157444257214, 40.71411042825385], [-73.95157111013773, 40.714109556762594], [-73.95156766229047, 40.71410866051983], [-73.95156419279803, 40.714107767012585], [-73.95156086756234, 40.71410691748213], [-73.951557412485, 40.71410604319408], [-73.95155398625545, 40.7141051826419], [-73.95155061772746, 40.71410434132717], [-73.95154729607738, 40.714103521990246], [-73.95154380491427, 40.714102666899905], [-73.95154033899377, 40.71410182279918], [-73.95153701011553, 40.71410102267218], [-73.95153361270829, 40.71410021153728], [-73.9515301503773, 40.71409939214056], [-73.95152669164757, 40.714098580979574], [-73.95152333029279, 40.71409779730711], [-73.95152000860543, 40.71409703011981], [-73.9515026931919, 40.71409314447836], [-73.95148537044207, 40.714089429006485], [-73.95148207034096, 40.71408874142529], [-73.95147854301538, 40.71408801257679], [-73.95147500847146, 40.714087289214675], [-73.95147161097574, 40.714086601592136], [-73.95146807281482, 40.71408589195208], [-73.95146467891648, 40.71408521805463], [-73.95146128501216, 40.714084552391384], [-73.95145775044267, 40.71408386471062], [-73.95145440310046, 40.71408365469722], [-73.95145096950701, 40.714083002740765], [-73.951447406068, 40.714082331516074], [-73.95144390393764, 40.71408167953049], [-73.95144061820818, 40.71408107155222], [-73.95143708000181, 40.714080425040734], [-73.95143354899596, 40.71407979774549], [-73.95143009012848, 40.71407917871489], [-73.95142655551554, 40.714078551417906], [-73.95142302089265, 40.71407793784461], [-73.95141959086706, 40.7140773407839], [-73.95141616083549, 40.71407675195744], [-73.95141259373787, 40.7140761520939], [-73.95140902303315, 40.7140755522288], [-73.95140559659497, 40.71407498261683], [-73.95140217375405, 40.71407442673007], [-73.95139860303551, 40.714073846077945], [-73.95139503231302, 40.714073270915264], [-73.95139163830997, 40.714072742488], [-73.95138817578392, 40.71407219481834], [-73.95138457979911, 40.71407163611319], [-73.95138104872214, 40.71407110762773], [-73.95137758257508, 40.714070579169615], [-73.95137401543408, 40.71407003968963], [-73.95137041581025, 40.71406952489872], [-73.95136713720638, 40.714069040435675], [-73.95136356283508, 40.71406852291041], [-73.95135994516335, 40.71406802458012], [-73.95135651505865, 40.71406753730798], [-73.95135293706834, 40.71406703624945], [-73.95134949611611, 40.714066584654454], [-73.9513458928694, 40.714066091819284], [-73.95134226076298, 40.71406560171659], [-73.95133900374466, 40.71406519685994], [-73.95133542573255, 40.71406472599328], [-73.95133181525559, 40.71406425511273], [-73.95132838869844, 40.71406385018411], [-73.95132480706924, 40.71406339303939], [-73.95132116411746, 40.71406293586856], [-73.9513177122979, 40.7140625473975], [-73.95131425689519, 40.71406212598773], [-73.9513106463925, 40.714061690788405], [-73.95130710078148, 40.714061307766876], [-73.9513036092968, 40.714060900065334], [-73.95130016827703, 40.7140605417907], [-73.95129657579245, 40.714060131301444], [-73.95129293280695, 40.71405972079068], [-73.95128949538248, 40.71405937898583], [-73.95128605798614, 40.71405899875419], [-73.95128241498672, 40.714058607456465], [-73.95127884770474, 40.71405826285158], [-73.95127535979947, 40.71405789357733], [-73.95127067798937, 40.71405741126239], [-73.95126597090069, 40.71405696736322], [-73.95126120251159, 40.714056493245494], [-73.95125640524078, 40.71405605205252], [-73.9512516548718, 40.71405559990014], [-73.95124693333649, 40.71405518069695], [-73.95124216852672, 40.71405474500662], [-73.95123740732227, 40.71405431206242], [-73.9512325595227, 40.71405390927368], [-73.95122782715994, 40.714053498299386], [-73.95122310920404, 40.7140531175234], [-73.95121833715206, 40.714052720255694], [-73.95121361197177, 40.71405235320003], [-73.95120870284183, 40.714051961363396], [-73.95120384779801, 40.714051599741786], [-73.95119907211492, 40.71405123540891], [-73.95119432888072, 40.71405089304767], [-73.95118955318567, 40.714050545182936], [-73.9511847919095, 40.714050211047955], [-73.95117989716648, 40.71404987685614], [-73.95117512145147, 40.71404955643845], [-73.95117036736978, 40.71404924975352], [-73.95116549425407, 40.714048937528354], [-73.9511607040943, 40.714048639062], [-73.95115580932543, 40.714048340551116], [-73.95115095422786, 40.71404805303585], [-73.95114624340667, 40.71404778205017], [-73.95114146404653, 40.714047513779974], [-73.95113057430562, 40.714046921778795], [-73.95112202552633, 40.71404649271143], [-73.95111083634693, 40.714045955476436], [-73.95110264103236, 40.71404558419774], [-73.9510977317767, 40.714045365276284], [-73.95109294154295, 40.71404516836327], [-73.95108812244953, 40.71404497418255], [-73.95108314103761, 40.71404477169838], [-73.9510783580043, 40.71404459400115], [-73.95107354611729, 40.71404441080196], [-73.95106865486365, 40.71404423854784], [-73.95106373836151, 40.71404406353803], [-73.95105885070501, 40.71404390500889], [-73.95105403158759, 40.71404374376385], [-73.9510492413138, 40.71404360174424], [-73.95104432479562, 40.714043448691704], [-73.95103943712107, 40.71404331486452], [-73.95103452059695, 40.714043170045834], [-73.95102962930716, 40.714043047195766], [-73.95102480654838, 40.71404293260896], [-73.9510199260843, 40.714042804273554], [-73.95101499871036, 40.714042697876074], [-73.95101021202572, 40.71404258055922], [-73.95100528825097, 40.71404248514194], [-73.95100040777486, 40.71404237327426], [-73.95099548399403, 40.7140422860908], [-73.95099060351191, 40.71404218245703], [-73.95098567972308, 40.714042106252236], [-73.9509808966296, 40.714042010893806], [-73.95097596922753, 40.714041942921305], [-73.95097108150074, 40.71404188045502], [-73.95096616854168, 40.71404179327492], [-73.95096124473672, 40.71404173902715], [-73.95095636423852, 40.714041657350016], [-73.95095144042756, 40.71404161133607], [-73.95094665732003, 40.71404153518956], [-73.95094173350505, 40.71404149466475], [-73.95093676282052, 40.7140414211826], [-73.95093184260672, 40.714041388893214], [-73.95092705588795, 40.71404131823383], [-73.95091340627766, 40.71404120811363], [-73.95090718385254, 40.714041186246966], [-73.95089372183948, 40.714041046012085], [-73.95088388141797, 40.71404097319508], [-73.95087408789021, 40.71404090039729], [-73.95086424380489, 40.71404090443035], [-73.95085440698458, 40.71404083984667], [-73.95084462066524, 40.714040775283706], [-73.9508347874542, 40.714040707955135], [-73.95082496145965, 40.714040637884025], [-73.95081518236489, 40.714040559597834], [-73.95080540327628, 40.71404047307654], [-73.95079561696312, 40.714040400275145], [-73.95078582703262, 40.71404034119512], [-73.95077595775162, 40.71404027110138], [-73.95076615699753, 40.714040214759834], [-73.95075639232974, 40.71404013921959], [-73.95073680158843, 40.714040100645555], [-73.95027676552961, 40.71404152776553], [-73.9502554721026, 40.714041598164606], [-73.95024489212756, 40.71404162652961], [-73.95023427968772, 40.71404165487964], [-73.95022362035606, 40.714041680463595], [-73.95021300431306, 40.714041703320554], [-73.95020234498145, 40.71404172890257], [-73.95019168564977, 40.714041754483624], [-73.95018109846238, 40.714041780094874], [-73.95017047880594, 40.71404181118061], [-73.95015985553815, 40.71404184775335], [-73.95014914930044, 40.71404188977873], [-73.95013852602654, 40.71404193458378], [-73.95012789913918, 40.71404198762059], [-73.95011726502509, 40.71404205712183], [-73.9501066345223, 40.714042121134156], [-73.95009596433398, 40.71404219336255], [-73.95008529414159, 40.71404227107951], [-73.95007466361402, 40.714042368026], [-73.95006406554522, 40.71404247321984], [-73.95005339172695, 40.71404257563512], [-73.95004271789226, 40.71404270000751], [-73.95003208373475, 40.71404282714084], [-73.95002148564106, 40.71404296526793], [-73.95001080818462, 40.71404310884912], [-73.95000017401257, 40.714043255192834], [-73.9499895001529, 40.71404341249741], [-73.9499788587519, 40.7140435780494], [-73.94996822456118, 40.71404374909301], [-73.94995758676524, 40.714043917389326], [-73.9499469525538, 40.71404411587859], [-73.94993627145267, 40.71404430885703], [-73.94992563362769, 40.71404451557701], [-73.94991499940575, 40.71404472778716], [-73.94990432189721, 40.714044939977484], [-73.94989372373895, 40.714045163180366], [-73.9498830462179, 40.714045391837296], [-73.94987236869052, 40.71404562872749], [-73.94986177051972, 40.71404586839603], [-73.94985113266122, 40.71404611902532], [-73.94984049119542, 40.71404636965207], [-73.9498298136492, 40.714046631241175], [-73.94981917938321, 40.71404690108246], [-73.94980858118714, 40.71404717368321], [-73.94979790001692, 40.71404745722587], [-73.94978722245169, 40.71404774351386], [-73.9497766242368, 40.71404804081452], [-73.94976598994762, 40.714048340843235], [-73.94975534843563, 40.71404865184688], [-73.94974471053077, 40.71404896285109], [-73.94973406900822, 40.71404928757658], [-73.94972339141141, 40.71404961503003], [-73.94971278955353, 40.7140499589842], [-73.94970215522855, 40.71405030566793], [-73.9496915136828, 40.71405066058187], [-73.94968083606065, 40.71405102096853], [-73.94967023418367, 40.714051389621595], [-73.94965959983335, 40.71405176923855], [-73.94964895826433, 40.71405215434089], [-73.94963828061482, 40.71405255040552], [-73.94962768231962, 40.714052951993374], [-73.94961708041299, 40.714053359068195], [-73.94960640274442, 40.71405377983271], [-73.94959576114572, 40.714054203356795], [-73.94958512314786, 40.71405463511573], [-73.94957452843224, 40.714055072382166], [-73.94956388681652, 40.71405551786138], [-73.94955324156439, 40.714056001764696], [-73.9495426035452, 40.71405646096731], [-73.94953200881031, 40.7140569229327], [-73.94952136356605, 40.714057395854006], [-73.9495106858525, 40.7140578742496], [-73.94950008749336, 40.71405835816855], [-73.94948948552263, 40.71405884757448], [-73.94947884386418, 40.71405934794105], [-73.94946820220134, 40.71405985379614], [-73.94945756414141, 40.714060365141364], [-73.9494469693616, 40.7140608847389], [-73.94943632407654, 40.71406140980278], [-73.94942568599944, 40.71406194310316], [-73.94941508399012, 40.71406248190791], [-73.9494044422951, 40.71406302892854], [-73.9493938438822, 40.71406358145673], [-73.94938324185782, 40.71406413947189], [-73.94937260014763, 40.71406470570289], [-73.949361958431, 40.714065280167176], [-73.94935135999661, 40.71406586013908], [-73.94934075795064, 40.71406644559791], [-73.94933011260954, 40.71406704201576], [-73.94931947447854, 40.71406764392533], [-73.94930887241739, 40.71406824859457], [-73.94929827395696, 40.714068861498696], [-73.94928763220143, 40.71406948536182], [-73.94927699404882, 40.714070114715085], [-73.94926642804019, 40.71407074409913], [-73.94925582594881, 40.71407138719015], [-73.94924518056646, 40.714072035750604], [-73.94923454239206, 40.71407269254754], [-73.94922397996685, 40.71407335212167], [-73.94921333456719, 40.71407402263728], [-73.9492027180208, 40.71407469865413], [-73.94919578822369, 40.71407514299236], [-73.94918153180856, 40.71407606717424], [-73.94917085031288, 40.714076767862345], [-73.94916030589317, 40.71407746586524], [-73.94914972178759, 40.714078172083944], [-73.94913907995588, 40.71407889199994], [-73.94912847780124, 40.714079614677296], [-73.94911787564003, 40.7140803455879], [-73.9491072698672, 40.714081081985526], [-73.9490966713044, 40.71408182387486], [-73.94908610880927, 40.714082571268655], [-73.94907549941176, 40.7140833296198], [-73.94906485754278, 40.71408409618991], [-73.9490542517436, 40.714084865519744], [-73.94904365315234, 40.71408564308609], [-73.94903309423596, 40.71408642615854], [-73.94902252810067, 40.71408721471634], [-73.94901191506507, 40.71408801148667], [-73.94900127676824, 40.71408882196869], [-73.94899071422472, 40.71408962973846], [-73.948980108386, 40.71409044846719], [-73.94896954583145, 40.714091269958864], [-73.94895897244663, 40.714092102423784], [-73.94894833051815, 40.71409294309165], [-73.9489377318718, 40.71409378926726], [-73.94892712600442, 40.714094643672986], [-73.94891656342121, 40.714095500841665], [-73.9489059972263, 40.71409636349732], [-73.94889539134338, 40.71409723711341], [-73.94888482874252, 40.71409811623733], [-73.94887426613927, 40.71409899810497], [-73.94886369270571, 40.71409989094589], [-73.94885308319338, 40.71410079200411], [-73.94884247728167, 40.71410170129726], [-73.94883191826133, 40.71410261335501], [-73.94882135562928, 40.71410353089971], [-73.94881078577623, 40.71410445667453], [-73.94880021591649, 40.71410539068261], [-73.9487896568739, 40.714106330184116], [-73.94877908339797, 40.71410727516771], [-73.94876847023181, 40.71410823385653], [-73.94875787149206, 40.714109195295514], [-73.94874734489423, 40.71411015951042], [-73.9487367786083, 40.71411113468571], [-73.94872620871058, 40.714112115347945], [-73.94871564602276, 40.71411310150199], [-73.94870507250458, 40.71411409862928], [-73.9486944917674, 40.71411510124189], [-73.9486734240691, 40.7141171202298], [-73.94676714730534, 40.71430220117126], [-73.94608599174191, 40.714368312910715], [-73.94607815981767, 40.71436908875495], [-73.9450767278923, 40.714465269379836], [-73.94316414097706, 40.71464932149424], [-73.94315614695707, 40.71464974847493], [-73.94293407590624, 40.71466871195813], [-73.94291292445935, 40.714671234886495], [-73.94290591125075, 40.714672076795146], [-73.94289890886374, 40.71467291870876], [-73.94289178740691, 40.71467379624481], [-73.94288470204819, 40.71467464360592], [-73.94287763833744, 40.714675485487795], [-73.9428706034939, 40.71467631640451], [-73.9428634604234, 40.71467715824614], [-73.94285632457664, 40.71467798911189], [-73.94284925006701, 40.71467880353909], [-73.94284213948944, 40.71467961245837], [-73.94283497841027, 40.71468042135216], [-73.94282782817153, 40.71468120829281], [-73.94282066712262, 40.714681981503794], [-73.94281352773115, 40.71468273825657], [-73.94280630898717, 40.714683486735176], [-73.94279914437527, 40.714684207792615], [-73.94279202667624, 40.71468490691481], [-73.94278475387027, 40.71468560046996], [-73.94277751716008, 40.714686266594995], [-73.94277030211448, 40.714686908027474], [-73.94276308348036, 40.71468752749961], [-73.94275579993453, 40.714688124980945], [-73.94274858856178, 40.714688689560575], [-73.94274139524872, 40.71468922670109], [-73.94273406487903, 40.71468974181495], [-73.94272678142941, 40.71469022675925], [-73.9427194871886, 40.714690676015834], [-73.94271216050369, 40.71469110055294], [-73.9427049312474, 40.71469148671146], [-73.94269760101169, 40.71469184537159], [-73.94269024194865, 40.71469216833498], [-73.9426829081669, 40.71469245562864], [-73.94267564295585, 40.71469270452932], [-73.94266830923537, 40.71469292045826], [-73.94266091422709, 40.71469309518477], [-73.9426534795698, 40.71469323420918], [-73.94264614595075, 40.714693332112006], [-73.94263888450969, 40.71469339162367], [-73.94263144995621, 40.71469340987716], [-73.94262405151066, 40.71469338697676], [-73.94261661703044, 40.71469332014178], [-73.94260918258809, 40.7146932093901], [-73.94260185279131, 40.714693057518666], [-73.94259449417441, 40.714692861716294], [-73.94258707066736, 40.714692619220074], [-73.94257956784114, 40.714692330022885], [-73.94257214080734, 40.71469199420204], [-73.94256478595405, 40.71469161724536], [-73.94255735900084, 40.71469118810172], [-73.94254986715984, 40.71469070951951], [-73.9425424438969, 40.71469018431011], [-73.94253502428391, 40.71468960969633], [-73.94252760471123, 40.71468898842116], [-73.9425201887886, 40.7146883177416], [-73.94251270798539, 40.71468758938919], [-73.94250524165396, 40.71468681163779], [-73.94249783307885, 40.714685987253844], [-73.94249042815382, 40.71468511346548], [-73.9424829583507, 40.714684179259514], [-73.94247554269667, 40.71468319841917], [-73.9424680621694, 40.71468215167161], [-73.9424606357889, 40.71468106103447], [-73.94245329241079, 40.71467992926692], [-73.94244589137156, 40.71467873434055], [-73.94243847234853, 40.714677479019954], [-73.94243111108203, 40.71467617706681], [-73.94242370658336, 40.71467481196206], [-73.94241633820015, 40.714673397469205], [-73.94240889412914, 40.714671908829416], [-73.94240156912599, 40.71467038731161], [-73.94239424778262, 40.71466880541038], [-73.94238931401577, 40.71466771052635], [-73.94238448486391, 40.71466661020491], [-73.94237976392958, 40.714665509937504], [-73.94237485548037, 40.7146643382122], [-73.94237002639545, 40.71466316103688], [-73.94236527307, 40.71466197566497], [-73.94236048731031, 40.714660754594796], [-73.94235567271902, 40.714659503317584], [-73.94235094831372, 40.714658246595775], [-73.94234613737746, 40.71465694042474], [-73.94234129761433, 40.71465559855721], [-73.94233660573417, 40.71465427323204], [-73.94233192109, 40.71465292320751], [-73.94232709221804, 40.71465150174671], [-73.94232233910083, 40.714650077578916], [-73.94231765452851, 40.714648645210985], [-73.94231299522139, 40.714647196386906], [-73.9423082998753, 40.71464570911797], [-73.94230351079335, 40.714644161417105], [-73.94229880106619, 40.71464261924531], [-73.9422941130089, 40.71464104689183], [-73.94228946103847, 40.7146394580876], [-73.94228490285425, 40.71463787207506], [-73.94228022569067, 40.71463621738362], [-73.94227558100911, 40.714634543494896], [-73.94227097241213, 40.71463285590034], [-73.9422664431747, 40.71463116834533], [-73.94226181299175, 40.714629414865264], [-73.94225719365218, 40.71462763668763], [-73.94225267170131, 40.71462586679291], [-73.9422481389551, 40.714624066700225], [-73.94224357738922, 40.7146222226767], [-73.9422390374837, 40.71462035945054], [-73.94223455529908, 40.71461849076367], [-73.94223002626578, 40.7146165699026], [-73.94222552610019, 40.7146146380768], [-73.9422210728409, 40.71461269255059], [-73.94221658715473, 40.71461070309169], [-73.94221204740545, 40.71460866145504], [-73.94220769518776, 40.714606672062835], [-73.94220333217723, 40.714604649727896], [-73.94219876366363, 40.71460250103054], [-73.94219432498727, 40.71460037984583], [-73.94219008464991, 40.71459832737964], [-73.94218572174276, 40.71459618701933], [-73.94218130117486, 40.71459398350035], [-73.94217699240784, 40.71459180748498], [-73.94217261876797, 40.71458956556257], [-73.94216827039335, 40.71458730718414], [-73.94216398694701, 40.71458505158295], [-73.94215968550043, 40.714582754801114], [-73.9421554093215, 40.71458043881845], [-73.94215117643695, 40.714578114623095], [-73.94214696160316, 40.71457577396811], [-73.9421427576176, 40.71457340312606], [-73.94213848875921, 40.714570966376904], [-73.94213427401209, 40.71456852691011], [-73.94213007371567, 40.714566062747515], [-73.94212598160576, 40.71456363432106], [-73.94212186068357, 40.71456115372952], [-73.94211770734182, 40.71455862097103], [-73.94211355763377, 40.71455605802186], [-73.9421094331911, 40.71455347861667], [-73.94210541332998, 40.714550932201064], [-73.94210136465423, 40.714548336365134], [-73.94209729798311, 40.714545693859], [-73.94209326378704, 40.714543040390076], [-73.94208921520044, 40.71454034299754], [-73.94208525677132, 40.714537673097894], [-73.94208135605352, 40.71453500871657], [-73.94207737244588, 40.71453225646114], [-73.9420733456066, 40.71452944105423], [-73.94206951347023, 40.71452672730132], [-73.94206564892146, 40.71452395314727], [-73.94206171950724, 40.71452110485186], [-73.94205783698976, 40.71451825383514], [-73.9420540229982, 40.71451541657662], [-73.9420502306647, 40.71451256286027], [-73.94204637708009, 40.71450962677011], [-73.94204267495203, 40.714506745651335], [-73.94203892958996, 40.71450380412589], [-73.94203518065443, 40.71450082417183], [-73.94203141372837, 40.71449779205816], [-73.94202779822776, 40.71449485059776], [-73.9420241431052, 40.71449184324298], [-73.9420204771995, 40.71448879196647], [-73.94201693027789, 40.714485803879285], [-73.94201325362276, 40.7144826702543], [-73.9420096562961, 40.71447957235101], [-73.94200609505162, 40.71447646348678], [-73.942002623943, 40.71447340681832], [-73.94199908078077, 40.71447024581248], [-73.9419955124184, 40.714467027153866], [-73.94199207744994, 40.714463893649956], [-73.9419868079169, 40.71445901629774], [-73.94198159612665, 40.71445410878201], [-73.94197639522098, 40.714449129907756], [-73.94197129891147, 40.71444416755453], [-73.94196626394721, 40.71443918052913], [-73.94196123986517, 40.71443412488994], [-73.94195627352823, 40.71442903634252], [-73.94195137933674, 40.71442394783128], [-73.94194650684673, 40.71441879345646], [-73.94194168128494, 40.714413600678476], [-73.94193697471948, 40.71440845736594], [-73.94193228264112, 40.71440324818627], [-73.9419275798302, 40.71439793744483], [-73.94192298880354, 40.71439267342051], [-73.94191844830037, 40.71438738471865], [-73.94191392589381, 40.714382027406685], [-73.94190950445456, 40.71437671131692], [-73.94190512274817, 40.71437133486226], [-73.94190078433394, 40.71436595293973], [-73.94189647841904, 40.71436053260683], [-73.94189224105412, 40.71435509858451], [-73.94188807222478, 40.71434966734143], [-73.94188395031168, 40.714344211418975], [-73.94187987890275, 40.71433875277713], [-73.94187580756397, 40.71433321453708], [-73.94187182276578, 40.714327714767215], [-73.94186791009835, 40.714322231502244], [-73.94186398308409, 40.71431665490796], [-73.94186013179832, 40.714311105799396], [-73.94185632381904, 40.714305534754516], [-73.94185256633429, 40.71429997196929], [-73.9418488341367, 40.71429436802524], [-73.94184578355673, 40.71428893460064], [-73.9418420730348, 40.71428329498546], [-73.94183840220971, 40.71427763617683], [-73.94183477829596, 40.714271958178465], [-73.94183116882846, 40.714266260973936], [-73.94182760985555, 40.714260572029126], [-73.94182407615531, 40.71425485839409], [-73.94182057853273, 40.71424913928764], [-73.9418171205902, 40.71424342020117], [-73.94181368431788, 40.714237670933166], [-73.9418102877161, 40.71423193266411], [-73.94180695963763, 40.71422621089817], [-73.94180361357164, 40.71422043422779], [-73.94180028916867, 40.71421463561022], [-73.94179702244111, 40.71420888368258], [-73.94179379177667, 40.714203142752204], [-73.94179053955095, 40.71419730848889], [-73.94178733058853, 40.71419150169495], [-73.94178419733267, 40.714185747089736], [-73.94178103887954, 40.71417993208689], [-73.94177791647041, 40.71417415003931], [-73.94177479050495, 40.71416831034986], [-73.94177167177607, 40.71416244596114], [-73.94176863231539, 40.714156685913345], [-73.94176557127184, 40.71415085723552], [-73.94176252466491, 40.7141450203306], [-73.9417595104995, 40.714139210889684], [-73.94175651800667, 40.71413336852244], [-73.9417535074927, 40.71412750967744], [-73.94175053301062, 40.71412169751156], [-73.94174756935071, 40.71411588535107], [-73.9417446057105, 40.71411005123243], [-73.94174163848278, 40.714104195153766], [-73.94173868567488, 40.7140983500614], [-73.94173575448433, 40.714092535172256], [-73.94173282690154, 40.71408672028488], [-73.94172990653367, 40.71408090540104], [-73.94172700059278, 40.7140750932692], [-73.94172407302588, 40.714069261913004], [-73.94171531191162, 40.714051836473914], [-73.94165390165715, 40.71392117940132], [-73.9416522344432, 40.71391784092581], [-73.94140712849254, 40.71345816092748], [-73.94124627543162, 40.713149018723804], [-73.9412373123178, 40.71313187036397], [-73.94123442801951, 40.713126154296624], [-73.94123152208837, 40.71312042723915], [-73.94122861617716, 40.71311467822352], [-73.94122572467812, 40.71310894842846], [-73.94122281518493, 40.71310317196321], [-73.94121994531537, 40.713097458647624], [-73.94121706104904, 40.71309170964271], [-73.94121418760236, 40.71308596338798], [-73.9412113358112, 40.713080203420496], [-73.94120846956284, 40.71307447638262], [-73.94120559972716, 40.71306872738478], [-73.9412027371039, 40.71306298113532], [-73.94119987808827, 40.71305723488757], [-73.941197015483, 40.71305146942462], [-73.94119416368507, 40.7130457204357], [-73.94119129749782, 40.71303992752316], [-73.94118847092433, 40.71303420873934], [-73.94118563715885, 40.713028465248925], [-73.9411827926015, 40.71302268881574], [-73.94117996245626, 40.71301693160321], [-73.94117714672075, 40.713011196356035], [-73.94117430218903, 40.71300539247501], [-73.94117149367369, 40.712999651741896], [-73.94116869237065, 40.712993913757145], [-73.94116586587137, 40.712988115374664], [-73.9411630465772, 40.712982327974856], [-73.94116025249961, 40.71297657901451], [-73.941157458425, 40.71297082730936], [-73.94114907265735, 40.71295350357256], [-73.94100644966665, 40.71265569247495], [-73.94083772681813, 40.71229692307034], [-73.94082911869805, 40.71227833660353], [-73.94082626374772, 40.712272148441215], [-73.94082340520544, 40.7122659438084], [-73.940820535874, 40.71225970348811], [-73.94081770255819, 40.71225352631574], [-73.94081486564804, 40.71224733541762], [-73.94081201795112, 40.71224110608725], [-73.94080917386921, 40.712234868524334], [-73.94080635498882, 40.71222868586957], [-73.9408035325287, 40.7122224730205], [-73.94080072447561, 40.712216284881606], [-73.94079789122686, 40.71221003634495], [-73.94079508679656, 40.712203831739224], [-73.94079228237895, 40.7121976134096], [-73.94078947436938, 40.712191378609496], [-73.94078667357945, 40.71218513832349], [-73.94078389079145, 40.7121789364734], [-73.94078111162084, 40.71217272364595], [-73.94077832886069, 40.712166491603334], [-73.94077556772174, 40.71216028427464], [-73.94077280298602, 40.71215406596491], [-73.94077002746849, 40.71214780373337], [-73.9407672843642, 40.71214159915843], [-73.9407645340755, 40.71213536164261], [-73.94076179460622, 40.712129126877066], [-73.94075905153761, 40.71212288387526], [-73.94075631570087, 40.712116621663775], [-73.94075359428079, 40.712110373183506], [-73.94075079341223, 40.712104228963206], [-73.94074807920747, 40.712097980486504], [-73.94074535061135, 40.71209169083086], [-73.94074266163776, 40.71208546432505], [-73.94073997627915, 40.71207922958679], [-73.94073728373611, 40.71207296190756], [-73.94073460200265, 40.71206670795769], [-73.94073194188546, 40.712060484211236], [-73.9407292817859, 40.71205424125144], [-73.94072661090702, 40.712047951625], [-73.94072396164438, 40.71204169220204], [-73.94072131959402, 40.71203543552748], [-73.94071869555769, 40.71202920356502], [-73.94071606433937, 40.712022935916835], [-73.94071343314356, 40.71201664356578], [-73.94071081275243, 40.71201037043356], [-73.94070822118198, 40.71200413848756], [-73.94070562242953, 40.711997870855825], [-73.94070303449159, 40.71199161146395], [-73.94070043936921, 40.711985319131124], [-73.94069785146391, 40.711979024057214], [-73.94069527797538, 40.711972742714444], [-73.94069272610056, 40.71196649431995], [-73.94069017784554, 40.7119602322034], [-73.94068761880392, 40.71195393165457], [-73.94068506337966, 40.711947620128484], [-73.94068254037086, 40.71194136351427], [-73.94068001377987, 40.711935079450576], [-73.94067750159822, 40.71192881735231], [-73.94067497504487, 40.71192249211703], [-73.94067246290082, 40.71191618884727], [-73.94066997596781, 40.711909929506604], [-73.9406674854575, 40.711903637226854], [-73.9406650021594, 40.71189734769559], [-73.94066251888867, 40.71189102797185], [-73.94066004282521, 40.71188471648608], [-73.9406575847733, 40.71187843245715], [-73.94065513754555, 40.711872145688965], [-73.9406526939254, 40.711865858922614], [-73.94065024673523, 40.71185953098287], [-73.94064779955535, 40.711853192064055], [-73.94064538478351, 40.71184691629144], [-73.94064297363633, 40.711840621307324], [-73.9406405588996, 40.711834307107935], [-73.94063815138489, 40.7118279846779], [-73.94063574749238, 40.71182164578113], [-73.94063336880107, 40.71181536179254], [-73.94063098653979, 40.711809036630655], [-73.94062861509047, 40.71180272245331], [-73.94062632303907, 40.711796361655885], [-73.94062396601902, 40.71179004748589], [-73.94062161621841, 40.711783727830046], [-73.94061927723712, 40.71177741092446], [-73.9406169418609, 40.711771096765425], [-73.94061460651443, 40.71176474966925], [-73.94061227837771, 40.71175840806626], [-73.9406099682598, 40.71175208568582], [-73.94060765815694, 40.71174574683678], [-73.94060536606064, 40.711739440934146], [-73.94060306678968, 40.71173309111152], [-73.94060077834048, 40.71172674129447], [-73.94059849709606, 40.7117204024601], [-73.94059623386552, 40.711714088337835], [-73.94059397065982, 40.71170774676794], [-73.94059171106905, 40.71170139696556], [-73.94058944789356, 40.7116950224584], [-73.94058720993144, 40.711688689135684], [-73.94058498638094, 40.71168237503366], [-73.94058275925558, 40.71167602524782], [-73.94058052854557, 40.71166965075724], [-73.9405783086548, 40.71166327901695], [-73.94057611037026, 40.71165694845919], [-73.9405739228927, 40.711650634375545], [-73.94057172824299, 40.71164427362719], [-73.94056953002085, 40.71163787445027], [-73.94056735340736, 40.71163151371114], [-73.94056518759841, 40.71162517219087], [-73.94056303261358, 40.711618827931424], [-73.94056088123375, 40.711612486418495], [-73.94055872628397, 40.71160610373225], [-73.94055657495396, 40.71159970732403], [-73.94055452097379, 40.71159335762697], [-73.94055239847432, 40.71158699142595], [-73.9405502831967, 40.711580616994326], [-73.94054817512627, 40.71157425080062], [-73.9405460850745, 40.711567903829526], [-73.94054398064138, 40.71156150470054], [-73.9405419050138, 40.71155516322634], [-73.94053981501712, 40.71154875587036], [-73.94053773583227, 40.711542359499006], [-73.94053568544324, 40.711536031761504], [-73.94053363868119, 40.711529682067805], [-73.94053156674838, 40.71152324452861], [-73.94052952721599, 40.71151687836993], [-73.94052749490058, 40.711510509470195], [-73.94052545900543, 40.71150411037619], [-73.94052344111914, 40.711497741483804], [-73.94052143044735, 40.71149137259515], [-73.94051941259849, 40.71148496253124], [-73.94051741276824, 40.711478571689995], [-73.94051542373516, 40.71147220830192], [-73.94051343112965, 40.71146580648523], [-73.94051144574355, 40.711459399182765], [-73.94050947116438, 40.71145300835434], [-73.94050751099668, 40.71144663674675], [-73.94050554366176, 40.71144021298486], [-73.9405035979207, 40.71143384412942], [-73.94050165220443, 40.71142744782629], [-73.94049971370765, 40.711421046037295], [-73.94049778241799, 40.71141465248631], [-73.94049586914441, 40.71140828090267], [-73.94049394149933, 40.711401846182035], [-73.94049202826817, 40.71139542793738], [-73.94049013663324, 40.71138906185438], [-73.94048824142592, 40.711382657342824], [-73.94048634984559, 40.71137623087495], [-73.94048447266697, 40.71136983460692], [-73.94048260270284, 40.711363438342566], [-73.94048072916141, 40.71135700913916], [-73.9404788664366, 40.711350585430864], [-73.94047702172057, 40.71134419192419], [-73.94047518061434, 40.71133779567462], [-73.94047335032974, 40.71133139943063], [-73.94047151646778, 40.711324970247595], [-73.94046968982278, 40.71131853832344], [-73.94046787398952, 40.711312117383926], [-73.94046606895816, 40.71130571840807], [-73.94046492196031, 40.711301625373366], [-73.94046138393739, 40.71128894273885], [-73.94046047427072, 40.7112856732557], [-73.94045869092727, 40.71127922488518], [-73.94045715207976, 40.71127365496525], [-73.9404553903573, 40.71126723130872], [-73.94045363224716, 40.711260802164524], [-73.94045187416427, 40.71125434282789], [-73.94045013768489, 40.71124792741863], [-73.94044841200983, 40.711241531228225], [-73.94044667917497, 40.71123507464932], [-73.94044496792633, 40.711228681211125], [-73.9404432567124, 40.71122224934626], [-73.94044154551597, 40.71121579826795], [-73.94043985593278, 40.711209380137994], [-73.94043816636218, 40.711202948284225], [-73.94043648042098, 40.7111964917294], [-73.94043480887656, 40.711190070863914], [-73.94043314815598, 40.71118364725923], [-73.94043149104037, 40.711177226401155], [-73.94042984474868, 40.71117080280387], [-73.94042819848926, 40.711164343524686], [-73.9404265594393, 40.71115788973872], [-73.94042493479088, 40.71115146615256], [-73.94042331377688, 40.7111450123759], [-73.94042170716189, 40.71113859154378], [-73.94042010776627, 40.71113216522586], [-73.94041850840037, 40.71112570597075], [-73.9404169198462, 40.711119257700254], [-73.94041534569592, 40.71111283688484], [-73.9404137715779, 40.71110638038749], [-73.9404122046767, 40.7110999211491], [-73.94041065219423, 40.7110934728972], [-73.94040911050864, 40.71108705209848], [-73.94040757604482, 40.711080623069144], [-73.94040603802331, 40.7110741391427], [-73.9404045180104, 40.71106768541798], [-73.9404030052094, 40.71106123444175], [-73.94040150681482, 40.711054808175774], [-73.94040001204964, 40.71104835720878], [-73.94039852450625, 40.71104189801123], [-73.9403970405947, 40.71103541136788], [-73.94039557468186, 40.71102896590529], [-73.94039412318033, 40.7110225396635], [-73.94039266451904, 40.71101605303315], [-73.94039123465788, 40.71100962954725], [-73.94038980122431, 40.711003167632846], [-73.94038837502232, 40.71099668650877], [-73.94038696323157, 40.71099022460548], [-73.94038530003543, 40.71098254664194], [-73.94038287539641, 40.71097123421779], [-73.9403396299342, 40.7107099323247], [-73.94017745620647, 40.7097229630185], [-73.93996991194896, 40.70845986566581], [-73.93973141177867, 40.70700820267306], [-73.93966063238732, 40.706584631951834], [-73.93965766709138, 40.706565260593315], [-73.93965670269435, 40.70655881538037], [-73.93965572024368, 40.70655239211607], [-73.9396547630855, 40.7065459194592], [-73.9396537987412, 40.70653941660618], [-73.93965284154618, 40.70653298512076], [-73.939651866362, 40.70652650422014], [-73.93965089480967, 40.70651999587379], [-73.93964992323264, 40.70651351497502], [-73.9396489480217, 40.70650706426674], [-73.9396479584434, 40.70650054767658], [-73.93964697241739, 40.7064940914731], [-73.93964596480795, 40.70648757212867], [-73.93964495357696, 40.70648106925095], [-73.93964393508787, 40.70647461577516], [-73.93964288423959, 40.70646804974702], [-73.93964184052068, 40.70646157704461], [-73.93964100115937, 40.70645646310786], [-73.9396396810046, 40.7064485684724], [-73.93963873028268, 40.706442957674795], [-73.93963815982377, 40.70643961974182], [-73.93963759294185, 40.70643631474787], [-73.93963698291014, 40.70643286425873], [-73.93963639443975, 40.706429501613364], [-73.93963581670782, 40.70642622955088], [-73.93963518504795, 40.70642276532659], [-73.9396345749469, 40.70641939169082], [-73.93963397559921, 40.70641609216936], [-73.93963334384756, 40.70641272950127], [-73.93963272290395, 40.706409380562675], [-73.93963208395871, 40.706405995932734], [-73.93963144493149, 40.70640270187992], [-73.93963079876536, 40.706399325480454], [-73.9396301453732, 40.706395962801025], [-73.93962947393229, 40.706392616580715], [-73.93962880252369, 40.70638923467844], [-73.93962813825419, 40.706385935122874], [-73.93962744157834, 40.70638257516544], [-73.93962675571046, 40.70637922893755], [-73.9396260698029, 40.706375926625796], [-73.93962534788211, 40.706372563910406], [-73.93962463676192, 40.70636922315876], [-73.93962392920633, 40.706365929069975], [-73.93962318563007, 40.70636258281177], [-73.9396224384794, 40.70635920086972], [-73.93962169483866, 40.70635592597534], [-73.9396209404423, 40.70635257971141], [-73.93962017163867, 40.70634921148182], [-73.93961940633501, 40.70634596127897], [-73.93961861948516, 40.706342606763705], [-73.93961784339356, 40.70633932087321], [-73.93961704924823, 40.70633605693139], [-73.93961622994988, 40.70633268867526], [-73.93961541422361, 40.70632935884773], [-73.93961457325484, 40.70632602351742], [-73.93961375026292, 40.70632275132611], [-73.93961291285636, 40.70631946540341], [-73.93961204302356, 40.70631614103696], [-73.93961119476941, 40.70631288530099], [-73.93961031413129, 40.70630954446026], [-73.9396094334137, 40.706306291452], [-73.93960855270618, 40.70630302746467], [-73.93960763960222, 40.70629969209643], [-73.93960673002809, 40.706296441817756], [-73.93960579528606, 40.70629310369341], [-73.93960487488427, 40.70628986164331], [-73.93960394004044, 40.706286636054244], [-73.93960296563893, 40.70628328144045], [-73.9396020163781, 40.70628004486474], [-73.93960102390051, 40.70627673690247], [-73.9396000457955, 40.706273489332496], [-73.93959906406891, 40.70627025822928], [-73.93959802832755, 40.70626693103087], [-73.93959705732694, 40.7062638042343], [-73.93959603953272, 40.70626057311209], [-73.93959497133304, 40.70625724315188], [-73.93959389592241, 40.70625391044311], [-73.93959285285356, 40.70625070950004], [-73.93959181692384, 40.706247590903594], [-73.93959071983542, 40.70624429935493], [-73.93958962271984, 40.70624103799858], [-73.93958795357509, 40.706236176144174], [-73.93958624839004, 40.70623128407843], [-73.93958451435847, 40.706226383763216], [-73.93958273346871, 40.70622145048617], [-73.93958095611636, 40.706216594064394], [-73.93957916429983, 40.70621177880648], [-73.93957732202836, 40.70620691960576], [-73.93957543651298, 40.70620201921087], [-73.93957353293412, 40.706197151743645], [-73.93957161489851, 40.70619231720598], [-73.93956966439717, 40.70618748814074], [-73.93956768864115, 40.706182667296524], [-73.93956566602452, 40.70617781623523], [-73.93956361815324, 40.70617297339493], [-73.93956155941217, 40.70616818544421], [-73.93955947901576, 40.70616341395068], [-73.93955733736402, 40.70615857655052], [-73.93955518124561, 40.70615378305903], [-73.93955299626334, 40.70614900053137], [-73.93955079321755, 40.706144250931345], [-73.93954854691808, 40.706139471116146], [-73.9395462537506, 40.70613466931815], [-73.93954398932331, 40.70612999379443], [-73.9395416528353, 40.70612523588985], [-73.93954024347993, 40.70612026987006], [-73.93953787448667, 40.706115561354075], [-73.93953545862551, 40.70611083085528], [-73.93953298149177, 40.706106053663305], [-73.9395305115022, 40.70610135332842], [-73.93952805225615, 40.706096738086806], [-73.93952549212518, 40.706092007512034], [-73.93952291392827, 40.70608731260965], [-73.93952033207516, 40.70608267260059], [-73.93951767814157, 40.70607797216876], [-73.93951504575938, 40.706073370559714], [-73.93951237010866, 40.70606875520405], [-73.93950960797035, 40.706064057459905], [-73.9395068601748, 40.70605945304526], [-73.93950404750005, 40.706054801935466], [-73.93950124918047, 40.70605023043127], [-73.9394984039832, 40.70604564792335], [-73.9394955443243, 40.70604110383445], [-73.93949262699222, 40.70603652128843], [-73.93948965917562, 40.70603192773679], [-73.93948670211749, 40.70602740280981], [-73.9394837053827, 40.70602288060667], [-73.93948068338095, 40.70601838034825], [-73.93947761090716, 40.70601385536034], [-73.93947451316394, 40.706009355061965], [-73.93947137574408, 40.70600485748741], [-73.93946820946051, 40.7060003708766], [-73.93946501791244, 40.7059959034658], [-73.93946183712285, 40.70599150467968], [-73.93945855902054, 40.70598702898888], [-73.9394552592581, 40.70598257524468], [-73.93945199186479, 40.705978223073764], [-73.93944861995523, 40.70597378301526], [-73.93944523358914, 40.70596937588623], [-73.9394418723886, 40.705965059347584], [-73.93943844630148, 40.70596070434798], [-73.93943492650106, 40.705956280679835], [-73.93943145708869, 40.705951975063016], [-73.93942793718944, 40.70594766118518], [-73.93942440283863, 40.70594337474733], [-73.93942082160518, 40.705939082795126], [-73.93941718988738, 40.7059347798372], [-73.93941355091656, 40.70593052079158], [-73.93940985786215, 40.705926242504], [-73.93940616836502, 40.70592201911348], [-73.93940244639994, 40.705917803940046], [-73.93939865593165, 40.70591356128278], [-73.939394905056, 40.705909409223466], [-73.93939106766075, 40.705905210457466], [-73.93938723743204, 40.70590106384564], [-73.93938337112866, 40.70589692544899], [-73.93937944352818, 40.705892767806546], [-73.93937552309427, 40.705888662318316], [-73.93937156298135, 40.705884562298515], [-73.93936757400233, 40.705880475987264], [-73.93936354174254, 40.70587638965304], [-73.93935950223224, 40.70587234448633], [-73.93935544466864, 40.70586832126812], [-73.93935130778912, 40.705864262325974], [-73.93934719969927, 40.70586027476275], [-73.9393430339141, 40.705856273445136], [-73.93933881403294, 40.705852266609384], [-73.93933465898168, 40.7058483613639], [-73.93933043542228, 40.70584443412408], [-73.93932611812993, 40.70584046017362], [-73.93932182241872, 40.70583655210878], [-73.93931750144816, 40.705832657754286], [-73.9393132056655, 40.70582882928721], [-73.93930883776802, 40.7058249788239], [-73.93930440856849, 40.70582111460422], [-73.9392999505004, 40.70581726683779], [-73.93929546717042, 40.70581343552643], [-73.93929103426068, 40.705809686584395], [-73.93928657969586, 40.7058059540994], [-73.9392820277864, 40.705802180391395], [-73.93927741096316, 40.705798398414665], [-73.93927286258648, 40.705794707051126], [-73.93926826371307, 40.705791018405485], [-73.9392636467889, 40.7057873489635], [-73.93925894693213, 40.70578365477469], [-73.93925427947923, 40.70578002373238], [-73.93924958315772, 40.705776409143226], [-73.93924481111719, 40.70577276981102], [-73.93924010752318, 40.70576922109201], [-73.9392352561049, 40.70576561465473], [-73.93923046594205, 40.7057620741239], [-73.93922564330383, 40.70575855004429], [-73.9392207449466, 40.705755001221675], [-73.93921586095944, 40.705751515536], [-73.9392109517129, 40.70574804356061], [-73.93920605325714, 40.705744604527844], [-73.93920107185387, 40.70574115721677], [-73.9391960507717, 40.7057377153741], [-73.93919101523299, 40.70573430646072], [-73.93918602292582, 40.705730952465274], [-73.9391810378002, 40.705727634155316], [-73.93917586880535, 40.70572423340504], [-73.93917072139898, 40.705720890306026], [-73.93916566769123, 40.705717632344], [-73.93916052023583, 40.705714344139786], [-73.93915532228125, 40.7057110613982], [-73.93915014952688, 40.705707830820174], [-73.93914491905986, 40.70570460570097], [-73.93913972101407, 40.70570142451494], [-73.93913446887248, 40.70569823781047], [-73.93912912297058, 40.70569503458766], [-73.939123838314, 40.70569190825039], [-73.9391185860811, 40.70568882310143], [-73.93911325091078, 40.70568571869508], [-73.9391078544261, 40.70568261425604], [-73.93910246511275, 40.70567955648151], [-73.93909704693331, 40.70567651241532], [-73.93909169001158, 40.70567353151083], [-73.93908627176545, 40.70567056155273], [-73.93908068766663, 40.70566752837701], [-73.939075265772, 40.705664605077445], [-73.93906976813598, 40.70566168173756], [-73.93906428129561, 40.705658785850744], [-73.93905879080135, 40.70565594211229], [-73.9390531597017, 40.70565303516953], [-73.93904755740888, 40.70565018039225], [-73.93904197311777, 40.70564736130622], [-73.93903639239873, 40.70564458064847], [-73.93903076117297, 40.705641813687556], [-73.93902511190136, 40.70563906044065], [-73.93901943376613, 40.70563631815717], [-73.93901377722925, 40.705633622545925], [-73.93900813508968, 40.705630959879194], [-73.93900237753688, 40.705628294406246], [-73.9389965622865, 40.70562561792333], [-73.93899084074945, 40.705623010108965], [-73.93898511917767, 40.705620440721], [-73.93897930745251, 40.70561785481635], [-73.93897355697482, 40.70561534305254], [-73.93896771995803, 40.7056128065397], [-73.93896186127354, 40.70561030020746], [-73.93895604943957, 40.70560783507125], [-73.9389501330152, 40.705605364389726], [-73.93894425261357, 40.705602943132796], [-73.9389383938202, 40.705600557568964], [-73.93893254581232, 40.705598210437266], [-73.93892664008925, 40.70559587150895], [-73.93892063699427, 40.70559352154957], [-73.93891471679467, 40.70559123750826], [-73.93890878214837, 40.70558897541709], [-73.93890282583934, 40.705586738017004], [-73.9388968586928, 40.70558451982422], [-73.93889078695332, 40.70558229883083], [-73.93888480172352, 40.705580135523086], [-73.93887875518179, 40.70557796943773], [-73.93887267615452, 40.705575830782465], [-73.93886662233466, 40.705573736056465], [-73.9388606117609, 40.70557167977987], [-73.93885450380778, 40.70556962070646], [-73.93884841746025, 40.70556760007091], [-73.938842309455, 40.70556559863687], [-73.93883615454719, 40.70556361364619], [-73.93883003567203, 40.705561667100994], [-73.93882388792552, 40.705559739753575], [-73.93881776899565, 40.705557853592545], [-73.93881161759025, 40.70555598388251], [-73.93880546615998, 40.70555414161984], [-73.93879928225164, 40.705552318552904], [-73.93879307307627, 40.70555051743031], [-73.93878679536279, 40.705548727249976], [-73.93878060416385, 40.70554698926586], [-73.93877445621095, 40.70554528973113], [-73.93876814596715, 40.70554357638593], [-73.9387618501204, 40.705541895985206], [-73.93875566242613, 40.705540270537], [-73.93874939176926, 40.70553865327855], [-73.93874305978535, 40.70553704971102], [-73.93873683956058, 40.70553550109788], [-73.93873053637321, 40.705533960674536], [-73.93872415383011, 40.70553242844293], [-73.93871785780385, 40.70553094566282], [-73.93871151487252, 40.7055294820707], [-73.93870522240312, 40.70552805418701], [-73.93869886499733, 40.70552664273706], [-73.93869252199106, 40.705525261486834], [-73.93868607077748, 40.70552388566813], [-73.93867972050776, 40.705522559308584], [-73.93867345675986, 40.70552127691106], [-73.93866704513799, 40.70551999168964], [-73.9386605938219, 40.70551872840479], [-73.93865419657195, 40.70551750357515], [-73.93864786059908, 40.70551631994926], [-73.93864138035903, 40.70551513350139], [-73.9386349794272, 40.705513991011635], [-73.93862853519695, 40.70551286771183], [-73.9386221233948, 40.705511780110875], [-73.93861570075238, 40.7055107144619], [-73.93860926726467, 40.70550967625447], [-73.93860279047591, 40.70550865998166], [-73.93859634612029, 40.70550767391819], [-73.93858987288812, 40.70550671254189], [-73.9385833527507, 40.705505770353525], [-73.93857696241089, 40.70550487763979], [-73.93857048910591, 40.70550399586057], [-73.93856394725266, 40.70550313600245], [-73.93855751356664, 40.70550231462845], [-73.93855104018625, 40.70550151519097], [-73.93854445137488, 40.70550073216014], [-73.93853797433744, 40.70549998761532], [-73.93853155137107, 40.70549927603617], [-73.93852504543436, 40.70549858088091], [-73.9385184601316, 40.705497904896276], [-73.93851195774883, 40.7054972673823], [-73.93850549140822, 40.70549665733485], [-73.93849897815984, 40.70549606922007], [-73.93849239996982, 40.70549550302836], [-73.93848586142629, 40.705494967049866], [-73.93847934810218, 40.70549446127689], [-73.93847281311496, 40.70549398019487], [-73.93846634302139, 40.70549352933957], [-73.93845983683761, 40.705493103167505], [-73.93845322604048, 40.7054926961525], [-73.93844668374379, 40.70549231936612], [-73.93844014142184, 40.705491970027026], [-73.93843360268383, 40.70549164539239], [-73.93842706031384, 40.705491348203076], [-73.93842059726447, 40.70549108124823], [-73.93841405845565, 40.705490833465845], [-73.93840744027312, 40.70549061308827], [-73.93840089420021, 40.705490420196554], [-73.93839435531797, 40.705490252011195], [-73.93838781641044, 40.70549011127313], [-73.93838127748006, 40.70548999523755], [-73.93837483590656, 40.70548990670134], [-73.93836048835642, 40.70548979746284], [-73.9383519042959, 40.70548979286577], [-73.93834336347827, 40.705489829462714], [-73.93832891108366, 40.7054899891511], [-73.9383224476869, 40.70549009822335], [-73.93831594098371, 40.705490234719704], [-73.9383093981902, 40.70549039589926], [-73.93830288783701, 40.70549057905392], [-73.93829634500025, 40.705490786893684], [-73.93828983460125, 40.70549101945339], [-73.93828329171865, 40.705491276698154], [-73.93827678488312, 40.70549155592001], [-73.9382702708112, 40.705491859840464], [-73.9382637603231, 40.70549218846543], [-73.93825724620778, 40.70549253904613], [-73.93825073567886, 40.70549291158659], [-73.93824425398348, 40.70549330610021], [-73.93823773619768, 40.70549372529698], [-73.93823145644956, 40.70549415285545], [-73.938227254313, 40.70549444703504], [-73.93822301202148, 40.70549525995357], [-73.93821892170166, 40.705495545958556], [-73.93821469431525, 40.70549584286894], [-73.93821034788311, 40.7054961644181], [-73.93820612408048, 40.70549648603293], [-73.93820189306169, 40.70549681038853], [-73.93819758264611, 40.70549718685185], [-73.93819339128113, 40.70549753318656], [-73.93818916021895, 40.70549790420267], [-73.9381849471956, 40.705498269738754], [-73.9381807702117, 40.7054986654865], [-73.93817641289792, 40.7054990529029], [-73.93817212407414, 40.70549948152743], [-73.93816789298371, 40.705499882735154], [-73.93816372317742, 40.70550031691281], [-73.93815948846492, 40.70550073458689], [-73.93815534388793, 40.705501187991146], [-73.93815101898366, 40.70550163031932], [-73.93814674813216, 40.70550212482691], [-73.93814254586235, 40.705502561731166], [-73.93813838681487, 40.70550306178803], [-73.93813406548911, 40.70550353430989], [-73.9381299100431, 40.705504039857956], [-73.93812558149095, 40.70550452609945], [-73.9381213106034, 40.70550505903278], [-73.93811722732791, 40.70550552619247], [-73.93811293843456, 40.70550602892342], [-73.93810863868008, 40.7055065755646], [-73.93810443634602, 40.70550708108652], [-73.93810018708335, 40.70550763049927], [-73.93809596309588, 40.705508149733106], [-73.93809170300521, 40.70550870737404], [-73.9380873780057, 40.70550925125606], [-73.93808324055453, 40.705509797983595], [-73.93807894079193, 40.70551035285792], [-73.93807475644014, 40.70551091328373], [-73.93807041698528, 40.705511487349796], [-73.93806616769655, 40.70551206420894], [-73.93806197251668, 40.70551263286277], [-73.93805768715008, 40.70551322068123], [-73.93805338734877, 40.705513816726125], [-73.93804910196934, 40.705514418268116], [-73.93804490676872, 40.705515008879395], [-73.93804072238319, 40.70551560498592], [-73.93803631434338, 40.70551623939856], [-73.93803202533645, 40.705516862896076], [-73.93802783011002, 40.7055174809544], [-73.93802354109528, 40.7055181126859], [-73.93801924124742, 40.70551875813524], [-73.93801505322149, 40.70551938992078], [-73.93801077500885, 40.705520040870965], [-73.93800641382302, 40.70552071098968], [-73.93800220052663, 40.70552136746402], [-73.93799790787145, 40.705522034874576], [-73.93799364406253, 40.70552271053474], [-73.93798948486457, 40.70552336978258], [-73.93798505871848, 40.705524081036934], [-73.9379808021126, 40.705524767679606], [-73.93797663207114, 40.705525451624], [-73.93796505262068, 40.70552736123001], [-73.93795520824887, 40.70552902199655], [-73.93794853470061, 40.705530157476666], [-73.93794030998887, 40.70553157208617], [-73.93793206000915, 40.705533008639534], [-73.93792384968789, 40.70553446168233], [-73.93791565018401, 40.70553591747513], [-73.93790748313286, 40.70553738151914], [-73.9378992763866, 40.705538867499286], [-73.93789108045004, 40.70554036446375], [-73.93788292779671, 40.70554185870622], [-73.93787472823986, 40.70554336939136], [-73.9378665755704, 40.70554488010121], [-73.93785844814786, 40.70554639082413], [-73.93785024857453, 40.70554791797616], [-73.93784205621692, 40.705549442386705], [-73.93783391430993, 40.7055510134849], [-73.93782583016942, 40.705552521484144], [-73.93781767749009, 40.70555404042482], [-73.93780954284921, 40.705555553885176], [-73.93780145871789, 40.70555705090366], [-73.93779330606563, 40.705558539650234], [-73.93772838460738, 40.70557000785706], [-73.93707033300244, 40.7056838733745], [-73.93704424862736, 40.7056879927272], [-73.93703560192505, 40.70568936586978], [-73.93702691193089, 40.70569074996706], [-73.93701820029067, 40.70569213954138], [-73.9370095102906, 40.70569352912688], [-73.93700083471985, 40.70569491597484], [-73.93699216275284, 40.70569630556893], [-73.93698344389246, 40.7056977006262], [-73.93697472863848, 40.70569909568476], [-73.93696605667562, 40.705700479787325], [-73.93695735225154, 40.70570186387147], [-73.93694865143128, 40.70570325070169], [-73.93693997947251, 40.70570462931275], [-73.93693123176106, 40.70570601886071], [-73.93692253455946, 40.70570739196713], [-73.93691386621673, 40.70570875959915], [-73.93690517262898, 40.705710124471935], [-73.93689646100968, 40.70571148658938], [-73.93688776021548, 40.70571284322262], [-73.936879012533, 40.70571419982944], [-73.93687029010532, 40.70571554821516], [-73.93686167590091, 40.70571687470145], [-73.9368529210169, 40.705718217578536], [-73.93684418056999, 40.70571954948382], [-73.93683549062773, 40.705720870437126], [-73.93682674658376, 40.70572219136004], [-73.93681800975554, 40.705723509541464], [-73.9368093090076, 40.705724814018225], [-73.93680058662137, 40.70572611573773], [-73.93679190391956, 40.705727406499264], [-73.93678314907966, 40.705728699965285], [-73.93677437981228, 40.70572999342273], [-73.93676568991158, 40.7057312677097], [-73.9367569675471, 40.70573254472301], [-73.93674822354687, 40.70573381623424], [-73.93673945429903, 40.705735087730915], [-73.93673076441526, 40.70573634280192], [-73.93672198435426, 40.70573760605703], [-73.93671327644118, 40.705738855627295], [-73.93670458657206, 40.70574009422777], [-73.9366958065257, 40.70574134101227], [-73.93668703370035, 40.70574257956583], [-73.9366783221949, 40.7057438126629], [-73.9366695962803, 40.70574502653799], [-73.93666081987332, 40.705746237639914], [-73.93665204707797, 40.70574744325361], [-73.93664332118328, 40.70574863516864], [-73.9366345664107, 40.70574985176997], [-73.9366258008593, 40.70575102444849], [-73.93661701367479, 40.70575218888012], [-73.93660825535193, 40.70575334509265], [-73.93659953671622, 40.705754487602576], [-73.93659074955168, 40.70575563007412], [-73.93658193713958, 40.70575677253105], [-73.93657321131032, 40.70575789307689], [-73.9365644242128, 40.70575896418256], [-73.93655561904203, 40.70576007644903], [-73.93654688962863, 40.70576117228804], [-73.93653806643131, 40.70576227630896], [-73.93652925406701, 40.70576336661136], [-73.9365204886008, 40.70576444595988], [-73.93651172674635, 40.70576551982017], [-73.93650290718597, 40.70576659090322], [-73.93649414895334, 40.705767648295605], [-73.93648537990543, 40.70576870019183], [-73.93647650986526, 40.705769754776426], [-73.93646775165274, 40.705770790208696], [-73.93645896477422, 40.705771628001386], [-73.93645015245711, 40.70577266614723], [-73.93644137982461, 40.70577369333525], [-73.93643252784307, 40.705774720478736], [-73.93642377325692, 40.705775733951555], [-73.93641500063933, 40.70577674466899], [-73.93640609816747, 40.70577776629304], [-73.93639733998685, 40.70577876603802], [-73.93638853852482, 40.70577976575841], [-73.9363797262449, 40.70578076272741], [-73.93637092118604, 40.70578175146539], [-73.93636212695243, 40.70578273471916], [-73.93635331108585, 40.70578370972604], [-73.93634445554464, 40.705784684710274], [-73.93633565772451, 40.705785646001914], [-73.9363268058079, 40.70578660177348], [-73.93631801882589, 40.70578754385643], [-73.93630924989057, 40.70578847222488], [-73.93630034028597, 40.705789406004314], [-73.93629154250124, 40.70579032886591], [-73.93628274113317, 40.70579122702195], [-73.9362738820645, 40.70579211691112], [-73.93626504464929, 40.70579299308773], [-73.93625624692402, 40.70579385281711], [-73.93624739149553, 40.705794707024246], [-73.93623853607733, 40.70579555025171], [-73.9362297239558, 40.70579637703387], [-73.93622088298783, 40.70579719556506], [-73.93621203481663, 40.705798003112555], [-73.93620316861926, 40.705798802415046], [-73.9361943276822, 40.70579958800706], [-73.93618552282307, 40.7058003626393], [-73.93617662419044, 40.70580113447415], [-73.93616776885196, 40.70580189260848], [-73.93615892073471, 40.705802642511806], [-73.93615008344804, 40.70580338144146], [-73.93614122091907, 40.70580411486686], [-73.93613232593428, 40.70580484278406], [-73.93612348866812, 40.70580555975352], [-73.93611467665959, 40.70580626575727], [-73.9361057744817, 40.70580697171028], [-73.93609688313191, 40.70580766943438], [-73.93608804228974, 40.70580835346191], [-73.93607919784331, 40.70580903474205], [-73.9360703029072, 40.705809710503964], [-73.93606140797617, 40.70581038077563], [-73.93605256715439, 40.70581104284238], [-73.93604372634029, 40.70581169667418], [-73.93603482782038, 40.70581234772844], [-73.93602593651919, 40.70581299329653], [-73.93601709572036, 40.705813630657666], [-73.93600825492665, 40.7058142625286], [-73.93599940692454, 40.70581488890533], [-73.93599047596665, 40.70581551523527], [-73.93598158829504, 40.70581613609905], [-73.9359726970244, 40.70581674872582], [-73.93596385264686, 40.7058173558885], [-73.93595497581084, 40.70581796028765], [-73.93594608455025, 40.70581856193335], [-73.93593720772186, 40.70581915809684], [-73.93592831646889, 40.70581975150684], [-73.93591939275753, 40.70582034215335], [-73.93591055561626, 40.705820924613064], [-73.9359016823993, 40.70582151528628], [-73.93589279115889, 40.705822094969754], [-73.93588392156681, 40.70582266643031], [-73.9358750808235, 40.70582324339573], [-73.93586610302022, 40.70582382302893], [-73.93585723343038, 40.70582439174259], [-73.93584836744976, 40.70582495771288], [-73.93583947982839, 40.70582552367042], [-73.93583060663921, 40.70582608414579], [-73.9358216829552, 40.705826644592314], [-73.93581281698455, 40.705827199580774], [-73.93580394740967, 40.70582775182179], [-73.93579498044134, 40.705828314986874], [-73.93578615054585, 40.70582886175915], [-73.935777277369, 40.7058294085066], [-73.93576836091081, 40.70582995522914], [-73.9357594949499, 40.70583049923449], [-73.93575057849408, 40.70583104321094], [-73.9357417089287, 40.705831584468136], [-73.93573280690232, 40.7058321257065], [-73.93572384716488, 40.70583266965674], [-73.9357149848179, 40.70583320542633], [-73.93570611886138, 40.70583374393803], [-73.93569720601675, 40.70583428242284], [-73.93568834366936, 40.70583481819039], [-73.93567939475416, 40.70583535939842], [-73.93567053601325, 40.70583589516663], [-73.93566167727485, 40.70583642818941], [-73.93565271393211, 40.705836969387335], [-73.93564381912044, 40.70583750787808], [-73.93563496037896, 40.70583804364353], [-73.93562605113995, 40.70583858212484], [-73.93561715993462, 40.705839120615565], [-73.93560830119272, 40.70583965637896], [-73.93559935948977, 40.70584019758481], [-73.93559045385425, 40.70584073881017], [-73.93558155904164, 40.705841277296116], [-73.9355726570126, 40.70584181852209], [-73.93556376941058, 40.70584235975546], [-73.93555491426923, 40.705842901006314], [-73.93554597615886, 40.705843455933866], [-73.93553707051987, 40.70584399989982], [-73.93552814684428, 40.70584454659979], [-73.9355100902841, 40.70584565634897], [-73.93550153812369, 40.70584618404166], [-73.93528238421091, 40.70586042438919], [-73.93526383694864, 40.705861712233606], [-73.93525440459415, 40.70586238214066], [-73.93524495780436, 40.705863060273124], [-73.93523555068619, 40.705863741171896], [-73.9352254185487, 40.70586448204676], [-73.9352166029721, 40.70586513033971], [-73.9352071561602, 40.70586583042719], [-73.93519927119092, 40.705866416113025], [-73.93519071891326, 40.70586705906268], [-73.93518219548696, 40.70586770477272], [-73.93517358909142, 40.70586836415921], [-73.93516507287028, 40.705869018106306], [-73.93515649531524, 40.705869691231555], [-73.93514789250727, 40.70587036983155], [-73.93513937266282, 40.70587104024327], [-73.93513085280483, 40.70587172437822], [-73.93512227523041, 40.70587241671427], [-73.93511366878825, 40.70587312275727], [-73.93510515252316, 40.705873820616134], [-73.93509658214299, 40.70587453216773], [-73.93508805865068, 40.70587524374509], [-73.93507949908512, 40.70587596079104], [-73.93507093229515, 40.70587668881131], [-73.93506235828876, 40.70587741957164], [-73.93505384199048, 40.70587815036387], [-73.93504531847046, 40.70587888938576], [-73.9350367444475, 40.70587963661276], [-73.93502816681219, 40.70588038932663], [-73.93501959638486, 40.705881147533404], [-73.93501107645211, 40.705881905768095], [-73.9350025529071, 40.70588266948966], [-73.93499397525227, 40.705883441414336], [-73.93498545530555, 40.70588421337091], [-73.93497693174655, 40.705884990814376], [-73.9349683612886, 40.70588577920979], [-73.9349598196873, 40.7058865648761], [-73.93495123479386, 40.705887361496345], [-73.93494271482471, 40.70588815540793], [-73.93493419485002, 40.70588895480837], [-73.93492564962236, 40.705889759683444], [-73.93491711881893, 40.70589056731078], [-73.93490854472599, 40.70589138314735], [-73.93490000309377, 40.705892199001596], [-73.93489152277911, 40.70589301214511], [-73.93488294506535, 40.70589384170156], [-73.93487440342179, 40.70589466853296], [-73.93486581848875, 40.70589550357354], [-73.93485733094094, 40.705896335923846], [-73.93484880010634, 40.70589717373853], [-73.93484025483903, 40.70589801703396], [-73.93483172038916, 40.70589886307963], [-73.93482317872015, 40.7058997146101], [-73.93481462622792, 40.705900568878604], [-73.93480609898023, 40.7059014259055], [-73.93479755369036, 40.70590229115587], [-73.9347890625072, 40.70590315094671], [-73.93478055688873, 40.705904018963054], [-73.93477191780335, 40.70590490337172], [-73.93476343021287, 40.705905776886524], [-73.93475493540062, 40.70590665863092], [-73.93474643698131, 40.70590754037267], [-73.93473788084005, 40.70590843580486], [-73.93472933190938, 40.70590933398525], [-73.93472083707735, 40.705910234940475], [-73.93471228452874, 40.705911144096625], [-73.9347037860841, 40.70591205053808], [-73.93469523352427, 40.70591297067201], [-73.93468668456555, 40.70591389629689], [-73.93467824020833, 40.705914816490946], [-73.93466969123843, 40.705915753093606], [-73.93466117833327, 40.70591669246092], [-73.93465266903192, 40.70591763457436], [-73.934644127256, 40.70591859039255], [-73.93463561072453, 40.705919548969206], [-73.93462710501038, 40.70592051029619], [-73.93461861370695, 40.70592148809929], [-73.93461009354914, 40.70592246588535], [-73.93460159863305, 40.705923449174676], [-73.93459307845853, 40.70592444342809], [-73.93458452941886, 40.70592544864352], [-73.93457606694412, 40.705926451162746], [-73.93456756478382, 40.70592746463785], [-73.93455905539898, 40.70592848908727], [-73.93455054239632, 40.7059295245131], [-73.93454207267195, 40.70593056270764], [-73.93453357407971, 40.705931614608986], [-73.93452506465601, 40.70593267748258], [-73.93451655521864, 40.70593375407936], [-73.93450809266899, 40.70593483070224], [-73.9344995796027, 40.705935929253826], [-73.93449112063772, 40.70593702783558], [-73.93448265805219, 40.70593814013848], [-73.93447414495539, 40.70593926888059], [-73.9344656318475, 40.705940408601116], [-73.93445717644498, 40.70594155109864], [-73.93444866331761, 40.7059427100313], [-73.9344401610076, 40.70594387171421], [-73.93443179215592, 40.70594502523822], [-73.93442326818843, 40.70594620337616], [-73.934414765864, 40.70594737878102], [-73.93440633928692, 40.70594854873888], [-73.93439782252668, 40.705949732368545], [-73.93438934544332, 40.705950913275444], [-73.93438088639357, 40.705952094192035], [-73.93437245260714, 40.7059532586538], [-73.9343639358349, 40.705954453259984], [-73.93435546595313, 40.705955645147576], [-73.93434703213877, 40.7059568370551], [-73.93433856225636, 40.7059580289414], [-73.93433008515473, 40.705959226312544], [-73.93432159728111, 40.705960374271115], [-73.93431316705605, 40.705961582646786], [-73.93430473321854, 40.7059627965093], [-73.9342962452656, 40.70596402406415], [-73.93428776452049, 40.70596525711205], [-73.93427931984276, 40.70596649017984], [-73.93425524111403, 40.705970039134556], [-73.93423707111009, 40.705972748817246], [-73.93422861196821, 40.70597401755505], [-73.93422013478131, 40.70597529726094], [-73.9342117369512, 40.70597656877731], [-73.93420324893248, 40.705977859454855], [-73.93419480058796, 40.70597915015447], [-73.93418641356097, 40.705980438143754], [-73.9341779579887, 40.7059817425618], [-73.93416947355375, 40.70598305519704], [-73.93416107568918, 40.705984359646834], [-73.93415262009962, 40.705985680531604], [-73.93414416811112, 40.70598700690734], [-73.93413576662253, 40.70598832782182], [-73.93412735791192, 40.70598965696586], [-73.93411809064742, 40.70599112834569], [-73.93410877647003, 40.7059926244008], [-73.93410198022563, 40.705993712926684], [-73.93409022025766, 40.70599560831571], [-73.93408090245866, 40.70599711809031], [-73.9340716387663, 40.70599862240561], [-73.93406233178138, 40.70600013767442], [-73.93405307168953, 40.70600164747982], [-73.93404377912275, 40.706003170989675], [-73.93403445769312, 40.706004702716555], [-73.93402513986713, 40.70600623718952], [-73.93401590500473, 40.70600776347496], [-73.93400665210261, 40.706009295238886], [-73.93399731622517, 40.70601084616781], [-73.9339787887591, 40.70601392889279], [-73.93235515412456, 40.70628055136816], [-73.92880871571705, 40.70686289658709], [-73.9287208777208, 40.70687732360776], [-73.92550829672568, 40.70740639320203], [-73.92547137441493, 40.70741190274805], [-73.92546257579363, 40.70741324747522], [-73.92545369779049, 40.707414619598], [-73.92544492439188, 40.70741598629827], [-73.92543614015699, 40.707417366714665], [-73.92542736673309, 40.70741875537174], [-73.9254185788691, 40.70742015499779], [-73.92540973327365, 40.70742157379916], [-73.92540097785525, 40.707422987168776], [-73.92539220799681, 40.70742441150739], [-73.92538336598247, 40.70742585226714], [-73.92537461415445, 40.70742727936088], [-73.9253658226322, 40.707428722896786], [-73.92535702750276, 40.70743016642969], [-73.92534819629212, 40.707431620917596], [-73.92533940476872, 40.70743306445147], [-73.92533061684874, 40.7074345107318], [-73.9253218469719, 40.7074359487889], [-73.92531305184363, 40.70743738957368], [-73.92530421703651, 40.707438833076786], [-73.92529539305875, 40.70744026835199], [-73.92528656908682, 40.70744169813696], [-73.92527778120147, 40.70744311147608], [-73.92526891756876, 40.70744452751015], [-73.92526005394495, 40.70744593530924], [-73.92525122280395, 40.7074473239154], [-73.92524240610538, 40.707448698806395], [-73.9252335713845, 40.70745006270602], [-73.92522464649498, 40.70745142380158], [-73.92521578294938, 40.7074527602334], [-73.925206915815, 40.70745408019368], [-73.92519804870182, 40.7074553809399], [-73.9251891743931, 40.70745666521216], [-73.92518024960653, 40.707457932982365], [-73.92517131762752, 40.70745918153385], [-73.925162407317, 40.707460405395835], [-73.92515353310858, 40.707461599088155], [-73.92514455791724, 40.70746278447988], [-73.92513565490266, 40.7074639342359], [-73.92512671584393, 40.70746506200967], [-73.9251177371342, 40.707466167798835], [-73.92510878370605, 40.707467243411315], [-73.92509981948783, 40.70746829156846], [-73.92509089137495, 40.70746930681122], [-73.92508187671886, 40.707470302783584], [-73.925072847669, 40.7074712685535], [-73.9250638835855, 40.70747219593825], [-73.92505486903353, 40.70747309858657], [-73.92504585451837, 40.70747396829706], [-73.92503684004001, 40.70747480506967], [-73.9250277678826, 40.7074756143564], [-73.92501880758996, 40.70747637705425], [-73.92500978240152, 40.707477115006235], [-73.92500067429225, 40.707477819966336], [-73.92499165639742, 40.707478486557754], [-73.92498259525725, 40.70747912018316], [-73.92497354498067, 40.70747971538818], [-73.92496443703138, 40.707480277617755], [-73.92495541929962, 40.70748079873395], [-73.92494636193247, 40.70748128414161], [-73.92493724689263, 40.70748173657383], [-73.92492809582737, 40.707482150555116], [-73.92491904940718, 40.70748252343244], [-73.92490999581335, 40.70748286062241], [-73.92490081962964, 40.70748315930505], [-73.92489167234092, 40.70748342232385], [-73.92488261887989, 40.707483641486895], [-73.92487352939347, 40.707483822198995], [-73.92486441830926, 40.707483964469624], [-73.92485527119973, 40.70748406828925], [-73.92484615659826, 40.70748413095796], [-73.92483694465507, 40.70748415513568], [-73.92482789145679, 40.707484140989585], [-73.92481873731612, 40.707484082860645], [-73.92480956518452, 40.7074839862925], [-73.92480222895794, 40.70748387719916], [-73.92479487112118, 40.707483740643596], [-73.92478743757145, 40.70748357659045], [-73.92478011224297, 40.70748339888367], [-73.924772830237, 40.70748318552286], [-73.92476546891437, 40.70748294191728], [-73.92475807155112, 40.70748267358481], [-73.92475071028743, 40.70748237782784], [-73.92474345724811, 40.707482065672544], [-73.92473609243662, 40.70748171776177], [-73.92472877093844, 40.70748134243121], [-73.92472140258225, 40.70748093962189], [-73.92471399458478, 40.707480506593754], [-73.92470666596616, 40.7074800489142], [-73.92469940950336, 40.70747957481278], [-73.92469207734008, 40.70747906223464], [-73.92468474881174, 40.707478524955604], [-73.92467740949701, 40.7074779574766], [-73.92467011349265, 40.70747736532256], [-73.92466278505768, 40.70747674569919], [-73.92465548911558, 40.70747609864898], [-73.92464815714233, 40.707475418637536], [-73.92464085044509, 40.70747471393932], [-73.92463355820648, 40.70747398180243], [-73.92462626239534, 40.707473219470366], [-73.92461895579794, 40.70747242693834], [-73.92461169611771, 40.70747160973367], [-73.92460440040645, 40.70747075956781], [-73.92459712997434, 40.707469881970376], [-73.92458994251874, 40.70746898795824], [-73.92458269379026, 40.70746805547882], [-73.92457535133035, 40.70746708176606], [-73.92456812791242, 40.70746609440703], [-73.92456094419798, 40.70746508237068], [-73.9245537136351, 40.70746403462118], [-73.92454642179942, 40.70746294840442], [-73.92453927425058, 40.7074618513027], [-73.92453204739465, 40.707460715721844], [-73.92452477730023, 40.70745954168549], [-73.92451766230705, 40.707458362260844], [-73.92451048964793, 40.707457144371205], [-73.92450330620584, 40.7074558935369], [-73.92449611558449, 40.70745461250502], [-73.92448895384624, 40.70745330678876], [-73.92448188590204, 40.707451987409776], [-73.92447468095986, 40.70745061304515], [-73.9244675193282, 40.70744921400563], [-73.92446046951554, 40.70744780954947], [-73.9244533728607, 40.707446363890725], [-73.9244462113326, 40.707444874272674], [-73.92443908589826, 40.70744336271982], [-73.92443207228294, 40.70744184575035], [-73.92442501182859, 40.70744028483348], [-73.92441793337456, 40.70743869371194], [-73.92441089101742, 40.70743707791077], [-73.92440387033281, 40.7074354346758], [-73.92439691458443, 40.707433780503926], [-73.9243898831516, 40.70743207413147], [-73.92438281208736, 40.707430329305794], [-73.92437589610874, 40.707428592815866], [-73.9243689044427, 40.70742680687002], [-73.92436193444928, 40.70742499349037], [-73.92435500054658, 40.70742316092062], [-73.92434803422616, 40.70742128990249], [-73.92434110760337, 40.707419399696626], [-73.92433419904631, 40.70741748205463], [-73.92432734460807, 40.70741555072393], [-73.92432045775526, 40.70741357820006], [-73.92431359978262, 40.707411583736615], [-73.92430671299613, 40.707409553571914], [-73.92429986230033, 40.70740750421716], [-73.92429304048788, 40.70740543017814], [-73.92428625475988, 40.707403342438575], [-73.92427945464861, 40.707401216262475], [-73.92427257524625, 40.70739903788329], [-73.92426585812775, 40.70739688156852], [-73.92425911580845, 40.70739468406538], [-73.9242523374648, 40.70739244811142], [-73.92424566731769, 40.707390220462514], [-73.92423893591389, 40.70738794062238], [-73.92423223699095, 40.7073856443347], [-73.92422556334135, 40.707383326105095], [-73.9242188680979, 40.7073809666894], [-73.92421226662678, 40.707378612824655], [-73.92420561471019, 40.70737621501001], [-73.92419898085332, 40.7073737952488], [-73.92419234342437, 40.707371345292415], [-73.92418697150372, 40.70736933258676], [-73.92418086051018, 40.707367028448964], [-73.92417268372604, 40.70736390226537], [-73.92416459351963, 40.70736076515923], [-73.9241564817353, 40.70735757314293], [-73.92414835918738, 40.707354331713276], [-73.92414033042459, 40.707351084855254], [-73.92413230531942, 40.7073477940829], [-73.92412433794956, 40.7073444813899], [-73.92411640307657, 40.70734113852536], [-73.92410841057284, 40.707337727003164], [-73.92410050824742, 40.70733431005033], [-73.92409268528594, 40.707330882170254], [-73.92408478666587, 40.70732738013106], [-73.92407694217749, 40.707323853424185], [-73.92406915541513, 40.70732031303101], [-73.9240613578893, 40.707316723224395], [-73.92405364332805, 40.707313127982495], [-73.9240459107897, 40.707309483322504], [-73.92403821795877, 40.70730581124045], [-73.92403058285072, 40.707302128217], [-73.9240229261619, 40.70729839302819], [-73.9240152839451, 40.707294619421745], [-73.9240076958444, 40.70729083487145], [-73.92400015826225, 40.707287031140716], [-73.92399262793222, 40.707283194477], [-73.92398509404629, 40.70727931389427], [-73.92397761788011, 40.707275425114844], [-73.92397015978666, 40.70727150340969], [-73.92396273417442, 40.707267565256934], [-73.92395530139945, 40.70726358318271], [-73.92394796599139, 40.7072596176409], [-73.9239405981821, 40.70725559992673], [-73.92393321239274, 40.70725153553919], [-73.92392591675967, 40.70724748493458], [-73.92391863918681, 40.7072434123833], [-73.92391138688146, 40.7072393233797], [-73.92390415263944, 40.70723520968466], [-73.92389687157205, 40.70723104106292], [-73.9238896806578, 40.70722688896895], [-73.92388254744449, 40.70722274514695], [-73.92387536380217, 40.70721854365111], [-73.92386821263166, 40.70721433394197], [-73.92386108312193, 40.70721010777817], [-73.92385398968153, 40.70720588163775], [-73.92384689987391, 40.70720163354117], [-73.92383981729976, 40.70719736898037], [-73.92383275637691, 40.70719309619917], [-73.92382572070916, 40.70718881794466], [-73.92381867785679, 40.70718451498213], [-73.92381168908601, 40.707180231268296], [-73.92380467510593, 40.707175914600185], [-73.92379765393187, 40.70717158145829], [-73.92379071927887, 40.707167286799944], [-73.92378371976335, 40.7071629399477], [-73.92377680315894, 40.7071586343214], [-73.92376981447518, 40.7071542792412], [-73.92376286185124, 40.70714993241873], [-73.92375596689689, 40.70714562131595], [-73.92374899986628, 40.70714125801452], [-73.92374206167239, 40.70713691120033], [-73.92373511267469, 40.70713255065478], [-73.92372820331846, 40.70712822032749], [-73.92372131918592, 40.70712391197455], [-73.92371438460255, 40.7071195651611], [-73.92370740676313, 40.707115196360405], [-73.92370050460849, 40.707110879760044], [-73.92369363127177, 40.707106596115516], [-73.92368666422733, 40.70710225202361], [-73.92367972240649, 40.70709792990613], [-73.92367276615606, 40.707093610523444], [-73.923665809894, 40.70708930211935], [-73.92365889686762, 40.707085034914996], [-73.92365194779275, 40.70708075121773], [-73.92364497708087, 40.70707646476091], [-73.92358382241412, 40.70703936985359], [-73.92216867904037, 40.70615445364399], [-73.92081161202621, 40.705306669108495], [-73.92077316383379, 40.70528267535834], [-73.91987710028114, 40.704722883214146], [-73.91986529359433, 40.70471548608556], [-73.91914158960672, 40.70426340011259], [-73.91835821126978, 40.70377397136242], [-73.91763124104426, 40.70331979571889], [-73.9158878740839, 40.702230550634035], [-73.91586637419574, 40.70221713222429], [-73.9158556314421, 40.70221044360889], [-73.91584486706155, 40.70220374674238], [-73.91583410627243, 40.702197063601325], [-73.91582335268474, 40.702190391443594], [-73.91581259187913, 40.70218372476911], [-73.91580178781767, 40.70217704159337], [-73.91579101978934, 40.702170385890604], [-73.91578023733345, 40.702163732921086], [-73.91576941883484, 40.70215706345556], [-73.91575862915276, 40.70215042420249], [-73.91574782865318, 40.70214378494053], [-73.91573700651978, 40.702137142916946], [-73.91572619879747, 40.702130514626695], [-73.91571536223172, 40.702123880824786], [-73.9157045400736, 40.702117263500966], [-73.91569369268205, 40.702110637923376], [-73.91568284167566, 40.70210402057642], [-73.91567201948928, 40.7020974306972], [-73.91566116846634, 40.702090829816754], [-73.91565029941282, 40.70208422892204], [-73.91563943755713, 40.70207764175545], [-73.91562859011253, 40.70207106832222], [-73.91561767778668, 40.70206446739268], [-73.91560681951272, 40.7020579049285], [-73.9155959323954, 40.70205133695261], [-73.91558504166672, 40.70204477446257], [-73.91557414012053, 40.70203821196357], [-73.91556323856598, 40.70203165769777], [-73.91555232979356, 40.7020251089152], [-73.91554139578776, 40.70201855187881], [-73.91553051222728, 40.70201203330506], [-73.91551956378564, 40.702005487235006], [-73.91550865137694, 40.70199896863807], [-73.91549772454066, 40.70199245277422], [-73.91548676166184, 40.701985920414245], [-73.91547582760283, 40.70197941552209], [-73.91546486831045, 40.70197290237607], [-73.915453941441, 40.70196641944523], [-73.915442982132, 40.70195992276566], [-73.9154319723578, 40.70195340683459], [-73.91542103105107, 40.70194693761387], [-73.91541007171367, 40.701940468378794], [-73.91539907272372, 40.7019339853897], [-73.91538807372545, 40.70192751063382], [-73.91537708192851, 40.701921046861294], [-73.91536610093245, 40.70191459956423], [-73.91535508028733, 40.70190813576838], [-73.91534404881776, 40.701901677452966], [-73.9153330353621, 40.7018952356184], [-73.91532203270734, 40.70188881025931], [-73.91531100481934, 40.70188237664632], [-73.91529995169105, 40.70187594026888], [-73.91528894901126, 40.7018695396095], [-73.91527787784752, 40.7018631087062], [-73.91526682469421, 40.70185669702845], [-73.91525578594829, 40.70185030182887], [-73.91524473638138, 40.701843909365], [-73.91523363995239, 40.70183750039694], [-73.91522258315915, 40.70183112164948], [-73.91521151194185, 40.701824742890295], [-73.91520040107207, 40.70181835037697], [-73.9151893226285, 40.701811985334146], [-73.91517823696691, 40.701805625774476], [-73.91516715850656, 40.7017992771981], [-73.91515603679073, 40.701792912120155], [-73.91514491506301, 40.701786558020196], [-73.91513380774614, 40.70178021765359], [-73.91512268600174, 40.70177388002008], [-73.91511155704285, 40.70176754512491], [-73.91510040645029, 40.70176120746794], [-73.9150892738681, 40.70175488903651], [-73.91507814848714, 40.70174858158839], [-73.91506699426643, 40.70174226588363], [-73.91505581841204, 40.70173594741704], [-73.91504466057151, 40.70172964543123], [-73.9150335135317, 40.70172335992096], [-73.91502234125873, 40.70171706615662], [-73.91501117978997, 40.701710786123044], [-73.91500001110673, 40.70170450882778], [-73.91498881718333, 40.70169822876803], [-73.91497760163325, 40.701691940456904], [-73.91496641850918, 40.70168567961633], [-73.91495521375847, 40.70167941052437], [-73.91494401980493, 40.70167316065269], [-73.91493283666264, 40.70166691902213], [-73.914921610265, 40.70166066088995], [-73.91491038385897, 40.701654410990955], [-73.9148991898858, 40.701648183073], [-73.91487673344263, 40.70163571071448], [-73.91473200059684, 40.7015557418426], [-73.91313522428305, 40.700672536094594], [-73.91311427846782, 40.700660945600596], [-73.91310729052142, 40.70065708118227], [-73.91310029176711, 40.700653208521075], [-73.91309329301001, 40.70064933860419], [-73.91308630146315, 40.70064547143714], [-73.91307935316625, 40.70064162626043], [-73.91307235080869, 40.70063775359477], [-73.91306535205848, 40.70063388093144], [-73.91305834249313, 40.700630005514746], [-73.91305139780238, 40.70062616308384], [-73.91304437742639, 40.70062228216857], [-73.91303738948811, 40.70061841774599], [-73.91303043038455, 40.70061456706863], [-73.91302342802913, 40.70061069714474], [-73.91301641486575, 40.70060681897798], [-73.91300944495237, 40.70060296280164], [-73.91300246782686, 40.70059910661941], [-73.91299543664785, 40.70059521745866], [-73.91298848835785, 40.70059137502121], [-73.91298149682315, 40.70058750784774], [-73.9129744836647, 40.70058362967844], [-73.91296750654676, 40.700579770749314], [-73.91296050419861, 40.70057590082157], [-73.91295351266355, 40.70057203639116], [-73.91294651753, 40.70056816646807], [-73.91293953680886, 40.7005643075345], [-73.91293252725815, 40.70056043211008], [-73.91292548887796, 40.700556540194846], [-73.91291851897151, 40.70055268675773], [-73.91291154906585, 40.700548833320155], [-73.91290454312488, 40.70054495789678], [-73.9128975515963, 40.700541093462945], [-73.91289055286276, 40.70053722353372], [-73.91288358296033, 40.70053337009444], [-73.91287654097938, 40.700529478173465], [-73.91286951702445, 40.70052559175523], [-73.91284859291173, 40.70051402318716], [-73.91255428673995, 40.70035122189355], [-73.91253351051186, 40.70033972199939], [-73.91252658029666, 40.700335887781925], [-73.91251959602847, 40.70033202058574], [-73.9125126946486, 40.70032820011319], [-73.91250573200281, 40.700324346656444], [-73.91249881981237, 40.700320520685295], [-73.91249195086786, 40.70031671944955], [-73.91248499543742, 40.700312865997], [-73.91247805081277, 40.70030902353133], [-73.91247113862909, 40.70030519481378], [-73.9124641651759, 40.70030133585675], [-73.9124573214626, 40.7002975483619], [-73.91245034801462, 40.70029368665926], [-73.91244338177319, 40.70028983045121], [-73.91243653445937, 40.70028604020766], [-73.9124296294862, 40.700282216982586], [-73.91242267405931, 40.70027836627101], [-73.91241570421826, 40.70027450731378], [-73.912408856904, 40.700270719813325], [-73.91238805189961, 40.70025920065749], [-73.91236724689882, 40.7002476842426], [-73.91236036355072, 40.700243877498444], [-73.91235350904067, 40.700240081754906], [-73.9123464887532, 40.70023619530733], [-73.91233952612298, 40.70023234458522], [-73.91233269323602, 40.700228562580776], [-73.91232579908329, 40.700224747591946], [-73.91231890493133, 40.70022093260274], [-73.91231191708079, 40.70021706539115], [-73.91230496886959, 40.70021322291228], [-73.91229803507787, 40.700209385933434], [-73.91229118777697, 40.70020559842597], [-73.91227037558953, 40.700194087477534], [-73.91128334951165, 40.699647920857714], [-73.91122558456298, 40.699615932709506], [-73.91115217202845, 40.69957532760685], [-73.91113099625977, 40.69956361031292], [-73.9110966487296, 40.699544595482806], [-73.91104576354344, 40.69951641955082], [-73.91103597211598, 40.69951099655582], [-73.91081247773292, 40.69938733922334], [-73.91061003336347, 40.69927552501022], [-73.9104149780416, 40.69916725968595], [-73.91039499181177, 40.69915616349925], [-73.91038510320575, 40.69915067449844], [-73.91037519298139, 40.699145171756165], [-73.91036521789142, 40.69913963328051], [-73.91035525361488, 40.699134100301904], [-73.91034532176813, 40.69912858930587], [-73.91033533947767, 40.699123045332456], [-73.91032537519872, 40.69911751784083], [-73.91031549741963, 40.69911203158721], [-73.91030549711323, 40.69910647936288], [-73.91029555086014, 40.699100960116986], [-73.91028561902695, 40.69909544637101], [-73.91026488688789, 40.69908392414111], [-73.9102500792435, 40.69907570024915], [-73.9102426988458, 40.69907160204457], [-73.91023538691519, 40.69906754506443], [-73.9102279704848, 40.69906342487262], [-73.91022053963353, 40.69905930192432], [-73.91021319527756, 40.69905522295932], [-73.91020578244898, 40.69905110825845], [-73.91019101086464, 40.69904289811082], [-73.90989080462958, 40.698876357966746], [-73.90987410871367, 40.69886710874925], [-73.90986572652828, 40.69886246078226], [-73.90985735515582, 40.698857818312646], [-73.90984893692378, 40.69885315933709], [-73.90984057278126, 40.698848505892826], [-73.90983224828425, 40.69884387169242], [-73.90982387694616, 40.698839207262225], [-73.90981554164709, 40.698834562073046], [-73.90980722798014, 40.69882992238977], [-73.90979879899906, 40.69882521674106], [-73.90979046012315, 40.69882055233388], [-73.90978214647447, 40.6988159016697], [-73.90977380761203, 40.698811229026994], [-73.90976547236087, 40.698806553641745], [-73.90975707225536, 40.698801834288794], [-73.90974879828534, 40.698797180908514], [-73.90974053874201, 40.69879252753897], [-73.90973214586765, 40.69878779721072], [-73.90972379625629, 40.698783077894916], [-73.90970421056156, 40.698771984646484], [-73.90809344749749, 40.697860810711575], [-73.90794940028051, 40.69777929399165], [-73.90650797778596, 40.6969638360763], [-73.90647806571772, 40.69694690948685], [-73.90571998839489, 40.6965179972238], [-73.90571041780743, 40.69651258493293], [-73.90568624272116, 40.696498907153476], [-73.90567948277771, 40.696495083639824], [-73.90567260752795, 40.69649119415682], [-73.9056658656057, 40.69648737889145], [-73.90565919575117, 40.69648360485625], [-73.90565238175965, 40.69647975110425], [-73.90564558939093, 40.696475908348624], [-73.90563889070806, 40.696472120564835], [-73.90563209834484, 40.69646827506364], [-73.90562528435645, 40.696464421309976], [-73.90561855324674, 40.69646061428499], [-73.90561175367716, 40.696456766031915], [-73.90560507301781, 40.69645298649519], [-73.90559832029226, 40.69644916572743], [-73.90559144865433, 40.696445278987284], [-73.9055847355681, 40.696441480209415], [-73.90557797924257, 40.69643765669272], [-73.9055712229139, 40.696433835920395], [-73.90556446298753, 40.696430009655174], [-73.90555769945573, 40.696426183386606], [-73.90555095394424, 40.696422365366736], [-73.90554419041393, 40.696418539097415], [-73.90553738004198, 40.69641468534148], [-73.90553063452899, 40.69641087006519], [-73.90552384217429, 40.69640702730236], [-73.90551702819849, 40.69640317354229], [-73.90551034034506, 40.696399388504574], [-73.90550358763043, 40.696395567731244], [-73.90549680608598, 40.69639173320997], [-73.90549003175093, 40.69638790143899], [-73.90548329345192, 40.69638408891059], [-73.90547648668938, 40.69638023789883], [-73.90546972677, 40.6963764143728], [-73.90546295604427, 40.69637258260317], [-73.90544260423037, 40.69636106804597], [-73.90515228186666, 40.69619673312523], [-73.90513179324776, 40.69618513056734], [-73.90512494689233, 40.69618125479909], [-73.90511814738363, 40.69617740377193], [-73.90511134426953, 40.69617355274144], [-73.90510450512501, 40.69616967972265], [-73.90509761913921, 40.69616577921712], [-73.90509082323216, 40.696161933680905], [-73.90508400570795, 40.696158074402575], [-73.90507721341257, 40.6961542261237], [-73.9050703598588, 40.69615034485668], [-73.90506352432139, 40.69614647458317], [-73.90505670319799, 40.69614261255552], [-73.90504988207542, 40.696138750527425], [-73.90504305735126, 40.69613488575114], [-73.90503642360233, 40.69613113092285], [-73.90502955924238, 40.69612724415492], [-73.90502257957347, 40.69612329416173], [-73.90501594222842, 40.696119533839735], [-73.90500913192145, 40.69611567730765], [-73.90500215225495, 40.69611172731326], [-73.90499529150134, 40.69610784329102], [-73.90498845957498, 40.696103975760785], [-73.90498163846031, 40.696100113728605], [-73.90497482094874, 40.69609625444379], [-73.90496802505972, 40.69609240615552], [-73.90496119673885, 40.696088541371395], [-73.9049543251791, 40.69608465184823], [-73.90494753289484, 40.696080806306476], [-73.90494072259186, 40.696076952515085], [-73.90493393391144, 40.69607310972024], [-73.90492710199611, 40.69606923944163], [-73.9049066314633, 40.69605765332696], [-73.90470215716418, 40.69594190470588], [-73.90351063813722, 40.69526735646353], [-73.90316224859286, 40.69507006898447], [-73.90299202508137, 40.69497384770894], [-73.90297776366394, 40.69496570293427], [-73.90297060774323, 40.69496160993927], [-73.90296346264195, 40.69495751695291], [-73.90295636438982, 40.69495344596379], [-73.90294924813172, 40.69494935849042], [-73.9029421066632, 40.694945249037175], [-73.9029349724119, 40.694941136844825], [-73.90292787419926, 40.694937041151015], [-73.90292075798456, 40.69493292622822], [-73.90291369222129, 40.694928836050444], [-73.90290657602438, 40.694924710147674], [-73.90289944543161, 40.694920565018954], [-73.90289237249456, 40.694916450130904], [-73.90288530677475, 40.694912332503726], [-73.9028782482801, 40.6949082066479], [-73.90287116096893, 40.69490405880915], [-73.90286407006849, 40.694899899987874], [-73.90285704763824, 40.694895774161175], [-73.90284996036576, 40.6948916016182], [-73.9028428731061, 40.69488742084054], [-73.90283583269964, 40.694883259315354], [-73.90282879231003, 40.69487908681069], [-73.90282177360235, 40.69487488413139], [-73.90281474764718, 40.694870706148464], [-73.90280775053029, 40.69486653642384], [-73.90280078235567, 40.69486230359345], [-73.90279375286899, 40.69485807620042], [-73.90278670536038, 40.69485384330224], [-73.90277974434875, 40.694849646158616], [-73.90277279055437, 40.69484544627595], [-73.90276578632243, 40.694841213413], [-73.90275878209941, 40.69483697506008], [-73.902751792306, 40.694832733974145], [-73.90274483134682, 40.694828503891245], [-73.90273787760083, 40.69482427381405], [-73.90273090225078, 40.69482002175994], [-73.90272394853059, 40.69481577521328], [-73.90271698761099, 40.694811520425795], [-73.90271005193145, 40.69480726840397], [-73.90270309463978, 40.694802999894854], [-73.90269614095922, 40.69479872864362], [-73.90268920170422, 40.6947944574041], [-73.90268225885595, 40.69479017792686], [-73.90267532682704, 40.694785898458335], [-73.90266840201542, 40.69478161625068], [-73.90266147721266, 40.694777328553144], [-73.90265458124014, 40.69477305460336], [-73.90264765285302, 40.6947687531781], [-73.90262919160988, 40.694757264422336], [-73.90261314434709, 40.694747254392574], [-73.90260623402425, 40.694742933766626], [-73.90259244942284, 40.694734306267925], [-73.90191773057707, 40.694303507002374], [-73.90189396632069, 40.69428863479628], [-73.90188466381191, 40.69428281893259], [-73.90187539012562, 40.69427702230608], [-73.90186614885178, 40.69427125589892], [-73.90185684633977, 40.69426544552252], [-73.90184753302712, 40.69425962415703], [-73.9018382737557, 40.694253838518875], [-73.90182895684828, 40.6942480116593], [-73.90181967238557, 40.69424219306088], [-73.90181040593905, 40.694236385456236], [-73.90180114311637, 40.694230566874815], [-73.90179186950127, 40.69422473181478], [-73.90178258149146, 40.69421887752838], [-73.90177331153016, 40.6942130122775], [-73.90176407040748, 40.69420715528483], [-73.90175484012501, 40.69420128457683], [-73.90174563876207, 40.6941953672316], [-73.90174022021851, 40.69419191242945], [-73.9017364698802, 40.69418943344481], [-73.90172727208616, 40.69418354354892], [-73.9017181356628, 40.69417760978833], [-73.90170889467935, 40.694171664958645], [-73.90169972219788, 40.69416573116582], [-73.90169502790121, 40.694162677716584], [-73.90169057135483, 40.69415979739075], [-73.90168144963778, 40.69415367699542], [-73.90167231322661, 40.694147740486436], [-73.90166314441856, 40.694141765522275], [-73.90165397564455, 40.694135768599224], [-73.90165003794351, 40.69413318789508], [-73.90164481770678, 40.69412976070559], [-73.90164013787611, 40.69412668256349], [-73.90163571384234, 40.69412376658135], [-73.90162661001605, 40.69411774775341], [-73.90161749902774, 40.694111695981434], [-73.90160842770038, 40.69410564973215], [-73.90159937082757, 40.694099584281126], [-73.90159029959673, 40.694093474900804], [-73.90158569554852, 40.69409036388402], [-73.90158126803901, 40.694087362808894], [-73.90157224013366, 40.69408122052691], [-73.90156327352602, 40.694075083786224], [-73.90155428895426, 40.69406890311312], [-73.90154532965948, 40.69406270050271], [-73.90153643526048, 40.69405650892629], [-73.90153215560268, 40.69405351072048], [-73.90152753012582, 40.69405026244454], [-73.90151865026414, 40.69404399677035], [-73.90150978127514, 40.69403769542277], [-73.90150095557763, 40.69403138313244], [-73.90149214796914, 40.69402503243016], [-73.90148343048305, 40.69401870376249], [-73.90147468065305, 40.69401230095767], [-73.9014702787495, 40.69400906110511], [-73.90146594530594, 40.69400585973777], [-73.90145728568108, 40.693999424071635], [-73.90144865855359, 40.693992960984936], [-73.90144002430479, 40.69398643750656], [-73.90143142976157, 40.69397988935858], [-73.90142290734245, 40.69397334127175], [-73.90141440302064, 40.693966749283426], [-73.90141011307516, 40.69396339973364], [-73.90140593841245, 40.69396012713604], [-73.90139755313257, 40.693953510545505], [-73.90138916794359, 40.69394683356955], [-73.90138077203542, 40.69394009070927], [-73.90137246267587, 40.69393334792249], [-73.9013641930259, 40.693926577721534], [-73.9013559630937, 40.693919774616724], [-73.90134778009148, 40.69391293861431], [-73.90133961519057, 40.693906055965705], [-73.90133152963008, 40.693899170639796], [-73.90132347298923, 40.69389223867701], [-73.90131545246409, 40.6938852710626], [-73.90130747886889, 40.693878270550655], [-73.90129956660785, 40.69387125087732], [-73.90129168686849, 40.69386418731503], [-73.90128383965096, 40.69385707986374], [-73.90127606097157, 40.69384995874686], [-73.90126833282423, 40.693842807480316], [-73.90126062280261, 40.69383559309909], [-73.90125299571926, 40.69382838153328], [-73.90124546237627, 40.69382118377128], [-73.90124272203339, 40.69381854095078], [-73.9012399312865, 40.69381584319163], [-73.90123716216425, 40.693813153685234], [-73.90123445787107, 40.69381051912985], [-73.9012317644004, 40.69380788183888], [-73.90122896651941, 40.69380513192265], [-73.90122628028178, 40.693802480913924], [-73.90122360846071, 40.69379983540704], [-73.90122082863533, 40.69379706903754], [-73.90121816405541, 40.69379440432335], [-73.90121544907956, 40.693791679180876], [-73.9012127053119, 40.6937889155869], [-73.90121011639593, 40.693786294853794], [-73.90120747707998, 40.693783616437166], [-73.90120468295757, 40.69378076496713], [-73.90120206888484, 40.69377808657205], [-73.90119944762856, 40.69377538895739], [-73.9011967903805, 40.69377264465066], [-73.90119415475309, 40.693769911341505], [-73.9011915515524, 40.6937671972735], [-73.90118897357037, 40.69376449969574], [-73.90118628399019, 40.6937616730179], [-73.90118365563686, 40.69375889854318], [-73.90118109210428, 40.69375618450901], [-73.90117853939434, 40.69375346773935], [-73.90117589309247, 40.69375063835365], [-73.90117328640922, 40.69374784193916], [-73.90117082376317, 40.69374518563154], [-73.90116818471895, 40.693742326059436], [-73.90116561408935, 40.693739535165264], [-73.90116315869682, 40.69373685141604], [-73.90116059171037, 40.69373403582195], [-73.90115800314032, 40.69373118452724], [-73.9011555045931, 40.69372842114244], [-73.90115303127256, 40.69372566875833], [-73.90115044995613, 40.69372279002201], [-73.9011479262644, 40.69371996074096], [-73.90114546739336, 40.693717191900475], [-73.90114301934082, 40.693714423069245], [-73.90114053530475, 40.69371160205641], [-73.90113802969329, 40.69370873985341], [-73.9011355564922, 40.693705907870715], [-73.90113309051584, 40.69370306765981], [-73.9011306713539, 40.693700271405454], [-73.90112826301866, 40.69369746967071], [-73.9011258042958, 40.69369460201822], [-73.90112332398941, 40.69369169866511], [-73.9011209301077, 40.69368887772931], [-73.90111855783846, 40.69368607328066], [-73.90111608839985, 40.693683136999454], [-73.9011137089717, 40.69368029686252], [-73.90111139436003, 40.693677519910935], [-73.90110892857295, 40.69367455344025], [-73.90110658160447, 40.69367171058628], [-73.90110430664024, 40.69366894739248], [-73.90110189491284, 40.693666002926285], [-73.90109948320193, 40.69366304748094], [-73.9010971938831, 40.69366023761355], [-73.90109485061126, 40.693657334377576], [-73.90109244256817, 40.69365433776366], [-73.9010902001171, 40.69365153617074], [-73.90108795048656, 40.69364871261344], [-73.90108554250111, 40.69364567757267], [-73.90108328212185, 40.693642807344915], [-73.90108102533674, 40.69363994535455], [-73.90107869301089, 40.69363695703975], [-73.901076450675, 40.69363407859305], [-73.90107421916167, 40.69363119741089], [-73.90107194087915, 40.69362824207964], [-73.90106967701306, 40.693625292250275], [-73.90106744556147, 40.69362236989647], [-73.90106520693035, 40.69361942557826], [-73.90106303670551, 40.69361655542762], [-73.90106080891762, 40.69361359465003], [-73.90105854876047, 40.693610576204385], [-73.90105638219933, 40.69360766762997], [-73.90105422285461, 40.693604756316944], [-73.90105198794899, 40.693601732403366], [-73.90104978546586, 40.69359873047575], [-73.90104765857672, 40.69359581919052], [-73.901045524504, 40.69359288868566], [-73.90104341565387, 40.69358997192629], [-73.90104121685911, 40.69358691510631], [-73.90103906126036, 40.693583910474004], [-73.90103697046982, 40.693580974516685], [-73.90103485450193, 40.69357799462132], [-73.90103270977504, 40.693574954316254], [-73.90103065143592, 40.69357202113148], [-73.9010285751276, 40.693569046759634], [-73.90102642686443, 40.69356595979031], [-73.90102435779717, 40.69356296621128], [-73.90102231394022, 40.693559994612016], [-73.90102023772229, 40.69355695985517], [-73.90101821549005, 40.693553996508754], [-73.9010161789029, 40.69355098648884], [-73.90101416031796, 40.69354799569777], [-73.90101211297397, 40.69354494449696], [-73.9010100728587, 40.69354188232331], [-73.90100810112098, 40.693538913530595], [-73.90100604665908, 40.69353579919384], [-73.90100408576444, 40.693532813941765], [-73.90100212128431, 40.69352981496269], [-73.90100012806145, 40.693526744594855], [-73.90099811686537, 40.69352363578471], [-73.90099617764471, 40.693520625848194], [-73.90099426005273, 40.6935176214198], [-73.9009922884998, 40.69351452911229], [-73.90099039253658, 40.693511530192], [-73.90098841383707, 40.69350839396193], [-73.90098647834976, 40.69350529894057], [-73.90098464721936, 40.69350235222657], [-73.90098271896092, 40.69349924623229], [-73.9009807907312, 40.69349612102462], [-73.90097892370342, 40.69349306448883], [-73.90097708185729, 40.69349004914619], [-73.9009752292583, 40.693486989878], [-73.900973308323, 40.693483809781036], [-73.90097146296102, 40.693480734050404], [-73.90096964281331, 40.69347767755477], [-73.90096778670271, 40.69347455515368], [-73.9009659881797, 40.693471506910946], [-73.90096415371819, 40.69346837629411], [-73.9009623768321, 40.69346532806991], [-73.90096058198502, 40.693462233169114], [-73.90095876559123, 40.69345907786482], [-73.90095696719139, 40.69345594727892], [-73.90095519760786, 40.69345283867592], [-73.90095346759773, 40.6934497932367], [-73.90095170164916, 40.693446665423416], [-73.90094995731695, 40.69344355135255], [-73.9009481770381, 40.69344036039714], [-73.90094641476954, 40.693437183181075], [-73.9009447820065, 40.693434217423764], [-73.90094304856665, 40.69343105395625], [-73.90094131155755, 40.693427865782745], [-73.90093961054019, 40.69342472430131], [-73.90093791674744, 40.693421574591746], [-73.90093626973209, 40.69341849354164], [-73.90093460477209, 40.69341535483594], [-73.90093291464301, 40.69341216670267], [-73.90093124614656, 40.69340898133273], [-73.90092962080105, 40.693405878343064], [-73.90092800627396, 40.693402775362664], [-73.90092638820208, 40.693399631207605], [-73.90092473778157, 40.69339641566072], [-73.90092311256312, 40.693393227583165], [-73.90092152332005, 40.69339009717672], [-73.90091991253442, 40.69338690362199], [-73.90091829461016, 40.69338366065522], [-73.90091673781016, 40.69338053851095], [-73.90091518823881, 40.69337740539383], [-73.90091364948994, 40.69337426954124], [-73.90091207479855, 40.6933710540593], [-73.90091051813783, 40.69336783859287], [-73.9009090082259, 40.69336471099933], [-73.90090749116312, 40.693361542228075], [-73.90090594898021, 40.69335829109203], [-73.90090446791335, 40.693355166268034], [-73.90090294015104, 40.69335191788916], [-73.90090144118865, 40.69334870247228], [-73.90089999975655, 40.69334559964049], [-73.90089850444949, 40.69334235128947], [-73.90089701994857, 40.69333911118209], [-73.90089558220457, 40.69333595345803], [-73.90089411575073, 40.69333270238702], [-73.90089266370099, 40.693329465052294], [-73.90089124042258, 40.69332627989289], [-73.90088983517472, 40.69332309474906], [-73.90088845509209, 40.693319961777476], [-73.90088702113044, 40.69331668603147], [-73.90088559441377, 40.69331338833347], [-73.90088423240282, 40.69331022792969], [-73.90088288482042, 40.693307064793565], [-73.90088147974474, 40.693303764369446], [-73.90088009986285, 40.69330049690415], [-73.90087877034802, 40.693297309080606], [-73.90087744083328, 40.69329412125706], [-73.90087608980865, 40.69329084832707], [-73.90087474959834, 40.69328757815115], [-73.90087345253878, 40.69328439035549], [-73.90087215190997, 40.69328117785381], [-73.90087082977536, 40.69327787750096], [-73.90086956155669, 40.6932746952196], [-73.90086828978919, 40.693271474508464], [-73.90086697135084, 40.69326811377376], [-73.90086571402836, 40.69326487935114], [-73.90086447110583, 40.69326166140954], [-73.90086321744269, 40.693258391308014], [-73.9008620033242, 40.69325520358367], [-73.90086074614504, 40.69325187309413], [-73.90085954647968, 40.69324866616883], [-73.90085833965942, 40.69324542081051], [-73.90085711132525, 40.69324209309056], [-73.90085591536835, 40.693238817549165], [-73.90085475176839, 40.693235607910104], [-73.90085358100941, 40.6932323625828], [-73.90085236001849, 40.69322894703646], [-73.90085122526754, 40.69322573742219], [-73.90085008335349, 40.6932224948645], [-73.90084893430902, 40.69321919740523], [-73.90084781045422, 40.69321593564969], [-73.90084670456463, 40.6932127178259], [-73.90084558077938, 40.693209409409306], [-73.90084448216341, 40.69320615042025], [-73.90084336923339, 40.69320281731002], [-73.90084226711359, 40.69319948969865], [-73.90084120453422, 40.69319624720919], [-73.90084011326958, 40.69319289490421], [-73.9008366064691, 40.69318190456649], [-73.9008349124696, 40.69317647669561], [-73.90083259060691, 40.693168896383625], [-73.9008299424858, 40.69316004221698], [-73.90082894861918, 40.69315666803765], [-73.90082799068684, 40.69315337897715], [-73.90082702204664, 40.693150015798565], [-73.90082606420431, 40.69314666635317], [-73.90082516741231, 40.69314348713618], [-73.90082422401494, 40.69314012397934], [-73.9008232950297, 40.6931367690693], [-73.90082240197471, 40.693133502022775], [-73.9008214874221, 40.693130141635564], [-73.90082061239363, 40.693126877349385], [-73.90081973740602, 40.69312358561551], [-73.90081882302518, 40.69312010994804], [-73.90081798042304, 40.69311686490318], [-73.90081713428437, 40.69311357319415], [-73.90081627385612, 40.69311019089535], [-73.90081544931726, 40.693106923907834], [-73.90081460692778, 40.69310353613506], [-73.90081380402151, 40.693100271910964], [-73.90081299758675, 40.69309695553317], [-73.90081218762363, 40.69309358700169], [-73.9008113884666, 40.69309022671382], [-73.90081058937083, 40.69308682525446], [-73.90080982617668, 40.69308353087208], [-73.9008090738008, 40.69308023649901], [-73.90080832503112, 40.693076942129025], [-73.90080756918815, 40.69307355443077], [-73.90080682055338, 40.693070169483505], [-73.90080610063656, 40.69306687239361], [-73.90080539153398, 40.693063578057796], [-73.90080467175211, 40.69306019039059], [-73.90080395918243, 40.6930568027296], [-73.90080327892859, 40.69305350841865], [-73.90080258440987, 40.693050107049345], [-73.90080191501119, 40.69304678804481], [-73.90080126359395, 40.693043501993], [-73.90080060150557, 40.69304011712027], [-73.90079994304782, 40.69303671578201], [-73.90079930971014, 40.69303339680851], [-73.90079869076824, 40.69303009706086], [-73.90079806117971, 40.69302668202363], [-73.90079744597465, 40.69302329444651], [-73.90079683080641, 40.69301988216647], [-73.90079626580884, 40.69301668127702], [-73.90079567230579, 40.693013249802256], [-73.90079508957197, 40.69300985127401], [-73.90079453553568, 40.693006554327006], [-73.90079396726709, 40.69300312836355], [-73.90079342767564, 40.692999817705136], [-73.900792902484, 40.69299652352776], [-73.90079236306414, 40.692993097589145], [-73.9007918344463, 40.69298968263891], [-73.90079133092799, 40.6929863637773], [-73.90079083463414, 40.692983036687544], [-73.90079033486495, 40.692979621762206], [-73.90078984590991, 40.69297620959091], [-73.90078937485463, 40.69297288526767], [-73.90078891821959, 40.6929695637017], [-73.90078845451535, 40.692966146062595], [-73.90078800162127, 40.692962733922386], [-73.9007875702288, 40.692959412378144], [-73.9007871460567, 40.69295608535059], [-73.90078672201538, 40.69295267049045], [-73.90078630518617, 40.69294925563654], [-73.90078590985871, 40.69294593137862], [-73.90078552175152, 40.692942601637355], [-73.90078513020987, 40.69293915661272], [-73.9007847530313, 40.692935752772094], [-73.90078439376052, 40.69293243129001], [-73.90078403104302, 40.692929002758845], [-73.90078368623341, 40.69292565658628], [-73.90078335219702, 40.69292234061546], [-73.90078301832001, 40.69291891759876], [-73.90078269529387, 40.692915472633224], [-73.9007823865001, 40.69291215668413], [-73.90078208854091, 40.692908829765344], [-73.90078179076141, 40.692905382076816], [-73.90078150375524, 40.69290196459003], [-73.90078123466913, 40.69289862122749], [-73.90078097276256, 40.692895299829296], [-73.90078071101118, 40.69289187412994], [-73.9007804601025, 40.69288843197132], [-73.90078021997127, 40.69288501726974], [-73.90077999762933, 40.692881764524905], [-73.90077977553662, 40.69287834434928], [-73.90077956069686, 40.69287489673223], [-73.90077936369961, 40.69287157538999], [-73.90077916689019, 40.69286812778844], [-73.9007789807479, 40.692864781752625], [-73.90077881260329, 40.6928614576905], [-73.90077864464244, 40.69285801011385], [-73.90077848384482, 40.69285459548062], [-73.9007783409794, 40.692851246737334], [-73.90077820168337, 40.69284792270005], [-73.90077806978324, 40.69284447515447], [-73.90077794869318, 40.692841033107754], [-73.90077783824972, 40.6928377063506], [-73.90077774226323, 40.69283435764773], [-73.90077764641562, 40.692830915622736], [-73.90077756135351, 40.69282749556526], [-73.90077748700747, 40.69282414413628], [-73.90077742001657, 40.692820696646656], [-73.90077736365592, 40.69281737542564], [-73.90077731815434, 40.692814026766285], [-73.90077728000784, 40.69281058204629], [-73.90077724904077, 40.69280715929063], [-73.90077723238359, 40.69280381340092], [-73.90077721929975, 40.69280048947247], [-73.90077722096294, 40.69279694871981], [-73.90077722595028, 40.69279359735919], [-73.90077724171084, 40.69279027620038], [-73.90077727208359, 40.6927868287947], [-73.9007773059194, 40.69278347745894], [-73.9007773469265, 40.692780153577054], [-73.90077740253756, 40.69277670893792], [-73.90077746536072, 40.69277326430498], [-73.9007775388223, 40.69276994045106], [-73.90077761967164, 40.69276649857846], [-73.90077771120846, 40.69276314454766], [-73.90077780991243, 40.69275982071557], [-73.90077791961026, 40.69275637886778], [-73.90077803652828, 40.692752931536674], [-73.90077816408073, 40.69274960772945], [-73.900778298882, 40.69274625922551], [-73.90077844836071, 40.692742740558444], [-73.90077860479425, 40.69273939481794], [-73.90077876484197, 40.69273604359099], [-73.90077894301388, 40.69273262924993], [-73.90077912830394, 40.69272927804475], [-73.90077931715926, 40.69272595429035], [-73.90077952422043, 40.69272251252654], [-73.90077973485494, 40.69271909272391], [-73.9007799562055, 40.69271574154981], [-73.90078018846812, 40.69271232725537], [-73.9007804242388, 40.69270897883848], [-73.90078067078676, 40.692705657878584], [-73.90078093554875, 40.69270221341968], [-73.90078120027395, 40.69269879366372], [-73.9007814830621, 40.69269535196511], [-73.90078176206849, 40.692692028288434], [-73.90078205554401, 40.692688674431714], [-73.90078235258474, 40.69268534802578], [-73.90078266778235, 40.69268193654763], [-73.90078299745716, 40.69267848939994], [-73.90078332334622, 40.692675163018855], [-73.90078366738803, 40.692671754310346], [-73.90078401495013, 40.692668403245015], [-73.90078436969155, 40.69266507414405], [-73.90078473897977, 40.692661662712496], [-73.90078512634304, 40.69265822110403], [-73.90078552088988, 40.69265479871518], [-73.90078590807745, 40.69265147513173], [-73.90078630968924, 40.69264815156066], [-73.9007867185131, 40.69264482799585], [-73.9007871454856, 40.69264142484835], [-73.90078759055365, 40.692637977800075], [-73.90078802822988, 40.69263465151535], [-73.90078848407109, 40.69263123466887], [-73.90078893977338, 40.692627911144434], [-73.90078940268367, 40.69262459037102], [-73.9007898909792, 40.692621173552446], [-73.90079038647858, 40.69261776222967], [-73.90079089280425, 40.69261434542671], [-73.9007913953972, 40.692611013708394], [-73.9007919015472, 40.69260771493035], [-73.90079241852747, 40.692604407927355], [-73.90079296451542, 40.692600993903305], [-73.90079351771946, 40.69259757714072], [-73.90079406718674, 40.69259424820757], [-73.900794634774, 40.692590858905014], [-73.90079519863676, 40.69258754919763], [-73.90079577695228, 40.692584220289326], [-73.90079637338367, 40.692580833756445], [-73.90079698065364, 40.69257743350908], [-73.90079760600273, 40.69257400034001], [-73.9007981949401, 40.6925708031898], [-73.90079883468061, 40.6925673919913], [-73.90079947799443, 40.692564002754025], [-73.90080012120201, 40.69256068488072], [-73.90080078616832, 40.692557284683005], [-73.90080143653071, 40.69255400524265], [-73.90080210859057, 40.692550684649405], [-73.90080280240097, 40.69254728722135], [-73.90080350340706, 40.692543900778546], [-73.90080419705806, 40.69254061039639], [-73.90080491246368, 40.6925372404346], [-73.90080563140586, 40.692533917136956], [-73.9008063503153, 40.69253061579747], [-73.90080710180568, 40.69252722939816], [-73.90080786050395, 40.6925238457498], [-73.90080860824929, 40.692520552669485], [-73.90080936320258, 40.69251726234011], [-73.90081016158756, 40.69251386500208], [-73.9008109490931, 40.692510508826246], [-73.90081175464913, 40.692507138942126], [-73.90081252750164, 40.692503936460824], [-73.90081335473057, 40.692500541892414], [-73.90081418912253, 40.692497180267445], [-73.90081500534946, 40.692493909204224], [-73.9008158686467, 40.69249050917736], [-73.9008167028914, 40.69248724636394], [-73.90081755160101, 40.69248395611532], [-73.90081843288334, 40.692480586296384], [-73.90081931772671, 40.69247724667303], [-73.90082019889046, 40.692473956452325], [-73.90082108725392, 40.69247067447216], [-73.90082199735973, 40.69246732114665], [-73.90082292186108, 40.69246398704694], [-73.90082383548288, 40.69246069410943], [-73.90082475629634, 40.69245741490197], [-73.90082570606414, 40.69245406435539], [-73.90082665209522, 40.692450801638245], [-73.90082759451599, 40.69244754166274], [-73.9008286057577, 40.69244407588873], [-73.90082956256988, 40.692440837883794], [-73.90083052659396, 40.69243759988506], [-73.900831534062, 40.69243424664337], [-73.90083255959269, 40.69243087145907], [-73.90083355246894, 40.692427630740404], [-73.90083455978964, 40.692424376310306], [-73.90083559606471, 40.692421050541114], [-73.90083662503777, 40.692417785150575], [-73.90083769019361, 40.69241443744807], [-73.90083874807199, 40.692411133655646], [-73.90083980588898, 40.69240787103467], [-73.90084086730374, 40.69240461390638], [-73.90084193228772, 40.69240138148405], [-73.90084303706865, 40.69239806126332], [-73.90084415267572, 40.69239473556241], [-73.90084524651586, 40.692391497675416], [-73.90084637654275, 40.692388174731626], [-73.90084752099372, 40.692384851800284], [-73.90084865092658, 40.69238159198615], [-73.90084977357375, 40.6923783815716], [-73.9008509070389, 40.692375171166354], [-73.90085209118443, 40.69237182905578], [-73.90085327526856, 40.692368528116674], [-73.90085444482641, 40.692365295784306], [-73.9008556179902, 40.69236206345508], [-73.90085682005115, 40.692358798213405], [-73.90085804743994, 40.692355475353416], [-73.90085925306586, 40.69235223756256], [-73.9008604912276, 40.69234894490429], [-73.90086170763061, 40.69234573457035], [-73.90086293124148, 40.69234252698742], [-73.90086419464508, 40.692339234350804], [-73.90086546886668, 40.69233594172353], [-73.90086672493966, 40.692332728679], [-73.900867991851, 40.69232950191989], [-73.90086928767583, 40.69232623126934], [-73.90087056537241, 40.69232302647764], [-73.90087187921894, 40.69231976133213], [-73.90087321475056, 40.69231646326804], [-73.9008745212991, 40.6923132557564], [-73.90087581695188, 40.692310100385974], [-73.90087717771308, 40.69230681057788], [-73.90087851311361, 40.69230360034625], [-73.90087984485493, 40.69230042579352], [-73.90088125980009, 40.6922970729023], [-73.90088261679969, 40.692293887392175], [-73.9008839882518, 40.69229068268108], [-73.90088538500322, 40.69228743956495], [-73.90088675276745, 40.692284289746105], [-73.90088815307156, 40.692281082315034], [-73.9008895750525, 40.692277847454896], [-73.90089102232861, 40.69227457693452], [-73.90089244423173, 40.69227139422493], [-73.90089384440886, 40.692268271881545], [-73.90089531330439, 40.69226501235881], [-73.90089680025034, 40.69226173912775], [-73.90089824374829, 40.69225858388441], [-73.90089969445417, 40.692255431392], [-73.90090119216067, 40.69225219659692], [-73.90090271876826, 40.692248926144686], [-73.90090418747121, 40.69224579562592], [-73.90090567424087, 40.69224264041972], [-73.90090719715229, 40.692239430349204], [-73.90090870555785, 40.692236275161626], [-73.90091020670228, 40.69223315290497], [-73.90091180910494, 40.69222983585679], [-73.90091334998478, 40.69222666697322], [-73.90091487998104, 40.6922235419966], [-73.90091646059213, 40.69222032923085], [-73.90091801223242, 40.69221719878327], [-73.9009195674705, 40.69221407382832], [-73.90092119139018, 40.692210836396875], [-73.90092279721019, 40.69220764561093], [-73.90092436683112, 40.692204548115946], [-73.90092597621204, 40.69220138752551], [-73.90092762172647, 40.692198177560265], [-73.90092920934444, 40.69219510203889], [-73.90093086927047, 40.69219190032034], [-73.90093255087326, 40.69218867117268], [-73.9009341348032, 40.69218565054351], [-73.90093580911612, 40.69218247354016], [-73.9009374978652, 40.69217928831491], [-73.90093916851066, 40.69217615247996], [-73.90094085721866, 40.69217299470231], [-73.9009425350391, 40.69216988357644], [-73.9009441983741, 40.692166813609575], [-73.90094593039474, 40.69216362842144], [-73.90094767685156, 40.69216043501139], [-73.90094937265664, 40.69215735409333], [-73.90095106844934, 40.69215428140953], [-73.90095282567887, 40.692151118201174], [-73.90095454672158, 40.69214804004949], [-73.90095631836267, 40.69214488508782], [-73.90095810083388, 40.692141721901066], [-73.90095986881148, 40.692138605362935], [-73.90096161146113, 40.69213554644318], [-73.90096337216116, 40.69213247381505], [-73.90096519069196, 40.69212931065924], [-73.90096700557987, 40.692126172203174], [-73.90096878428912, 40.69212311331434], [-73.90097056659609, 40.692120059918075], [-73.90097240310737, 40.69211692971489], [-73.90097425044877, 40.69211379128662], [-73.90097602184339, 40.692110801010635], [-73.90097888857356, 40.69210598640447], [-73.90098181669937, 40.69210110872136], [-73.90098476646502, 40.69209622831199], [-73.90098773063804, 40.69209135889399], [-73.9009906875252, 40.692086538875564], [-73.90099367328857, 40.6920816996685], [-73.90099670599098, 40.69207681933015], [-73.90099974587646, 40.69207195821133], [-73.90100277485784, 40.692067154723205], [-73.90100585439234, 40.692062304617394], [-73.90100891944121, 40.692057495670575], [-73.90101201333773, 40.69205268674854], [-73.90101512528027, 40.692047866862765], [-73.90101827691302, 40.69204303054248], [-73.90102139598922, 40.69203826281339], [-73.90102454753551, 40.69203348413305], [-73.90102774963889, 40.69202865609018], [-73.90103091556757, 40.692023904869714], [-73.90103413204524, 40.692019109776304], [-73.90103733764327, 40.69201435584502], [-73.90104056848708, 40.69200959919059], [-73.90104382097462, 40.69200483706511], [-73.9010471023384, 40.69200005575095], [-73.90105036197595, 40.691995334803], [-73.90105363965131, 40.69199060838091], [-73.90105696787967, 40.69198583534111], [-73.90106026354744, 40.69198113363722], [-73.90106360975608, 40.69197639354992], [-73.90106697400242, 40.69197164798847], [-73.90107030208227, 40.691966973759875], [-73.90107366625841, 40.69196227485928], [-73.90107707376737, 40.691957534824255], [-73.90108044149157, 40.69195287435331], [-73.90108384532026, 40.691948183720825], [-73.90108725272192, 40.69194351504942], [-73.90109072512904, 40.69193878055932], [-73.90109415416173, 40.69193411465108], [-73.9010975903734, 40.691929470707095], [-73.90110107353604, 40.69192477739748], [-73.90110455305145, 40.69192011153231], [-73.90110801447115, 40.691915489567876], [-73.90111152645194, 40.69191081549605], [-73.90111506007236, 40.691906138697995], [-73.90111856115676, 40.691901516767246], [-73.90112207304652, 40.69189690308004], [-73.90112561743467, 40.691892259228126], [-73.90112919069074, 40.69188760167707], [-73.90114009457413, 40.69187348645327], [-73.90115411972137, 40.69185554495394], [-73.90115753382487, 40.69185121389298], [-73.90116114300234, 40.691846646949216], [-73.9011648135669, 40.69184202241785], [-73.90116843354107, 40.69183746920695], [-73.90117207877714, 40.691832902293775], [-73.90117575289734, 40.69182831070238], [-73.90117941976436, 40.691823746552295], [-73.90118309745708, 40.691819176921896], [-73.90118679318743, 40.6918146018173], [-73.90119047805857, 40.691810054150935], [-73.90119415930286, 40.69180552020523], [-73.90119786580907, 40.69180097255727], [-73.90120157952674, 40.691796424915324], [-73.9012053185063, 40.6917918635711], [-73.90120904663482, 40.6917873241756], [-73.90121276390411, 40.69178281221837], [-73.9012165136717, 40.69177827009642], [-73.90122025618608, 40.691773755415866], [-73.90122402036445, 40.69176922154037], [-73.90122779536034, 40.69176468767404], [-73.90123154866278, 40.691760192215746], [-73.9012353200069, 40.691755688538514], [-73.90123912384115, 40.69175116018603], [-73.90124292043848, 40.6917466482959], [-73.90124670617254, 40.69174216658881], [-73.90125052079483, 40.69173765745867], [-73.90125433900629, 40.691733159310516], [-73.90125815358684, 40.691728677627786], [-73.90126198982325, 40.69172418223964], [-73.90126580436619, 40.69171972525955], [-73.90126966585171, 40.69171522440326], [-73.90127351647806, 40.69171075098525], [-73.90127737792184, 40.69170627757638], [-73.90128126102962, 40.69170178497257], [-73.90128372813822, 40.69169894350614], [-73.90128511882578, 40.69169733900801], [-73.90128899105352, 40.69169288756616], [-73.90129288493712, 40.69168842241888], [-73.90129678240989, 40.69168396825365], [-73.90129882685949, 40.691681636951785], [-73.90130067986588, 40.69167952506733], [-73.90130457369506, 40.69167509560167], [-73.90130850362844, 40.69167063597431], [-73.9013124335369, 40.691666192815475], [-73.90131384585086, 40.69166459382509], [-73.90131635982662, 40.691661757887665], [-73.90132032221645, 40.69165729554298], [-73.90133160499586, 40.691645384676654], [-73.90134399384581, 40.69163412801294], [-73.90134648198011, 40.69163169553401], [-73.90135074698156, 40.69162742832642], [-73.90135492188128, 40.69162312810419], [-73.90135857685098, 40.69161927757857], [-73.90135902470108, 40.6916188003723], [-73.90136315655917, 40.691614343660895], [-73.90136708988395, 40.69161002401776], [-73.90136724880762, 40.69160984848863], [-73.90137105220234, 40.691605605587576], [-73.90137120391398, 40.69160543005228], [-73.90137494960415, 40.69160119259117], [-73.90137510491778, 40.69160101980368], [-73.90137882539791, 40.69159676036271], [-73.90137898071556, 40.69159658483043], [-73.90138269041378, 40.691592300677165], [-73.90138284212132, 40.69159212788657], [-73.901386519357, 40.69158784919492], [-73.90138666745851, 40.691587676401205], [-73.90139036278049, 40.69158335929809], [-73.90139050004373, 40.69158320021899], [-73.90139417010703, 40.69157889407322], [-73.90139431459843, 40.69157872402119], [-73.90139798106335, 40.691574412382636], [-73.90139812555479, 40.691574242330624], [-73.90140178841321, 40.691569930688864], [-73.90140192206634, 40.69156977435142], [-73.90140559576257, 40.691565448994965], [-73.90140574024986, 40.69156528168773], [-73.90140941032335, 40.69156096730715], [-73.9014095512047, 40.69156079999679], [-73.90141337259139, 40.691556579067885], [-73.90141350624042, 40.69155642547523], [-73.90141720877087, 40.691552108377394], [-73.9014173496481, 40.69155194381182], [-73.9014210413317, 40.69154764591795], [-73.90142117859887, 40.69154748409405], [-73.90142487749397, 40.691543186206246], [-73.90142501476105, 40.69154302438234], [-73.90142872809184, 40.691538718272504], [-73.9014288689649, 40.69153855645166], [-73.9014325786689, 40.69153426406244], [-73.90143271593189, 40.69153410498324], [-73.90143644728758, 40.691529801633365], [-73.9014365845506, 40.6915296425542], [-73.90144030505127, 40.69152536389782], [-73.90144044231022, 40.69152520756341], [-73.90144419168261, 40.691520912463005], [-73.90144432533553, 40.691520756125485], [-73.90144807830131, 40.691516469262346], [-73.90144821555616, 40.691516315672736], [-73.90145196849305, 40.691512048022794], [-73.90145210575187, 40.69151189168837], [-73.90145588033637, 40.69150761582256], [-73.90145601398112, 40.69150746497457], [-73.90145979937498, 40.69150319460743], [-73.90145993662978, 40.691503041017796], [-73.90146373644302, 40.69149877340762], [-73.9014638700877, 40.69149862255963], [-73.90146769154452, 40.69149434947834], [-73.90146782518923, 40.69149419863033], [-73.90147004653547, 40.69149172200398], [-73.90147018378616, 40.69149157115909], [-73.90147242318243, 40.69148908082427], [-73.90147255682304, 40.691488932721036], [-73.90147479621513, 40.69148644513096], [-73.90147491902154, 40.69148630799757], [-73.90147716562139, 40.691483823158336], [-73.90147729926198, 40.69148367505511], [-73.90147955307765, 40.69148118747725], [-73.90147968310414, 40.69148104486049], [-73.9014819224673, 40.69147857648361], [-73.90148205610384, 40.69147843112515], [-73.90148431351703, 40.69147594903982], [-73.90148444715356, 40.691475803681335], [-73.90148671177852, 40.6914733216022], [-73.90148684541502, 40.69147317624373], [-73.9014891100358, 40.69147069690927], [-73.9014892400663, 40.69147055154769], [-73.90149149384051, 40.691468091417285], [-73.90149162747701, 40.691467946058815], [-73.90149389930536, 40.69146546947518], [-73.90149403294184, 40.6914653241167], [-73.90149629392366, 40.69146286673713], [-73.90149642395008, 40.691462724120335], [-73.90149877522327, 40.69146017075105], [-73.901501112044, 40.69145763658268], [-73.90150124206635, 40.69145749671064], [-73.9015035283179, 40.69145502013917], [-73.90150365834023, 40.69145488026716], [-73.90150594457947, 40.69145241192991], [-73.9015060709958, 40.69145227205477], [-73.90150834639664, 40.6914498174321], [-73.90150847641895, 40.69144967756005], [-73.90151078432211, 40.69144719002786], [-73.90151091073436, 40.691447052897516], [-73.90151320057498, 40.691444587307984], [-73.90151331975909, 40.69144446115054], [-73.90151561320953, 40.691441992819286], [-73.90151573962176, 40.691441855688915], [-73.90151803306802, 40.69143939010238], [-73.90151815948025, 40.69143925297201], [-73.90152045653231, 40.69143678738852], [-73.90152058655458, 40.69143664751646], [-73.90152288721647, 40.691434179191276], [-73.90152301723873, 40.69143403931917], [-73.90152531429045, 40.691431573735606], [-73.90152544069859, 40.691431439349955], [-73.90152773775418, 40.69142897102158], [-73.9015278641623, 40.69142883663594], [-73.90153016482365, 40.691426368310594], [-73.9015302912318, 40.69142623392499], [-73.90153258828296, 40.691423768341245], [-73.90153271830113, 40.691423631213944], [-73.90153501535212, 40.69142116563015], [-73.90153514176428, 40.691421028499775], [-73.9015374388191, 40.691418560171165], [-73.90153756522724, 40.691418425785535], [-73.90153986589195, 40.69141595471518], [-73.90153998868998, 40.69141582307125], [-73.90154233630933, 40.69141329989039], [-73.90154470199086, 40.69141075476676], [-73.90154482479294, 40.69141062037807], [-73.9015471182492, 40.691408146556604], [-73.90154724465725, 40.69140801217099], [-73.90154953811334, 40.69140553834953], [-73.90154966091539, 40.691405403960765], [-73.90155201938437, 40.69140285883088], [-73.901554359803, 40.69140032740926], [-73.9015544789991, 40.69140019301745], [-73.90155676885671, 40.69139771370322], [-73.90155689165879, 40.69139757931446], [-73.90155923931734, 40.69139502868559], [-73.90156158698387, 40.69139247256713], [-73.90156170617588, 40.69139234092007], [-73.90156403218197, 40.69138980125163], [-73.90157594049452, 40.69137668045208], [-73.90217795414432, 40.69087692078427], [-73.90237947207157, 40.690715180592605], [-73.90247926145624, 40.69062760818279], [-73.90281374010372, 40.69030228989284], [-73.90282454130302, 40.690291405016325], [-73.90282992566468, 40.69028596942595], [-73.90284505681237, 40.69027066088724], [-73.90285687288134, 40.690258667976856], [-73.90286223923607, 40.69025321315629], [-73.90286760922389, 40.6902477391252], [-73.90287296476316, 40.69024228155023], [-73.90287832754537, 40.690236802022994], [-73.90288368310682, 40.69023132797897], [-73.90288902784567, 40.69022585667028], [-73.9028943653718, 40.69022038535527], [-73.90289969569318, 40.69021490854441], [-73.90290502601768, 40.690209428988524], [-73.90291035996322, 40.69020393845634], [-73.90291567226038, 40.69019845613996], [-73.90292098095075, 40.69019297382032], [-73.90292629326215, 40.69018748052436], [-73.90293155153583, 40.690181951500534], [-73.90293687467926, 40.69017644723414], [-73.90294208968812, 40.69017091268386], [-73.90294737677058, 40.69016540838652], [-73.90295265664034, 40.690159904082904], [-73.90295794013511, 40.690154386058246], [-73.9029632164092, 40.690148873516776], [-73.90296847464883, 40.69014336370466], [-73.90297373288759, 40.69013785389227], [-73.9029789983692, 40.690132322127575], [-73.90298424580449, 40.69012680132651], [-73.90298949325481, 40.69012126954613], [-73.90299473348449, 40.69011574324896], [-73.90299996290351, 40.69011021145292], [-73.90300518510584, 40.69010468239529], [-73.90301041093721, 40.69009913687188], [-73.90301561149833, 40.690093610540316], [-73.90302082291223, 40.690088059514714], [-73.90302603434128, 40.6900824975098], [-73.9030311843811, 40.6900769958379], [-73.90303639223444, 40.690071411871344], [-73.90304157120367, 40.69006585258312], [-73.90304675741183, 40.69006027408739], [-73.90305192196763, 40.69005470655226], [-73.90305708292468, 40.69004913352432], [-73.90306221862353, 40.690043571453955], [-73.90306479730629, 40.69004077944875], [-73.90306736878107, 40.69003798469258], [-73.90307250811998, 40.69003239792189], [-73.90307762581061, 40.690026819367034], [-73.90308274351639, 40.690021229832865], [-73.90308788653843, 40.690015588169146], [-73.90309295371183, 40.69001003152922], [-73.90309804980349, 40.69000442550753], [-73.90310302701498, 40.68999873978715], [-73.90310808344793, 40.68999312824207], [-73.90311313629, 40.6899875057147], [-73.90311819998094, 40.68998186123803], [-73.90312324201956, 40.68997622772197], [-73.90312826240198, 40.689970607911356], [-73.90313329363711, 40.6899649634067], [-73.90313831406168, 40.68995931340317], [-73.90314333088348, 40.689953660651646], [-73.90314833689072, 40.689948005145965], [-73.90315332846151, 40.689942357862286], [-73.90315831283557, 40.68993669959324], [-73.90316329721675, 40.68993103583438], [-73.9031682671695, 40.689925374807984], [-73.90317324436116, 40.68991969457406], [-73.90317819628665, 40.689914030787286], [-73.90318314823128, 40.6899083532764], [-73.90318811100867, 40.68990266479539], [-73.90319304853595, 40.68989698178244], [-73.9031979788546, 40.68989129601843], [-73.90320290557841, 40.68988560201687], [-73.90320781064602, 40.68987992172076], [-73.90321272656243, 40.6898742194754], [-73.90321763888005, 40.68986851173724], [-73.90322252954549, 40.689862814959724], [-73.90322742383592, 40.68985710446119], [-73.90323231452756, 40.68985138846992], [-73.90323719078678, 40.6898456779558], [-73.90324205983737, 40.68983996469064], [-73.9032469288991, 40.68983424319099], [-73.90325178714225, 40.68982852168204], [-73.90326148921439, 40.68981707041701], [-73.90359261531843, 40.68942330613736], [-73.90464555615388, 40.68817151621317], [-73.90464614849583, 40.68817082502143], [-73.90477017779949, 40.688021787790916], [-73.90478207533609, 40.688007774595185], [-73.90478609165388, 40.688003109061], [-73.9047900791404, 40.68799843252373], [-73.90479406300878, 40.68799376421761], [-73.90479804686878, 40.6879891014009], [-73.90480204154954, 40.68798443584826], [-73.90480605065294, 40.687979770307365], [-73.90481004173458, 40.687975099261905], [-73.90481404364486, 40.68797041999093], [-73.90481803111179, 40.68796575443173], [-73.90482204384612, 40.68796106967987], [-73.90482602410428, 40.68795640136967], [-73.90483001881636, 40.68795171111307], [-73.90483399186179, 40.68794704279664], [-73.90483797575145, 40.687942355275574], [-73.90484195604257, 40.68793766226191], [-73.90484591830027, 40.68793297197791], [-73.90484988056126, 40.68792827894904], [-73.9048538392316, 40.687923574937955], [-73.90485777625489, 40.68791887914315], [-73.9048617060699, 40.68791418059749], [-73.90486564313123, 40.68790945735472], [-73.90486955132214, 40.687904750556605], [-73.90487345954381, 40.68790002180016], [-73.90487735333389, 40.687895298521234], [-73.9048812363139, 40.6878905697437], [-73.9048851048819, 40.687885832719786], [-73.90488896264765, 40.68788108470769], [-73.90489280237601, 40.68787634217015], [-73.90489663129821, 40.68787159138921], [-73.90490044580451, 40.6878668351067], [-73.90490425673191, 40.68786205960766], [-73.90490803880068, 40.68785729231901], [-73.90491181367683, 40.687852511300385], [-73.90491557414107, 40.687847722035414], [-73.9049193129739, 40.68784293000773], [-73.90492303377333, 40.68783814070971], [-73.90492674378223, 40.68783333218932], [-73.90493043937917, 40.68782851542255], [-73.90493411334478, 40.68782369589303], [-73.90493776567506, 40.6878188763455], [-73.90494141443426, 40.68781403209199], [-73.90494503071736, 40.687809204280114], [-73.90494863981179, 40.68780435999357], [-73.90495223089243, 40.687799504712956], [-73.9049557967242, 40.68779465490089], [-73.90495935176936, 40.68778978312168], [-73.9049628924065, 40.687784900351325], [-73.90496641140052, 40.68778002305255], [-73.90496991598656, 40.68777513476265], [-73.90497339894127, 40.68777024371006], [-73.90497686748407, 40.687765344411105], [-73.90498031440724, 40.68776043411509], [-73.90498374689112, 40.687755534786156], [-73.90498717942138, 40.68775060251987], [-73.90499058309315, 40.687745678464026], [-73.90499397234913, 40.687740748906556], [-73.90499733636403, 40.687735819328175], [-73.905000696804, 40.687730867788595], [-73.90500402477959, 40.68772592445641], [-73.90500734918022, 40.68772095916298], [-73.90501064471844, 40.68771600482474], [-73.9050139294662, 40.687711031264065], [-73.90501719979808, 40.68770605220188], [-73.90502044849482, 40.68770107312174], [-73.90502368640108, 40.687696074819186], [-73.90502689905853, 40.68769108198522], [-73.90503009369442, 40.6876860836468], [-73.9050332775281, 40.687681074320224], [-73.90503643973052, 40.68767606223098], [-73.90503959113077, 40.68767103915362], [-73.90504272812694, 40.687666002340436], [-73.90504460022194, 40.68766298463577], [-73.90504646149947, 40.68765996692216], [-73.90504832640214, 40.68765693548763], [-73.90505018048336, 40.68765390678894], [-73.90505202372758, 40.68765089180512], [-73.90505387061258, 40.68764785212132], [-73.90505571027406, 40.68764482066588], [-73.9050575318948, 40.687641797429784], [-73.90505936075428, 40.68763875498625], [-73.90506118239809, 40.68763571528153], [-73.90506299683412, 40.687632672826055], [-73.905064807672, 40.68762962487803], [-73.90506661490787, 40.687626574182204], [-73.9050684077009, 40.68762353719835], [-73.90507020774439, 40.68762047277269], [-73.90507198611395, 40.687617435776836], [-73.9050737717262, 40.687614376828776], [-73.90507555013451, 40.6876113123852], [-73.90507732492907, 40.68760825342812], [-73.90507908890224, 40.68760519720689], [-73.90508084567149, 40.68760213549017], [-73.9050825988309, 40.687599076515134], [-73.90508434477856, 40.68759601753419], [-73.90508608712811, 40.687592953060715], [-73.90508782948926, 40.68758988035285], [-73.90508956102116, 40.6875868158704], [-73.90509129256458, 40.687583743153574], [-73.90509302051382, 40.68758066219945], [-73.9050947376417, 40.68757758398117], [-73.90509645476936, 40.68757450576284], [-73.90509816468926, 40.687571424793774], [-73.90509986739353, 40.68756834656354], [-73.90510352229158, 40.68756170448394], [-73.90510716640676, 40.687555037692384], [-73.90511078528078, 40.68754837087993], [-73.90511437892147, 40.687541698557006], [-73.90511795454032, 40.687535020729534], [-73.905121512157, 40.68752832367372], [-73.90512504451685, 40.68752163757602], [-73.90512855524527, 40.687514948715666], [-73.90513205519078, 40.68750823514328], [-73.90513553349314, 40.68750152704255], [-73.90513900100486, 40.68749479971936], [-73.90514244325978, 40.687488083354374], [-73.90514587472796, 40.68748134502219], [-73.90514928093943, 40.6874746176482], [-73.90515267997378, 40.687467865565175], [-73.9051560609669, 40.68746112170155], [-73.9051594239305, 40.68745437782294], [-73.9051627760995, 40.6874476174667], [-73.90516611022723, 40.687440865329805], [-73.9051694335526, 40.68743410220479], [-73.90517274246207, 40.68742733357831], [-73.90517603694386, 40.687420567684555], [-73.90517932422902, 40.68741379080573], [-73.90518259708266, 40.687407019404425], [-73.90518585551649, 40.68740024524635], [-73.90518911398863, 40.6873934436405], [-73.90519235078649, 40.687386669464445], [-73.90519558401309, 40.6873798705824], [-73.90519856488605, 40.68737303581031], [-73.90520175843228, 40.68736624787446], [-73.90520495199738, 40.687359446214714], [-73.90520813835418, 40.68735264180412], [-73.90521131749489, 40.68734584013225], [-73.90521448942346, 40.68733903845436], [-73.90521765053406, 40.68733223676749], [-73.90522081165571, 40.6873254268462], [-73.90522396556133, 40.687318619663635], [-73.90522711224692, 40.68731181796458], [-73.90523026256889, 40.687304994310296], [-73.90523339842814, 40.68729819809173], [-73.9052365379237, 40.68729137991785], [-73.90523966658183, 40.687284575458804], [-73.90524279524716, 40.68727776551012], [-73.90524592030994, 40.68727095281364], [-73.90524904537213, 40.687264140117094], [-73.90525215960469, 40.68725733564581], [-73.90525527023863, 40.687250525681996], [-73.90525838809901, 40.687243704744894], [-73.90526149512209, 40.68723689752263], [-73.90526460215615, 40.687230082065994], [-73.90526770557601, 40.687223272095814], [-73.90527080899915, 40.68721645938082], [-73.90527390159662, 40.687209652146386], [-73.90527700142832, 40.68720282844913], [-73.90528009041095, 40.687196026701045], [-73.9052831830221, 40.687189208487226], [-73.90528626479195, 40.68718240673304], [-73.90528934658067, 40.68717559125492], [-73.90529243198621, 40.68716876754536], [-73.90529550655829, 40.68716195480589], [-73.90529858114138, 40.68715513383202], [-73.90530164128525, 40.68714832382526], [-73.90530470144799, 40.68714150009462], [-73.90530775439858, 40.687134676357914], [-73.90531079648844, 40.6871278828047], [-73.90531382784614, 40.687121028857526], [-73.90531685917985, 40.68711419137893], [-73.90531986885892, 40.68710736760627], [-73.90532287495502, 40.687100527362006], [-73.90532585579075, 40.68709370082069], [-73.90532883665315, 40.687086855065886], [-73.90533179949003, 40.687080006551426], [-73.90533474431712, 40.68707314429822], [-73.90533768193202, 40.68706628203896], [-73.905340601502, 40.68705943074389], [-73.90534349586626, 40.68705255472505], [-73.90534637940091, 40.68704568693154], [-73.90534924850421, 40.68703882461564], [-73.90535211043442, 40.687031934846004], [-73.90535492547367, 40.68702505601684], [-73.90535774772776, 40.68701817444878], [-73.90536056279703, 40.687011273661305], [-73.90536333820252, 40.687004372841194], [-73.90536587112646, 40.68699810311916], [-73.90536839323266, 40.68699183338824], [-73.90537090454062, 40.68698554992447], [-73.90537340859767, 40.68697929390249], [-73.90537590906021, 40.68697302964308], [-73.9053783951071, 40.686966759882274], [-73.90538089918614, 40.68696048739144], [-73.90538339965505, 40.686954217642324], [-73.90538589649827, 40.68694796161411], [-73.90538841139698, 40.686941686387215], [-73.90538952225863, 40.68693893978332], [-73.90539093708132, 40.68693543312732], [-73.90539346276523, 40.68692917986733], [-73.90539603166299, 40.68692296506971], [-73.90539588398333, 40.68692285515738], [-73.90539834472781, 40.68691662654688], [-73.9053984352024, 40.68691639331556], [-73.90539852568081, 40.68691615733953], [-73.90539859443527, 40.686915984475355], [-73.90539865958003, 40.68691581435305], [-73.9053987355771, 40.6869156195367], [-73.90539882966131, 40.686915383563594], [-73.90539889480607, 40.686915213441274], [-73.90539892374547, 40.686915147590504], [-73.90539898165152, 40.686914996675604], [-73.90544995071075, 40.6867789280425], [-73.90545220603477, 40.68677261691876], [-73.90545446135454, 40.68676630853976], [-73.90545672032238, 40.68675996997119], [-73.90545893958776, 40.68675365881772], [-73.90546115889171, 40.68674732021647], [-73.90546337819133, 40.686740984359965], [-73.90546559745546, 40.686734673206345], [-73.90546782036388, 40.68672833460791], [-73.9054700036049, 40.686721998721644], [-73.9054721868494, 40.68671566009054], [-73.90547437369924, 40.686709321462395], [-73.90547652088559, 40.686702982801606], [-73.90547870412493, 40.68669664691516], [-73.9054808549162, 40.68669030825721], [-73.90548296604406, 40.686683969566644], [-73.90548511322487, 40.68667763365045], [-73.90548722799656, 40.6866712675151], [-73.90548933912316, 40.686664928824406], [-73.90549145028831, 40.686658562685956], [-73.905493565016, 40.6866522267429], [-73.90549564012304, 40.6866458605748], [-73.90549691482404, 40.686641991492365], [-73.90549771879651, 40.68663952185728], [-73.90549979389888, 40.68663315843385], [-73.90550186900474, 40.68662679226562], [-73.90550391165864, 40.68662042607064], [-73.90550598672482, 40.68661408735], [-73.90550799331683, 40.686607723870175], [-73.90551003236385, 40.68660135767212], [-73.90551207141053, 40.68659499147407], [-73.90551407800133, 40.68658862799408], [-73.90551608102885, 40.68658223431863], [-73.9055180515656, 40.68657586806421], [-73.90552005455346, 40.68656950183638], [-73.90552202508555, 40.686563138326626], [-73.9055239920543, 40.6865567446214], [-73.90552596258952, 40.68655037836684], [-73.90552789349644, 40.686543987376716], [-73.90552986403091, 40.68653762112202], [-73.90553179494093, 40.68653122738707], [-73.90553369336024, 40.68652486107315], [-73.90553562426562, 40.686518470082845], [-73.9055375227231, 40.68651207632112], [-73.90553941757446, 40.686505682556415], [-73.90554131602731, 40.686499291539405], [-73.90554317478187, 40.686492925192724], [-73.90554507323789, 40.68648653143086], [-73.90554693563634, 40.686480137639386], [-73.90554879446368, 40.68647371914197], [-73.90555062080426, 40.68646732532081], [-73.90555244353872, 40.68646093149667], [-73.90555430593187, 40.686454540449816], [-73.90555609260848, 40.686448146596], [-73.90555791898655, 40.68644172532701], [-73.90555970926813, 40.6864353314761], [-73.90556149597872, 40.68642891291926], [-73.90556328625968, 40.68642251906828], [-73.90556507657529, 40.68641610051432], [-73.90556682719266, 40.68640970663074], [-73.90556858145435, 40.68640328530236], [-73.90557033207108, 40.686396891418696], [-73.90557208632816, 40.68639047283505], [-73.90557380453168, 40.686384051476985], [-73.90557551912912, 40.68637763011593], [-73.90557723732809, 40.686371211502625], [-73.90557895553057, 40.686364790144474], [-73.90558063767564, 40.68635836875671], [-73.90558235226791, 40.68635195014032], [-73.9055839983552, 40.686345528722896], [-73.9055856804993, 40.686339107335094], [-73.90558736263918, 40.686332688691984], [-73.90558900511978, 40.686326267271525], [-73.90559065124471, 40.68631981840631], [-73.90559226127327, 40.68631339695917], [-73.90559390735477, 40.686306978286375], [-73.90559551381591, 40.68630052938856], [-73.90559712383973, 40.68629411068611], [-73.9055987339059, 40.686287661791155], [-73.90560030787587, 40.6862812403143], [-73.90560188188051, 40.68627479413453], [-73.90560345224422, 40.686268372654645], [-73.90560502625209, 40.686261923730044], [-73.9056066002597, 40.68625547480538], [-73.90560813816725, 40.6862490560436], [-73.90560967611718, 40.68624260708935], [-73.90561121046115, 40.68623615813208], [-73.90561271234952, 40.68622971189293], [-73.90561421424155, 40.68622326290904], [-73.90561571613331, 40.68621681392506], [-73.9056172180247, 40.6862103649411], [-73.90561871991197, 40.686203918701835], [-73.90562018574579, 40.68619746968826], [-73.90562165157543, 40.68619102341938], [-73.90562311380297, 40.686184574402795], [-73.90562454361779, 40.68617809791185], [-73.90562600944659, 40.68617165164292], [-73.90562743922194, 40.68616520259963], [-73.9056288329789, 40.68615872607907], [-73.90563026275372, 40.68615227703574], [-73.9056316564674, 40.68614583070757], [-73.90563305022353, 40.68613935418694], [-73.90563444394056, 40.686132905113965], [-73.90563583769227, 40.686126431338074], [-73.9056371953906, 40.686119954787756], [-73.90563855304592, 40.68611350842992], [-73.9056399107437, 40.68610703187961], [-73.90564123238424, 40.68610055529969], [-73.90564259004272, 40.686094106197025], [-73.90564391167884, 40.68608763236185], [-73.90564523331864, 40.6860811557819], [-73.90564651889726, 40.68607468191711], [-73.90564784053656, 40.68606820533711], [-73.90564912611862, 40.6860617287275], [-73.90565041169654, 40.68605525486265], [-73.90565166122113, 40.68604877822346], [-73.90565291074547, 40.686042301584266], [-73.90565419632264, 40.68603582771935], [-73.9056554097896, 40.68602935105055], [-73.90565665931322, 40.68602287441123], [-73.90565787277573, 40.68601640048715], [-73.90565912229894, 40.686009923847855], [-73.90566029974676, 40.68600341970174], [-73.90566151320863, 40.685996945777575], [-73.90566269422293, 40.68599046908204], [-73.90566390412135, 40.68598396496248], [-73.90566504907434, 40.68597749098209], [-73.90566622648225, 40.68597101428357], [-73.90566736787183, 40.68596451010778], [-73.90566854527538, 40.68595803615398], [-73.90566968666451, 40.685951531978134], [-73.90567079195772, 40.685945055220415], [-73.90567193334252, 40.6859385537893], [-73.90567303863529, 40.68593207703156], [-73.90567414757231, 40.685925572829035], [-73.90567521684271, 40.685919071338816], [-73.90567632213484, 40.68591259458097], [-73.90567739140869, 40.68590609034594], [-73.90567846067844, 40.68589958885563], [-73.905679493895, 40.68589308459097], [-73.90568056677002, 40.68588658310357], [-73.90568159994739, 40.68588010628661], [-73.90568263316332, 40.68587360202192], [-73.90568366637517, 40.68586710050199], [-73.90568466713958, 40.685860596210674], [-73.9056856642981, 40.685854091916404], [-73.90568666145249, 40.68584759036685], [-73.90568765861062, 40.685841086072536], [-73.9056886197117, 40.68583458174863], [-73.9056895844144, 40.6858280801725], [-73.9056905455151, 40.685821575848585], [-73.90569150665442, 40.68581504407697], [-73.90569247135657, 40.685808542500766], [-73.90569339639993, 40.68580203814724], [-73.90569432144304, 40.68579553379373], [-73.90569521042532, 40.685789032155455], [-73.90569613911259, 40.68578250035715], [-73.90569702809452, 40.6857759987188], [-73.90569791708015, 40.68576949433574], [-73.9056988097101, 40.685762962507845], [-73.9056996626347, 40.685756460839954], [-73.90570051556301, 40.68574995642726], [-73.90570136852996, 40.68574342456687], [-73.90570222505974, 40.68573692290188], [-73.90570304196962, 40.68573039101193], [-73.90570389850295, 40.685723886602105], [-73.90570471540856, 40.68571735745687], [-73.90570549622235, 40.685710852985046], [-73.90570631673727, 40.685704321097965], [-73.90570709754687, 40.68569781937088], [-73.905707878399, 40.685691287451256], [-73.90570866285273, 40.685684758279436], [-73.90570940760904, 40.685678253777965], [-73.90571015240394, 40.685671721828825], [-73.9057109007617, 40.68566522007505], [-73.90571164555632, 40.68565868812589], [-73.9057123939526, 40.68565215892439], [-73.90571310269023, 40.68564562694567], [-73.90571381499453, 40.685639122417555], [-73.9057143375489, 40.685634212447056], [-73.90571504628615, 40.685627680468244], [-73.90571575859008, 40.68562117594016], [-73.90571643122762, 40.68561467412429], [-73.90571710747459, 40.68560816956656], [-73.90571778011575, 40.6856016650059], [-73.90571845639738, 40.68559513574529], [-73.90571909298154, 40.68558863115508], [-73.90571976922799, 40.68558212659736], [-73.90572036975136, 40.68557562472235], [-73.90572100997964, 40.685569092687345], [-73.90572164655944, 40.685562590841904], [-73.90572225069202, 40.68555608622505], [-73.90572285125755, 40.68554955415753], [-73.90572341572363, 40.68554305225297], [-73.90572401989466, 40.685536520188364], [-73.90572458436051, 40.68553001828379], [-73.90572515247462, 40.685523486189645], [-73.9057257205498, 40.68551698154322], [-73.90572624895864, 40.68551047960906], [-73.9057267810158, 40.685503947485344], [-73.90572730942833, 40.68549744280643], [-73.90572784148134, 40.68549091342745], [-73.90572833383702, 40.685484408718985], [-73.90572882983322, 40.6854778793105], [-73.90572932222749, 40.68547134715428], [-73.90572981818856, 40.68546484244869], [-73.90573031418447, 40.68545831304019], [-73.90573077048303, 40.685451808302105], [-73.90573123042597, 40.68544527611929], [-73.90573165070263, 40.68543874664871], [-73.9057321106066, 40.685432241913574], [-73.90573253448882, 40.68542571244593], [-73.90573295476912, 40.68541918023059], [-73.90573337861625, 40.685412675465884], [-73.90573376283587, 40.68540614596576], [-73.90573418672165, 40.685399613753326], [-73.90573457090237, 40.68539311170088], [-73.90573492267475, 40.68538657942936], [-73.90573771349578, 40.685338089811275], [-73.90576395772904, 40.68501758494496], [-73.90576434070219, 40.68501193377076], [-73.90577835617074, 40.68480500307721], [-73.90579915148332, 40.68458179318752], [-73.9058005584201, 40.68456595150811], [-73.90580084051528, 40.68456279250507], [-73.90580110818802, 40.68455963349013], [-73.90580139765729, 40.684556359212614], [-73.90580165813809, 40.684553186467994], [-73.90580192929228, 40.684550115288694], [-73.9058021898002, 40.68454692333064], [-73.90580246468404, 40.684543764321624], [-73.9058027215902, 40.68454056961588], [-73.90580299287218, 40.68453740785915], [-73.90580324616492, 40.68453421863994], [-73.90580351024731, 40.68453104864302], [-73.90580375988785, 40.68452789235813], [-73.90580402038783, 40.68452470588963], [-73.90580426643433, 40.68452154136748], [-73.90580450519204, 40.684518431734816], [-73.90580475484023, 40.684515269960336], [-73.90580500104564, 40.68451199290263], [-73.90580524335849, 40.68450891895491], [-73.90580547862679, 40.684505726976184], [-73.9058057174581, 40.6845025651929], [-73.90580594912073, 40.68449937321119], [-73.90580618434633, 40.68449621142494], [-73.90580640506805, 40.68449310726705], [-73.90580664041379, 40.684489860392894], [-73.90580686125953, 40.68448666840238], [-73.9058070783368, 40.68448359168922], [-73.9058072955769, 40.684480399695715], [-73.90580751277433, 40.684477237894704], [-73.90580771906963, 40.684474136469774], [-73.9058079290519, 40.68447097740759], [-73.90580813920863, 40.68446769483078], [-73.9058083418556, 40.68446462359536], [-73.90580854106749, 40.68446143158709], [-73.90580874023676, 40.684458269771305], [-73.90580892850387, 40.68445516833158], [-73.90580911685625, 40.68445200650693], [-73.90580930523964, 40.684448822724136], [-73.90580949003677, 40.68444562521451], [-73.90580967118181, 40.68444246063917], [-73.90580985235778, 40.6844392741057], [-73.90581017393536, 40.684436241394415], [-73.90581035510355, 40.684433060350486], [-73.90581053629116, 40.68442986558267], [-73.90581070647575, 40.68442680255496], [-73.90581088043658, 40.68442361876037], [-73.90581104715515, 40.68442045691795], [-73.90581121389697, 40.684417278606965], [-73.90581137705254, 40.68441408656918], [-73.90581152921291, 40.684411020781944], [-73.90581168514177, 40.68440783971734], [-73.90581183748046, 40.68440464767069], [-73.90581197882399, 40.684401581874575], [-73.90581212393204, 40.68439840354584], [-73.90581226545389, 40.68439521149034], [-73.90581239971799, 40.68439205236617], [-73.9058125266701, 40.684388964600096], [-73.9058126537617, 40.684385778022325], [-73.90581278085337, 40.684382591444546], [-73.90581289695753, 40.684379525627804], [-73.90581301324006, 40.68437633355161], [-73.90581314856247, 40.68437242510514], [-73.90581328022884, 40.68436855233777], [-73.90581340461036, 40.68436473171515], [-73.90581351814015, 40.68436093578658], [-73.90581363182112, 40.68435703281195], [-73.90581373092844, 40.68435323687156], [-73.90581383378485, 40.684349339377626], [-73.90581392222262, 40.684345439127156], [-73.90581400690752, 40.68434164317496], [-73.90581408802561, 40.68433781977209], [-73.9058141584315, 40.684333922251604], [-73.90581422519304, 40.68433005217586], [-73.90581428107572, 40.684326226007606], [-73.90581433330627, 40.684322432773605], [-73.90581437847295, 40.684318535232435], [-73.90581441643612, 40.6843146321958], [-73.90581445063866, 40.68431083894706], [-73.90581447045757, 40.68430701823878], [-73.90581449039274, 40.68430311518745], [-73.905814495859, 40.684299245061524], [-73.90581450125549, 40.68429542434143], [-73.90581449583907, 40.684291600867724], [-73.9058144832773, 40.68428773072705], [-73.9058144635509, 40.68428382764316], [-73.9058144328914, 40.68428000689361], [-73.90581439869993, 40.68427613399042], [-73.9058143536219, 40.68427231048424], [-73.90581430854, 40.684268489722854], [-73.90581424910935, 40.684264616799], [-73.90581417890071, 40.684260716418635], [-73.90581410857965, 40.684256895636544], [-73.90581402379745, 40.68425310229039], [-73.9058139355608, 40.68424920189521], [-73.90581383285917, 40.68424533168072], [-73.90581373009161, 40.684241508127315], [-73.90581362011292, 40.684237684568], [-73.90581349217214, 40.68423381433283], [-73.90581336067228, 40.68422991115749], [-73.90581321823932, 40.684226090316386], [-73.90581307226674, 40.68422222281125], [-73.90581291191828, 40.68421832235702], [-73.90581275131402, 40.68421460305765], [-73.90581257654317, 40.684210702591656], [-73.90581239091301, 40.68420683230923], [-73.9058122016113, 40.68420300868501], [-73.90581200148122, 40.6841991932862], [-73.90581179061965, 40.68419531749361], [-73.90581157257793, 40.68419141973692], [-73.90581134717776, 40.68418762627563], [-73.90581110750252, 40.68418372850123], [-73.90581086407832, 40.68417993228041], [-73.90581061348165, 40.684176108605996], [-73.90581034852471, 40.68417224100339], [-73.90581007279368, 40.684168343199474], [-73.90580978980496, 40.68416447832693], [-73.90580950311764, 40.68416067932589], [-73.90580920564454, 40.68415685835783], [-73.90580890092157, 40.68415306483158], [-73.90580857831796, 40.684149166989286], [-73.90580824845674, 40.68414530207836], [-73.905807914893, 40.68414150578372], [-73.90580756344477, 40.6841376079178], [-73.90580721184155, 40.68413381984271], [-73.90580684233444, 40.68412994392022], [-73.90580646563944, 40.68412605152319], [-73.90580609229812, 40.68412233753917], [-73.90580570114984, 40.68411846708846], [-73.90580530639602, 40.68411459663482], [-73.90580518198013, 40.68411078404273], [-73.90580475837001, 40.68410692179976], [-73.90580433826862, 40.68410312817903], [-73.90580389303672, 40.684099257684075], [-73.9058034441915, 40.684095392675715], [-73.90580300235204, 40.684091673146035], [-73.90580252827557, 40.68408780262745], [-73.90580204699572, 40.684083926613404], [-73.90580156203283, 40.68408010549181], [-73.90580106630362, 40.68407624867934], [-73.90580056686805, 40.68407246322796], [-73.90580004948211, 40.684068622866384], [-73.90579952132607, 40.68406474955874], [-73.9057989930576, 40.68406095584942], [-73.90579845396853, 40.68405716487599], [-73.90579790767227, 40.68405337115192], [-73.90579732552955, 40.684049429180675], [-73.90579676120161, 40.68404563818659], [-73.9057961860492, 40.68404185267315], [-73.90579559294257, 40.684038014994364], [-73.90579499618003, 40.68403421299461], [-73.90579438146717, 40.68403035608469], [-73.9057937595161, 40.68402651838225], [-73.90579313750693, 40.68402272185134], [-73.90579250824787, 40.68401895276225], [-73.90579191823926, 40.68401547465125], [-73.9057918360049, 40.68401498326947], [-73.90579118869093, 40.68401123337901], [-73.90579053418524, 40.684007469758775], [-73.90578986169044, 40.684003678676056], [-73.9057891748432, 40.683999838175694], [-73.90578848431683, 40.68399604982297], [-73.90578777583234, 40.68399221204967], [-73.90578705657002, 40.683988346819724], [-73.90578634435994, 40.68398459413131], [-73.90578562497365, 40.68398081673405], [-73.90578487325743, 40.683976954222324], [-73.90578412149085, 40.68397312739261], [-73.90578337324081, 40.683969363695525], [-73.90578259624695, 40.683965528610834], [-73.90578183357472, 40.68396176490198], [-73.90578105648027, 40.68395800118127], [-73.90578025785707, 40.683954163334064], [-73.90577944481167, 40.68395032547506], [-73.90577864247837, 40.68394656173367], [-73.90577782932844, 40.68394279798345], [-73.90577699104037, 40.6839389628485], [-73.90577614915068, 40.683935124965835], [-73.9057753071525, 40.68393136393671], [-73.9057744472196, 40.68392753701834], [-73.90577359797166, 40.683923803430964], [-73.90577272715626, 40.68392002316486], [-73.90577182405751, 40.68391612484699], [-73.90577094596527, 40.68391239123602], [-73.90577005351665, 40.68390861095211], [-73.90576935597507, 40.68390468535484], [-73.90576845264788, 40.68390094897839], [-73.90576753494118, 40.683897182397644], [-73.90576659564377, 40.6838933856067], [-73.9057656455685, 40.683889561359244], [-73.90576468108652, 40.68388572612081], [-73.90576373807912, 40.683882003435684], [-73.90576278067276, 40.68387826427011], [-73.90576179454219, 40.683874439993076], [-73.90576081913922, 40.68387067885454], [-73.9057598221572, 40.68386687927152], [-73.90575881437017, 40.68386307144534], [-73.90575783523006, 40.68385940362604], [-73.90575680942317, 40.68385559029553], [-73.90575578358533, 40.68385179892317], [-73.90575476485789, 40.683848078920704], [-73.90575371382782, 40.6838442545904], [-73.90575265556733, 40.68384044397803], [-73.90575161520682, 40.6838367239578], [-73.90575057123306, 40.68383300942419], [-73.90574948415552, 40.68382917957478], [-73.90574840063705, 40.68382538266551], [-73.90574733142074, 40.683821670855956], [-73.90574624421937, 40.68381792883913], [-73.9057451462441, 40.683814156620976], [-73.90574402668202, 40.68381035144786], [-73.9057429214454, 40.68380661490577], [-73.90574181615847, 40.6838029140457], [-73.90574068215122, 40.68379912532932], [-73.90573954093293, 40.68379533660703], [-73.90573838889809, 40.68379154787588], [-73.90573725838817, 40.683787836016016], [-73.90573610985824, 40.68378411865179], [-73.90573496133236, 40.68378039854279], [-73.90573377685563, 40.68377660429545], [-73.9057325923674, 40.683772818282435], [-73.90573142939243, 40.68376911737496], [-73.90573023406056, 40.68376535056645], [-73.9057290458973, 40.683761613956285], [-73.9057278289478, 40.6837578361509], [-73.9057266227919, 40.683754074822986], [-73.90572540937066, 40.683750351915975], [-73.90572421751699, 40.683746675687736], [-73.90572300048655, 40.68374295552248], [-73.90572172236719, 40.683739089834184], [-73.90572050887664, 40.68373541633295], [-73.90571927018992, 40.68373171261853], [-73.90571801356475, 40.68372794575964], [-73.90571677487443, 40.68372424478998], [-73.90571549302216, 40.68372046967605], [-73.90571421837735, 40.6837166973128], [-73.90571295083512, 40.683713001809], [-73.90571166535054, 40.68370924590545], [-73.90571039417202, 40.683705572356835], [-73.90570910864892, 40.683701843901], [-73.90570778360056, 40.683698019345655], [-73.90570649439849, 40.68369434303741], [-73.90570519802421, 40.6836906392756], [-73.90570387284828, 40.68368690529762], [-73.90570256925926, 40.6836832042746], [-73.90570121531277, 40.68367941812233], [-73.90569890246066, 40.683672957774775], [-73.9056965787845, 40.68366650290778], [-73.9056942370654, 40.683660059005085], [-73.90569190965654, 40.68365369471252], [-73.90568953549989, 40.683647242548794], [-73.90568714690599, 40.68364080135228], [-73.90568476184819, 40.68363440956456], [-73.90568235158685, 40.683627993053165], [-73.90567991253197, 40.683621540836015], [-73.90567748059546, 40.68361515449926], [-73.90567504142886, 40.683608781880345], [-73.90567256269476, 40.683602343354394], [-73.90567008031286, 40.68359593501792], [-73.90566759069699, 40.68358954314405], [-73.90566509742949, 40.68358318420443], [-73.90566257538781, 40.68357677583526], [-73.90566004608893, 40.68357040039735], [-73.90565244357488, 40.68355141405471], [-73.90564717977522, 40.683538443428155], [-73.90564459272039, 40.683532117348456], [-73.90564197688762, 40.6835257445839], [-73.90563933944142, 40.68351935807774], [-73.90563671273081, 40.68351302922052], [-73.90563406082839, 40.683506667405304], [-73.90563139810985, 40.68350030558115], [-73.9056287173718, 40.683493938252624], [-73.90562602223144, 40.683487557188336], [-73.90562333065832, 40.68348120357464], [-73.90562063903127, 40.68347488838763], [-73.9056179186186, 40.683468532005385], [-73.90561519097207, 40.683462192085756], [-73.90561246331823, 40.6834558576556], [-73.90560972123882, 40.68344952595834], [-73.90560695755379, 40.68344317502982], [-73.9056041902482, 40.68343683507737], [-73.90560142291595, 40.68343051433828], [-73.90559863398195, 40.6834241716232], [-73.90559582703628, 40.68341781791412], [-73.90559306681182, 40.683411571289525], [-73.9055902418239, 40.68340522854462], [-73.90558741682099, 40.6833988967787], [-73.90558459177193, 40.683392597949975], [-73.90558175596124, 40.68338626068552], [-73.9055789164833, 40.68337996733437], [-73.90557604822371, 40.68337363004313], [-73.90557317993353, 40.683367314710004], [-73.90557033321893, 40.683361040566034], [-73.90556745049211, 40.68335473620003], [-73.90556455337475, 40.683348409863875], [-73.90556165981292, 40.683342119212654], [-73.90555877345496, 40.683335834056805], [-73.90555586187044, 40.68332954064586], [-73.90555294308696, 40.683323238994575], [-73.90555002069853, 40.683316937340265], [-73.90554709466615, 40.68331066313063], [-73.90554414704778, 40.6833043559659], [-73.90554121018825, 40.68329808998151], [-73.9055382733215, 40.6832918294866], [-73.90553529328207, 40.68328550308166], [-73.90553233477928, 40.6832792453136], [-73.90552937266371, 40.68327299303201], [-73.90552638538765, 40.68326668583426], [-73.90552340884321, 40.68326043903024], [-73.90552039632946, 40.683254131811594], [-73.90551739818406, 40.683247863031475], [-73.90551440721526, 40.68324161896014], [-73.90551140183265, 40.68323536938734], [-73.90550837126233, 40.6832290841117], [-73.90550533708706, 40.68322279883302], [-73.90550231725284, 40.6832165712063], [-73.9054992938098, 40.68321034632127], [-73.90549622360415, 40.6832040445441], [-73.905493164169, 40.683197775713026], [-73.905490108305, 40.6831915315877], [-73.90548704882049, 40.683185298438424], [-73.90548397493379, 40.68317905155335], [-73.90548089383664, 40.68317280466231], [-73.90547781631052, 40.68316658247704], [-73.90547471000299, 40.68316031635165], [-73.90547160007488, 40.683154061202316], [-73.9054685009173, 40.683147838999034], [-73.90546539813143, 40.68314163326128], [-73.90546227016182, 40.68313538907598], [-73.9054591205946, 40.68312912016983], [-73.90545599257564, 40.68312291166635], [-73.90545285015448, 40.683116689427045], [-73.90544970771838, 40.68311047816676], [-73.90544654367302, 40.683104250419944], [-73.90544337601882, 40.68309802541488], [-73.90544019035306, 40.68309178941582], [-73.90543700107852, 40.683085556158474], [-73.90543381895722, 40.683079364078544], [-73.90543063683268, 40.68307317474323], [-73.90542743310661, 40.68306696343192], [-73.90542421495903, 40.68306075210864], [-73.90542098241325, 40.68305452430484], [-73.90541776063017, 40.683048334936544], [-73.90541453524217, 40.68304214556526], [-73.90541126665453, 40.68303590949719], [-73.90540803761158, 40.683029755804746], [-73.90540478697108, 40.68302357739149], [-73.90540150753753, 40.68301736327237], [-73.90539821367473, 40.683011154630876], [-73.90539493060572, 40.68300496246677], [-73.90539165828775, 40.68299881697261], [-73.90538836077451, 40.68299264126509], [-73.90538504164422, 40.68298645456058], [-73.90538170811583, 40.68298025137549], [-73.90537839974887, 40.682974103106524], [-73.90537505896785, 40.68296793010779], [-73.90537171097245, 40.682961759847785], [-73.90536835218056, 40.68295557585493], [-73.90536500414748, 40.68294943304248], [-73.90536163807566, 40.68294329844938], [-73.90535825761745, 40.682937139141366], [-73.90535484476463, 40.68293094137979], [-73.90535143907287, 40.68292477930605], [-73.90534804773759, 40.682918663905156], [-73.90534463121101, 40.682912515546136], [-73.90534120746236, 40.6829063754154], [-73.90533776570615, 40.68290022154591], [-73.90533433110711, 40.682894106109], [-73.90533088569988, 40.68288798517355], [-73.9053274114998, 40.68288182853225], [-73.90532392647593, 40.68287567737149], [-73.9053204558203, 40.682869564649216], [-73.90531697794641, 40.68286345741052], [-73.90531345688875, 40.68285729249588], [-73.90530995738307, 40.68285118523911], [-73.90530646145234, 40.68284509994339], [-73.90530293672872, 40.68283897894179], [-73.90529941557621, 40.68283288264598], [-73.90529586562302, 40.682826756133835], [-73.9052923084556, 40.68282063236044], [-73.9052887620547, 40.682814544277804], [-73.9052851832632, 40.68280841499681], [-73.90528163322693, 40.682802348869174], [-73.90527806517531, 40.682796274492254], [-73.9052744395531, 40.68279011772464], [-73.90527087145989, 40.68278407353996], [-73.90526727816386, 40.682778004631494], [-73.90526364887963, 40.68277188903209], [-73.90526001597486, 40.68276578440869], [-73.90525641900899, 40.68275976215797], [-73.90525277886337, 40.68275367948655], [-73.90524912071419, 40.68274758033155], [-73.90524546253837, 40.68274150038985], [-73.90524182232843, 40.68273546437919], [-73.90523814971242, 40.68272939814917], [-73.90523447348374, 40.68272333740564], [-73.90523077205614, 40.682717249193495], [-73.90522705621493, 40.68271115547978], [-73.90522339071899, 40.68270515512976], [-73.90521970000849, 40.68269913829019], [-73.90521595892295, 40.682693050044854], [-73.90521221781073, 40.68268698101284], [-73.9052085018637, 40.68268096415208], [-73.90520477510073, 40.68267494728233], [-73.90520100154097, 40.68266887822313], [-73.90519724956035, 40.68266284760846], [-73.90519347596683, 40.68265680325196], [-73.90518971313585, 40.6826507973311], [-73.90518593949689, 40.68264478591158], [-73.90518213706518, 40.68263873878621], [-73.90517832380985, 40.682632697141294], [-73.9051745357158, 40.68262671041243], [-73.9051707368136, 40.68262071818504], [-73.90516689471632, 40.682614676515975], [-73.90516306698703, 40.682608673285486], [-73.90515924283278, 40.68260269201594], [-73.90515537549895, 40.68259665032567], [-73.90515150812679, 40.682590636082985], [-73.90514768031835, 40.68258469049209], [-73.90514380571312, 40.68257869271182], [-73.90513990951075, 40.68257267021065], [-73.9051360168716, 40.68256667790475], [-73.90513213860828, 40.68256071854786], [-73.90512823874002, 40.682554739959684], [-73.90512432445821, 40.68254875586986], [-73.90512039936448, 40.68254276902621], [-73.90511648144341, 40.68253680963608], [-73.90511255276517, 40.682530809065376], [-73.9051085988334, 40.68252481945276], [-73.90510468449263, 40.68251887927856], [-73.90510074491011, 40.68251294182824], [-73.9050967621404, 40.68250694944665], [-73.9050927973403, 40.68250099825137], [-73.90508882171657, 40.68249505253653], [-73.90508480649946, 40.68248906012774], [-73.9050808164512, 40.68248311714552], [-73.90507682638417, 40.68247718788701], [-73.90507283268892, 40.68247127509402], [-73.90506881020113, 40.68246532659502], [-73.9050647696983, 40.68245936984672], [-73.90506075076276, 40.682453459777236], [-73.90505671021839, 40.682447533221136], [-73.90505265886601, 40.68244160116638], [-73.90504859670176, 40.682435666357826], [-73.90504454171021, 40.68242975900278], [-73.90504045792223, 40.68242381868651], [-73.90503635970907, 40.68241788110297], [-73.90503229386799, 40.68241199844147], [-73.90502821721502, 40.68240611302614], [-73.90502409376948, 40.682400172676545], [-73.90501997750046, 40.6823942570357], [-73.9050158360172, 40.68238832490524], [-73.90501174130051, 40.68238246692212], [-73.90500761416638, 40.6823765869539], [-73.90500345823983, 40.68237067127969], [-73.90499932747043, 40.68236481326636], [-73.90499516431089, 40.6823589140545], [-73.90499098313245, 40.682353009338065], [-73.90498682351732, 40.68234715404523], [-73.9049826207113, 40.682341246565876], [-73.90497845746475, 40.682335410483134], [-73.90497424382029, 40.68232951946315], [-73.90497003015307, 40.68232364491163], [-73.90496582366627, 40.682317792324035], [-73.90496162075836, 40.68231195895271], [-73.90495737823765, 40.68230609261121], [-73.90495312491299, 40.68230021802629], [-73.9049489039485, 40.68229440659771], [-73.9049446253908, 40.68228852924685], [-73.90494036120494, 40.68228268758978], [-73.9049360826018, 40.68227684317584], [-73.90493180397982, 40.6822710124856], [-73.904927536132, 40.682265211996594], [-73.904923210691, 40.68225934558529], [-73.90491892121179, 40.68225354507809], [-73.90491463171372, 40.68224775829456], [-73.90491028461466, 40.682241911078265], [-73.90490592669991, 40.68223606385285], [-73.90490159036014, 40.68223025781672], [-73.90489726839218, 40.682224487474386], [-73.90489292840927, 40.68221870888263], [-73.90488853082543, 40.682212869858056], [-73.90488415122284, 40.68220706378547], [-73.90487976439434, 40.68220126868585], [-73.90487537754706, 40.68219548730993], [-73.90487099786846, 40.68218973613223], [-73.9048665785929, 40.682183941005285], [-73.90486215210318, 40.68217814861696], [-73.90485773637982, 40.682172391919416], [-73.90484525205353, 40.68215619017375], [-73.90483549191818, 40.68214361103673], [-73.90483102210148, 40.68213786527251], [-73.90482651625425, 40.68213210300963], [-73.90482200680225, 40.68212634074365], [-73.90481749013618, 40.682120581216246], [-73.90481299862695, 40.682114879349704], [-73.90480849270838, 40.68210916923679], [-73.90480393637648, 40.6821034151656], [-73.90479940522887, 40.68209769954188], [-73.90479487405854, 40.68209200038659], [-73.90479032126785, 40.68208629297892], [-73.90478573966939, 40.68208056084423], [-73.90478115803647, 40.682074853412345], [-73.90477657640429, 40.68206914598027], [-73.90477198753447, 40.68206345775538], [-73.90476742025918, 40.68205779699597], [-73.90476280257452, 40.68205208953347], [-73.90475817045703, 40.682046390293145], [-73.90475353833638, 40.682040693797454], [-73.90474891337655, 40.68203503298952], [-73.90474427762456, 40.68202935570382], [-73.9047396274554, 40.6820236756612], [-73.90473497364233, 40.68201802306314], [-73.90473031624025, 40.682012359482826], [-73.90472562999906, 40.68200669313363], [-73.9047209581688, 40.68200103503051], [-73.90471627191744, 40.68199537691523], [-73.9047115748348, 40.68198972976996], [-73.90470687055375, 40.68198407438416], [-73.90470216983579, 40.681978449193636], [-73.90469746552887, 40.681972813020835], [-73.90469272521506, 40.68196714388069], [-73.90468796326135, 40.68196148021206], [-73.90468328051121, 40.681955898952], [-73.90467855812908, 40.681950298445464], [-73.90467377816222, 40.68194462652695], [-73.90466903780926, 40.68193898757833], [-73.9046642794062, 40.681933365083204], [-73.90465953542585, 40.68192774259981], [-73.90465478778982, 40.681922155795284], [-73.90465000055711, 40.68191652504134], [-73.90464520971587, 40.68191089702895], [-73.90464042964085, 40.681905304707385], [-73.90463566038301, 40.68189971239455], [-73.90463085509877, 40.68189410083825], [-73.90462603903424, 40.68188846456984], [-73.90462125175932, 40.68188286675193], [-73.90461646446167, 40.68187728540245], [-73.90461166637192, 40.68187168757518], [-73.90460683947066, 40.681866067765576], [-73.90460290884776, 40.681861486223525], [-73.90459718566274, 40.68185483363534], [-73.90458353640616, 40.681838971246684], [-73.90451445121266, 40.68175891474842], [-73.9045052653127, 40.68174826289073], [-73.90450220933742, 40.68174472508527], [-73.9044992109792, 40.681741236733444], [-73.90449612263009, 40.68173764675025], [-73.90449302707043, 40.68173405676093], [-73.90448999991663, 40.68173053544771], [-73.90448700877056, 40.68172704710154], [-73.90448391681342, 40.681723459859796], [-73.90448082846989, 40.6817198671314], [-73.90447778333721, 40.68171631286562], [-73.90447473098612, 40.681712764083315], [-73.90447168945563, 40.68170921256509], [-73.90446863710906, 40.68170566103786], [-73.90446562438359, 40.6817021369912], [-73.90446260085777, 40.68169860195636], [-73.90445953053208, 40.681695017476635], [-73.90445647102311, 40.68169143300583], [-73.90445341510416, 40.68168785951701], [-73.90445036278707, 40.681684288775855], [-73.90444734648953, 40.681680742767526], [-73.90444435538332, 40.681677229717316], [-73.90444128509107, 40.68167362327897], [-73.90443826879842, 40.68167007452558], [-73.90443521651054, 40.68166648457065], [-73.9044321894336, 40.68166291385], [-73.9044291731616, 40.681659351372524], [-73.90442611009372, 40.681655736705416], [-73.90442312621641, 40.68165221268158], [-73.90442009916043, 40.681648628236694], [-73.90441706131601, 40.681645024569434], [-73.90441407026414, 40.681641475836365], [-73.90441107561892, 40.68163791886593], [-73.90440804859968, 40.68163430971784], [-73.90440500357708, 40.681630684086066], [-73.90440201255797, 40.68162711339451], [-73.90439901434407, 40.68162353171788], [-73.9043960233256, 40.681619961026186], [-73.90439303593648, 40.68161637386878], [-73.9043900161459, 40.68161275374708], [-73.90438703955806, 40.68160917757764], [-73.90438407018935, 40.68160559592452], [-73.90438107922758, 40.68160198680567], [-73.90437809185192, 40.681598391413566], [-73.90437509370744, 40.681594763075125], [-73.90437212435187, 40.68159117318741], [-73.90436917662929, 40.681587583317565], [-73.9043661533027, 40.681583916531125], [-73.90436319116684, 40.68158032115961], [-73.90436027947615, 40.68157674778812], [-73.90435735337972, 40.68157316342554], [-73.90435438047567, 40.68156953510752], [-73.90435139323283, 40.681565849137286], [-73.90434845996974, 40.68156223457595], [-73.90434555189003, 40.68155865846233], [-73.90434258266752, 40.681554977996356], [-73.90433966023353, 40.681551355209514], [-73.90433675940112, 40.68154775439869], [-73.9043337866017, 40.68154405471612], [-73.90433090738293, 40.681540467647025], [-73.90432801738353, 40.68153685586591], [-73.90432506621389, 40.68153315894585], [-73.9043221618406, 40.68152951421532], [-73.90431929346697, 40.681525907941534], [-73.90431608321386, 40.68152185672989], [-73.90431281538424, 40.68151772861664], [-73.90430961957738, 40.681513660948184], [-73.90430638055668, 40.681509557561654], [-73.90430316316123, 40.68150545968256], [-73.90429998537095, 40.68150140026316], [-73.90429680402288, 40.68149730790344], [-73.90429361905397, 40.68149322651967], [-73.904290426914, 40.68148911768211], [-73.90428722402109, 40.68148496491916], [-73.90428407510785, 40.681480883565136], [-73.90428092258956, 40.681476802207996], [-73.90427778450137, 40.68147271537328], [-73.90427463206659, 40.681468576375806], [-73.9042714652222, 40.6814644291319], [-73.9042683343697, 40.68146032583424], [-73.9042652395602, 40.68145623080085], [-73.90426207997125, 40.68145205337021], [-73.90425895278442, 40.68144790890374], [-73.90425585798397, 40.681443808380514], [-73.90425278844171, 40.681439694154385], [-73.90424971168504, 40.68143558266687], [-73.9042465881525, 40.68143140526581], [-73.90424350067477, 40.68142722789468], [-73.90424045275883, 40.68142311917572], [-73.90423737966825, 40.68141896651935], [-73.90423432817914, 40.681414835839085], [-73.90423126956233, 40.6814106475125], [-73.90422820731281, 40.68140647839623], [-73.90422520271142, 40.681402336775655], [-73.90422220532125, 40.68139819516099], [-73.9042191683741, 40.68139398214913], [-73.90421613500911, 40.68138978560885], [-73.90421317006908, 40.68138564402092], [-73.90421017995439, 40.681381458495586], [-73.90420717544981, 40.681377251000015], [-73.90420421413604, 40.681373095691015], [-73.90420126366661, 40.68136892117751], [-73.90419829160821, 40.68136471645346], [-73.90419532316352, 40.68136050624281], [-73.90419238712482, 40.68135632625155], [-73.90418944393079, 40.68135210782744], [-73.90418651153377, 40.6813479031361], [-73.90418361513633, 40.68134373690149], [-73.90418070439239, 40.68133951850416], [-73.90417777925465, 40.68133528088136], [-73.90417486853117, 40.68133104876003], [-73.90417198302247, 40.68132683312823], [-73.90416911193988, 40.68132261476362], [-73.90416624085364, 40.681318399143734], [-73.9041633590146, 40.6813141395984], [-73.90416050598789, 40.68130990203521], [-73.90415767095715, 40.681305686445114], [-73.90415483954011, 40.681301465368406], [-73.90415200098755, 40.681297192134956], [-73.90414916602496, 40.681292929883526], [-73.90414636705401, 40.681288711578404], [-73.90414358250909, 40.68128449054048], [-73.90414076562999, 40.68128018987704], [-73.90413795954791, 40.681275902946446], [-73.90413520384361, 40.681271684677064], [-73.90413243379679, 40.6812674115002], [-73.90412968895687, 40.6812631603025], [-73.90412691534483, 40.681258859674784], [-73.90412416335393, 40.68125456729933], [-73.9041214545734, 40.681250313386656], [-73.90411872779755, 40.681246037500756], [-73.90411599027678, 40.681241712199856], [-73.90411332472696, 40.68123748302597], [-73.90411063401838, 40.681233198935566], [-73.904107885785, 40.68122880226142], [-73.9041052275102, 40.68122452917704], [-73.90410256925551, 40.68122024236873], [-73.90409990024008, 40.68121591712454], [-73.90409726722018, 40.68121163308189], [-73.90409464141145, 40.68120734904522], [-73.90409198326077, 40.68120299087258], [-73.90408933952031, 40.68119864094625], [-73.90408674976695, 40.68119435693942], [-73.90408415284251, 40.681190045478836], [-73.90408157751942, 40.68118575599434], [-73.90407895546423, 40.681181370403756], [-73.90407636221336, 40.68117701228488], [-73.90407379776286, 40.68117268438244], [-73.90406615131558, 40.68115967875571], [-73.90405855905537, 40.681146601809516], [-73.9040560451385, 40.68114223552195], [-73.90405354563575, 40.68113787473594], [-73.90405106413287, 40.68113353317827], [-73.90404859344655, 40.68112919162958], [-73.90404610481248, 40.681124795170355], [-73.90404363059248, 40.681120404212656], [-73.90404117796197, 40.68111604346542], [-73.90403873615595, 40.681111677237666], [-73.90403628718681, 40.68110727806654], [-73.9040338418471, 40.68110286242972], [-73.9040314396662, 40.681098520937745], [-73.90402902674437, 40.68109412728609], [-73.90402663542386, 40.681089755610564], [-73.90402421894069, 40.68108533176329], [-73.90402182407858, 40.68108091616835], [-73.90401946160634, 40.68107654177198], [-73.90401707756901, 40.68107212069638], [-73.90401472953889, 40.68106773258805], [-73.90401237431793, 40.681063330749815], [-73.90401002272645, 40.68105891244592], [-73.9040076675733, 40.68105446394648], [-73.90400536277788, 40.6810500978322], [-73.90400303642923, 40.68104567680443], [-73.90400070651108, 40.6810412310707], [-73.90399841257234, 40.68103683751761], [-73.90399610068981, 40.681032386309255], [-73.90399383198573, 40.68102799552189], [-73.90399156330164, 40.68102359101063], [-73.9039892479134, 40.68101907117984], [-73.90398699366351, 40.68101465844623], [-73.90398475742525, 40.68101025670667], [-73.90398249604809, 40.68100578632673], [-73.90398028143899, 40.6810013873499], [-73.90397805247177, 40.68099694444468], [-73.90397581634531, 40.68099246585136], [-73.90397361979582, 40.68098804493129], [-73.90397143047328, 40.68098361303807], [-73.90396919802434, 40.68097908504176], [-73.90396703392052, 40.680974666893384], [-73.90396486983285, 40.68097023776593], [-73.9039626878093, 40.68096574549357], [-73.90396053096069, 40.68096129715867], [-73.90395837415588, 40.68095681863114], [-73.90395623893644, 40.68095237305898], [-73.90395411811524, 40.68094794396738], [-73.90395197216706, 40.68094343800107], [-73.90394984424236, 40.68093893479456], [-73.90394775229304, 40.6809344865135], [-73.90394566756669, 40.680930030004156], [-73.90394356848613, 40.6809255268216], [-73.90394150178348, 40.680921073071985], [-73.90393942073456, 40.680916567159606], [-73.90393734330716, 40.68091205027115], [-73.90393529466799, 40.680907571833515], [-73.90393327122753, 40.68090312086461], [-73.90393123340912, 40.680898639691165], [-73.90392920284138, 40.68089413107595], [-73.90392716872385, 40.6808895840309], [-73.90392517777272, 40.68088510564126], [-73.90392315445224, 40.68088057232905], [-73.90392118513019, 40.680876096702164], [-73.90391922663652, 40.680871612849934], [-73.90391723215227, 40.68086708505123], [-73.90391527373426, 40.68086254904829], [-73.90391334410053, 40.68085805424093], [-73.9039114180962, 40.68085354296799], [-73.90390947406898, 40.68084902893512], [-73.90390755172994, 40.68084447649353], [-73.90390565819095, 40.68083995426846], [-73.90390374657767, 40.68083546496553], [-73.9039018674806, 40.68083092902859], [-73.90389999918422, 40.680826404079724], [-73.90389812734202, 40.68082183795624], [-73.90389624819431, 40.68081733770123], [-73.9038944123316, 40.680812823758465], [-73.9038925405613, 40.68080820822898], [-73.90389069025369, 40.68080371074274], [-73.9038888796296, 40.68079919682093], [-73.9038870474603, 40.68079462249607], [-73.90388523328272, 40.68079007288917], [-73.90387918722635, 40.6807749084486], [-73.90387471489402, 40.68076352487694], [-73.90387198844171, 40.680756548126965], [-73.90386959611, 40.68075039234367], [-73.9038672253993, 40.68074424481265], [-73.90386485110736, 40.68073808081], [-73.9038625056195, 40.68073194427909], [-73.90386016372963, 40.680725813240635], [-73.90385783629345, 40.68071966025606], [-73.90385551243543, 40.68071352648786], [-73.90385319945341, 40.68070735155705], [-73.90385091162652, 40.68070123428747], [-73.9038486202857, 40.68069505388509], [-73.90384633975759, 40.680688876236445], [-73.90384408437666, 40.68068276173863], [-73.9038418290832, 40.68067658685578], [-73.90383959537911, 40.68067044218341], [-73.90383735810168, 40.68066427554987], [-73.90383512447356, 40.680658078726744], [-73.90383292681288, 40.680651942318704], [-73.90383072559068, 40.68064577571514], [-73.90382854238011, 40.680639620105666], [-73.90382635562385, 40.680633423321545], [-73.9038241832699, 40.6806272402733], [-73.9038220468674, 40.68062112861923], [-73.90381988896745, 40.68061492362476], [-73.90381773468523, 40.680608710398985], [-73.90381560559769, 40.68060252738671], [-73.90381349450188, 40.6805963690924], [-73.90381138704348, 40.68059018884293], [-73.90380927960136, 40.68058399761433], [-73.90380719377224, 40.6805778201276], [-73.90380510796328, 40.680571628917], [-73.90380303296699, 40.68056544046012], [-73.90380097236888, 40.68055926848391], [-73.90379891179889, 40.6805530772943], [-73.90379686204547, 40.680546886113625], [-73.90379481233596, 40.68054066474047], [-73.90379278058651, 40.68053449004341], [-73.90379075606015, 40.68052830711811], [-73.90378873158562, 40.68052208851068], [-73.90378672148157, 40.680515905597304], [-73.90378471858475, 40.680509725434696], [-73.90378272650838, 40.68050354253628], [-73.90378073803785, 40.680497359640924], [-73.90377873881084, 40.68049113556486], [-73.90377676477449, 40.68048494444712], [-73.90377478355542, 40.68047873410992], [-73.90377280594213, 40.6804725237757], [-73.90377084992194, 40.68046634090722], [-73.90376889030865, 40.68046014980141], [-73.903766927118, 40.6804539394791], [-73.90376498911398, 40.68044776485991], [-73.90376304032188, 40.68044157101826], [-73.90376109155788, 40.680435357963155], [-73.9037591536144, 40.68042914217231], [-73.90375721563161, 40.680422953829094], [-73.9037552740795, 40.68041674077992], [-73.90375335771392, 40.680410563433846], [-73.90374908711506, 40.68039683049835], [-73.90364780921826, 40.68007657324537], [-73.90364266646762, 40.68006013322702], [-73.90364062802794, 40.68005361816925], [-73.90363860757188, 40.68004713331898], [-73.90363656196593, 40.6800405880626], [-73.9036345343396, 40.680034075758535], [-73.90363250670177, 40.68002757168872], [-73.90363049345406, 40.680021089589125], [-73.9036284658805, 40.68001454160288], [-73.9036264382756, 40.68000801557482], [-73.90362443583331, 40.68000154171844], [-73.90362242262682, 40.679995032171], [-73.90362040585902, 40.679988492427995], [-73.90361840705499, 40.679981996616355], [-73.90361640464997, 40.679975498056905], [-73.90361438793094, 40.67996892537652], [-73.90361239633091, 40.679962435060354], [-73.90361040836436, 40.6799559255338], [-73.9036084060442, 40.67994936933402], [-73.90360642885884, 40.67994288451934], [-73.90360444094105, 40.6799363420554], [-73.90360246019473, 40.67992982704517], [-73.90360049382664, 40.679923342239476], [-73.90359852032358, 40.679916805277045], [-73.90359653604447, 40.67991024085778], [-73.90359456976478, 40.679903695666965], [-73.90359262142898, 40.67989720813147], [-73.9035906695398, 40.67989068491087], [-73.90358872844328, 40.67988417816789], [-73.90358678016814, 40.67987764946064], [-73.90358483194102, 40.679871087816174], [-73.90358290166964, 40.6798645755926], [-73.90358097500399, 40.67985806337206], [-73.90357903758611, 40.679851507226005], [-73.90357711097283, 40.679844959323376], [-73.90357520233515, 40.679838447117774], [-73.90357329369382, 40.67983193765695], [-73.903571381511, 40.67982538427669], [-73.90356946932862, 40.679818830896416], [-73.90356379394768, 40.67979925863943], [-73.90348099424808, 40.67951206928128], [-73.90343865853572, 40.679363870802646], [-73.90343341312149, 40.67934619828329], [-73.90343164781522, 40.67934031474869], [-73.90342988247745, 40.679334453172274], [-73.90342810636375, 40.679328564138956], [-73.90342631944232, 40.67932266960706], [-73.90342455759159, 40.67931689037672], [-73.90342274909045, 40.67931096014449], [-73.9034209405221, 40.67930507657343], [-73.90341914270245, 40.679299239672496], [-73.90341731613191, 40.67929333961757], [-73.90341550748501, 40.679287510941826], [-73.9034136665017, 40.679281605385164], [-73.90341182548698, 40.6792757217867], [-73.90340998796661, 40.679269915044834], [-73.90340807118095, 40.67926407255428], [-73.90340615796524, 40.679258254769664], [-73.90340419806742, 40.679252307941404], [-73.90340241124558, 40.67924634753453], [-73.90340052331184, 40.67924049957854], [-73.90339861021674, 40.679234599450616], [-73.90339679457712, 40.67922862255078], [-73.90339491740868, 40.679222810285786], [-73.90339301867225, 40.67921695408625], [-73.90339106606302, 40.67921095511311], [-73.90338917086103, 40.67920514832242], [-73.90338725766452, 40.67919931955835], [-73.90338479287753, 40.67919347386246], [-73.90338283644972, 40.679187623103836], [-73.90337946560092, 40.67917757714097], [-73.90337690603675, 40.67916996098537], [-73.90337381155088, 40.67916077711383], [-73.90336993365491, 40.67914983318342], [-73.90336621828207, 40.679138694510264], [-73.9033624920786, 40.679127566807054], [-73.90335885604121, 40.679116417221195], [-73.90335530634977, 40.6791053939674], [-73.90335172444624, 40.67909420874465], [-73.90334830804255, 40.67908326245629], [-73.90334448833362, 40.67907197822165], [-73.90334083415237, 40.67906091370793], [-73.90333709001047, 40.679049731093194], [-73.90333314408349, 40.679038471455065], [-73.90332921265869, 40.67902715693346], [-73.90332523778847, 40.679015968634886], [-73.9033211261324, 40.67900463200333], [-73.90331690628257, 40.67899331998372], [-73.90331269354931, 40.67898207384448], [-73.90330832246224, 40.67897063543775], [-73.90330390802936, 40.678959254634684], [-73.90329948270647, 40.678947925973006], [-73.90329505366434, 40.67893667690649], [-73.90329051316154, 40.678925219143224], [-73.9032843381, 40.6789097224414], [-73.90327921179065, 40.67889698511994], [-73.90327457035666, 40.67888551903679], [-73.90326997196895, 40.67887420395228], [-73.90326360236969, 40.67885861101856], [-73.90325807877984, 40.6788463591873], [-73.90325327097936, 40.67883525801844], [-73.90324755766616, 40.678822072803506], [-73.90323856724203, 40.678801355913805], [-73.90323405409518, 40.67879093569613], [-73.90322928227204, 40.67877989219673], [-73.90322473685958, 40.67876934843663], [-73.90321668103547, 40.67875055641865], [-73.90321102559281, 40.67873725322509], [-73.90320643020198, 40.678726371814825], [-73.90320189242972, 40.67871553711401], [-73.9031931625466, 40.678681760798675], [-73.90318891367738, 40.6786705997121], [-73.90318450328054, 40.678658949919416], [-73.90317827112155, 40.67864308261866], [-73.90317232777956, 40.67862694657259], [-73.90316652831743, 40.67861104120842], [-73.90316071474376, 40.67859492448431], [-73.9031551599806, 40.67857934046415], [-73.90314802174012, 40.67856427661813], [-73.90314252799737, 40.67854888203817], [-73.90313730853421, 40.67853329829933], [-73.90313250023178, 40.6785176078601], [-73.90296952108646, 40.67809518683097], [-73.90286560576567, 40.67782086587895], [-73.90285862841073, 40.67780187986492], [-73.90285591576759, 40.67778557909696], [-73.9028540813177, 40.67777277591459], [-73.90285254859248, 40.67776321456693], [-73.90285153873921, 40.67775605259462], [-73.90285185675113, 40.67775058801483], [-73.90285213122692, 40.67774778583065], [-73.90285464774168, 40.677668551771745], [-73.90285507554373, 40.67765701584076], [-73.90285511016306, 40.67765304966916], [-73.90285525269974, 40.67764924827519], [-73.90285545612564, 40.6776457214102], [-73.90285546915348, 40.67764172777258], [-73.90285557239227, 40.67763767931563], [-73.90285565737697, 40.67763378729545], [-73.90285564500421, 40.67762990617223], [-73.90285569776162, 40.67762586316216], [-73.90285572899955, 40.67762174328023], [-73.90285569149806, 40.67761778802681], [-73.90285569365417, 40.67761383280687], [-73.90285576444175, 40.67760978706728], [-73.90285580281419, 40.67760571934209], [-73.90285588063233, 40.6776017971233], [-73.90285597286343, 40.67759788040629], [-73.90285604732424, 40.67759378800858], [-73.90285595974917, 40.6775895582353], [-73.90285605208423, 40.67758557015415], [-73.90285614076204, 40.67758161775202], [-73.90285600998413, 40.67757734677063], [-73.90285609899378, 40.677573166552385], [-73.90285620214446, 40.6775691784804], [-73.90285630900433, 40.67756511904733], [-73.90285612422393, 40.67756079586959], [-73.9028562310718, 40.67755674467086], [-73.90285632024133, 40.67755245466171], [-73.90285640934682, 40.67754820856893], [-73.90285656649209, 40.67754427818277], [-73.90285674941765, 40.67753997452891], [-73.9028569467122, 40.67753570656925], [-73.90285667910733, 40.67753131744698], [-73.90285686905543, 40.67752714280347], [-73.90285706621799, 40.67752296542125], [-73.9028567518331, 40.67751851587438], [-73.9028569165845, 40.67751431376187], [-73.90285705276989, 40.6775099222357], [-73.90285716012538, 40.67750552245085], [-73.90285679869261, 40.67750119637913], [-73.90285686620265, 40.67749692556513], [-73.90285689407911, 40.677492638248964], [-73.9028564788638, 40.67748810901846], [-73.90285643491151, 40.6774836322521], [-73.90285636911594, 40.67747930094046], [-73.90285591066991, 40.67747474971521], [-73.90285577307763, 40.67747020699523], [-73.90285562444575, 40.67746581797332], [-73.90285547574587, 40.67746147561253], [-73.90285498830231, 40.677457031409055], [-73.90285483632917, 40.677452461229166], [-73.90285487891853, 40.677447973556745], [-73.90285435545478, 40.67744350736464], [-73.90285556947993, 40.67743920183655], [-73.90285497778075, 40.67743455443161], [-73.90285440029463, 40.67743004976702], [-73.90285381916738, 40.677425569802345], [-73.90285321650879, 40.6774210212001], [-73.90285259602007, 40.67741633808876], [-73.90285196470374, 40.677411663202584], [-73.90285133680081, 40.67740712006855], [-73.90285067309358, 40.67740240672818], [-73.90284999502153, 40.6773976549488], [-73.90284933830503, 40.67739309257696], [-73.90284866717168, 40.67738852744817], [-73.9028484601531, 40.67738462145748], [-73.90284773527742, 40.677379825722134], [-73.90284699957816, 40.677375035467236], [-73.90284628525845, 40.677370418151256], [-73.90284553154926, 40.67736561690196], [-73.90284479921964, 40.67736098859165], [-73.90284405967563, 40.67735636302], [-73.90284325935473, 40.677351386065695], [-73.9028424982396, 40.6773467193042], [-73.90284173711656, 40.677342058032224], [-73.9028409366081, 40.67733721008221], [-73.90284016110435, 40.67733252135027], [-73.90283937840229, 40.677327824378004], [-73.90283856708248, 40.677322973674045], [-73.90283774497911, 40.67731810100276], [-73.9028394991884, 40.67731173185954], [-73.90283717061133, 40.677299084711095], [-73.90283443039792, 40.677284403336046], [-73.90283360755548, 40.677280038447634], [-73.90283280257535, 40.67727578611011], [-73.90283203696477, 40.6772717314297], [-73.90283122839158, 40.6772674708548], [-73.90283045559472, 40.67726339969964], [-73.90282967920879, 40.67725931756232], [-73.90282887422111, 40.67725507071427], [-73.90282806564433, 40.67725081288413], [-73.90282729284787, 40.67724674172895], [-73.90282652006356, 40.67724266233941], [-73.90282571507225, 40.677238418236136], [-73.90282490653989, 40.67723413021348], [-73.90282413736104, 40.677230050826964], [-73.9028233825312, 40.67722602085851], [-73.90282258119751, 40.67722174107621], [-73.90282178347722, 40.67721745580743], [-73.90282103228883, 40.67721340113905], [-73.90282358265574, 40.677209914683004], [-73.90282292546297, 40.677205681683645], [-73.90282227191149, 40.67720142398435], [-73.90282165047111, 40.67719739687337], [-73.90282102550155, 40.67719331760861], [-73.90282069992497, 40.6771891288057], [-73.90282018330004, 40.677184920628015], [-73.9028196448319, 40.67718085790496], [-73.90281909910132, 40.67717683085785], [-73.90281852120789, 40.67717260890455], [-73.90281796470589, 40.67716855165583], [-73.90281741896753, 40.67716453009826], [-73.90281681615379, 40.67716009128657], [-73.90281627407282, 40.67715603404999], [-73.90281574278355, 40.67715199329118], [-73.90281519375226, 40.67714775763832], [-73.9028146122461, 40.67714354117145], [-73.90281409900713, 40.67713948395924], [-73.90280788767397, 40.67713422246675], [-73.90280755129491, 40.67713002542033], [-73.9028072398683, 40.67712602327404], [-73.90280691791018, 40.67712182623981], [-73.90280660675172, 40.6771176401938], [-73.90280632050977, 40.67711367375087], [-73.90280603432386, 40.67710966888115], [-73.90280575894957, 40.67710566676533], [-73.90280547304374, 40.67710146976153], [-73.9028051979536, 40.677097272766844], [-73.90280492648071, 40.67709306754088], [-73.90280467633103, 40.677089073680676], [-73.9028044477927, 40.67708509356262], [-73.90280419793915, 40.67708089658927], [-73.90280396581966, 40.6770768999995], [-73.90280372678977, 40.67707269754572], [-73.90280350548599, 40.6770687009651], [-73.90280328447419, 40.67706450401608], [-73.9028030670717, 40.67706030432535], [-73.90280287430959, 40.67705651362702], [-73.90280267133595, 40.677052308458954], [-73.90280247556073, 40.67704811153124], [-73.90280229391043, 40.677044117728855], [-73.9028021125641, 40.6770399153238], [-73.90280193842818, 40.67703571292482], [-73.90280177483996, 40.677031694434724], [-73.90280165443421, 40.67702773087661], [-73.90280150522678, 40.67702373984643], [-73.90280135993265, 40.67701953747181], [-73.90280122183297, 40.67701534608236], [-73.90280109425288, 40.67701135781523], [-73.90280096697681, 40.677007160945394], [-73.9028001983381, 40.677002713759066], [-73.90280010289291, 40.676998939611586], [-73.9028000044466, 40.67699475100039], [-73.90279997085796, 40.676990587147], [-73.90279995142214, 40.67698660720552], [-73.90279993583955, 40.676982457091206], [-73.90279981548203, 40.67697846059581], [-73.90279941076535, 40.676974153700506], [-73.902799434532, 40.676970214967156], [-73.90279946912628, 40.676966268008655], [-73.90279933105883, 40.676962054660954], [-73.90279921820778, 40.67695785505853], [-73.90279890718658, 40.676953575690135], [-73.90279883706997, 40.67694973843415], [-73.90279872445025, 40.67694290659174], [-73.9027987634691, 40.67693592391479], [-73.90279866572624, 40.67692877918049], [-73.9027987336987, 40.67692171967427], [-73.9027988556131, 40.676914753535954], [-73.9027991181984, 40.676907740855334], [-73.9027996690436, 40.676900835464444], [-73.90280264436043, 40.676895186484316], [-73.90280267984564, 40.67688815439834], [-73.90280274416841, 40.676881125081536], [-73.90280280862315, 40.67687400518717], [-73.90280290196351, 40.67686685512475], [-73.90280299513184, 40.67685982308748], [-73.90280311353253, 40.676852793816295], [-73.90280326811721, 40.676845673998095], [-73.90280341193025, 40.67683852397822], [-73.90280359162317, 40.67683149201407], [-73.90280378929808, 40.6768244902576], [-73.90280400159777, 40.6768173485299], [-73.90280423193931, 40.67681019583835], [-73.90280446927126, 40.67680319411535], [-73.90280472466507, 40.676796167704644], [-73.90280499461569, 40.67678904798383], [-73.90280528623336, 40.67678190357836], [-73.90280558129216, 40.67677487171155], [-73.9028058943329, 40.676767870052494], [-73.90280622921273, 40.67676072568352], [-73.90280657847323, 40.67675360877445], [-73.90280693842125, 40.676746579707235], [-73.90280731279394, 40.67673954790745], [-73.9028077089217, 40.67673243103792], [-73.90280811213181, 40.676725402007264], [-73.90280853332372, 40.676718403184246], [-73.90280898013994, 40.67671113813963], [-73.90280942657199, 40.6767041365932], [-73.90280989106995, 40.67669710761427], [-73.90281037372573, 40.676689988072994], [-73.9028108634558, 40.676682961860166], [-73.90281137134369, 40.67667584508498], [-73.90281189729745, 40.67666870087731], [-73.90281242304306, 40.67666169939781], [-73.90281296685453, 40.67665467048583], [-73.90281351423106, 40.676647669024575], [-73.90281409064897, 40.67664053034906], [-73.90281467064791, 40.6766334081452], [-73.90281525766912, 40.67662641495179], [-73.90281585933096, 40.676619270808004], [-73.90281646799106, 40.676612272143224], [-73.9028170802922, 40.67660524877858], [-73.90281771797345, 40.676598126623375], [-73.90281835203345, 40.67659101544426], [-73.90281900771235, 40.67658391251774], [-73.90281963426571, 40.67657700444565], [-73.90282031159948, 40.67656988506872], [-73.90282097088314, 40.67656278214517], [-73.90282165166984, 40.67655576707257], [-73.90282231080529, 40.67654876570563], [-73.90282302056907, 40.67654165733516], [-73.90282369426492, 40.676534559913264], [-73.9028244038085, 40.67652760250527], [-73.90282585608963, 40.67651317444413], [-73.90285278955147, 40.676310824847356], [-73.902856034359, 40.67629339551388], [-73.90285688072797, 40.67628902654493], [-73.90285771976255, 40.67628474265776], [-73.9028586059081, 40.67628029137904], [-73.90285946657349, 40.67627600751018], [-73.90286037072464, 40.67627156997053], [-73.90286125302079, 40.67626728611987], [-73.90286214612836, 40.67626300502311], [-73.90286311179082, 40.67625841382792], [-73.90286402652912, 40.67625413274942], [-73.9028649448685, 40.676249854418714], [-73.9028659031044, 40.676245411435126], [-73.90286683582418, 40.6762411605643], [-73.90286781925202, 40.67623674779447], [-73.90286880990605, 40.67623232405167], [-73.90286978234627, 40.676228029297896], [-73.90287075471835, 40.676223781205316], [-73.90287173430865, 40.676219527629236], [-73.90287276100581, 40.676215109406364], [-73.90287380213947, 40.67621068021652], [-73.90287480334835, 40.67620643489301], [-73.90287585527328, 40.67620202218091], [-73.90287690715404, 40.67619763966131], [-73.90287794085701, 40.67619336142787], [-73.90287897090268, 40.67618911887344], [-73.90288001540486, 40.676184851628165], [-73.90288109612237, 40.67618047187765], [-73.90288219131638, 40.676176053712474], [-73.90288325383194, 40.67617179471672], [-73.902884356224, 40.67616738479195], [-73.90288543317597, 40.676163114829215], [-73.9028865064746, 40.676158877800724], [-73.90288765590518, 40.67615434989024], [-73.90288874367619, 40.67615007719188], [-73.90288983502823, 40.67614582096517], [-73.90289095900636, 40.676141441251055], [-73.90289205032613, 40.67613720698249], [-73.90289315613437, 40.676132926064966], [-73.90289429454471, 40.67612853812864], [-73.90289542572066, 40.676124166654894], [-73.90289653149244, 40.67611991044027], [-73.90289766626927, 40.676115541714275], [-73.90289877204475, 40.676111282754874], [-73.90289987780818, 40.67610703202977], [-73.90290102709707, 40.676102600186155], [-73.90290528348824, 40.67608616256877], [-73.90290875695203, 40.67607261728462], [-73.90290985561973, 40.67606828695491], [-73.90291092168904, 40.67606406089918], [-73.90291201679923, 40.6760596976291], [-73.90291310106984, 40.67605535081851], [-73.90291414555975, 40.67605108906243], [-73.90291518279925, 40.67604685474799], [-73.9029162418773, 40.67604247772359], [-73.90291728291749, 40.6760381089183], [-73.90291829132732, 40.67603386634515], [-73.90291927448101, 40.676029637474585], [-73.90292028309442, 40.67602525491801], [-73.90292128089216, 40.67602087235228], [-73.90292222803392, 40.67601661600352], [-73.90292316075491, 40.676012359642584], [-73.90292410084591, 40.67600799349679], [-73.90292502293096, 40.67600361361192], [-73.90292590519545, 40.6759993462293], [-73.90292676583691, 40.67599507333883], [-73.90292763024716, 40.67599068791575], [-73.90292846942131, 40.675986302471344], [-73.90292927242797, 40.6759819965949], [-73.90293004292423, 40.67597773460753], [-73.902930809991, 40.67597335184703], [-73.9029315554947, 40.675968922407115], [-73.90293225756075, 40.675964613700756], [-73.90293478105714, 40.675947351187155], [-73.90322305555217, 40.674862205131454], [-73.90322694919284, 40.67484720271286], [-73.90322794247557, 40.67484342124619], [-73.9032289212701, 40.674839686428506], [-73.90322990367362, 40.67483594886907], [-73.90323089696393, 40.6748321619128], [-73.90323187575419, 40.67482842983988], [-73.90323285815336, 40.67482469502518], [-73.9032338550524, 40.674820905327124], [-73.90323483744743, 40.6748171732572], [-73.90323578722922, 40.67481355644044], [-73.90323677326093, 40.67480980241534], [-73.90323776293346, 40.67480602369026], [-73.90323874171891, 40.67480229436203], [-73.90323971691508, 40.67479855405164], [-73.90324069934131, 40.67479480002346], [-73.9032416854083, 40.67479102129537], [-73.90324262075708, 40.674787412700724], [-73.90324358873069, 40.674783680618575], [-73.90324456034121, 40.67477992658125], [-73.90324553195552, 40.674776169799145], [-73.90324646373065, 40.67477253924327], [-73.90324742813463, 40.67476878245506], [-73.9032483889334, 40.67476502566382], [-73.90324934250596, 40.67476127984564], [-73.90325029609838, 40.674757520303544], [-73.9032512134566, 40.67475388699071], [-73.90325215983066, 40.674750132932076], [-73.90325309899441, 40.674746378867376], [-73.90325400553712, 40.67474274554543], [-73.90325493748652, 40.67473899421944], [-73.90325585858868, 40.67473526484254], [-73.90325675435164, 40.67473160680847], [-73.90325767912643, 40.67472783077342], [-73.90325858944492, 40.67472407942919], [-73.90325946351338, 40.67472046529331], [-73.90326034124259, 40.67471681273363], [-73.90326126978921, 40.674712921421104], [-73.90326215484784, 40.67470918652427], [-73.90326298554747, 40.674705646460865], [-73.90326386341562, 40.67470189783411], [-73.90326474133145, 40.67469811627003], [-73.9032655793644, 40.674694491124676], [-73.90326643922275, 40.67469073150363], [-73.90326729914077, 40.67468693071095], [-73.90326811915196, 40.674683302805654], [-73.90326895738359, 40.67467954042164], [-73.90326979927588, 40.6746757396138], [-73.9032705722496, 40.67467222969434], [-73.90327138884251, 40.674668472781626], [-73.90327220546314, 40.6746646966555], [-73.90327298586175, 40.67466103852434], [-73.90327378446477, 40.6746572568935], [-73.90327455405193, 40.6746535960084], [-73.90327531281982, 40.674649937859044], [-73.90327608617508, 40.674646164441285], [-73.90327683052246, 40.67464250627976], [-73.90327758946523, 40.6746387273603], [-73.90327834481074, 40.67463494294831], [-73.90327903488266, 40.674631421979946], [-73.90327977583962, 40.67462761559762], [-73.90328050236018, 40.674623820182234], [-73.90328119985698, 40.674620151002195], [-73.903281799332, 40.674616953841294], [-73.90328239158089, 40.67461376765345], [-73.9032838016152, 40.67460600112079], [-73.90328502656041, 40.67459908256852], [-73.90328752092496, 40.67458440834437], [-73.90328804469671, 40.674581208375045], [-73.90328857583381, 40.67457790136564], [-73.90328908516129, 40.67457471785277], [-73.90328958367355, 40.67457153433086], [-73.90329009316413, 40.674568238282305], [-73.90329060272632, 40.67456489282786], [-73.90329107961986, 40.67456170105343], [-73.90329156750374, 40.67455838851807], [-73.9032920481814, 40.67455507323189], [-73.90329248520405, 40.67455202964188], [-73.90329295150113, 40.67454868689578], [-73.90329341055617, 40.67454536610186], [-73.9032938405676, 40.67454218526708], [-73.90329428158122, 40.674538875437094], [-73.90329470082116, 40.67453566440077], [-73.90329511282297, 40.67453247257176], [-73.90329552860102, 40.67452916272054], [-73.90329594082166, 40.67452581992897], [-73.90329632397487, 40.67452263356526], [-73.90329671817008, 40.67451929075858], [-73.90329710151028, 40.67451597539053], [-73.90329745207444, 40.67451288781138], [-73.90329782101017, 40.674509561452126], [-73.90329817910678, 40.6745062515524], [-73.90329851542968, 40.67450304044632], [-73.90329885911787, 40.67449972230017], [-73.9032991810363, 40.674496500202864], [-73.9032995066951, 40.674493184786336], [-73.90329982518351, 40.67448984191598], [-73.9033001072232, 40.67448677349264], [-73.90330040767824, 40.67448343609672], [-73.90330070094302, 40.67448008497083], [-73.9033009723545, 40.67447688753405], [-73.90330124758592, 40.67447354188256], [-73.90330150835722, 40.674470223666695], [-73.90330175816605, 40.674467006998334], [-73.90330201882983, 40.67446376289132], [-73.90330225436564, 40.67446044465426], [-73.9033024753418, 40.6744572224721], [-73.90330268546693, 40.67445402498382], [-73.90330289580294, 40.674450682022545], [-73.90330309893677, 40.67444733356567], [-73.90330328760653, 40.67444401528917], [-73.90330346532573, 40.67444079032588], [-73.90330363223374, 40.67443756260874], [-73.90330379566797, 40.674434244311016], [-73.90330394815967, 40.674431013836966], [-73.90330409360432, 40.67442767082115], [-73.90330423180303, 40.674424352502214], [-73.90330435545813, 40.67442111925918], [-73.90330447185924, 40.674417916202536], [-73.90330457748503, 40.67441468568908], [-73.90330468344501, 40.674411224614694], [-73.90330477461467, 40.67440801879209], [-73.90330485501288, 40.67440478276789], [-73.90330492836009, 40.67440143694668], [-73.9033049906892, 40.67439823109986], [-73.90330504962414, 40.674394879776976], [-73.9033050941308, 40.674391533931505], [-73.90330513122443, 40.674388328063436], [-73.90330516115965, 40.67438508650728], [-73.90330518043092, 40.674381740640634], [-73.90330518869595, 40.67437852651399], [-73.90330518994585, 40.67437517788741], [-73.9033051839458, 40.67437185670248], [-73.9033051670152, 40.67436861510692], [-73.90330514287047, 40.6743653762501], [-73.90330510803393, 40.67436205229613], [-73.90330506602702, 40.674358700888405], [-73.903305013002, 40.674355489455024], [-73.90330495281066, 40.674352247823116], [-73.9033048819275, 40.67434892109413], [-73.90330480387794, 40.67434556416654], [-73.90330471844717, 40.67434232525818], [-73.90330462217338, 40.67433910555411], [-73.90330451527939, 40.67433575134707], [-73.90330440113156, 40.674332427326476], [-73.90330428311198, 40.67432928720269], [-73.90330415093092, 40.67432596865648], [-73.90330400795452, 40.67432263637731], [-73.90330385419877, 40.67431927938614], [-73.90330370024806, 40.67431605688879], [-73.903303535522, 40.67431280693464], [-73.9033033530293, 40.6743093785551], [-73.90330317028192, 40.67430612584103], [-73.90330298027268, 40.67430290880297], [-73.90330278307727, 40.674299675290186], [-73.90330256803561, 40.674296318247436], [-73.90330234572819, 40.6742929996255], [-73.90330212329337, 40.674289768836296], [-73.90330189364852, 40.67428653804102], [-73.90330164256436, 40.67428317547842], [-73.90330138781141, 40.67427985682919], [-73.90330112932216, 40.674276628754434], [-73.90330086363078, 40.67427339518409], [-73.90330058006934, 40.67427005455238], [-73.90330028932172, 40.67426669744603], [-73.90329999838306, 40.67426347208879], [-73.90329968957437, 40.67426013967022], [-73.90329938422346, 40.674256908811294], [-73.90329906806143, 40.6742536751985], [-73.90329851753886, 40.67425046334695], [-73.9032981690747, 40.67424713089504], [-73.90329782406833, 40.674243900002764], [-73.90329745757494, 40.67424057028048], [-73.90329708747254, 40.67423724329995], [-73.90329672791474, 40.67423410297308], [-73.90329633978311, 40.674230778722126], [-73.90329594440965, 40.674227476423326], [-73.90329555256564, 40.67422422627825], [-73.90329513922262, 40.674220885537444], [-73.90329466516684, 40.674217149497785], [-73.90329418392093, 40.67421339972814], [-73.90329368471345, 40.67420960602699], [-73.90329317110965, 40.6742057958451], [-73.9032926574184, 40.674202046048215], [-73.90329214007043, 40.674198331930334], [-73.90329160122347, 40.67419452721671], [-73.9032910622612, 40.674190802101585], [-73.90329051250372, 40.67418706325345], [-73.90328994123534, 40.67418324204393], [-73.9032893698994, 40.67417946749554], [-73.9032887877404, 40.67417569842764], [-73.90328820549394, 40.674171989744735], [-73.90328760172466, 40.67416820693475], [-73.90328698358296, 40.67416439117536], [-73.90328637252806, 40.67416066051002], [-73.90328573995836, 40.67415685022805], [-73.9032851001548, 40.67415305640867], [-73.90328447814562, 40.67414942180126], [-73.90328381314664, 40.674145600512894], [-73.90328314810787, 40.674141806672274], [-73.9032824865588, 40.67413809243312], [-73.90328179992969, 40.674134271126576], [-73.90328110605478, 40.67413047451692], [-73.90328042287166, 40.674126763004296], [-73.90327972531217, 40.674123021287066], [-73.90327900979122, 40.67411923563829], [-73.90327828349106, 40.67411542527746], [-73.90327755713524, 40.674111653343466], [-73.90327681639114, 40.67410785943914], [-73.90327607917256, 40.674104120433306], [-73.90327534550737, 40.67410041711259], [-73.90327458312129, 40.67409663142436], [-73.90327381354507, 40.6740928320062], [-73.9032730331697, 40.67408902159988], [-73.90327225273477, 40.67408525236515], [-73.90327147943037, 40.67408153803192], [-73.90327068099427, 40.67407775231335], [-73.90326987894917, 40.67407396933658], [-73.90326908043363, 40.67407023851349], [-73.90326825679826, 40.674066428070695], [-73.90326743671228, 40.67406265605781], [-73.90326660943222, 40.67405887305977], [-73.90326577134113, 40.674055087307806], [-73.90326494396179, 40.674051372929064], [-73.90326409505174, 40.674047589912824], [-73.90326324253276, 40.67404380963828], [-73.90326238279586, 40.674040034847216], [-73.90326152302721, 40.67403628201435], [-73.90326066322275, 40.67403255388444], [-73.90325978547288, 40.67402877084384], [-73.90325890051294, 40.6740249877972], [-73.90325801194413, 40.674021207492316], [-73.9032571161653, 40.674017427181354], [-73.90325621677756, 40.674013649612114], [-73.90325531737398, 40.67400988302198], [-73.90325441434555, 40.67400613015265], [-73.90325349694884, 40.674002341589116], [-73.90325257592725, 40.67399856674642], [-73.90325166923839, 40.67399485230087], [-73.90325074459206, 40.67399109117902], [-73.90324913893356, 40.67398460941059], [-73.90324808519084, 40.67398037607847], [-73.9032469848176, 40.67397598076534], [-73.90324592382132, 40.67397177761967], [-73.90324483766547, 40.67396752230209], [-73.90324376230501, 40.67396328071746], [-73.90324266179695, 40.67395897872655], [-73.90323825584264, 40.67394199034171], [-73.9031422379931, 40.673575344585316], [-73.90308740423049, 40.67336537786039], [-73.9025998759142, 40.67150455053999], [-73.90259748956868, 40.67148966633484], [-73.90259703241347, 40.67148674001475], [-73.90259640582761, 40.671483813551205], [-73.90259584069757, 40.67148076911424], [-73.9025951815995, 40.67147788928442], [-73.90259456584859, 40.67147494910615], [-73.90259385278124, 40.67147199786636], [-73.90259317571889, 40.67146907684958], [-73.90259243378435, 40.67146614479881], [-73.90259169897152, 40.67146327313917], [-73.90259091748739, 40.67146026969066], [-73.90259013590712, 40.67145733211669], [-73.90258935054958, 40.67145451256503], [-73.90258854372706, 40.671451580459255], [-73.90258772609793, 40.6714486428548], [-73.90258691201365, 40.67144574642498], [-73.90258602226248, 40.67144282522809], [-73.9025851757863, 40.6714398930887], [-73.90258434006071, 40.67143700487489], [-73.90258342852803, 40.67143418796112], [-73.90258256041463, 40.67143126129295], [-73.90258166357832, 40.671428255001935], [-73.90258073398522, 40.67142546277578], [-73.90257987653844, 40.67142263767342], [-73.90257896524665, 40.67141965607314], [-73.90257807187524, 40.67141674585221], [-73.90257709909177, 40.67141390692823], [-73.90257620207151, 40.671411026896784], [-73.90257531938272, 40.671408207262594], [-73.90257440436619, 40.671405308002385], [-73.90257339559815, 40.6714024251315], [-73.90257247336794, 40.67139952861001], [-73.90257154392398, 40.67139663482713], [-73.9025706359933, 40.67139382066103], [-73.90256970652544, 40.67139094334682], [-73.90256876983186, 40.67138807700559], [-73.90256775027767, 40.67138517491206], [-73.90256682431874, 40.67138236347544], [-73.90256586243518, 40.671379466920264], [-73.9025649077214, 40.67137659781899], [-73.90256397451279, 40.67137381382394], [-73.90256294775727, 40.6713709062347], [-73.90256197501924, 40.671368037118135], [-73.90256099866436, 40.67136517623275], [-73.90256003664892, 40.67136237025509], [-73.90255905658107, 40.67135958347558], [-73.90255805143133, 40.67135669237329], [-73.90255705344732, 40.67135383146957], [-73.90255604108398, 40.671350943105885], [-73.90255503585833, 40.67134810415426], [-73.90255404138729, 40.6713453063834], [-73.90255303972654, 40.67134249488255], [-73.90255201648066, 40.671339653170854], [-73.90255097884335, 40.67133679223346], [-73.90254996271514, 40.67133401365768], [-73.90254892509, 40.671331144485976], [-73.9025478694164, 40.67132829176764], [-73.90254683526798, 40.671325510431764], [-73.90254576518701, 40.671322649466894], [-73.90254472739778, 40.671319892830866], [-73.90254368960869, 40.67131713619489], [-73.90254255479621, 40.6713141681288], [-73.90254149897073, 40.67131141971184], [-73.90254043235069, 40.67130865756184], [-73.90253932982216, 40.671305799314155], [-73.90253821285003, 40.67130295752291], [-73.90253708869231, 40.67130009925694], [-73.90253603991661, 40.671297460636985], [-73.90253489775465, 40.67129458863185], [-73.90253374475799, 40.67129173034133], [-73.90253260251995, 40.67128891048685], [-73.90253144948744, 40.671286076899314], [-73.90253032516985, 40.67128332842421], [-73.90252919364254, 40.67128057994302], [-73.90252801179112, 40.67127773260715], [-73.90252683352873, 40.67127489625339], [-73.90252569475581, 40.67127217246899], [-73.90252450925571, 40.67126935532257], [-73.90252329499677, 40.67126648325617], [-73.90252209867816, 40.67126366884529], [-73.90252089514591, 40.671260857173074], [-73.90251970597713, 40.671258083939925], [-73.90251853114778, 40.67125536561443], [-73.90251730959531, 40.67125255118215], [-73.90251607365548, 40.67124971477941], [-73.902514855664, 40.671246930542665], [-73.90251360171193, 40.67124408589031], [-73.90251239086626, 40.67124134557604], [-73.90251115485458, 40.671238558579205], [-73.9025099008507, 40.67123574960887], [-73.90250862527368, 40.671232902193374], [-73.9025073496727, 40.67123007124648], [-73.90250613514641, 40.671227383079774], [-73.90250490263989, 40.67122466470529], [-73.90250361620852, 40.67122184472831], [-73.90250228664691, 40.67121893688187], [-73.90250103971708, 40.67121622123986], [-73.90249974246734, 40.67121340399844], [-73.90249844160081, 40.671210594988246], [-73.90249714790802, 40.67120781068714], [-73.90249585061045, 40.671205026382985], [-73.90249456407547, 40.67120227777], [-73.90249324518888, 40.67119946599971], [-73.90249193346808, 40.67119668442803], [-73.90249061454962, 40.67119389461592], [-73.90248926687238, 40.67119104988384], [-73.90248793356264, 40.671188240846035], [-73.90248665414184, 40.67118555811369], [-73.90248531720333, 40.67118276554142], [-73.90248392275127, 40.67117986038453], [-73.90248262892324, 40.671177169405574], [-73.90248125601647, 40.67117432190722], [-73.90247991544548, 40.67117154854531], [-73.902478564088, 40.67116875596076], [-73.90247719833111, 40.6711659496401], [-73.90247589008409, 40.671163258648825], [-73.90247446680173, 40.67116034797785], [-73.90247310821886, 40.67115756636619], [-73.90247177837495, 40.671154853398384], [-73.90247040899366, 40.671152060798434], [-73.90246901084969, 40.67114921602331], [-73.90246210268278, 40.671135239247505], [-73.902399096619, 40.671009422836036], [-73.90239277621745, 40.67099535048722], [-73.90239155465898, 40.67099254703256], [-73.90239018184425, 40.6709896418928], [-73.90238896032616, 40.67098681099044], [-73.90238779631355, 40.67098409816225], [-73.9023865389116, 40.67098115469349], [-73.90238534259986, 40.670978343025894], [-73.90238401653262, 40.670975517524276], [-73.90238283824151, 40.67097270861671], [-73.90238163482884, 40.670969822834024], [-73.90238046734048, 40.670967022169954], [-73.90237929988436, 40.670964199547626], [-73.90237807498328, 40.67096121767946], [-73.90237696862553, 40.67095852136876], [-73.90237581560132, 40.67095569052434], [-73.90237448974385, 40.67095272229433], [-73.90237336191782, 40.67094991617427], [-73.90237223411594, 40.67094709358555], [-73.90237108837825, 40.67094421059648], [-73.90236984900618, 40.670941264397996], [-73.90236873925713, 40.670938422611115], [-73.90236766902122, 40.67093567692498], [-73.90236654136453, 40.670932755524326], [-73.90236545681377, 40.67092993846174], [-73.90236430747576, 40.67092705272479], [-73.90236318708132, 40.67092409564815], [-73.90236209901838, 40.670921215452694], [-73.90236102176213, 40.670918340755954], [-73.90235994802248, 40.67091552644728], [-73.9023588959684, 40.67091267373017], [-73.90235785112014, 40.67090982376391], [-73.90235677038396, 40.67090686397603], [-73.90235572198728, 40.67090397557988], [-73.90235467357464, 40.670901098162766], [-73.9023536288312, 40.670898176832345], [-73.9023526056649, 40.670895291202314], [-73.9023515860955, 40.67089241106487], [-73.90235058451042, 40.670889558390485], [-73.90234958295758, 40.670886683757885], [-73.90234855990417, 40.67088372127414], [-73.90234752250767, 40.67088070662741], [-73.90234654974586, 40.670877864956566], [-73.90234558781887, 40.670875009571006], [-73.90234460793991, 40.67087210476421], [-73.9023436460452, 40.670869227420454], [-73.90234265186749, 40.67086624025816], [-73.90234171875969, 40.670863398620895], [-73.90234077490167, 40.67086051305806], [-73.90233978440547, 40.6708574737481], [-73.9023388621166, 40.67085462937526], [-73.9023379003751, 40.670851647730004], [-73.90233699255005, 40.67084877317682], [-73.90233608112828, 40.670845893131066], [-73.90233513024188, 40.67084288404723], [-73.90233418656531, 40.67083987496949], [-73.90233330396264, 40.67083700867205], [-73.90233240699683, 40.67083410393551], [-73.90233152799924, 40.67083123764112], [-73.90233064184014, 40.67082833840326], [-73.90232970549835, 40.67082524424358], [-73.90232883379107, 40.670822323059795], [-73.90232796925743, 40.67081942658512], [-73.90232707604167, 40.67081642303968], [-73.90232622232688, 40.67081352382938], [-73.90232537580579, 40.67081063560428], [-73.9023245042235, 40.67080762933243], [-73.90232363624618, 40.67080462306365], [-73.9023228041488, 40.67080173210597], [-73.90232197926127, 40.670798841154436], [-73.90232116158757, 40.67079594746426], [-73.90232030446934, 40.67079291101208], [-73.90231949043282, 40.67078999536675], [-73.9023186943443, 40.67078713188738], [-73.9023178229596, 40.670783991121546], [-73.90231702334279, 40.6707810754884], [-73.90231626678342, 40.670778297130724], [-73.9023154421015, 40.67077526619563], [-73.9023146353997, 40.670772265468365], [-73.90231384303308, 40.670769322393596], [-73.90230988526818, 40.67075429137352], [-73.90230602136431, 40.670739169855395], [-73.9023052508367, 40.67073608407063], [-73.90230452334248, 40.67073315202997], [-73.90230379573971, 40.67073029409823], [-73.90230305396688, 40.67072726597821], [-73.90230230504864, 40.67072419393565], [-73.9023015919902, 40.670721250928125], [-73.90230090401711, 40.67071840949868], [-73.90230014427243, 40.67071534568125], [-73.9022994205443, 40.670712303852625], [-73.90229874340612, 40.67070944870848], [-73.9022980483643, 40.67070651120574], [-73.90229729941838, 40.67070345837658], [-73.90229661161051, 40.67070050441137], [-73.90229592381476, 40.670697542211755], [-73.90229523961993, 40.67069458276004], [-73.9022945662237, 40.67069163429657], [-73.90229384239555, 40.67068866108727], [-73.9022931762051, 40.67068571537469], [-73.90229252792246, 40.670682849275885], [-73.90229186532896, 40.67067990905592], [-73.90229119561832, 40.67067690570003], [-73.90229049335532, 40.67067397642546], [-73.90228982724564, 40.67067097581737], [-73.90228918266864, 40.67066804110223], [-73.9022885524227, 40.670665166784346], [-73.90228785015597, 40.67066224025454], [-73.90228721278085, 40.67065931103506], [-73.90228657186925, 40.67065633515139], [-73.90228593451836, 40.67065338946324], [-73.90228530439335, 40.67065043280212], [-73.90228460215104, 40.67064748980367], [-73.90228397919165, 40.67064456334118], [-73.90228232902399, 40.670636593849], [-73.90228083928602, 40.670629845919265], [-73.90227953647837, 40.67062345496945], [-73.90227833337241, 40.670617906751154], [-73.90227731716045, 40.67061274021573], [-73.90227597442652, 40.670606535876814], [-73.90227425353896, 40.67059762761031], [-73.90227278912117, 40.670590822061634], [-73.90227062711317, 40.670580359876], [-73.90226880994557, 40.67057073514053], [-73.90226702346061, 40.6705623126439], [-73.90226468599491, 40.6705510460891], [-73.9022621266337, 40.67053868417924], [-73.9022587337254, 40.67052196559842], [-73.90225576981742, 40.67050769297918], [-73.90225315979043, 40.670495468264924], [-73.90224967317242, 40.6704787413698], [-73.90224680515513, 40.67046545420705], [-73.9022439905882, 40.67045259253021], [-73.90224130826738, 40.6704405049931], [-73.90223830382425, 40.67042683893477], [-73.90219084338257, 40.6702024047489], [-73.90218331622492, 40.67017307588408], [-73.90218010453464, 40.67016063381867], [-73.90217687841822, 40.6701481972304], [-73.90217364148045, 40.67013576612238], [-73.90217034685844, 40.67012334045474], [-73.90216710991497, 40.670110914836066], [-73.90216273672699, 40.670094066413284], [-73.90215685622802, 40.670072638418375], [-73.90215315572809, 40.670059216050475], [-73.90214940107658, 40.670045848531934], [-73.90214565371683, 40.67003242612391], [-73.90214185949984, 40.6700190009311], [-73.9021381228851, 40.67000562793789], [-73.90213433947352, 40.669992210988326], [-73.90213063174875, 40.669978805082096], [-73.90212690599728, 40.66996540190514], [-73.90212326316231, 40.66995199605384], [-73.90211960596592, 40.669938551763266], [-73.90211601357724, 40.669925162423276], [-73.90211248255662, 40.669911715495], [-73.90210899117034, 40.66989828232424], [-73.90210557191813, 40.66988482451173], [-73.90210216344548, 40.669871391411256], [-73.90209877300235, 40.66985795558122], [-73.90209540064109, 40.66984448133953], [-73.90209208587765, 40.66983106204235], [-73.90208872071666, 40.6698175960409], [-73.90208534471435, 40.66980414924355], [-73.90208195068128, 40.669790707920306], [-73.90207853861335, 40.669777274815885], [-73.90207511939768, 40.66976380053363], [-73.90207164246202, 40.66975035639466], [-73.90206816546731, 40.6697369534272], [-73.90206466330882, 40.669723503776915], [-73.90206116112755, 40.66971007059518], [-73.90205766975406, 40.66969664291209], [-73.90205414953142, 40.66968322343862], [-73.90205065099947, 40.66966976281182], [-73.9020471668036, 40.66965635983743], [-73.90204368628645, 40.66964290746009], [-73.90204019492803, 40.66962947428678], [-73.90203672159511, 40.66961604112867], [-73.90203324107813, 40.66960259149571], [-73.90202977135684, 40.66958915559566], [-73.90202629804821, 40.66957570871333], [-73.90202285352304, 40.66956230028234], [-73.90201939825334, 40.669548845180756], [-73.90201607276197, 40.669535387444824], [-73.90201262467643, 40.669521951562594], [-73.9020091765802, 40.66950852391458], [-73.90200571412666, 40.66949505508251], [-73.90200226604121, 40.66948162194467], [-73.90199881794913, 40.669468194296236], [-73.9019953591005, 40.669454728211676], [-73.90199191458778, 40.669441319779494], [-73.9019884593306, 40.66942786467681], [-73.90198500765946, 40.66941442330094], [-73.901981552397, 40.66940097368757], [-73.90197810788983, 40.66938756525493], [-73.90197465263822, 40.66937411015174], [-73.9019712009686, 40.66936067152017], [-73.90196774930038, 40.6693472328885], [-73.90196429404891, 40.66933378052969], [-73.90196084238347, 40.669320341897745], [-73.90195739071538, 40.66930690601041], [-73.90195394264138, 40.669293478360416], [-73.90195048381086, 40.669280012274186], [-73.9019470357356, 40.669266587368675], [-73.90194358767384, 40.6692531542287], [-73.90194013600464, 40.66923972383032], [-73.90193667717969, 40.66922625774358], [-73.90193323629536, 40.66921284931241], [-73.9019297774611, 40.66919939145971], [-73.9019263186363, 40.669185928117386], [-73.90192287775615, 40.66917251968583], [-73.90191942252682, 40.669159064580654], [-73.90191596727466, 40.669145625944], [-73.90191251922944, 40.66913219005811], [-73.90190906756872, 40.669118762403414], [-73.90190560875634, 40.66910529631557], [-73.90190216430392, 40.6690918714115], [-73.90189871265544, 40.66907843826684], [-73.90189526460904, 40.6690650078699], [-73.90189180220153, 40.6690515390337], [-73.90188835416201, 40.669038105891744], [-73.90188490611574, 40.66902467823921], [-73.90188144731314, 40.66901121215047], [-73.90187800284617, 40.6689978037142], [-73.90187454763496, 40.66898434860738], [-73.90187109600568, 40.66897090997218], [-73.90186764079321, 40.66895745760989], [-73.90186419632782, 40.668944051917876], [-73.90186074113024, 40.66893059132103], [-73.90185728233337, 40.66891712797621], [-73.90185383787612, 40.668903719539045], [-73.90185038267464, 40.66889026443138], [-73.9018469310551, 40.6688768257953], [-73.90184347943291, 40.66886338990385], [-73.90184003140476, 40.668849962249695], [-73.90183657262025, 40.66883649615934], [-73.90183312817139, 40.668823087721464], [-73.90182967297827, 40.66880963261299], [-73.90182622136706, 40.6687961939762], [-73.90182276617674, 40.66878273886747], [-73.90181931816097, 40.66876930846783], [-73.90181586654182, 40.668755878064935], [-73.90181240776707, 40.66874241197369], [-73.90180896693268, 40.66872900353799], [-73.90180550814455, 40.6687155484256], [-73.90180205654309, 40.66870210978791], [-73.90179860854374, 40.66868867389792], [-73.9017951569289, 40.66867524623905], [-73.90179170175513, 40.66866178838447], [-73.90178805661391, 40.668647594766895], [-73.90178134339516, 40.66862145325296], [-73.90177789539203, 40.66860802559656], [-73.90177444379361, 40.668594592447434], [-73.9017709957973, 40.66858116204599], [-73.90176753704067, 40.668567695953115], [-73.90176409261956, 40.66855428751272], [-73.90176063745832, 40.66854082965702], [-73.90175717870183, 40.66852736630855], [-73.90175373428488, 40.66851395786776], [-73.90175027912379, 40.66850050275649], [-73.90174682754459, 40.66848706411673], [-73.90174337238224, 40.66847361174998], [-73.90173992796676, 40.66846020605347], [-73.9017364728113, 40.668446750941634], [-73.90173302124168, 40.66843330955666], [-73.90172956966535, 40.66841987366112], [-73.90172611451001, 40.66840642129369], [-73.9017226629446, 40.66839297990834], [-73.90171921136843, 40.668379546757215], [-73.90171576339431, 40.66836611635376], [-73.90171230466001, 40.668352650258896], [-73.90170886026105, 40.668339241816476], [-73.90170540511807, 40.66832578670356], [-73.90170195355695, 40.66831234806225], [-73.90169849841271, 40.6682988956938], [-73.90169505762006, 40.66828548999877], [-73.90169159888598, 40.66827202939272], [-73.90168814015742, 40.66825856604175], [-73.90168469936886, 40.66824516034633], [-73.90168124423562, 40.6682317052325], [-73.90167778908355, 40.668218263842434], [-73.9016743411302, 40.66820483069275], [-73.9016708931742, 40.66819140028769], [-73.90166743445798, 40.66817793419119], [-73.90166398649666, 40.66816450927544], [-73.90166053494414, 40.66815107612219], [-73.9016570869937, 40.66813764571662], [-73.9016536282871, 40.66812417687484], [-73.9016501767347, 40.66811074646594], [-73.90164672878842, 40.66809731606005], [-73.90164327008198, 40.66808384996267], [-73.90163982570678, 40.66807044426256], [-73.90163637059163, 40.6680569891471], [-73.90163291906238, 40.668043547758494], [-73.90162946752238, 40.6680301146041], [-73.90162601958444, 40.66801668419741], [-73.90162256089039, 40.6680032153545], [-73.90161910577412, 40.66798976572802], [-73.90161566140864, 40.66797636002703], [-73.9016122063073, 40.66796290216592], [-73.90160875477969, 40.667949466266], [-73.90160530325346, 40.66793603036593], [-73.90160185532527, 40.66792259995838], [-73.90159839663691, 40.66790913385941], [-73.90159495227977, 40.66789572815765], [-73.90159149718677, 40.66788227029583], [-73.90158804567156, 40.66786883165034], [-73.90158459415774, 40.66785539300476], [-73.90158113906082, 40.66784194063209], [-73.90157768754977, 40.66782850198625], [-73.90157423245566, 40.66781504961337], [-73.90157079171694, 40.667801641169056], [-73.90156733302094, 40.667788188792784], [-73.90156388151946, 40.66777474740169], [-73.90156043361198, 40.667761314247855], [-73.90155698209712, 40.66774788383563], [-73.901553523431, 40.667734414990214], [-73.90155007552359, 40.66772098458078], [-73.90154662761762, 40.66770755417127], [-73.90154316895158, 40.66769408807025], [-73.90153972104028, 40.667680663149994], [-73.90153626953783, 40.667667229992205], [-73.90153282163337, 40.66765380232693], [-73.90152936297694, 40.667640333480676], [-73.9015259186516, 40.66762692503167], [-73.90152246357837, 40.66761347265687], [-73.90151901209502, 40.667600031264115], [-73.90151556060901, 40.66758659261607], [-73.90151210553995, 40.66757314024087], [-73.90150865405673, 40.667559701592566], [-73.90150520256678, 40.66754626843364], [-73.90150175467888, 40.667532838022495], [-73.90149829603095, 40.66751937191985], [-73.90149484813773, 40.66750594699798], [-73.90149139665336, 40.66749251383856], [-73.90148794876694, 40.66747908617166], [-73.9014844901327, 40.667465614579], [-73.90148103864844, 40.667452184164006], [-73.9014775907662, 40.66743875649672], [-73.90147413212804, 40.66742529039321], [-73.90147068782896, 40.66741187919746], [-73.90146723277802, 40.66739842682064], [-73.90146377771222, 40.66738498542284], [-73.90146032624037, 40.667371552262296], [-73.9014568675524, 40.66735812458505], [-73.90145340171325, 40.66734465847461], [-73.90144994662467, 40.667331236289726], [-73.90144648795304, 40.66731780037771], [-73.90144302209376, 40.66730435073554], [-73.9014395598243, 40.66729091207544], [-73.90143609754811, 40.66727747890481], [-73.90143263886996, 40.66726405122664], [-73.90142916582712, 40.667250587853914], [-73.90142571072394, 40.667237182136816], [-73.90142224127646, 40.66722372700123], [-73.90141877901132, 40.66721029108518], [-73.90141531316323, 40.66719684144199], [-73.90141186167028, 40.667183435727466], [-73.90140839944176, 40.66716997785283], [-73.90140493722282, 40.6671565144885], [-73.90140149294336, 40.66714310877978], [-73.90139803792842, 40.667129650910915], [-73.90139459370046, 40.667116212264624], [-73.90139115307454, 40.6671027763661], [-73.9013877160465, 40.66708934596007], [-73.90138427547609, 40.66707587437922], [-73.90138084923645, 40.667062463195634], [-73.90137741586189, 40.6670490025998], [-73.90137398610555, 40.66703553377261], [-73.90137057070842, 40.66702210612927], [-73.90136715172423, 40.66700866750365], [-73.90136373994665, 40.66699523162882], [-73.90136032101393, 40.66698176006566], [-73.90135691641596, 40.66696834615496], [-73.90135350107848, 40.66695488282897], [-73.90135009292732, 40.666941435977634], [-73.9013466847694, 40.66692799461576], [-73.90134328020939, 40.666914558746434], [-73.90133986129305, 40.66690108169292], [-73.90133644955088, 40.66688762934851], [-73.90133304496658, 40.6668742126922], [-73.90132962963462, 40.666860752110104], [-73.90132621067508, 40.666847307993415], [-73.90132279171284, 40.666833866621424], [-73.90131936913515, 40.66682043348054], [-73.90131593579356, 40.66680696739293], [-73.90130983234923, 40.6667831155145], [-73.90130561761993, 40.66676665969149], [-73.90130216622816, 40.66675321554611], [-73.90129870403193, 40.66673976590183], [-73.90129523821624, 40.66672632723338], [-73.90129176520476, 40.66671288032433], [-73.90128829213381, 40.66669947458678], [-73.90128479749731, 40.6666860276589], [-73.90128129202795, 40.66667259444548], [-73.90127778294314, 40.666659169463166], [-73.90127426664233, 40.666645749964104], [-73.90127073237252, 40.666632294767375], [-73.90126719083801, 40.666618877991155], [-73.90126364209152, 40.66660546395341], [-73.90126007177147, 40.66659201421489], [-73.90125650135936, 40.66657862760608], [-73.90125290578531, 40.66656519431429], [-73.9012493029668, 40.66655178571915], [-73.90124586139551, 40.666539027775016], [-73.90124240181449, 40.66652626158095], [-73.90123893141278, 40.66651350086704], [-73.9012354430054, 40.666500729158436], [-73.90123194735357, 40.66648798214648], [-73.9012284264665, 40.666475237857554], [-73.90122492000748, 40.66646248809126], [-73.9012213739029, 40.66644973554606], [-73.90121781695727, 40.6664370022049], [-73.90121424559852, 40.66642426610644], [-73.9012106490494, 40.666411502538374], [-73.90120704884005, 40.66639877739398], [-73.90120342703275, 40.666386033017474], [-73.90119979798102, 40.666373313337594], [-73.90119614015866, 40.66636054971641], [-73.90119248227673, 40.66634782726669], [-73.90118865575114, 40.66633458316392], [-73.90118481481666, 40.666321333559075], [-73.90118095586875, 40.666308078449], [-73.90117707171436, 40.66629480684852], [-73.90117319112953, 40.666281559953916], [-73.90116929254346, 40.666268299319796], [-73.90116538673749, 40.66625504691365], [-73.90116147370347, 40.66624180822507], [-73.90115755346585, 40.66622856678534], [-73.90115361164274, 40.66621529787912], [-73.90114967697345, 40.66620206740583], [-73.90114573151219, 40.66618882319919], [-73.9011417680742, 40.66617554878433], [-73.90113782257131, 40.66616233476994], [-73.90113386268409, 40.666149098784736], [-73.9011298991898, 40.6661358655411], [-73.9011259249279, 40.66612260209547], [-73.9011219542153, 40.666109377079614], [-73.90111797992, 40.66609613833665], [-73.90111399844139, 40.66608288311863], [-73.90111004577285, 40.66606964713874], [-73.90110608231242, 40.66605639742548], [-73.90110210802744, 40.66604315593708], [-73.90109814454166, 40.66602992543698], [-73.90109418827073, 40.666016692198085], [-73.90109025004067, 40.66600344799542], [-73.90108629381358, 40.665990187308495], [-73.90108235557445, 40.66597695133989], [-73.90107842097, 40.66596369616076], [-73.90107451159128, 40.665950446492765], [-73.90107059858909, 40.66593721054535], [-73.90106672864428, 40.66592410912904], [-73.90106291277012, 40.66591100775908], [-73.90105907168956, 40.665897889898616], [-73.90105525942707, 40.665884785786666], [-73.9010514507625, 40.66587168716726], [-73.90104765294582, 40.665858566598786], [-73.90104386955315, 40.66584544329778], [-73.90104011135747, 40.66583234472134], [-73.90103635678831, 40.665819232423985], [-73.90103262024763, 40.665806117397175], [-73.90102891619468, 40.6657929722056], [-73.90102520129679, 40.665779848962835], [-73.9010215008391, 40.6657667120084], [-73.90101781479314, 40.66575358055584], [-73.90101415394007, 40.66574047657257], [-73.90101050032611, 40.66572735338196], [-73.90100685393914, 40.6657142192183], [-73.90100321839589, 40.665701065850364], [-73.9009995972724, 40.665687912494725], [-73.90099599053619, 40.66567478110954], [-73.90099238743852, 40.66566162776916], [-73.90098880951741, 40.665648512877226], [-73.9009852208695, 40.66563534033551], [-73.90098163944849, 40.66562215682078], [-73.90097807241463, 40.665608995276536], [-73.9009745197476, 40.66559586942667], [-73.90097096355072, 40.66558269416761], [-73.90096741456037, 40.665569521659386], [-73.90096387280501, 40.66555633268859], [-73.90096033823168, 40.66554316293728], [-73.90095681084858, 40.66553000691597], [-73.90095329427245, 40.665516856393374], [-73.90094977055784, 40.66550365920324], [-73.9009462576217, 40.66549048672532], [-73.90094275187978, 40.66547732523254], [-73.90093924255919, 40.665464147267855], [-73.90093574405365, 40.66545096931237], [-73.9009322491419, 40.665437799594244], [-73.90092875424781, 40.665424618896836], [-73.90092788681109, 40.66542133813796], [-73.90092527014438, 40.66541145467726], [-73.90092434892881, 40.66540797899269], [-73.90092177525302, 40.665398273979626], [-73.9009208110275, 40.66539463357117], [-73.90091828757635, 40.665385090543275], [-73.90091726597554, 40.66538124971644], [-73.9009147963127, 40.665371896124554], [-73.90091373173064, 40.665367871360466], [-73.90091131940356, 40.66535874563462], [-73.90091019745856, 40.66535451221779], [-73.90090783891975, 40.66534557592797], [-73.90090667037663, 40.665341166805064], [-73.90090434763991, 40.66533239523278], [-73.9009031289105, 40.665327799421576], [-73.90090085638997, 40.66531919532404], [-73.90089958387378, 40.66531441007665], [-73.90089736871334, 40.665306017376516], [-73.90089604603139, 40.6653010317169], [-73.90089388461826, 40.665292855900596], [-73.90089251176232, 40.66528767531833], [-73.90089040411685, 40.66527970266197], [-73.90088897748244, 40.665274327154], [-73.90088691285203, 40.66526651647663], [-73.90088543604375, 40.66526094604598], [-73.90088341800444, 40.66525331656411], [-73.90088102710506, 40.66524433083976], [-73.90087992312148, 40.6652401413545], [-73.90087643543278, 40.665226977130075], [-73.90087294055667, 40.66521379917544], [-73.90086944927431, 40.66520062945808], [-73.90086781470421, 40.66519449621138], [-73.90086595079637, 40.665187451500074], [-73.90086340933807, 40.6651779084552], [-73.90086245590405, 40.665174287268925], [-73.90085896103757, 40.665161106569], [-73.90085545895512, 40.66514793135229], [-73.90085196047053, 40.6651347616281], [-73.90085018612127, 40.66512809302856], [-73.90084846200364, 40.66512158092469], [-73.90084496711414, 40.665108419437665], [-73.90084146505762, 40.66509523049662], [-73.900836952135, 40.665078261122055], [-73.90083446090804, 40.66506888006176], [-73.90083253600724, 40.665061648652205], [-73.90082782958555, 40.66504391057211], [-73.90082451753271, 40.665031424457794], [-73.90082121263724, 40.66501897403173], [-73.90081931644518, 40.66501183047963], [-73.90081788981406, 40.66500646046015], [-73.90081457776499, 40.66499397434555], [-73.9008112800864, 40.66498152118052], [-73.90080796807649, 40.664969010362704], [-73.90080611134148, 40.664961998593824], [-73.90080466681218, 40.6649565462153], [-73.90080136557762, 40.664944062854325], [-73.90079805717191, 40.664931554784026], [-73.90079476312447, 40.66491908789771], [-73.90079293869849, 40.66491216673414], [-73.90079145833809, 40.664906571595964], [-73.90078801739644, 40.66489350622069], [-73.90078459437277, 40.66488051222506], [-73.90078116061025, 40.66486746881396], [-73.90077980933384, 40.66486233216522], [-73.90077773402962, 40.66485444462245], [-73.90077544728652, 40.66484573071847], [-73.90077430747074, 40.66484140670687], [-73.90077079135891, 40.6648279926791], [-73.90076729316098, 40.66481465277572], [-73.90076379500522, 40.66480128542441], [-73.90076238282579, 40.6647958989479], [-73.90076029325863, 40.66478790983553], [-73.90075812843347, 40.664779626966805], [-73.90075452279035, 40.66476582584719], [-73.90074981684727, 40.664747794072234], [-73.90074633312082, 40.66473442398796], [-73.90074539410135, 40.66473081379208], [-73.90074285297172, 40.664721073120084], [-73.90074109680185, 40.66471431395646], [-73.90073936568025, 40.66470767832952], [-73.90073679592851, 40.66469779490414], [-73.90073588557479, 40.66469430001365], [-73.9007324126594, 40.66468093542779], [-73.9007289433295, 40.66466758456876], [-73.90072547403364, 40.664654211751426], [-73.90072391857355, 40.66464822404383], [-73.90072199397873, 40.66464080324252], [-73.90071963213094, 40.6646317022584], [-73.90071853185798, 40.6646274551341], [-73.90071506977128, 40.66461408506734], [-73.90071160410601, 40.66460069852872], [-73.90070813484976, 40.66458730375253], [-73.90070679089584, 40.66458209848957], [-73.90070468354818, 40.66457395565297], [-73.90070251888811, 40.66456557122626], [-73.90070122868026, 40.6645605828472], [-73.90069777022548, 40.66454719905909], [-73.90069431894031, 40.6645338427248], [-73.90069086050872, 40.664520445212545], [-73.90068971368702, 40.664515992189266], [-73.90068740926718, 40.66450706143027], [-73.90068544889263, 40.66449946767617], [-73.90068395800658, 40.66449369137173], [-73.90068051393192, 40.664480337788], [-73.9006770591145, 40.66446693753358], [-73.90067361148303, 40.664453553753916], [-73.90067265818818, 40.66444985296724], [-73.900670167437, 40.66444018370112], [-73.90066840421996, 40.66443332571797], [-73.90066673057692, 40.66442683012305], [-73.90066414664935, 40.66441679846533], [-73.90066328294142, 40.66441345183257], [-73.90065983175175, 40.66440004060157], [-73.90065639489175, 40.66438668976793], [-73.9006529544653, 40.66437331422809], [-73.90065138476777, 40.66436721397106], [-73.90064951045213, 40.664359927705874], [-73.90064712364195, 40.66435065926682], [-73.90064606641988, 40.664346554907425], [-73.90064262239721, 40.664333176619316], [-73.90063917836767, 40.664319803820604], [-73.90063573436002, 40.664306417297915], [-73.90063436179385, 40.66430106928063], [-73.90063229393778, 40.66429304450213], [-73.90063010784868, 40.664284539284864], [-73.90062884992471, 40.664279663468726], [-73.90062540590075, 40.66426629066953], [-73.90062195829411, 40.66425290414322], [-73.9006185214492, 40.66423955330825], [-73.90061734240915, 40.66423495752765], [-73.90061507743758, 40.66422617501912], [-73.90061307769571, 40.66421840281878], [-73.90061162266691, 40.66421276103845], [-73.90060817863761, 40.66419939647299], [-73.90060473819777, 40.66418604288958], [-73.90060129058715, 40.664172664596876], [-73.90060029787159, 40.66416881555731], [-73.90059783221344, 40.6641592533574], [-73.90059603673018, 40.664152288298574], [-73.90059438458513, 40.66414588878833], [-73.90059094415088, 40.664132535204416], [-73.90058749293718, 40.66411915965289], [-73.90058403813671, 40.66410577311896], [-73.90058058693396, 40.6640923920776], [-73.90057897780459, 40.66408615454628], [-73.90057713932075, 40.664079022018335], [-73.90057470946884, 40.66406962453559], [-73.90057368452034, 40.664065638228834], [-73.90057023330947, 40.664052265421425], [-73.90056677850365, 40.66403888712122], [-73.90056332729147, 40.664025517058406], [-73.90056191526735, 40.66402004823557], [-73.9005598725007, 40.66401213052361], [-73.90055765054048, 40.664003520972024], [-73.90055642128718, 40.66399876320526], [-73.90055297726356, 40.66398540961687], [-73.90054951529252, 40.66397200660683], [-73.90054606410362, 40.663958625564234], [-73.90054484559997, 40.663953911723084], [-73.90054261647559, 40.66394527471719], [-73.90054058088157, 40.66393738445874], [-73.90053916528127, 40.66393189916387], [-73.90053571050021, 40.6639185126282], [-73.9005322557328, 40.663905117858135], [-73.90052881171475, 40.66389176701366], [-73.90052778673898, 40.66388780266466], [-73.90052536052596, 40.66387839145989], [-73.90052352563353, 40.66387127540269], [-73.90052190575048, 40.66386500492374], [-73.90051845098863, 40.66385161015312], [-73.90051500698429, 40.66383825381861], [-73.90051207544785, 40.6638268933825], [-73.90050914392873, 40.66381552196712], [-73.90050795053074, 40.66381089598019], [-73.90050620523438, 40.66380412858727], [-73.90050443484616, 40.66379726785005], [-73.90050327370503, 40.66379276540604], [-73.9005003421889, 40.66378139399047], [-73.90049739990539, 40.66376999237288], [-73.90049398456934, 40.663756754087935], [-73.90049312088259, 40.66375340470886], [-73.90049056924289, 40.66374351031334], [-73.90048885621029, 40.66373686371837], [-73.90048714673338, 40.663730250063736], [-73.90048373499361, 40.66371702001593], [-73.90048031249911, 40.663703751531735], [-73.90047689001005, 40.663690480302634], [-73.90047348185838, 40.663677263981455], [-73.90047177955665, 40.66367067503583], [-73.90047005936385, 40.663663998241674], [-73.90046751131092, 40.66365412031736], [-73.90046663688298, 40.66365072426746], [-73.9004632215592, 40.663637485981454], [-73.90045980983712, 40.663624250443185], [-73.90045639094842, 40.663610987450845], [-73.90045470657417, 40.663604464395114], [-73.9004529684525, 40.66359772720001], [-73.9004504419168, 40.66358792614769], [-73.90044955314639, 40.663584480679155], [-73.90044614144617, 40.663571234161346], [-73.90044271895842, 40.663557971165375], [-73.90043930366866, 40.66354471640983], [-73.90043764082628, 40.6635382592472], [-73.90043589196023, 40.663531478125975], [-73.90043338336999, 40.66352173198434], [-73.90043247310147, 40.663518201408884], [-73.90042906500433, 40.66350496038312], [-73.90042566050887, 40.663491722105086], [-73.90042223804976, 40.6634784453845], [-73.90042059313059, 40.66347205685659], [-73.90041882635623, 40.66346520161048], [-73.90041632492257, 40.663455493901495], [-73.90041541108012, 40.66345194410932], [-73.9004120029774, 40.66343871131726], [-73.90040858772039, 40.663425442836775], [-73.90040516886437, 40.66341217160823], [-73.90040354544416, 40.663405870931605], [-73.90040176074113, 40.663398955284485], [-73.90039927723231, 40.66338931621008], [-73.90039834187962, 40.663385689545265], [-73.90039492301122, 40.663372429295485], [-73.90039075155461, 40.66335625618184], [-73.90038646896811, 40.66333967674428], [-73.9003846627648, 40.663332678734804], [-73.90038218995954, 40.6633231165231], [-73.90038123668884, 40.66331942122307], [-73.90037781420232, 40.66330617469343], [-73.90037439171716, 40.66329292816367], [-73.90037096924152, 40.66327967614424], [-73.90036936728649, 40.66327348802161], [-73.900365081057, 40.66325694151729], [-73.90036410628029, 40.66325316659986], [-73.90036052246488, 40.66323934078117], [-73.90035694587627, 40.66322550398948], [-73.90035337284436, 40.663211700138135], [-73.90035222240581, 40.66320728553455], [-73.9003497890539, 40.663197860595176], [-73.90034793619714, 40.663190730795144], [-73.9003462052526, 40.663184029286406], [-73.90034364996592, 40.66317419252416], [-73.90034261424805, 40.66317019522646], [-73.90033903401313, 40.66315639136836], [-73.9003354466242, 40.66314255182169], [-73.90033186642917, 40.66312872326029], [-73.90033078411722, 40.66312455025615], [-73.90032829341999, 40.66311491117369], [-73.90032649791915, 40.66310799551579], [-73.90032470963173, 40.66310107711933], [-73.90032221527848, 40.66309147371569], [-73.90032112582443, 40.663087256788764], [-73.90031753485482, 40.66307340625922], [-73.90031396544373, 40.663059602409525], [-73.90031038888257, 40.66304576012652], [-73.90030936389996, 40.663041817733415], [-73.9003068087021, 40.66303192881942], [-73.90030508133341, 40.66302525201609], [-73.90030323213576, 40.663018092025766], [-73.90030080592862, 40.66300871924215], [-73.90029966273464, 40.663004285430745], [-73.90029609338427, 40.66299044589824], [-73.9002925276357, 40.662976609113564], [-73.90028896188454, 40.66296277507348], [-73.90028800863645, 40.66295907153822], [-73.90028540330681, 40.66294896574254], [-73.90028374408632, 40.66294251681468], [-73.90028184117531, 40.662935123471], [-73.90027949035571, 40.66292595935553], [-73.90027828984637, 40.66292128944303], [-73.90027475288328, 40.662907491109564], [-73.90027119799386, 40.66289362963041], [-73.90026765027781, 40.66287979286042], [-73.90026676159607, 40.662876300729025], [-73.90026411338074, 40.66286595335484], [-73.90026252590846, 40.66285973505038], [-73.90026058365295, 40.66285214130322], [-73.90025830822051, 40.6628431858559], [-73.90025705758846, 40.66283829082769], [-73.90025353871798, 40.66282445133734], [-73.90025001624862, 40.66281060909902], [-73.9002465081574, 40.66279679432079], [-73.90024299651654, 40.6627829438573], [-73.90024148796407, 40.662776980885496], [-73.90023949207783, 40.66276909888936], [-73.9002380122219, 40.66276322926498], [-73.9002359984539, 40.66275525393075], [-73.90023453652634, 40.6627494474518], [-73.90023251921218, 40.66274143368751], [-73.90023106086093, 40.66273564642508], [-73.90022903278766, 40.662727596969184], [-73.90022758880141, 40.6627218454013], [-73.90022554280121, 40.66271373279985], [-73.9002241454269, 40.662708145959186], [-73.90022207438125, 40.66269990982083], [-73.90021998907032, 40.662691572113154], [-73.90021860240756, 40.66268605390118], [-73.90021514127731, 40.6626721787774], [-73.90021169808448, 40.66265836130942], [-73.90020826206084, 40.662644571295324], [-73.90020482245475, 40.66263076755411], [-73.90020340009924, 40.66262501600462], [-73.90020139727189, 40.662616961080495], [-73.90019927270347, 40.662608365328936], [-73.90019796136339, 40.66260309695708], [-73.90019451835425, 40.66258916146302], [-73.90019109324959, 40.66257530558304], [-73.90018766458299, 40.662561422252054], [-73.900184253903, 40.662547563639585], [-73.90018283878861, 40.66254179288261], [-73.90018084326957, 40.662533674834414], [-73.90017874385116, 40.662525136744605], [-73.90017743262528, 40.66251979426342], [-73.90017403637133, 40.66250593291831], [-73.90017063652667, 40.66249206333561], [-73.90016724749256, 40.66247819650694], [-73.90016385491299, 40.66246429124815], [-73.90016245419108, 40.6624585397168], [-73.90016047312346, 40.662450402467286], [-73.90015839531618, 40.66244187811963], [-73.90015709850307, 40.662436541140316], [-73.90015372032484, 40.662422649617525], [-73.9001503529202, 40.66240878555182], [-73.90014698195775, 40.66239489129026], [-73.90014361819726, 40.66238100252443], [-73.90014223187188, 40.66237526747396], [-73.90014026521452, 40.66236713847086], [-73.90013819825447, 40.66235859491872], [-73.9001369086739, 40.662353244221464], [-73.90013355930242, 40.662339377426], [-73.90013020636907, 40.66232548317949], [-73.90012686420917, 40.66231161639004], [-73.90012351488713, 40.662297719401685], [-73.90012213218192, 40.66229197611971], [-73.90012017277117, 40.66228382516422], [-73.90011812019277, 40.66227530907195], [-73.90011683782427, 40.662269958380655], [-73.90011349210668, 40.662256064139825], [-73.90011015356231, 40.66224219460814], [-73.90010681506043, 40.66222829762857], [-73.90010347655577, 40.66221440339362], [-73.90010209384994, 40.66220866285612], [-73.90010014882881, 40.66220053387097], [-73.90009809268817, 40.66219199307213], [-73.90009680672257, 40.66218663963266], [-73.9000934717895, 40.66217277010348], [-73.90009012969017, 40.6621588731202], [-73.90008678758811, 40.662144978881535], [-73.90008345625955, 40.662131112099914], [-73.90008206995272, 40.66212537155899], [-73.90008011774408, 40.66211723158805], [-73.90007806518831, 40.66210870726056], [-73.90007677922182, 40.66210335656561], [-73.90007342633677, 40.66208944584841], [-73.90007007702876, 40.66207555434765], [-73.90006673489393, 40.66206168755607], [-73.90006338198845, 40.66204779330718], [-73.90006199927714, 40.662042061003405], [-73.900060036252, 40.662033926512194], [-73.90005797648021, 40.66202541041232], [-73.90005667974896, 40.66202002951517], [-73.90005331963064, 40.662006140749206], [-73.90004996668956, 40.66199227394763], [-73.90004660297377, 40.66197838243352], [-73.90004324282256, 40.66196451837019], [-73.90004185650214, 40.66195879155253], [-73.90003987550928, 40.661950624107924], [-73.90003781570562, 40.66194213271063], [-73.90003650458475, 40.661936735331956], [-73.90003314083341, 40.661922871265155], [-73.9000297699158, 40.66190897974416], [-73.90002640256287, 40.661895115673985], [-73.90002302804778, 40.66188122140483], [-73.90002164170195, 40.66187551380037], [-73.90001964991737, 40.6618673353668], [-73.90001759010241, 40.66185885494815], [-73.90001627896424, 40.661853471293114], [-73.90001290084487, 40.661839579765264], [-73.90000952628603, 40.66182571843298], [-73.90000614816952, 40.66181182690489], [-73.90000276644587, 40.66179793811831], [-73.90000138007477, 40.66179224972697], [-73.89999939189124, 40.66178407678567], [-73.89999732488093, 40.66177559087075], [-73.8999960101745, 40.66177018525407], [-73.89999263201837, 40.66175632391802], [-73.89998925388826, 40.66174244611323], [-73.89998583992156, 40.66172843103806], [-73.89998242237654, 40.661714399491004], [-73.89998107539367, 40.66170888679958], [-73.89997900481244, 40.66170038166772], [-73.89997700584188, 40.66169219499262], [-73.8999755800657, 40.66168634736934], [-73.89997294346378, 40.66167552789475], [-73.89997215534096, 40.661672299346975], [-73.89996873058888, 40.66165827053791], [-73.89996530584234, 40.66164423898393], [-73.89996188109724, 40.66163020742985], [-73.8999607311482, 40.66162550187513], [-73.89995845274508, 40.661616178617294], [-73.89995665079344, 40.661608810057864], [-73.8999550243985, 40.66160214705983], [-73.89995257402859, 40.661592129222676], [-73.89995159604928, 40.661588118246996], [-73.8999481641053, 40.66157408394136], [-73.89994472498695, 40.6615600276711], [-73.89994129303356, 40.66154600159956], [-73.89994034370524, 40.661542114163844], [-73.8999378610898, 40.66153197003831], [-73.89993625615193, 40.66152542233943], [-73.899934425539, 40.66151794121861], [-73.89993217937261, 40.661508757972], [-73.89993098998968, 40.66150391239876], [-73.89992755444177, 40.661489883578824], [-73.89992411889536, 40.66147585475872], [-73.89992067974596, 40.66146182593537], [-73.89991991668991, 40.66145870994499], [-73.89991724060218, 40.661447794367106], [-73.89991582910564, 40.661442045567455], [-73.89991380145155, 40.66143376828828], [-73.89991174153994, 40.66142537021063], [-73.89991036230654, 40.66141973946455], [-73.8999069195586, 40.66140571063756], [-73.89990347681207, 40.66139168181044], [-73.89990003406704, 40.661377652983205], [-73.89989659132345, 40.66136362415583], [-73.89989537687994, 40.66135866876906], [-73.89989314858126, 40.66134959532835], [-73.89989128570356, 40.661342004387336], [-73.89988970583644, 40.66133556924551], [-73.89988719096199, 40.66132531529932], [-73.8998862630972, 40.66132154041777], [-73.89988282035937, 40.661307511589875], [-73.89987937402277, 40.66129348001396], [-73.89987592411622, 40.66127942647655], [-73.89987491029615, 40.66127528646416], [-73.89987248498302, 40.66126540039622], [-73.8998708119666, 40.6612585918827], [-73.89986904225103, 40.66125137156785], [-73.89986672799473, 40.6612419384853], [-73.89986559952042, 40.66123734273934], [-73.8998621567913, 40.66122331391072], [-73.89985871766383, 40.66120928782983], [-73.89985527493764, 40.661195259000955], [-73.89985445815206, 40.66119192338079], [-73.89985183581723, 40.661181230175075], [-73.89985036343305, 40.66117523154633], [-73.89984839669823, 40.66116720134909], [-73.89984627949201, 40.66115856442416], [-73.89984495758071, 40.661153172522965], [-73.8998415184646, 40.661139143696715], [-73.89983807934999, 40.66112511487035], [-73.89983464384524, 40.66111108330221], [-73.8998312047294, 40.66109705722036], [-73.89982992939676, 40.66109185200465], [-73.8998277692234, 40.66108302839677], [-73.89982584906615, 40.661075187629486], [-73.89982433372306, 40.66106899682822], [-73.89982176157011, 40.661058495800106], [-73.89982089461562, 40.661054968001245], [-73.89981746271837, 40.6610409391804], [-73.89981402721818, 40.66102691035628], [-73.89981058812339, 40.66101287603933], [-73.89980950982488, 40.661008475215844], [-73.89980714906295, 40.66099881976409], [-73.89980543310877, 40.66099181084298], [-73.89980371356302, 40.66098479368432], [-73.89980134562299, 40.660975119012704], [-73.89980027806861, 40.66097076485972], [-73.89979684617998, 40.660956736038116], [-73.89979341068852, 40.66094270721325], [-73.89978997519843, 40.66092867838827], [-73.89978909391658, 40.660925092936225], [-73.89978653610551, 40.660914649560006], [-73.89978501360638, 40.66090842855928], [-73.89978310062243, 40.660900617989995], [-73.89978092252642, 40.66089173672499], [-73.8997796615324, 40.660886589161464], [-73.8997762260481, 40.660872560335974], [-73.89977278335662, 40.66085853150409], [-73.89976934427088, 40.6608445026752], [-73.89976590518664, 40.66083047384617], [-73.89976457251663, 40.660825054486686], [-73.8997624624995, 40.66081644501391], [-73.89976047785906, 40.66080835166925], [-73.89975901980962, 40.66080241892628], [-73.89975638314992, 40.66079168453375], [-73.89975557712538, 40.66078839009376], [-73.89975213083825, 40.66077436125797], [-73.89974868815278, 40.660760335169954], [-73.89974524187261, 40.66074630358913], [-73.89974410625182, 40.66074167764286], [-73.89974178842247, 40.66073224729889], [-73.89974000437519, 40.66072498854214], [-73.89973834213285, 40.660718223952145], [-73.8997359096681, 40.66070832689527], [-73.89973489224863, 40.66070419511258], [-73.89973144596607, 40.6606901690208], [-73.8997279924763, 40.66067614292258], [-73.89972454259643, 40.66066211408264], [-73.89972360757861, 40.66065831449022], [-73.89972109271389, 40.66064808798736], [-73.89971949852426, 40.6606416116584], [-73.89971763922848, 40.66063406188879], [-73.89971539302269, 40.66062494451172], [-73.89971418574865, 40.660620033045326], [-73.89971129112328, 40.660608280112704], [-73.89970759400917, 40.66059328214875], [-73.8997038431579, 40.660578067300094], [-73.89970040038129, 40.66056411531931], [-73.89969909276637, 40.660558819495854], [-73.89969695759369, 40.66055017157275], [-73.89969504096003, 40.66054240491494], [-73.89969351838299, 40.660536247042614], [-73.89969099273522, 40.66052600680572], [-73.89969007202288, 40.66052228407924], [-73.8996866328274, 40.66050835131456], [-73.89968318644954, 40.660494402074775], [-73.89967973646466, 40.660480455576526], [-73.89967883010068, 40.660476779523755], [-73.89967629008967, 40.66046650633652], [-73.89967477826298, 40.660460392389766], [-73.89967284370788, 40.66045256258593], [-73.89967072287664, 40.660443969570366], [-73.89966940450721, 40.66043863805496], [-73.8996659509486, 40.6604246750844], [-73.8996625045463, 40.66041074780206], [-73.89965905818265, 40.66039679581667], [-73.89965560820787, 40.66038284931751], [-73.89965450479872, 40.66037838259558], [-73.89965216184298, 40.66036890007663], [-73.89965044581805, 40.660361959772125], [-73.89964870828327, 40.66035494259498], [-73.89964639039002, 40.66034557263377], [-73.8996452690597, 40.66034104002136], [-73.89964181549463, 40.66032708802902], [-73.89963836913137, 40.660313141532384], [-73.89963492277363, 40.660299192290864], [-73.89963147280893, 40.660285245790845], [-73.89963016520088, 40.66027995271122], [-73.89962801924551, 40.66027129654278], [-73.89962609901946, 40.66026353262519], [-73.89962456569597, 40.66025733906021], [-73.89962204719117, 40.660247156468046], [-73.8996211264824, 40.66024343648573], [-73.89961767292745, 40.6602294844925], [-73.89961422657426, 40.660215537994986], [-73.89961077301805, 40.66020158874628], [-73.89960986665342, 40.66019791818243], [-73.89960731947981, 40.66018762851834], [-73.89960581125771, 40.660181522808], [-73.89960387310619, 40.66017369848911], [-73.8996017522473, 40.66016513566457], [-73.89960041955018, 40.660159751984814], [-73.8995969731629, 40.66014583293449], [-73.89959352322234, 40.6601318809435], [-73.89959006608701, 40.66011792071177], [-73.89958661611631, 40.66010399067881], [-73.89958550551604, 40.6600995184602], [-73.89958315896735, 40.66009004142595], [-73.8995814393484, 40.660083103861815], [-73.8995797054159, 40.660076097665645], [-73.89957737675392, 40.66006671122465], [-73.89957624826572, 40.660062151157334], [-73.8995727982801, 40.660048234847736], [-73.89956934114105, 40.66003428284961], [-73.89956587680317, 40.660020325355454], [-73.89956241963395, 40.66000639531529], [-73.89956110482827, 40.660001102228414], [-73.89955895889082, 40.6599924460584], [-73.89955703147224, 40.65998468213315], [-73.89955550174103, 40.65997850503887], [-73.8995529652814, 40.65996829223658], [-73.8995520445638, 40.65996458323267], [-73.89954857663295, 40.65995062298998], [-73.89954511225831, 40.659936695687655], [-73.89954164430968, 40.659922749168615], [-73.89954073791957, 40.659919100562334], [-73.8995381763543, 40.659908808139], [-73.89953665733611, 40.65990269967331], [-73.89953470841277, 40.659894858874914], [-73.89953257675052, 40.65988630152889], [-73.89953123327238, 40.6598809041149], [-73.89952777246788, 40.659867004262836], [-73.89952429371783, 40.65985305498895], [-73.89952082216541, 40.659839113955556], [-73.89951733980988, 40.659825167423044], [-73.89951622921063, 40.65982070069319], [-73.89951386465607, 40.65981122638623], [-73.89951213063853, 40.65980428606349], [-73.89951038229931, 40.65979728259822], [-73.89950803921492, 40.65978791261157], [-73.89950689274788, 40.659783330569475], [-73.89950341753641, 40.65976943070397], [-73.8994999351592, 40.65975550338427], [-73.89949699373696, 40.659743761383254], [-73.89949405949541, 40.659732038601845], [-73.89949111806696, 40.65972030209023], [-73.89948760339297, 40.65970628416403], [-73.89948408153256, 40.659692252507526], [-73.8994826627365, 40.65968661348621], [-73.89948055964877, 40.65967823731954], [-73.89947847806306, 40.65966994351509], [-73.8994770413625, 40.65966422762414], [-73.89947427901603, 40.65965324608342], [-73.89947350872266, 40.659650176744336], [-73.89946998326391, 40.65963614508419], [-73.89946645059808, 40.65962211341756], [-73.89946291432119, 40.65960808723724], [-73.89946168540072, 40.659603214175625], [-73.89945938880484, 40.65959409674833], [-73.8994558489432, 40.65958005958546], [-73.89945230909552, 40.65956601418813], [-73.89944876922445, 40.659551985259334], [-73.89944522575475, 40.659537953582486], [-73.89944168227831, 40.65952392739504], [-73.89944065039121, 40.65951985323687], [-73.89943814595391, 40.6595099396407], [-73.89943642972922, 40.659503161274195], [-73.89943459528847, 40.659495902467576], [-73.89943221982836, 40.6594865050029], [-73.89943104463279, 40.6594818598048], [-73.89942749395792, 40.659467830865715], [-73.8994239432762, 40.659453807416114], [-73.89942039616719, 40.65943980592773], [-73.89941955418679, 40.659436475771265], [-73.89941684548023, 40.65942578796739], [-73.89941532989798, 40.659419805762745], [-73.89941329121122, 40.6594117562799], [-73.89941110920313, 40.6594031439915], [-73.89940973335598, 40.65939771361001], [-73.89940617548154, 40.659383684663865], [-73.89940261760032, 40.65936966120718], [-73.89939906689601, 40.659355659714855], [-73.89939550901364, 40.659341639002655], [-73.89939419049757, 40.65933643374322], [-73.89939018116004, 40.659320636762125], [-73.8993857383059, 40.65930311842353], [-73.89938483181265, 40.65929954941432], [-73.89938127391143, 40.65928554517024], [-73.8993777124447, 40.65927151621988], [-73.8993741545589, 40.659257503741244], [-73.89937303669572, 40.659253086409386], [-73.89937059670358, 40.659243472049], [-73.89936880881346, 40.659236424629974], [-73.89936703165785, 40.65922942937117], [-73.89936457376629, 40.659219735396285], [-73.89936347379307, 40.65921540591302], [-73.89935991950088, 40.659201404416095], [-73.8993563580432, 40.65918737546496], [-73.89935280016635, 40.659173362985456], [-73.89935187935905, 40.659169728088635], [-73.89934924232, 40.65915933129243], [-73.89934765148736, 40.65915306630826], [-73.89934568088333, 40.659145291361725], [-73.8993434236427, 40.65913638805904], [-73.89934213020291, 40.65913128986731], [-73.8993385723569, 40.659117260918656], [-73.89933501451237, 40.659103231969866], [-73.89933146026947, 40.659089205768865], [-73.89932790600734, 40.65907519329163], [-73.89932651584368, 40.659069705256016], [-73.8993243517757, 40.65906116160081], [-73.89932228803029, 40.65905301328198], [-73.89932080112489, 40.659047146381674], [-73.89931806378593, 40.65903634601386], [-73.89931724689623, 40.659033114690565], [-73.89931369266495, 40.65901908574415], [-73.89931014203523, 40.65900505954552], [-73.89930659139046, 40.65899104432585], [-73.89930539829889, 40.65898632774616], [-73.89930304076782, 40.658977015382185], [-73.89930117766305, 40.65896966322525], [-73.89929949013016, 40.6589629974175], [-73.89929695346659, 40.65895297125323], [-73.89929593951057, 40.65894896847357], [-73.89929238889248, 40.65893493952948], [-73.89928883467164, 40.65892091058215], [-73.89928529123594, 40.658906900857545], [-73.89928429518646, 40.65890297494727], [-73.89928174419755, 40.658892891129675], [-73.89928007099839, 40.6588862829745], [-73.89927818639767, 40.658878848454826], [-73.89927585038356, 40.658869612962924], [-73.89927463578704, 40.658864819510086], [-73.89927108157367, 40.65885079056207], [-73.89926752735765, 40.65883676435869], [-73.89926397672659, 40.658822751882234], [-73.89926317774722, 40.65881959742805], [-73.89926042968885, 40.658808747643135], [-73.89925895713249, 40.65880293290529], [-73.89925687190623, 40.658794699477966], [-73.89925472935285, 40.65878624092825], [-73.89925331769619, 40.658780673274066], [-73.89924976349178, 40.65876664432524], [-73.89924620928474, 40.658752618121035], [-73.89924266582962, 40.65873863309786], [-73.89923911164213, 40.65872459591436], [-73.89923783254812, 40.65871955537414], [-73.8992355538602, 40.65871055323794], [-73.89923361193361, 40.658702899084595], [-73.89923199965912, 40.658696527033236], [-73.89922939492958, 40.658686240053264], [-73.89922844546369, 40.658682498083614], [-73.89922489126145, 40.658668474623425], [-73.89922134781942, 40.658654486854694], [-73.8992177936409, 40.65864044967033], [-73.89921671878771, 40.65863620529559], [-73.89921423586381, 40.65862640973789], [-73.89921248742505, 40.658619513313525], [-73.89921068167584, 40.6586123807876], [-73.89920826683979, 40.65860284604374], [-73.89920712748523, 40.65859835458199], [-73.8992035804672, 40.65858435308555], [-73.8992000298672, 40.65857033786192], [-73.89919647569351, 40.65855630342154], [-73.89919559431308, 40.65855282501034], [-73.89919291792954, 40.65854226074356], [-73.89919137371552, 40.658536171463695], [-73.8991893637464, 40.658528234537265], [-73.89918715312837, 40.65851951242729], [-73.89918580956468, 40.65851420833085], [-73.89918226255563, 40.65850020683358], [-73.89917871196457, 40.65848619160919], [-73.89917515779985, 40.65847215716802], [-73.89917160004485, 40.658458114489214], [-73.89917024931256, 40.65845278568322], [-73.89916804587067, 40.658444088282124], [-73.89916602514418, 40.658436118408396], [-73.89916449169797, 40.6584300620749], [-73.89916180457803, 40.65841945388134], [-73.89916094469781, 40.65841606057689], [-73.89915739411572, 40.65840204535166], [-73.89915383995995, 40.658388010909675], [-73.89915028221394, 40.658373968230116], [-73.89914913570448, 40.6583694465688], [-73.89914672804457, 40.65835994476697], [-73.8991449115591, 40.658352771058695], [-73.89914318105191, 40.65834594326831], [-73.89914068383654, 40.6583360790766], [-73.89913962689792, 40.65833191157059], [-73.89913607632064, 40.65831789908935], [-73.89913252217384, 40.658303864646626], [-73.89912896443681, 40.658289821966214], [-73.8991280114112, 40.65828605803421], [-73.8991254102764, 40.65827579850232], [-73.89912378726397, 40.658269390757496], [-73.89912186329269, 40.65826179700281], [-73.89911956671888, 40.65825272622856], [-73.89911830914774, 40.658247765304345], [-73.89911475857934, 40.65823375282231], [-73.89911120444152, 40.65821971837875], [-73.8991076467093, 40.65820567844236], [-73.89910409973305, 40.6581916769422], [-73.89910266661336, 40.65818601868909], [-73.89910054559141, 40.65817764798781], [-73.8990984460747, 40.65816935690405], [-73.89909699145126, 40.6581636190333], [-73.8990942792771, 40.65815290925887], [-73.8990934409168, 40.658149590081806], [-73.89908989035887, 40.65813557759885], [-73.89908633622736, 40.65812154589914], [-73.89908278567661, 40.65810753067113], [-73.89908155319489, 40.658102665835806], [-73.89907923154394, 40.658093501715946], [-73.899077321904, 40.65808597110294], [-73.89907567741275, 40.65807947276064], [-73.89907310496973, 40.6580693175542], [-73.89907212328306, 40.65806544380517], [-73.89906857272999, 40.658051434066216], [-73.8990650257784, 40.65803742707507], [-73.89906146807392, 40.65802338164739], [-73.899060429054, 40.658019288265365], [-73.89905791394605, 40.65800935543619], [-73.8990562085447, 40.65800262098881], [-73.89905435982384, 40.65799532648009], [-73.89905198802921, 40.657985959201675], [-73.89905080570311, 40.65798129752384], [-73.899047255159, 40.65796728778408], [-73.89904370821635, 40.657953280792135], [-73.89904015052085, 40.65793923536363], [-73.89903931574104, 40.6579359354027], [-73.8990365964061, 40.65792520640685], [-73.8990350880506, 40.657919257139795], [-73.89903304588042, 40.657911188432244], [-73.8990308675498, 40.657902592606945], [-73.89902758573167, 40.65788963709867], [-73.89902664345941, 40.65788591983636], [-73.89902238712472, 40.65786912077733], [-73.8990188330216, 40.65785508907511], [-73.89901527891168, 40.65784106286234], [-73.89901397120924, 40.65783589603405], [-73.89901172480738, 40.657827033904645], [-73.89900974355224, 40.657819204046085], [-73.89900817070455, 40.65781300494681], [-73.8990055194641, 40.657802536764166], [-73.89900462017835, 40.657798995205454], [-73.89900107325364, 40.65778498821188], [-73.8989975155761, 40.65777094278182], [-73.89899396147513, 40.65775691656824], [-73.89899285082069, 40.65775253217562], [-73.8989904073798, 40.657742887609764], [-73.8989886267576, 40.65773585391381], [-73.89898685328183, 40.6577288613959], [-73.89898440267591, 40.65771918937574], [-73.89898330993546, 40.657714876363116], [-73.8989797558571, 40.65770083916986], [-73.89897619818436, 40.657686796483794], [-73.89897264409237, 40.65767277026937], [-73.89897173048493, 40.65766916831257], [-73.898969090006, 40.65765874131009], [-73.898967502849, 40.65765247632279], [-73.89896553591699, 40.65764471509545], [-73.89896327878203, 40.657635809038936], [-73.89896199257956, 40.65763073006185], [-73.89895843851016, 40.65761669286781], [-73.8989548808464, 40.657602650180955], [-73.89895132676337, 40.65758862396579], [-73.89894777268599, 40.65757459500569], [-73.89894638615998, 40.65756912618114], [-73.89894421860593, 40.657560568790274], [-73.8989421657035, 40.65755246164432], [-73.89894067528165, 40.65754658101109], [-73.89893793808238, 40.657535769653244], [-73.898937121217, 40.65753254656105], [-73.89893356356222, 40.65751850387334], [-73.8989300094923, 40.657504474912585], [-73.89892645541558, 40.65749045144127], [-73.89892526596108, 40.65748574858387], [-73.89892290851537, 40.6574764499344], [-73.89892104191522, 40.6574690812982], [-73.89891935803331, 40.65746243470031], [-73.8989168250589, 40.65745242774258], [-73.89891580397767, 40.65744840024947], [-73.89891224633188, 40.65743435756101], [-73.89890869226676, 40.65742033134424], [-73.89890513820316, 40.65740630512732], [-73.8989041493776, 40.65740239843287], [-73.89890159131184, 40.657392303619645], [-73.89889992894221, 40.6573857338942], [-73.89889804083873, 40.65737828838475], [-73.89889569773813, 40.65736904189807], [-73.89889448679209, 40.65736425393316], [-73.89889092915526, 40.657350211243866], [-73.89888737509494, 40.6573361877711], [-73.8988838282111, 40.657322186262725], [-73.89888302568019, 40.65731902082308], [-73.89888027416626, 40.65730815455537], [-73.89887880526368, 40.65730235079393], [-73.89887672011876, 40.65729412559262], [-73.89887458482013, 40.65728569997805], [-73.89887316965194, 40.657280113101606], [-73.89886961561159, 40.65726608139382], [-73.89886605798107, 40.65725204144838], [-73.89886251110622, 40.65723803993925], [-73.89885895707035, 40.65722400823107], [-73.89885768878796, 40.657219006122226], [-73.89885540661093, 40.65720999573938], [-73.89885346120911, 40.65720231412739], [-73.89885185258221, 40.65719596128616], [-73.89884923719913, 40.657185646838485], [-73.89884829495918, 40.65718192134008], [-73.89884474809179, 40.657167919830265], [-73.89884119405922, 40.657153890866205], [-73.89883764002816, 40.657139861902024], [-73.89883656879829, 40.657135636739646], [-73.89883408599859, 40.65712583293771], [-73.89883234838838, 40.65711897768754], [-73.89883053554962, 40.65711182044508], [-73.89882811723473, 40.657102274709274], [-73.89882698152304, 40.65709779148047], [-73.89882343108543, 40.65708377349807], [-73.89881987706184, 40.65706974453322], [-73.89881632303975, 40.65705571556821], [-73.8988154452823, 40.657052250880525], [-73.89881276901913, 40.657041686603094], [-73.89881122489538, 40.65703558359316], [-73.89880921857501, 40.657027676854476], [-73.89880700090234, 40.65701891904722], [-73.89880567173232, 40.657013669853676], [-73.89880211413703, 40.656999624416294], [-73.89879856012242, 40.656985595450635], [-73.8987950061051, 40.65697156922963], [-73.89879145209346, 40.65695754026371], [-73.89879010858854, 40.65695223890648], [-73.89878790165831, 40.6569435305143], [-73.89878588104773, 40.65693554416385], [-73.89878435482453, 40.6569295235127], [-73.89878165706729, 40.656918879616754], [-73.8987807972383, 40.656915478074545], [-73.89877724322841, 40.65690145185289], [-73.89877368922424, 40.65688742288631], [-73.89877013522157, 40.6568733939196], [-73.89876898518453, 40.65686885578184], [-73.89876658839948, 40.656859384172556], [-73.89876476481666, 40.65685219123723], [-73.8987630379706, 40.65684537716696], [-73.89876054445091, 40.65683552669234], [-73.89875948039328, 40.656831331728014], [-73.89875592639241, 40.65681730550557], [-73.89875237239721, 40.65680327653819], [-73.89874881839928, 40.65678925031548], [-73.89874787258731, 40.65678551108898], [-73.89874527515278, 40.65677526527381], [-73.89874364145935, 40.65676881908609], [-73.89874172117456, 40.65676122807169], [-73.89873942111247, 40.65675214905077], [-73.89873816360203, 40.656747185376716], [-73.89873460961014, 40.656733159153454], [-73.89873105562391, 40.6567191301853], [-73.898727501635, 40.65670510396178], [-73.89872395839737, 40.65669111891934], [-73.89872252534221, 40.65668546066051], [-73.8987204044281, 40.65667708171643], [-73.89871830858083, 40.656668809840895], [-73.89871684686457, 40.656663039020664], [-73.89871408106339, 40.65665212332943], [-73.89871329288164, 40.65664901279663], [-73.8987097389002, 40.65663498657244], [-73.89870619209098, 40.65662098505749], [-73.89870264169991, 40.65660696981535], [-73.89870140569454, 40.65660208850321], [-73.89869908773545, 40.65659293535643], [-73.89869718176053, 40.65658542120764], [-73.89869553018089, 40.656578892659844], [-73.89869296142437, 40.65656875940456], [-73.89869197621108, 40.65656486369023], [-73.89868842223444, 40.65655084021003], [-73.89868487543416, 40.65653683869428], [-73.89868132505211, 40.656522823451326], [-73.89868029325787, 40.656518749284956], [-73.89867777109657, 40.6565087889916], [-73.89867606575946, 40.656502062771786], [-73.89867421355102, 40.65649474629428], [-73.89867183825486, 40.65648538174801], [-73.89867065958181, 40.656480722813384], [-73.89866711278897, 40.65646672129698], [-73.8986635588353, 40.65645268958152], [-73.8986600084622, 40.656438674337764], [-73.89865917013672, 40.65643536064646], [-73.89865645451151, 40.656424642622085], [-73.89865494622377, 40.65641869334895], [-73.8986528969749, 40.6564105999239], [-73.89865072590871, 40.656402031544054], [-73.89864934301468, 40.65639657644226], [-73.89864579623075, 40.65638257492503], [-73.89864224228604, 40.65636854320882], [-73.89863869191772, 40.65635453070906], [-73.89863513798016, 40.65634049624775], [-73.8986338303283, 40.65633533490378], [-73.89863158045253, 40.65632645354881], [-73.89862960284478, 40.656318653878124], [-73.89862802650129, 40.65631243006634], [-73.89862538254238, 40.65630199207207], [-73.8986244797263, 40.656298428548375], [-73.89862092579055, 40.6562843968313], [-73.89861737185213, 40.65627036785891], [-73.89861382149427, 40.6562563553582], [-73.89861271089813, 40.65625196547163], [-73.898610267563, 40.65624232364076], [-73.89860849060834, 40.65623530092003], [-73.8986067172123, 40.65622830839502], [-73.89860425954596, 40.65621861165576], [-73.89860316327984, 40.656214279422095], [-73.8985996093489, 40.65620025044902], [-73.89859605900261, 40.65618623520292], [-73.89859250507881, 40.65617220348481], [-73.89859159152498, 40.65616859329], [-73.89858894756496, 40.656158163529035], [-73.89858736764582, 40.65615192598951], [-73.89858540080643, 40.65614416200962], [-73.89858314736873, 40.65613526143686], [-73.89858184688295, 40.65613013303589], [-73.89857829296096, 40.65611610406202], [-73.89857473904047, 40.65610207508803], [-73.89857119230038, 40.656088065333705], [-73.89856764195356, 40.65607405832089], [-73.89856625191088, 40.65606857301892], [-73.89856408445851, 40.656060012874605], [-73.89856202806106, 40.656051894738255], [-73.89856053053981, 40.65604598664487], [-73.89855780779241, 40.6560352329292], [-73.8985569766268, 40.656031957670216], [-73.89855342271527, 40.656017928695434], [-73.8985498723801, 40.65600391893713], [-73.89854632564627, 40.65598991192669], [-73.89854513266219, 40.655985195337486], [-73.8985427681602, 40.65597586647965], [-73.89854090879788, 40.6559685335245], [-73.89853921425046, 40.65596184024912], [-73.89853668137754, 40.6559518415156], [-73.89853566034641, 40.65594781127367], [-73.89853210643967, 40.65593378504283], [-73.89852856328821, 40.65591979724835], [-73.89852500939698, 40.655905762782986], [-73.89852401702855, 40.655901845102285], [-73.8985214519157, 40.65589172007989], [-73.89851979319991, 40.65588516681972], [-73.89851789801907, 40.6558776911038], [-73.89851556934829, 40.65586850500562], [-73.89851434411979, 40.65586366487233], [-73.89851079022202, 40.655849638640746], [-73.89850724707532, 40.655835653590266], [-73.89850369319724, 40.65582161637927], [-73.89850289428136, 40.65581846740829], [-73.89850013572493, 40.65580757367543], [-73.89849867404224, 40.65580180559662], [-73.89849658183313, 40.655793547443274], [-73.89849444664308, 40.65578511358586], [-73.89849302794701, 40.65577951846624], [-73.89848947405821, 40.65576549223386], [-73.89848593092037, 40.655751507182565], [-73.89848237705127, 40.65573746997078], [-73.89847881958794, 40.65572342726614], [-73.89847755494158, 40.6557184416241], [-73.8984752657051, 40.655709401033235], [-73.89847333113612, 40.655701763339465], [-73.89847171182376, 40.655695374800196], [-73.89846911091182, 40.65568510152652], [-73.8984681651144, 40.65568137327636], [-73.8984646148234, 40.65566735802537], [-73.89846106095908, 40.655653323557566], [-73.89845750350472, 40.65563928085212], [-73.89845643949776, 40.655635077650075], [-73.89845394963503, 40.65562525187363], [-73.89845220851562, 40.65561838563421], [-73.89845039575847, 40.65561122838456], [-73.89844798831017, 40.65560171833078], [-73.8984468490581, 40.655597226859975], [-73.89844329877602, 40.65558321160817], [-73.89843974492065, 40.65556917713958], [-73.89843618747527, 40.65555513443335], [-73.89843532050678, 40.655551710923376], [-73.89843263360618, 40.6555411109436], [-73.8984310967183, 40.655535035381654], [-73.89842908691327, 40.65552710941836], [-73.89842687291517, 40.6555183708189], [-73.89842553305971, 40.65551307769402], [-73.89842198278244, 40.65549906518617], [-73.89841842893605, 40.65548503071685], [-73.89841487149964, 40.655470988009796], [-73.89841131764365, 40.6554569617745], [-73.89840997420333, 40.655451657667115], [-73.89840777095552, 40.6554429629932], [-73.89840575401904, 40.655434990361755], [-73.89840421711091, 40.6554289312681], [-73.89840153381171, 40.65541833952494], [-73.89840066684678, 40.65541491601469], [-73.89839711300517, 40.65540088428929], [-73.89839355557356, 40.65538684432623], [-73.898390008897, 40.655372842799544], [-73.89838886251154, 40.6553683074052], [-73.89838645505988, 40.655358811073754], [-73.89838463155911, 40.65535161813114], [-73.89838290121588, 40.65534478483738], [-73.8983804113916, 40.65533494807994], [-73.89837935095652, 40.655330772327986], [-73.89837579712807, 40.655316737857014], [-73.89837223970542, 40.655302697893184], [-73.89836869303785, 40.655288696365666], [-73.8983677401022, 40.655284929681265], [-73.89836513920554, 40.65527466738386], [-73.89836351992221, 40.655268273353194], [-73.89836158537463, 40.65526063840193], [-73.89835929974852, 40.65525161428015], [-73.89835803154529, 40.65524660941986], [-73.89835448489622, 40.65523259965748], [-73.89835093464045, 40.65521859263659], [-73.89834737723663, 40.65520454718225], [-73.89834382341326, 40.65519051819966], [-73.89834239758876, 40.65518488738932], [-73.8983402695872, 40.65517649196172], [-73.89833817743818, 40.655168220081016], [-73.89833672295391, 40.655162476709116], [-73.89833395368147, 40.6551515555141], [-73.89833316913503, 40.655148447726134], [-73.89832961529672, 40.65513443246688], [-73.898326061485, 40.655120400738845], [-73.89832250767058, 40.65510637175546], [-73.89832128605322, 40.65510154534676], [-73.89831895745752, 40.655092345519904], [-73.89831706590068, 40.65508488627191], [-73.89831540364611, 40.65507831653626], [-73.89831283500504, 40.65506818327077], [-73.89831185341087, 40.65506430676912], [-73.89830830317298, 40.65505029974664], [-73.89830474578713, 40.65503625429071], [-73.8983011919775, 40.65502222805132], [-73.89830016382535, 40.65501815937355], [-73.89829764177759, 40.655008199070195], [-73.89829594009188, 40.6550014920602], [-73.89829408436691, 40.65499417282731], [-73.8982917163521, 40.6549848302362], [-73.89829053770704, 40.65498018776559], [-73.89828698031192, 40.6549661532881], [-73.89828341932683, 40.65495211057303], [-73.89827986192634, 40.65493808158483], [-73.89827903436691, 40.6549348227953], [-73.89827630091914, 40.654924055338135], [-73.89827480344432, 40.65491814998508], [-73.89827274711728, 40.65491003184248], [-73.89827057255316, 40.654901457961195], [-73.89826920407451, 40.654896044038324], [-73.89826565029657, 40.6548820068185], [-73.89826210013251, 40.65486796411212], [-73.89825856076106, 40.6548539351391], [-73.89825502499507, 40.65483990616913], [-73.89825373539692, 40.654834761304606], [-73.89825151081692, 40.6548259019212], [-73.89824955133491, 40.65481809127947], [-73.8982479930656, 40.654811878456485], [-73.89824536010462, 40.65480139654476], [-73.89824447533663, 40.65479784126773], [-73.8982409432057, 40.654783795831754], [-73.89823742547136, 40.6547697641323], [-73.8982339149465, 40.65475573243908], [-73.8982328151412, 40.65475138921887], [-73.89823040798942, 40.65474172545197], [-73.8982286563637, 40.654734689022604], [-73.89822691547498, 40.6547277020088], [-73.89822449394661, 40.65471801352596], [-73.89822340856689, 40.65471366482881], [-73.89821990167707, 40.6546996166696], [-73.8982163839516, 40.654685584969364], [-73.89821284819921, 40.65467155874262], [-73.89821195987257, 40.65466797601429], [-73.89820933043482, 40.654657554489944], [-73.89820581630102, 40.6546435337716], [-73.89820228416963, 40.6546294993133], [-73.89819874844831, 40.65461545661735], [-73.8981952054912, 40.65460143312837], [-73.89819166610603, 40.654587431600625], [-73.89818811595228, 40.65457340261542], [-73.89818671873054, 40.65456793925984], [-73.89818455135469, 40.65455939283078], [-73.89818246981756, 40.65455127740865], [-73.8981809651556, 40.65454536930295], [-73.89817820647816, 40.65453462377889], [-73.89817736455885, 40.65453133478312], [-73.89817376393846, 40.65451731673185], [-73.89817018130181, 40.65450332339941], [-73.89816658069277, 40.6544892998583], [-73.89816536244227, 40.654484643627114], [-73.89816296923985, 40.65447529826568], [-73.89816105589286, 40.654467970744825], [-73.89815933619793, 40.654461274695585], [-73.898156709685, 40.654451308806344], [-73.89815566350958, 40.65444725383498], [-73.89815200518422, 40.65443326866919], [-73.89814833609032, 40.65441925604586], [-73.89814468862605, 40.65440524069679], [-73.89814365302522, 40.65440134218731], [-73.89814103753842, 40.654391239068254], [-73.89813934285327, 40.654384688514334], [-73.8981373612454, 40.654377223693345], [-73.8981349822152, 40.65436804303076], [-73.89813373183078, 40.65436319189114], [-73.89812999781844, 40.654349214891795], [-73.89812627827385, 40.654335204967744], [-73.89812260198283, 40.65432119233706], [-73.89812177779123, 40.65431809823612], [-73.89811892206836, 40.65430719342695], [-73.89811738836359, 40.65430143076803], [-73.89811524578461, 40.65429317805122], [-73.89811302055777, 40.6542847660637], [-73.89811157669357, 40.65427917366083], [-73.89810791483717, 40.654265152807994], [-73.89810421333021, 40.65425113740948], [-73.89810054065659, 40.6542371220364], [-73.89809689682468, 40.654223101199115], [-73.89809560339093, 40.654218123760806], [-73.89809328541332, 40.654209091369566], [-73.89809131487928, 40.65420146187047], [-73.89808969562316, 40.65419508430386], [-73.89808704804392, 40.65418476706177], [-73.89808611310532, 40.65418103607266], [-73.89808254137989, 40.65416700157481], [-73.89807898046797, 40.654152967086404], [-73.89807545560973, 40.654138924395504], [-73.89807441688694, 40.65413471572197], [-73.89807202419207, 40.6541250547086], [-73.8980702978186, 40.654118023788214], [-73.89806863239427, 40.654111201525374], [-73.89806623281191, 40.65410133190221], [-73.89806521936835, 40.654097090313584], [-73.89806183154647, 40.654082995592724], [-73.89805848699457, 40.65406888718618], [-73.89805520729027, 40.654054795305655], [-73.89805432663707, 40.654050918890825], [-73.89805197809746, 40.65404066778762], [-73.89805053903045, 40.65403430135915], [-73.89804878852442, 40.65402655677329], [-73.89804681989264, 40.65401768937758], [-73.89804565663295, 40.6540124348308], [-73.89804256445771, 40.65399826626215], [-73.89803954789143, 40.65398414716651], [-73.89803659265677, 40.65396998695336], [-73.89803374189201, 40.65395585702536], [-73.89803280492461, 40.65395109948488], [-73.89803093808486, 40.65394165851929], [-73.89802952920449, 40.653934408296976], [-73.89802818108419, 40.65392749024726], [-73.89802633993914, 40.65391774463339], [-73.89802550337173, 40.65391332204544], [-73.89802290501046, 40.65389911274213], [-73.89802040031122, 40.653884930969646], [-73.89801797856276, 40.65387071084361], [-73.89801567936236, 40.65385648259186], [-73.89801480482717, 40.65385096480146], [-73.89801344143862, 40.653842248904766], [-73.89801221394325, 40.65383422481401], [-73.89801126114129, 40.65382803997176], [-73.89800972035479, 40.65381749314709], [-73.89800919620912, 40.65381380643797], [-73.8980072322053, 40.65379956201447], [-73.89800534391047, 40.653785301189366], [-73.8980035385283, 40.653771026713784], [-73.89800309736651, 40.65376727969296], [-73.89800190252417, 40.65375675787793], [-73.89800123094982, 40.65375049643103], [-73.8980003386081, 40.653742483616384], [-73.89799947261889, 40.6537337352231], [-73.89799889359357, 40.653728228673735], [-73.89799756040279, 40.653713907955414], [-73.89799634250947, 40.653699606552784], [-73.89799524353431, 40.65368531348993], [-73.89799422393878, 40.65367096011218], [-73.89799394595028, 40.6536665627223], [-73.89799331959853, 40.65365665349798], [-73.89799295169314, 40.653649780233536], [-73.89799251258611, 40.65364233324614], [-73.89799209441986, 40.653632975907904], [-73.89799185693967, 40.65362801312849], [-73.89799132023616, 40.653613684882], [-73.89799090246291, 40.65359935674093], [-73.89799057485972, 40.65358498201851], [-73.8979903625534, 40.65357062661181], [-73.89799033408525, 40.65356567499684], [-73.89799025469003, 40.653556317959], [-73.89799026607203, 40.65354887411583], [-73.89799029467629, 40.65354195179685], [-73.89799039631322, 40.653532048707596], [-73.89799045359669, 40.6535275829954], [-73.8979907278304, 40.65351322253055], [-73.89799138293166, 40.65349018614228], [-73.89799220635027, 40.653470204847515], [-73.89799247413906, 40.65346477315812], [-73.89799292027584, 40.65345583653813], [-73.89799335755535, 40.653447978610295], [-73.89799376031775, 40.653441482064565], [-73.89799471208539, 40.6534271249452], [-73.89799578639891, 40.65341275970017], [-73.8979969723918, 40.65339842200197], [-73.89799827368051, 40.65338410361951], [-73.89799967229997, 40.65336976885457], [-73.8980002614123, 40.65336396141472], [-73.89800116462517, 40.65335543142797], [-73.89800205655607, 40.65334720884696], [-73.89800277227957, 40.65334109135875], [-73.89800448440937, 40.65332677608526], [-73.89800631544284, 40.6533124773858], [-73.89800825461006, 40.653298167803065], [-73.89801030552324, 40.65328384185068], [-73.89801242483038, 40.653269568109806], [-73.89801334947056, 40.65326352217111], [-73.89801463423048, 40.65325529719347], [-73.89801599501233, 40.65324684995574], [-73.8980169625129, 40.653241056575155], [-73.8980193773346, 40.65322678584084], [-73.89802190392298, 40.65321248501291], [-73.89802452771113, 40.653198252890746], [-73.89802723794193, 40.65318405378247], [-73.89803004555708, 40.65316980260962], [-73.89803130928141, 40.6531635483678], [-73.89803298287846, 40.6531555735099], [-73.89803480882546, 40.65314695376288], [-73.89803602102016, 40.65314140213993], [-73.89803917452784, 40.653127203424305], [-73.89804242887247, 40.65311305145925], [-73.89804578411272, 40.653098907817906], [-73.89804924391537, 40.65308473133172], [-73.89805281896209, 40.65307060709845], [-73.89805445765705, 40.65306424339731], [-73.8980565020869, 40.65305650766385], [-73.89805883635162, 40.65304777583077], [-73.8980603005269, 40.65304241382094], [-73.89806421424016, 40.653028353017454], [-73.89806824326422, 40.653014300550325], [-73.89807238402459, 40.653000237202924], [-73.89807663282073, 40.652986226102], [-73.89808097886612, 40.652972250769245], [-73.8980830212858, 40.65296582704018], [-73.89808544744669, 40.652958272800106], [-73.89808831149101, 40.65294953320141], [-73.89809003130426, 40.652944325125546], [-73.89809473767173, 40.652930391283256], [-73.8980995557289, 40.65291647675319], [-73.89810449982014, 40.652902628209354], [-73.89810953044066, 40.65288875503891], [-73.89811467996272, 40.65287489844219], [-73.89811709342295, 40.652868576598166], [-73.89811993390778, 40.65286109957825], [-73.89812530677098, 40.65284730630894], [-73.8981307732537, 40.65283356527316], [-73.89813639465159, 40.65281985731174], [-73.89814208816702, 40.65280612196599], [-73.89814788611771, 40.65279243611859], [-73.89815377047152, 40.652778807987794], [-73.89815654420113, 40.65277256057102], [-73.89815978457162, 40.65276517448204], [-73.89816593918349, 40.65275156580342], [-73.89817212617339, 40.652737992835256], [-73.89817846450343, 40.652724433724714], [-73.89818487128387, 40.65271088839827], [-73.89819137168753, 40.65269739256045], [-73.89819794772843, 40.65268392423704], [-73.89820094461896, 40.652677855427555], [-73.89820464269506, 40.65267045601845], [-73.89821139527936, 40.65265701529829], [-73.89821820182716, 40.65264363501077], [-73.89822512372177, 40.652630238356146], [-73.89823218614018, 40.65261685829414], [-73.89823927009111, 40.65260353589123], [-73.8982464333582, 40.65259019159969], [-73.89824962452765, 40.652584334309175], [-73.8982536794407, 40.65257689404233], [-73.89826093988978, 40.652563626689826], [-73.89826832288477, 40.6525503484661], [-73.89827576348877, 40.65253710323024], [-73.89828325086495, 40.652523907441356], [-73.89829080672033, 40.65251070622294], [-73.89829841664763, 40.65249749407269], [-73.89830171198594, 40.652491856455526], [-73.8983060841755, 40.652484320399836], [-73.89831361798439, 40.652471390894014], [-73.89832121296011, 40.65245852457178], [-73.89832891981212, 40.65244555404614], [-73.89833669880977, 40.65243253692243], [-73.89834447769148, 40.65241959390717], [-73.89835621270522, 40.65240016297357], [-73.89836802694299, 40.65238076779096], [-73.89837592826487, 40.65236787703263], [-73.89838387288873, 40.65235494788504], [-73.898391817451, 40.6523420571638], [-73.89839981614351, 40.652329117083724], [-73.89840374689592, 40.65232272520915], [-73.89840776789902, 40.652316231857235], [-73.89841578086708, 40.65230337962173], [-73.89842384073674, 40.65229049174481], [-73.89843187535106, 40.65227762031376], [-73.8984399207907, 40.65226473791252], [-73.89844795899434, 40.65225187197304], [-73.89845145968239, 40.652246264725356], [-73.89845598997047, 40.65223901700571], [-73.89846402461, 40.65222612086935], [-73.89847210242603, 40.65221326868698], [-73.89848020547433, 40.652200411036766], [-73.89848825806543, 40.652187553341456], [-73.89849629622957, 40.652174701122384], [-73.89850435970538, 40.65216179128461], [-73.89850882864526, 40.65215459017003], [-73.89851237624434, 40.65214893630049], [-73.89852037835642, 40.65213608679266], [-73.8985284345734, 40.65212320439459], [-73.898536483542, 40.65211034669257], [-73.89854449650649, 40.65209746425518], [-73.89855249143605, 40.65208459003565], [-73.89855646546413, 40.65207815976698], [-73.89856047914644, 40.65207172129875], [-73.89856847411156, 40.6520588196303], [-73.89857644382154, 40.65204593440769], [-73.89858443515992, 40.652033043714], [-73.89859239045252, 40.65202015573276], [-73.8986003421423, 40.65200726500298], [-73.89860380320404, 40.65200163026773], [-73.89860827579729, 40.65199438249105], [-73.89861622389796, 40.651981478033065], [-73.89862416481705, 40.65196855435471], [-73.8986320840766, 40.65195565261493], [-73.89863998892181, 40.651942748117136], [-73.89864791900759, 40.65192983266186], [-73.89865582384674, 40.65191692816293], [-73.89866025677377, 40.65190968858361], [-73.89866373949434, 40.65190402367298], [-73.89867162990359, 40.65189112464975], [-73.89867953835822, 40.65187820642843], [-73.89868745043863, 40.651865271741], [-73.89869533365608, 40.65185235624107], [-73.8987032276736, 40.6518394462397], [-73.89870715484345, 40.65183300220047], [-73.89871112167144, 40.65182654721688], [-73.89871902291142, 40.651813623496835], [-73.89872693497236, 40.65180069155139], [-73.8987348397892, 40.651787781557275], [-73.89874275180657, 40.651774874313716], [-73.89875064218528, 40.6517619752849], [-73.8987540960389, 40.65175632406996], [-73.89875856142078, 40.651749057067434], [-73.8987665023055, 40.651736119655006], [-73.89877439983687, 40.65172325082343], [-73.89878233347444, 40.65171033536176], [-73.89879025987622, 40.65169743636184], [-73.89879820071113, 40.65168452365016], [-73.89880615238364, 40.65167159173395], [-73.89881061050907, 40.65166434942603], [-73.89881406430678, 40.65165872840179], [-73.89882200513247, 40.65164581568845], [-73.89882996040376, 40.65163288102891], [-73.89883786871385, 40.65162001769191], [-73.89884580592233, 40.651607107718434], [-73.89885373951148, 40.65159420597553], [-73.89885772436358, 40.65158772904432], [-73.89886168031765, 40.6515812960041], [-73.89886963196966, 40.651568361338555], [-73.8988775402687, 40.65155549525396], [-73.89888547746182, 40.65154258527765], [-73.89889341825571, 40.651529675303955], [-73.89890133737781, 40.651516795503255], [-73.89890483090213, 40.65151110863635], [-73.89890929623876, 40.65150384986211], [-73.89891721174257, 40.651490975546686], [-73.8989251489245, 40.65147806282275], [-73.89893310415162, 40.651465130900625], [-73.89894101242614, 40.65145226481149], [-73.89894894959885, 40.65143935208589], [-73.89895688314394, 40.65142645308046], [-73.8989613773788, 40.65141914217861], [-73.89896482031051, 40.65141354035368], [-73.89897277191842, 40.65140060842555], [-73.8989806837773, 40.65138774508157], [-73.89898862093466, 40.65137483235311], [-73.89899656169278, 40.651361919627256], [-73.89900447716708, 40.65134904256079], [-73.89900847643844, 40.65134254367859], [-73.89901243598383, 40.65133609965706], [-73.89902035505582, 40.651323222592666], [-73.8990282921979, 40.65131030986136], [-73.8990362293327, 40.65129739987428], [-73.8990500949169, 40.65127485266308], [-73.89906003349026, 40.651258683627276], [-73.89906794893174, 40.65124581204589], [-73.89907589327544, 40.651232891083154], [-73.89908381955128, 40.6512200002967], [-73.89909178194522, 40.65120705464562], [-73.89909970460285, 40.6511941693444], [-73.89910762004149, 40.65118128952588], [-73.89911212146757, 40.65117396764515], [-73.89911557882243, 40.65116834386993], [-73.89912350507464, 40.65115545857016], [-73.89913142050409, 40.65114257874994], [-73.899139368427, 40.65112965778582], [-73.89914729107042, 40.65111676973645], [-73.89915524983591, 40.65110382407771], [-73.89915923462945, 40.65109734713566], [-73.899163176077, 40.651090936030315], [-73.89917109148698, 40.65107805895203], [-73.89917903939867, 40.651065135240344], [-73.89918696202669, 40.651052247188105], [-73.89919492077685, 40.651039301526524], [-73.89920284339465, 40.65102641621796], [-73.89920634047141, 40.65102072934469], [-73.89921076239723, 40.6510135363952], [-73.8992187066856, 40.651000615422305], [-73.8992266401305, 40.6509877136528], [-73.89923457718854, 40.65097480365156], [-73.89924250701928, 40.650961904622605], [-73.89925043322665, 40.650949016569], [-73.89925839195627, 40.650936068158096], [-73.89926287889264, 40.650928773706426], [-73.89926631815335, 40.65092318284812], [-73.89927423352353, 40.6509103057625], [-73.89928217779146, 40.65089738204026], [-73.8992901112076, 40.650884483011055], [-73.89929804824529, 40.6508715702605], [-73.89930597804735, 40.65085867397174], [-73.89930998810443, 40.65085215312994], [-73.89931390423433, 40.65084578316884], [-73.89932184848276, 40.65083286218858], [-73.89932978188357, 40.65081996315649], [-73.89933771890583, 40.650807050403166], [-73.89934564869677, 40.65079415136679], [-73.8993535820925, 40.65078124958827], [-73.89935710443218, 40.65077552156065], [-73.89936150465316, 40.6507683615236], [-73.89936944526279, 40.65075545151589], [-73.89937738949384, 40.65074252778684], [-73.89938532287317, 40.650729628750845], [-73.89939325624944, 40.650716729714226], [-73.89940118239856, 40.65070384164989], [-73.89940911938903, 40.65069093163619], [-73.89941363519715, 40.65068358779762], [-73.89941706720437, 40.65067801065227], [-73.89942499696463, 40.650665111610245], [-73.89943293032556, 40.65065221257085], [-73.89944087091166, 40.65063929981326], [-73.89944880066267, 40.65062640076953], [-73.89945673401445, 40.65061350172844], [-73.89946074766239, 40.65060696990519], [-73.89946465653526, 40.65060061365641], [-73.89947259710908, 40.65058770089655], [-73.89948054489977, 40.65057477990808], [-73.89948847463549, 40.65056188086156], [-73.89949640797188, 40.650548981817586], [-73.89950433047734, 40.65053609374275], [-73.89950786362316, 40.6505303519959], [-73.89951227103583, 40.65052318098009], [-73.89952022243565, 40.65051024626801], [-73.89952813048373, 40.650497380137146], [-73.89953606382132, 40.65048447011123], [-73.8995439935397, 40.650471568315936], [-73.89955193047903, 40.65045865554727], [-73.89955987825971, 40.65044572082926], [-73.89956435791426, 40.650438431848706], [-73.8995677862925, 40.65043285469552], [-73.89957571961885, 40.650419941922024], [-73.89958366739442, 40.65040700445748], [-73.89959157181019, 40.65039414106373], [-73.89959950513148, 40.650381225543725], [-73.89960743122153, 40.6503683237408], [-73.89961144122383, 40.6503618001433], [-73.89961536813632, 40.6503554109676], [-73.89962331228863, 40.65034247624186], [-73.89963121309353, 40.65032960735257], [-73.89963914279573, 40.6503166918266], [-73.8996470652667, 40.65030379001769], [-73.89965499496273, 40.65029087449057], [-73.89965850641461, 40.65028516291266], [-73.89966293909966, 40.65027793976202], [-73.89967083988932, 40.650265070869914], [-73.89967877317993, 40.65025215534429], [-73.89968670285954, 40.650239242559714], [-73.89969461807156, 40.65022636269935], [-73.8997025766247, 40.65021341700141], [-73.89971049542612, 40.65020054263263], [-73.89971501477575, 40.65019319604023], [-73.89971843590475, 40.65018762985521], [-73.89972639082008, 40.65017470062111], [-73.89973430959579, 40.65016183722978], [-73.89974225366487, 40.6501489271986], [-73.89975020133049, 40.650136019914754], [-73.89975812732105, 40.650123145548875], [-73.89976216616924, 40.650116591778485], [-73.89976609665253, 40.65011020534538], [-73.89977402984029, 40.650097333729434], [-73.89978198469696, 40.6500844291944], [-73.89978994315437, 40.650071524661875], [-73.89979787993258, 40.65005865579216], [-73.89980586005578, 40.65004571834002], [-73.89980938588857, 40.650040012259474], [-73.89981380765553, 40.65003283849943], [-73.89982174802829, 40.650019969631145], [-73.89982972089764, 40.65000705687402], [-73.89983767208788, 40.649994179779675], [-73.89984566300275, 40.64998124507887], [-73.89985361778646, 40.649968370731266], [-73.89986154368354, 40.6499555320402], [-73.89986886628178, 40.64994367271143], [-73.89987616357703, 40.64993186276626], [-73.89988341752597, 40.64992011865775], [-73.89989069313185, 40.64990834986454], [-73.89989796513143, 40.6498965810677], [-73.89990525157224, 40.6498847930695], [-73.89991159152468, 40.64987454132657], [-73.89991966549454, 40.64986147494308], [-73.89992715422697, 40.649849360490066], [-73.89993384819532, 40.649838538138695], [-73.89994059274555, 40.64982762799781], [-73.89994731199744, 40.64981676449583], [-73.89995376393269, 40.64980632620256], [-73.89995750286691, 40.64980028269417], [-73.89996051932056, 40.649795394111635], [-73.89996670030482, 40.64978540023705], [-73.899972444186, 40.6497761059021], [-73.89997589413082, 40.64977052052081], [-73.89998257362319, 40.64975972834655], [-73.89998508793217, 40.64975565452771], [-73.89999003343296, 40.64974766052552], [-73.89999427812566, 40.649740788530714], [-73.89999756187964, 40.64973548022752], [-73.9000050578159, 40.64972334930681], [-73.90001258987729, 40.649711158031835], [-73.90001968482743, 40.64969967178598], [-73.90002679061094, 40.64968816908039], [-73.90002983595427, 40.64968323385974], [-73.90003389279245, 40.649676663626465], [-73.90003842286981, 40.64966932526464], [-73.90004098051955, 40.64966518286257], [-73.900048086304, 40.64965367466605], [-73.90005518847812, 40.64964216921076], [-73.90006227620611, 40.64963068295594], [-73.90006935309584, 40.649619213159966], [-73.90007272716532, 40.649613748480306], [-73.90007642276746, 40.649607748846826], [-73.90008129602793, 40.649599850845334], [-73.90008352855607, 40.64959622966894], [-73.90009060545495, 40.64958474889248], [-73.90009770763903, 40.64957322696581], [-73.90010479537298, 40.64956172698438], [-73.90010741806229, 40.64955746386675], [-73.90011185782086, 40.64955026540752], [-73.90011894555809, 40.6495387599356], [-73.90012601162127, 40.649527287381865], [-73.90013318247338, 40.649515625528494], [-73.900140411114, 40.649503875891774], [-73.90014762891212, 40.649492145458595], [-73.90015483588837, 40.64948042050517], [-73.90016207536534, 40.64946864891814], [-73.90016929678832, 40.64945689927326], [-73.90017169188489, 40.649453003757756], [-73.90017649654129, 40.64944517980173], [-73.90017883023009, 40.64944138030024], [-73.90018369990779, 40.6494334520985], [-73.90019091773173, 40.649421694214716], [-73.90019812832112, 40.64940995279293], [-73.90020033557772, 40.64940635355057], [-73.90020532809271, 40.64939821410607], [-73.90020748477338, 40.64939469716324], [-73.90021252425804, 40.649386475415604], [-73.9002146484183, 40.64938301608489], [-73.9002197312402, 40.64937473124451], [-73.9002218048205, 40.649371356958085], [-73.90022694907198, 40.6493629596345], [-73.90022896125707, 40.64935967312782], [-73.90023413800995, 40.649351229170705], [-73.90023609961514, 40.64934802770838], [-73.90024135945679, 40.64933944658375], [-73.9002433029935, 40.64933627804302], [-73.90024882656074, 40.64932725798124], [-73.90025638036032, 40.649314929469426], [-73.90026397029672, 40.649302532368765], [-73.9002715493905, 40.6492901544717], [-73.90027913210561, 40.64927776285332], [-73.90028672564964, 40.649265357519894], [-73.90029429029961, 40.64925299333271], [-73.90030186939848, 40.649240604454434], [-73.90030944849869, 40.64922821283091], [-73.9003170312162, 40.649215810230785], [-73.90032459947915, 40.649203432320746], [-73.90033218218687, 40.64919103246443], [-73.9003397504483, 40.64917865180858], [-73.90034733675415, 40.64916625195429], [-73.90035490860956, 40.64915387404531], [-73.9003624840904, 40.64914147967023], [-73.90037007400382, 40.64912907158325], [-73.90037764224708, 40.64911669366955], [-73.90038521773182, 40.64910429105857], [-73.90039278957727, 40.64909191040224], [-73.90040037225965, 40.649079510541256], [-73.90040796570116, 40.64906714362651], [-73.90041554835338, 40.649054760233135], [-73.9004231237626, 40.64904239879131], [-73.90043072446035, 40.649029993454285], [-73.90043831794799, 40.64901758811052], [-73.9004458969688, 40.64900521569117], [-73.90044964678023, 40.648999067873845], [-73.90045347963152, 40.64899281582652], [-73.90045645633077, 40.648987954644014], [-73.9004610586508, 40.64898044066134], [-73.90046325866348, 40.648976846897085], [-73.90046865211488, 40.6489680435498], [-73.90047623473222, 40.64895566838671], [-73.90048379217421, 40.648943257519065], [-73.90049134236911, 40.64893087134772], [-73.90049891061241, 40.6489184632332], [-73.90050646800096, 40.64890608255663], [-73.90051403262265, 40.648893682672316], [-73.90052160446942, 40.64888126906979], [-73.90052915465031, 40.64886888289588], [-73.90053671204393, 40.648856491238135], [-73.90054426219876, 40.6488441187871], [-73.90055183405063, 40.64883169420341], [-73.90055937701294, 40.64881930802122], [-73.90056691641375, 40.64880689164281], [-73.90057447017743, 40.64879450821367], [-73.90058203476976, 40.6487821110695], [-73.90058961379448, 40.64876970021337], [-73.90059717835665, 40.64875731953688], [-73.90060477537368, 40.6487449224192], [-73.90061236874331, 40.648732552745685], [-73.90061997295795, 40.64872015837795], [-73.90062757352932, 40.648707788709686], [-73.90063519214485, 40.64869539984292], [-73.90064280351338, 40.64868303567247], [-73.90064848589392, 40.64867377418706], [-73.90065043653388, 40.64867064956193], [-73.90065603220751, 40.64866153347483], [-73.90065805147593, 40.64865830186224], [-73.90066357850607, 40.648649300996425], [-73.90066568445809, 40.64864593770889], [-73.90067114284471, 40.64863705206438], [-73.90067331029952, 40.6486335268875], [-73.90067870717655, 40.648624805876615], [-73.90068094326371, 40.64862117096748], [-73.90068624990806, 40.64861254320097], [-73.90068860868678, 40.64860879586144], [-73.90069385019336, 40.64860034919418], [-73.9006962596555, 40.648596445445456], [-73.90070142170784, 40.648588113990186], [-73.90070391786548, 40.64858407033215], [-73.90070900043506, 40.64857587330239], [-73.90071156882856, 40.64857171991512], [-73.90071657915949, 40.64856363261404], [-73.90071923063658, 40.64855934480389], [-73.90072417231623, 40.64855137821376], [-73.90072688159398, 40.648546994385796], [-73.900731718598, 40.648539140241176], [-73.90073451097966, 40.648534608266374], [-73.9007392972773, 40.64852692425434], [-73.9007421691346, 40.648522260598234], [-73.90074683272621, 40.64851469725051], [-73.900749791295, 40.64850988270591], [-73.90075444026198, 40.64850245932929], [-73.90075751072709, 40.64849752136564], [-73.90076204060806, 40.648490207677355], [-73.90076516887352, 40.64848517369597], [-73.90076962289221, 40.64847798345724], [-73.90077280542378, 40.64847280679359], [-73.90077720156579, 40.64846576197824], [-73.90078045273725, 40.64846047009261], [-73.90078478746847, 40.64845352403628], [-73.9007881289466, 40.64844808675472], [-73.9007923661732, 40.64844127785323], [-73.90079577267524, 40.648435733580904], [-73.9007999449038, 40.64842901245617], [-73.90080341643367, 40.6484233584483], [-73.90080749476557, 40.64841677173678], [-73.90081103854286, 40.648410999765254], [-73.9008150410454, 40.64840451454504], [-73.90081865347048, 40.648398621861936], [-73.90082258374734, 40.64839223813628], [-73.90082626121645, 40.648386224738445], [-73.9008300867736, 40.648379983651026], [-73.90083383289041, 40.64837384954165], [-73.90083757901469, 40.64836770994252], [-73.90084137578124, 40.64836144138204], [-73.90084506407834, 40.64835541426899], [-73.90084892583172, 40.64834906342074], [-73.9008524986677, 40.6483431322754], [-73.90085643990807, 40.648336641511364], [-73.90085992609588, 40.64833081733774], [-73.90086390710962, 40.64832423602979], [-73.90086730664117, 40.64831852431742], [-73.90087136354634, 40.64831179760105], [-73.9008746583708, 40.64830622029264], [-73.90087877670383, 40.64829938109273], [-73.9008820101671, 40.64829386960608], [-73.90088576366098, 40.64828761473077], [-73.9008893223041, 40.64828152986403], [-73.90089272901822, 40.648275831880994], [-73.90089669208466, 40.648269198405536], [-73.90090095166501, 40.64826188173385], [-73.90090391792428, 40.64825672683844], [-73.9009065226805, 40.64825233742646], [-73.90091242585001, 40.648242376197636], [-73.90091806201734, 40.64823263706605], [-73.9009267548236, 40.648217545491434], [-73.90094681417833, 40.64818261341989], [-73.90097698377724, 40.648129321947536], [-73.9009849544183, 40.64811517944228], [-73.9009917147029, 40.64810314663428], [-73.90099850032463, 40.64809103699373], [-73.90100540160256, 40.64807869689036], [-73.90101256307724, 40.64806586020438], [-73.90101905612455, 40.648054203200296], [-73.90102673076055, 40.64804038981151], [-73.90103345511987, 40.64802827188177], [-73.90104098167907, 40.6480146752026], [-73.90104821195524, 40.648001605266764], [-73.90105205288138, 40.647994691712576], [-73.90105497612177, 40.64798936934416], [-73.90106162106053, 40.64797733917751], [-73.90106618472196, 40.64796907032066], [-73.90107511331645, 40.64795288651273], [-73.90108210156592, 40.64794020063646], [-73.90108907174576, 40.647927547681604], [-73.9010960310876, 40.64791491118572], [-73.90110300489827, 40.64790223627486], [-73.9011099895457, 40.647889542159376], [-73.90111695973528, 40.64787687547885], [-73.90112393712538, 40.64786421154888], [-73.90113092531968, 40.647851550372536], [-73.90113791711089, 40.64783889194364], [-73.90114492330993, 40.64782623627147], [-73.90115456002354, 40.64780880693329], [-73.90116533465998, 40.64778949839426], [-73.90117204077184, 40.647777501210975], [-73.90117873963335, 40.64776553146885], [-73.90118544929112, 40.64775356997003], [-73.90119213379838, 40.64774155629827], [-73.90119880721186, 40.647729732006724], [-73.90121239599065, 40.64770573504256], [-73.90122411664849, 40.6476851400061], [-73.90122997322274, 40.64767494266882], [-73.90123586598176, 40.64766464380529], [-73.90124643746873, 40.64764621341523], [-73.90125486992844, 40.647631618397575], [-73.90126209924381, 40.64761914132059], [-73.90126936462511, 40.647606642315885], [-73.90127658297399, 40.64759426678565], [-73.90128387350615, 40.64758181446289], [-73.90129121092323, 40.647569334732076], [-73.90129854102068, 40.64755692910368], [-73.90130588549337, 40.647544548190176], [-73.90131096477302, 40.647536035479845], [-73.9013218060676, 40.647517890771866], [-73.90132915748725, 40.647505680039494], [-73.9013368447503, 40.64749298925732], [-73.9013442212679, 40.647480860889104], [-73.90135180723057, 40.64746843626316], [-73.90135939671687, 40.64745606379071], [-73.90136715585808, 40.64744349658346], [-73.90137440929837, 40.64743173590891], [-73.90138409359092, 40.64741617030098], [-73.90139651955525, 40.64739618244868], [-73.90140548481777, 40.64738190352675], [-73.90141311391584, 40.64736953657415], [-73.90142094472368, 40.64735723017922], [-73.90142857742367, 40.647344860483905], [-73.90143620288123, 40.64733251274009], [-73.90144385361793, 40.64732012659046], [-73.90145150434775, 40.647307743185074], [-73.90145919466572, 40.6472953927505], [-73.90146688137719, 40.64728304231228], [-73.90147456087864, 40.64727069186744], [-73.90148222954211, 40.64725835788143], [-73.90148991268201, 40.64724597999076], [-73.90149758860781, 40.64723360483814], [-73.90150524648442, 40.647221248883056], [-73.9015128971591, 40.64720888743172], [-73.90152056590966, 40.647196484823496], [-73.90152819855258, 40.64718412884523], [-73.90153583478005, 40.64717178384866], [-73.90154348187623, 40.64715939768908], [-73.90155114333537, 40.64714704447867], [-73.9015587651805, 40.64713467202039], [-73.90156639782947, 40.64712230231557], [-73.90157402326848, 40.647109932604074], [-73.9015816270548, 40.64709758208701], [-73.90158925613224, 40.64708518492976], [-73.90159687439201, 40.64707279050751], [-73.90160447821033, 40.647060412541045], [-73.90161207481864, 40.647048034567966], [-73.90161966782459, 40.64703565384646], [-73.90162725362458, 40.647023270373474], [-73.90163482497911, 40.64701090610113], [-73.90164241801303, 40.646998500675025], [-73.90165001464368, 40.6469860979963], [-73.90165762564943, 40.64697372003242], [-73.90166521503488, 40.64696133930474], [-73.90167282970326, 40.646948917426336], [-73.90168041547146, 40.646936542184115], [-73.90168797600361, 40.646924172409335], [-73.90169557621687, 40.64691177247535], [-73.90170318360211, 40.64689939450527], [-73.90171078377732, 40.646887016528446], [-73.90171838755334, 40.64687463855425], [-73.90172599492608, 40.64686226332736], [-73.901733591461, 40.64684990455942], [-73.90174121327472, 40.646837507385584], [-73.90174882786226, 40.64682512118417], [-73.90175626545961, 40.64681301479918], [-73.90176368504044, 40.64680090565349], [-73.90177110458215, 40.646788821210386], [-73.90177854219161, 40.646776701099995], [-73.90178598702975, 40.64676456452657], [-73.90179340658364, 40.64675246635802], [-73.90180081531602, 40.64674037366937], [-73.90180824572772, 40.6467282398269], [-73.9018156616942, 40.64671612518514], [-73.9018232185687, 40.646703758142884], [-73.90183080794121, 40.6466913444665], [-73.90183838650015, 40.646678930780396], [-73.90184595421732, 40.64666653629798], [-73.90185351472054, 40.64665414455372], [-73.90186106439404, 40.64664176377881], [-73.9018686357427, 40.64662934459494], [-73.9018761998774, 40.646616928149164], [-73.90188375677384, 40.64660453091017], [-73.90189130282857, 40.646592152874945], [-73.90189887056643, 40.64657973094114], [-73.90190643469386, 40.64656731174848], [-73.90191398797553, 40.6465549145044], [-73.90192153765489, 40.64654251451193], [-73.90192907649653, 40.646530130978434], [-73.9019366370132, 40.64651770903588], [-73.90194419391949, 40.646505289834536], [-73.90195173998806, 40.646492887092165], [-73.90195928245028, 40.64648048434622], [-73.90196681406674, 40.646468103548756], [-73.90197437097386, 40.64645567611106], [-73.90198192426658, 40.646443254159244], [-73.90198946311402, 40.64643085140819], [-73.9019970055622, 40.64641844865967], [-73.90200453356518, 40.646406065111826], [-73.90201208685065, 40.64639364041324], [-73.90201964013335, 40.64638121571413], [-73.90202717896676, 40.64636881296051], [-73.90203472140092, 40.646356410209414], [-73.90204225299347, 40.64634402666211], [-73.90204980986844, 40.646331601963965], [-73.90205736312905, 40.646319182751895], [-73.90206490915556, 40.646306780001844], [-73.90207245517925, 40.64629437725127], [-73.90207999035725, 40.64628199644925], [-73.90208755442124, 40.64626957449947], [-73.90209511847841, 40.646257155294016], [-73.9021026680904, 40.64624475528927], [-73.9021102104643, 40.646232374491305], [-73.90211777451704, 40.64621995253949], [-73.90212533855495, 40.64620753882157], [-73.90213289536275, 40.646195138820836], [-73.90214044856425, 40.646182738816584], [-73.9021479909201, 40.646170360760856], [-73.90215555856233, 40.646157938809566], [-73.90216312259417, 40.64614551959945], [-73.90217067217688, 40.64613312233485], [-73.90217822176481, 40.64612071958018], [-73.90218576050712, 40.646108338774056], [-73.9021933209282, 40.64609591681403], [-73.90220087774297, 40.646083494850444], [-73.9022084201126, 40.64607109208759], [-73.90221595886382, 40.64605869755547], [-73.90225644840154, 40.64599215993996], [-73.90240244892956, 40.64575832662283]]]}, "properties": {"objectid": "3", "service_name": "14 St-Canarsie Local", "service": "L", "shape_stlength": "54130.28254204164"}}]}