{"type": "FeatureCollection", "features": [{"type": "Feature", "geometry": {"type": "MultiLineString", "coordinates": [[[-74.25257385270797, 40.51227138286471], [-74.25155579913508, 40.51295149269469], [-74.25137039411538, 40.513075569921895], [-74.25121335798819, 40.51318562455759], [-74.25105523377708, 40.513294333645575], [-74.25100331060044, 40.51333306969685], [-74.25095041351051, 40.51337105302595], [-74.2509406462802, 40.51337791723962], [-74.25084291380625, 40.51344397108816], [-74.25074226909334, 40.51350742637259], [-74.25063883055789, 40.51356821146112], [-74.25017268039429, 40.513811923481754], [-74.24957382044516, 40.51408702389939], [-74.24953111044279, 40.514106640728215], [-74.2494866914432, 40.5141270435321], [-74.24945579345876, 40.51414124106827], [-74.24944242683691, 40.51414738559692]], [[-74.25250298423393, 40.51244209699393], [-74.25158235721045, 40.51306395599968], [-74.25118499653617, 40.51334347860699], [-74.25110585500634, 40.513395397296065], [-74.25102511470816, 40.51344586741237], [-74.25101283581449, 40.513453324518814], [-74.25090645120488, 40.51351577416913], [-74.25079764027913, 40.51357573671751], [-74.25068647108598, 40.51363313515325], [-74.25044319228681, 40.51375905552327], [-74.25019617053518, 40.513880663173516], [-74.24994554587197, 40.513997891899166], [-74.2497883065583, 40.51407402167428], [-74.24962927120933, 40.51414794280728], [-74.24958791268706, 40.514166392910454], [-74.24954043957187, 40.51418756818354], [-74.24951142504793, 40.514200518232286], [-74.24947576813501, 40.51421642791279], [-74.24929188679943, 40.51429489311812], [-74.24911365398926, 40.51436727969688], [-74.24910590098041, 40.51437042837339], [-74.24910557048787, 40.51437053064932], [-74.24905373317311, 40.514385536583184], [-74.24872031274458, 40.5144820952795]], [[-74.25014330015925, 40.51379241688957], [-74.2503389292374, 40.513685304360614], [-74.25045738411697, 40.51362571097008], [-74.2505731951554, 40.51356316704815], [-74.2506862223022, 40.51349773054992], [-74.25076432102594, 40.51345052730097], [-74.25084045271694, 40.513401489262236], [-74.25091455281381, 40.51335066324075], [-74.25092458875055, 40.51334352670375], [-74.25100437640602, 40.5132845552614], [-74.2511227404445, 40.51319825144875], [-74.25124441951235, 40.51311467685051], [-74.2515664096701, 40.5128963834662], [-74.25244974072436, 40.512293636518265], [-74.25254046049643, 40.51223420077862]], [[-74.25014330015925, 40.51379241688957], [-74.25019166387627, 40.51375467987284], [-74.25024156763484, 40.51371812524375], [-74.25029296483619, 40.513682794274324], [-74.2503458016584, 40.51364872001795], [-74.25040002792764, 40.513615949244205], [-74.25058237555967, 40.51351294408754], [-74.2506860009121, 40.513451156779034], [-74.25078722231336, 40.51338708818674], [-74.25088595723913, 40.513320790649054], [-74.25089644218464, 40.51331351040192], [-74.25095212832892, 40.51327410741243], [-74.25112183763386, 40.51314938998074], [-74.25129779317444, 40.5130284876558], [-74.25147488458205, 40.51290855423943], [-74.25210323052582, 40.5124855727749], [-74.25250703164468, 40.51220825609407]], [[-74.25014330015925, 40.51379241688957], [-74.24956996005389, 40.514082791533525], [-74.24952842059643, 40.51410382763727], [-74.24948541293631, 40.514125605276256], [-74.24945539263891, 40.514140808256556], [-74.24944242683691, 40.51414738559692]], [[-74.24944242683691, 40.51414738559692], [-74.24941839703524, 40.51415842262254], [-74.24932061905145, 40.51420333734006]], [[-74.24944242683691, 40.51414738559692], [-74.24942073090199, 40.514158362654236], [-74.24941909376432, 40.51415912378459], [-74.24932061905145, 40.51420333734006]], [[-74.24932061905145, 40.51420333734006], [-74.24918786367381, 40.514260306349975], [-74.24905347039417, 40.51431499780727], [-74.24898257954926, 40.514342674007956], [-74.24869402672178, 40.51445419067192], [-74.24866990305443, 40.51446229352192], [-74.24864615931351, 40.51447101587501], [-74.24862282071413, 40.51448036865608], [-74.2485999303519, 40.514490335303016], [-74.24857750611669, 40.514500891074015], [-74.24855556242436, 40.51451204417248], [-74.2485341458956, 40.514523758815066], [-74.24851327091585, 40.51453603497087], [-74.24849296259875, 40.514548856116846], [-74.24847324963389, 40.514562200232554], [-74.24845414999322, 40.514576064534594]], [[-74.24872031274458, 40.5144820952795], [-74.24875877506817, 40.514468079175636], [-74.24905361012227, 40.514352505584824], [-74.2492509453639, 40.514270920869315], [-74.24944633530892, 40.514186674812336], [-74.24948302970186, 40.514170260582155], [-74.24951311406404, 40.514156803166365], [-74.24955919743496, 40.51413618812644], [-74.24960139233184, 40.514117313511136], [-74.24974122182077, 40.51405279132921], [-74.25046499744043, 40.513708192927716], [-74.25053832558156, 40.51366905631687], [-74.25062773436562, 40.51362063721733], [-74.25071505974597, 40.51357004594958], [-74.25080019400264, 40.51351732941573], [-74.2508830546116, 40.5134625399529], [-74.25096354833313, 40.51340574913529], [-74.25096581908689, 40.513404212555585], [-74.25097540058486, 40.5133976891047], [-74.25270785597652, 40.51221906239796]], [[-74.24845414999322, 40.514576064534594], [-74.24872031274458, 40.5144820952795]], [[-74.2480142935263, 40.51472003786942], [-74.24823504923538, 40.51464951810691], [-74.24845414999322, 40.514576064534594]], [[-74.2480142935263, 40.51472003786942], [-74.24752215942304, 40.51490650241242], [-74.24751452400442, 40.51490939271352], [-74.24648160818117, 40.51520909726707], [-74.24564105750025, 40.51543061999377], [-74.24553464495573, 40.51545830419764], [-74.24550519529886, 40.51546575078049], [-74.24529387400949, 40.51551642745692], [-74.24508083883792, 40.51556273763713], [-74.24486625157401, 40.51560465626302], [-74.24458580641407, 40.51565789727463], [-74.24437600862154, 40.51570263469353], [-74.24416829455694, 40.51575273892336], [-74.24396292295282, 40.5158081627633], [-74.24376010934601, 40.51586884812653], [-74.2435601087878, 40.51593472311988], [-74.24336312232485, 40.516005699496986], [-74.24316937987898, 40.51608171639993], [-74.24294975540232, 40.516177297995775], [-74.24273228048612, 40.51627569905102], [-74.24251700901047, 40.51637690573982], [-74.24230172587376, 40.51648202068162], [-74.24104211333405, 40.517083012253174], [-74.24091190148894, 40.51714272211664], [-74.24077986809604, 40.5172000366739], [-74.24077793599473, 40.51720083398195], [-74.24074393393681, 40.517214881963966], [-74.24067785825558, 40.517242172364355], [-74.2406768455124, 40.51724258895681], [-74.24060339930456, 40.51727159381683], [-74.24057281049012, 40.51728368027603], [-74.24040860067946, 40.51734483872183], [-74.24024216918369, 40.51740236194124], [-74.24007363458362, 40.51745621399391], [-74.2398976361626, 40.51750790475053], [-74.23971972405711, 40.51755558080657], [-74.23954002405804, 40.51759920895276], [-74.23935870869377, 40.5176387503935], [-74.23917593612737, 40.51767417185367], [-74.23908585650867, 40.51769170408376], [-74.2390641731098, 40.517695918639724], [-74.23799915008568, 40.51790312930107], [-74.23577526451741, 40.51834076477553], [-74.23472351138095, 40.5185481263397], [-74.2347229578727, 40.518548234519784], [-74.23470451250809, 40.5185518734501], [-74.23462453102596, 40.518567644049085], [-74.23454456746052, 40.518583406321135], [-74.23452315326394, 40.51858762770218], [-74.2345175535026, 40.5185887288395], [-74.2327599880128, 40.51893522022234], [-74.23150555800638, 40.5191825736496], [-74.2314900739733, 40.51918563242114], [-74.23147618216773, 40.51918836957987], [-74.23142620766113, 40.51919823369504], [-74.23142591291347, 40.51919828644096], [-74.23141144245429, 40.51920114553086], [-74.23113435014177, 40.519255779648475], [-74.23108834033872, 40.51926495766073], [-74.23043214294388, 40.51939581893], [-74.2299918889036, 40.51948229655576]], [[-74.22964111624225, 40.51955081801422], [-74.22985981644273, 40.51950824444686], [-74.2299918889036, 40.51948229655576]], [[-74.22962318056621, 40.51955431237592], [-74.22948839329622, 40.519580553476516], [-74.22903900164908, 40.51967033401104], [-74.22882096332766, 40.519713236816315], [-74.22878899189605, 40.51971953404541], [-74.22869626926942, 40.51973778252048], [-74.22860360408325, 40.519756014337155], [-74.22857983122955, 40.51976068945641], [-74.22846768832574, 40.51978275055325], [-74.2279557309558, 40.51988378162124], [-74.22721548601432, 40.52002920992162], [-74.226361560791, 40.52019865531464], [-74.22565985362961, 40.52033606227149], [-74.22535930933515, 40.520399572354016], [-74.22506005284087, 40.52046650192031], [-74.22476212726585, 40.520536850895795], [-74.22446562957974, 40.52061058890797], [-74.22417060648169, 40.52068771038696], [-74.22387712617872, 40.52076818776274], [-74.22364112565208, 40.52083470202464], [-74.2226717932189, 40.52110924917418], [-74.22210321964555, 40.52126938587379], [-74.22192011845225, 40.52132096118737], [-74.22184634886226, 40.52134193425858]], [[-74.23496940883513, 40.519677799958465], [-74.23494780405429, 40.519674962115026], [-74.2349174731337, 40.51967097008592], [-74.23486530759125, 40.5196652605493], [-74.23486481109097, 40.519665217647976], [-74.23481294455642, 40.519660665792394], [-74.23478133627664, 40.519658570270465], [-74.23476044518982, 40.519657191179476], [-74.23475538379036, 40.51965696547603], [-74.23470575552689, 40.51965477228964], [-74.23465098377652, 40.5196535585202], [-74.23459619835025, 40.51965357168987], [-74.23454143517372, 40.51965480074593], [-74.233494126349, 40.519641230061474], [-74.23319900653881, 40.519632824239814], [-74.23290422077591, 40.51961910574342], [-74.2326099382233, 40.519600087956285], [-74.23231633517005, 40.51957576503603], [-74.2320235628707, 40.51954617236489], [-74.23114498192822, 40.51944298830399], [-74.23108893987234, 40.51943839102306], [-74.2309769168281, 40.519431249386045], [-74.23086465853144, 40.519426800787144], [-74.23075227653283, 40.51942506421505], [-74.23063987148828, 40.51942602848792], [-74.23052755854465, 40.5194297125881], [-74.23039288604367, 40.519437942974704], [-74.23025861687603, 40.51944946069548], [-74.23012491283573, 40.51946425444805], [-74.2299918889036, 40.51948229655576]], [[-74.22184634886226, 40.52134193425858], [-74.2217616876334, 40.52136170138803], [-74.22167644213548, 40.52137992150215], [-74.22159064834185, 40.521396594530124], [-74.22133512659418, 40.521448885102615]], [[-74.22133512659418, 40.521448885102615], [-74.22184987803877, 40.52130204238931], [-74.222103090328, 40.5212304645085], [-74.22294741732398, 40.52099180933123], [-74.2238002393333, 40.520748319686724], [-74.22399919965537, 40.520693611511376], [-74.2243187112512, 40.520609391164136], [-74.22463983848183, 40.520528822870666], [-74.22496249866876, 40.52045190677959], [-74.22528662001707, 40.520378670467316], [-74.22561214865215, 40.52030912226197], [-74.22593898397953, 40.52024328156357], [-74.22658005183632, 40.52011754558116], [-74.2272556436707, 40.5199847411058], [-74.22811295397123, 40.519815858735086], [-74.22851940035085, 40.51973589225448], [-74.22854269154992, 40.519731308685984], [-74.22863569816215, 40.51971300487283], [-74.22872888086842, 40.51969467318504], [-74.2287607085474, 40.519688411941914], [-74.22903954819753, 40.519633546766784], [-74.22961251763756, 40.519521203659664], [-74.22963043886185, 40.51951769285954], [-74.22966774056647, 40.51951037737959], [-74.23001024287636, 40.51944253940462], [-74.23039357219018, 40.519366738070545], [-74.23073505230633, 40.51929911407731], [-74.2310882165725, 40.519229154400584], [-74.23113043101155, 40.519220782775115], [-74.23139386841639, 40.51916878652396], [-74.23141102376766, 40.51916539501684], [-74.23141546987218, 40.51916452143291], [-74.23145720274906, 40.51915628789928], [-74.23147571672766, 40.51915263013956], [-74.23148703860849, 40.51915039223237], [-74.23395716608478, 40.51866277775561], [-74.23451001993243, 40.51855428842635], [-74.23451517402414, 40.518553278779216], [-74.2345370375411, 40.51854898511603], [-74.23461700848203, 40.51853328596505], [-74.23469710161362, 40.51851757003941], [-74.23471502585996, 40.518514047458595], [-74.23471611132491, 40.51851383937697], [-74.23702049035391, 40.51806160400982], [-74.23905268264005, 40.51766092955926], [-74.23907435863876, 40.51765666012436], [-74.23937265021561, 40.51759784535677], [-74.2395503943487, 40.5175594010433], [-74.23972654493318, 40.517516933121065], [-74.2399009726008, 40.51747048029525], [-74.24007350487501, 40.51742009508616], [-74.24023388192406, 40.517369150410154], [-74.24039232587478, 40.51731479499312], [-74.24054871462151, 40.51725708399538], [-74.24058361663748, 40.517243242791935], [-74.24058547703791, 40.51724250876847], [-74.24061568676785, 40.51723002784536], [-74.24069051792188, 40.51719910967343], [-74.24075685208373, 40.517171700695805], [-74.24079038364793, 40.51715784309], [-74.24079102999325, 40.517157553527234], [-74.24097235570763, 40.517077575746995], [-74.24115149083765, 40.51699365796467], [-74.242434659209, 40.51637707970787], [-74.24245657799216, 40.51636654267856], [-74.2427433342631, 40.51622957629606], [-74.24290196904273, 40.516154803714166], [-74.24306357728211, 40.516083842670234], [-74.24322802265135, 40.51601678127519], [-74.24339512552515, 40.51595366930468], [-74.2435647422854, 40.51589456743827], [-74.24373668617795, 40.515839541937275], [-74.24384086987662, 40.515805847476784], [-74.24394633900144, 40.51577455465849], [-74.24405299652673, 40.51574568289896], [-74.2441607238984, 40.515719265385115], [-74.24426945286383, 40.51569532147294], [-74.2451893493328, 40.515505860873745], [-74.24549259703346, 40.51543449492345], [-74.24552215196377, 40.51542731711173], [-74.24584489215218, 40.51534620830824], [-74.24616566602792, 40.51526069187368], [-74.24648438014842, 40.51517080096299], [-74.24679244592106, 40.515085271634646], [-74.24709916277668, 40.51499697210485], [-74.24740450556816, 40.5149059189075], [-74.24770840600208, 40.514812131414594], [-74.2480142935263, 40.51472003786942]], [[-74.22098422261934, 40.521548745423345], [-74.22103769032549, 40.52153374082427], [-74.22133512659418, 40.521448885102615]], [[-74.22098422261934, 40.521548745423345], [-74.22089159779176, 40.52158384610692], [-74.22079800027332, 40.52161741971915], [-74.22066127026054, 40.521668706186524], [-74.22052326014378, 40.521717988482926]], [[-74.22052326014378, 40.521717988482926], [-74.2209857039189, 40.521586645855], [-74.22184634886226, 40.52134193425858]], [[-74.21985080067304, 40.521909209274256], [-74.22005576565071, 40.52185074976552], [-74.22052326014378, 40.521717988482926]], [[-74.21985080067304, 40.521909209274256], [-74.21973945013106, 40.52193355498337], [-74.21962715183312, 40.52195519325593], [-74.21932520562788, 40.52201524268959]], [[-74.21932520562788, 40.52201524268959], [-74.21986818370846, 40.52186201440543], [-74.22098422261934, 40.521548745423345]], [[-74.21932520562788, 40.52201524268959], [-74.21898576715436, 40.52211103185163], [-74.21876930677537, 40.52216897885839], [-74.21855199104431, 40.522225055114376], [-74.2182503340739, 40.52229944561619], [-74.21794720436651, 40.522370236910476], [-74.21764265585682, 40.52243740966969], [-74.21733676043799, 40.52250093629822], [-74.21702960445432, 40.52256080838784], [-74.21672437397788, 40.52261788178794], [-74.21665774661646, 40.5226294370095], [-74.21657689787602, 40.52264344819439], [-74.21649938876546, 40.522656887589804], [-74.21643086319015, 40.522668759169555], [-74.21611764168786, 40.52271875065032], [-74.21580332340129, 40.52276451356356], [-74.21548798387809, 40.52280603403443], [-74.21495394894048, 40.52287228800154], [-74.21412410663741, 40.522969970916016], [-74.2140001290344, 40.52298481006322], [-74.21394382292914, 40.52299154102388], [-74.21390563833062, 40.52299610820665], [-74.21386457729359, 40.5230010183491], [-74.21379915291014, 40.52300885043197], [-74.21311697065492, 40.5230904544836], [-74.21307058451866, 40.52309600828237], [-74.21139275318781, 40.52329894724052], [-74.21137883088099, 40.52330052919324], [-74.21106669160554, 40.523336550201364], [-74.21075470917918, 40.523373368815655], [-74.21044289439044, 40.523410987762404], [-74.21013124723703, 40.523449409787844], [-74.20975295118855, 40.52350131457062], [-74.20970060227864, 40.523508497347585], [-74.20965015173923, 40.523515424109824], [-74.20959905040499, 40.523522434382805], [-74.20954740973708, 40.52352951423817], [-74.20933306661146, 40.523558931820965], [-74.20736812203211, 40.5238408425543], [-74.20668298912567, 40.52393895671383], [-74.20663502687229, 40.52394582551767], [-74.20658030529833, 40.52395365891943], [-74.20652490059746, 40.5239615923377], [-74.20647457974181, 40.52396879744142], [-74.20563776927035, 40.52408862886785], [-74.2053305105847, 40.5241325306107], [-74.20527652212961, 40.52414024679636], [-74.20522895862175, 40.524147040188815], [-74.20517497013479, 40.524154753581875], [-74.205124141986, 40.5241620138962], [-74.20445992710735, 40.52425690712232], [-74.20412838706305, 40.52430427991828], [-74.20381597414473, 40.52434890865671], [-74.20343309049427, 40.52440832978496], [-74.20309868622395, 40.524467688575584], [-74.20276712416016, 40.52453573422362], [-74.2024388031893, 40.5246123809605], [-74.20211410423555, 40.52469754854318], [-74.20179341896194, 40.52479113749983], [-74.20147709944712, 40.52489304019782], [-74.20116553725295, 40.52500311874551], [-74.20086413961492, 40.52511931059282], [-74.20085908446548, 40.525121262772366], [-74.20084277045545, 40.5251279475107], [-74.2007927937535, 40.52514843171381], [-74.20073612398512, 40.52517165595266], [-74.20071954049615, 40.525178448192726], [-74.20071658026038, 40.52517968579396], [-74.20068082050601, 40.525194699361464], [-74.20045121282207, 40.52529596725877], [-74.20022634175798, 40.525403243083666], [-74.20000645866534, 40.52551639192958], [-74.19979185088879, 40.525635284318206], [-74.19958274816105, 40.52575976891432], [-74.19937943416059, 40.52588968880029], [-74.19918211711637, 40.52602491463865], [-74.19899105545068, 40.52616525936438], [-74.19880647893082, 40.526310574390216], [-74.19862859202041, 40.52646066725595], [-74.1984576244593, 40.52661537565088], [-74.19792354333305, 40.52716056019844], [-74.19755666995378, 40.52754828611084]], [[-74.19755666995378, 40.52754828611084], [-74.19766169773577, 40.52741867325416], [-74.19776144455568, 40.52728664571944], [-74.19785581370996, 40.52715233818337], [-74.19790070810205, 40.52708138126576], [-74.19793492904195, 40.527028415826926], [-74.19797147997934, 40.52697636587477], [-74.19801032149674, 40.52692528362666], [-74.19805139622393, 40.52687523231012], [-74.19809465756632, 40.52682626964446], [-74.1983733025458, 40.52653586940673], [-74.19863277164752, 40.52627418779861], [-74.19888153035434, 40.52602705523938]], [[-74.19755666995378, 40.52754828611084], [-74.19720611935048, 40.52791875354848], [-74.19698171124132, 40.528156140439656], [-74.19659379218491, 40.52856646725779], [-74.19588729354892, 40.52931424986471], [-74.19570059977497, 40.529512044427804], [-74.19562139272195, 40.52959598430128]], [[-74.19541123914233, 40.52987977517475], [-74.19573854358555, 40.52953288978643], [-74.19592523732966, 40.52933510339638], [-74.197015936005, 40.52817970364261], [-74.19704015935277, 40.52815403367025], [-74.19754634385346, 40.5276168969734], [-74.19794826065194, 40.527193828737175], [-74.19814517319217, 40.526983243912696], [-74.19829580308878, 40.52682691050538], [-74.1984528641952, 40.526674306971934], [-74.19861620588124, 40.52652559000152], [-74.1987856451152, 40.5263809053599], [-74.19896102045305, 40.52624039877562], [-74.19914217047243, 40.52610422146678], [-74.19932887610487, 40.525972491813995], [-74.19952099033476, 40.52584536375582], [-74.19971334181325, 40.52572805867945], [-74.19991024191415, 40.5256152386314], [-74.20011151824318, 40.52550698623361], [-74.20031696611908, 40.52540341161322], [-74.20052640237301, 40.52530460015748], [-74.20073689222167, 40.525211871746585], [-74.20073965107525, 40.52521065096592], [-74.20075696714875, 40.52520345395291], [-74.20081333058896, 40.525180029867705], [-74.2008634213898, 40.52515920509806], [-74.20087965248446, 40.525152457371], [-74.20088487271863, 40.525150378639864], [-74.20098920172182, 40.52510877939577], [-74.20129847277835, 40.5249937180042], [-74.20161278188249, 40.52488690335435], [-74.20193176624514, 40.524788473284524], [-74.20225502342741, 40.52469853551321], [-74.20258217623494, 40.52461721693218], [-74.20291282575741, 40.524544597813446], [-74.20324656951036, 40.52448076392932], [-74.20412852393349, 40.52434909988618], [-74.20446990534926, 40.52429813580192], [-74.20512568725869, 40.524200230048855], [-74.20513082869222, 40.52419949897294], [-74.20518125774976, 40.5241922860311], [-74.20523501257371, 40.52418460873558], [-74.20528358640563, 40.52417766805829], [-74.20533810702027, 40.5241698795521], [-74.20647849597498, 40.52400694618224], [-74.2065282056833, 40.52399984099002], [-74.20658225500314, 40.523992115871145], [-74.20663708091978, 40.52398428228075], [-74.20668483112503, 40.52397746051988], [-74.20689119846558, 40.52394797442828], [-74.20956978311281, 40.5235675029217], [-74.20961996331096, 40.523560379061294], [-74.20967074390023, 40.52355316350314], [-74.20971942480644, 40.523546248199494], [-74.20977368566928, 40.52353854040365], [-74.20981080753691, 40.52353326562981], [-74.21171686830864, 40.52329990622427], [-74.21309195197364, 40.52313153878914], [-74.21311709207478, 40.52312853868715], [-74.21380387821647, 40.52304676137139], [-74.21387098547342, 40.52303876695069], [-74.21391253558774, 40.5230338174671], [-74.21395027083281, 40.52302932522988], [-74.21400783550396, 40.5230224738923], [-74.21404605611461, 40.5230179175877], [-74.21473882009109, 40.522934531528655], [-74.21521495481362, 40.522877859520605], [-74.21551410415348, 40.522840484689695], [-74.21581255972005, 40.52280000324204], [-74.21611027115222, 40.522756426257104], [-74.21640717006049, 40.52270975112461], [-74.21647356146707, 40.52269860272773], [-74.21654995395942, 40.522685769317675], [-74.21663003843716, 40.5226723195383], [-74.21669742913957, 40.522660996202], [-74.21682851162713, 40.522637966632566], [-74.21714925904497, 40.52257755608995], [-74.21746887989816, 40.52251377888476], [-74.21778731659187, 40.52244663513559], [-74.21810450442773, 40.52237615242326], [-74.21833459124028, 40.52232047542913], [-74.21856396358835, 40.522263116755916], [-74.2185642942295, 40.52226303378161], [-74.21881095691695, 40.52219925722946], [-74.21905673869628, 40.52213352751212], [-74.21930160360704, 40.52206585293846], [-74.21985080067304, 40.521909209274256]], [[-74.19541123914233, 40.52987977517475], [-74.19551469155567, 40.5297414220004], [-74.19562139272195, 40.52959598430128]], [[-74.19419341675822, 40.531167897226865], [-74.19441726518683, 40.5309303356646], [-74.19454245508574, 40.530794018909525], [-74.19463439039687, 40.53069832410572], [-74.19473641772154, 40.53059213238301], [-74.19476487971379, 40.53056250316658], [-74.19481153347287, 40.53051318192292], [-74.1948829969017, 40.53043763295632], [-74.19497436026926, 40.5303410495249], [-74.19506790019473, 40.53024215667173], [-74.19511604574468, 40.530191383502135], [-74.19515300207956, 40.530152399125235], [-74.19536290470168, 40.52993099894222], [-74.19541123914233, 40.52987977517475]], [[-74.19419341675822, 40.531167897226865], [-74.19414416148526, 40.531234654970596], [-74.19411657679939, 40.53127051603487], [-74.1940596333486, 40.531344546791296], [-74.19398115717662, 40.531453706434945], [-74.1939152552044, 40.53154855250483], [-74.19389505035885, 40.53157762134243], [-74.19379894488746, 40.53171600454249], [-74.1937167654915, 40.53182618034598], [-74.19363360100344, 40.531926720686116], [-74.19350065641746, 40.532076043481766], [-74.19338533275057, 40.532202230542666], [-74.19318698531201, 40.532420989045974], [-74.19302645815836, 40.53260424798964], [-74.19279721166663, 40.53285228734578]], [[-74.19319014489443, 40.53222719941344], [-74.19323290644867, 40.53218336128769], [-74.19346520765468, 40.53194058320492], [-74.19370936173968, 40.53167835955135], [-74.19386229863316, 40.53151642049216], [-74.19394327481741, 40.531430670026985], [-74.19418976949083, 40.53117176535887], [-74.19419341675822, 40.531167897226865]], [[-74.19319014489443, 40.53222719941344], [-74.19304505921117, 40.53235471529394], [-74.19294467337438, 40.5324431986404], [-74.19286401967877, 40.5325144140252]], [[-74.19319014489443, 40.53222719941344], [-74.19300634838147, 40.53242480623475], [-74.19278796098025, 40.53265590550392], [-74.19256986014666, 40.53288585379067], [-74.1924480385181, 40.53301404902489], [-74.19243395400414, 40.533028869958784], [-74.1923908145366, 40.53307426472852], [-74.19234700788542, 40.53312035503909], [-74.1923130105102, 40.53315611935743], [-74.19231237567455, 40.533156784667284], [-74.1922663775655, 40.53320520348007], [-74.19226359074561, 40.53320812589081], [-74.19208681604431, 40.53339870369665], [-74.19188091011958, 40.53361510377639], [-74.19166919912207, 40.533843705662505], [-74.19143828690693, 40.534084910445195], [-74.19124602677836, 40.53428657986893], [-74.19102026892848, 40.53451217640094], [-74.19081615190976, 40.53471492981072], [-74.19054277013676, 40.534970737162176], [-74.19028449747869, 40.53520682473368], [-74.19002379976646, 40.535434596182746], [-74.1898314597449, 40.53559707280366], [-74.18960013784645, 40.53578710559039], [-74.18935974980059, 40.53597627177213], [-74.18908156181188, 40.53618889379741], [-74.18906664811433, 40.53619978784145], [-74.18878284924635, 40.53640720596407], [-74.18853089863303, 40.53658404320853], [-74.18823095758549, 40.536786416779734], [-74.18788242173646, 40.53700949915137], [-74.18779034616688, 40.537065644093666], [-74.18751808360824, 40.537231670283695], [-74.18717253197778, 40.537431357009694], [-74.18689162798157, 40.5375843935849], [-74.1864625140377, 40.53781305945047], [-74.18618149972852, 40.53795348476066], [-74.1861077340867, 40.537990346494944], [-74.1857923335817, 40.53814326335325], [-74.18538542169395, 40.538331924685046], [-74.1850867030219, 40.538466205535265], [-74.18473638286386, 40.53861951886759], [-74.18432505074757, 40.538795170352905], [-74.18395736300639, 40.53894409551106], [-74.1837045471812, 40.53904071989015], [-74.18368335698044, 40.539048823557366], [-74.18360964042938, 40.53907699350624], [-74.18354017553541, 40.53910354265821], [-74.18351599147218, 40.539112784690126], [-74.18346640857033, 40.53913174004359], [-74.18309264999134, 40.5392670907627], [-74.1826191554008, 40.53942742855934], [-74.18224354101557, 40.539541825516544], [-74.18184555565732, 40.53965940772536], [-74.18146321734562, 40.53976298721045], [-74.18114893346281, 40.53984373921354], [-74.1806660774792, 40.53995811898401], [-74.18019551540769, 40.54006248354559], [-74.17984310477358, 40.54014012153216], [-74.17944429265754, 40.540226035222496], [-74.1791094412809, 40.54029693243087], [-74.17870929849975, 40.54037971105826], [-74.17843785850846, 40.54043475233924], [-74.17841881821792, 40.540438616437626], [-74.1782221078817, 40.54047850220581], [-74.17785242459834, 40.540551305299616], [-74.17769507141178, 40.54058069065314], [-74.17763047151722, 40.54059543421043], [-74.17751899519469, 40.54061698325172], [-74.17744316966842, 40.540631637010506], [-74.17744217715902, 40.5406318251919], [-74.1774016285039, 40.540639661171156], [-74.17733808330388, 40.540651935343206], [-74.1772725135418, 40.540664607859554], [-74.17723629085026, 40.540671605421686], [-74.17723284586059, 40.540672269495474], [-74.17719443319291, 40.54067969312658], [-74.17668976356815, 40.540777214671586], [-74.17609482607985, 40.540891352353064], [-74.1754757225758, 40.5410107280556], [-74.17502856144894, 40.54109638461096], [-74.17484285981425, 40.541131960395546], [-74.17419333799447, 40.541257897174965], [-74.1737047615566, 40.541351768987276], [-74.1731265350744, 40.5414637936493], [-74.17264558856616, 40.54155556063847], [-74.17215308880662, 40.541653288206284], [-74.17176045113708, 40.54173269912272], [-74.17135035752699, 40.541824157043315], [-74.171135613054, 40.54187798751036], [-74.17107115801463, 40.54189414897093], [-74.17100991021078, 40.54190949589767], [-74.17094992446033, 40.541924533493265], [-74.1709229321252, 40.54193130122262], [-74.17089358104745, 40.54193865710219], [-74.17087476619152, 40.541943782228], [-74.17058226372164, 40.54202348196399], [-74.17014080756805, 40.542153280573174], [-74.16959971074901, 40.542329466624246], [-74.16889595179893, 40.54258143782624], [-74.16820524807542, 40.54285479789131], [-74.16818080259286, 40.54286447898356], [-74.16753803166898, 40.54313743268183], [-74.16705300622453, 40.543357002760125], [-74.16701003018956, 40.54337801096827], [-74.16639820188851, 40.54367494960655], [-74.16589472696039, 40.543931426344066], [-74.1658377259515, 40.54396149854196], [-74.16538691914404, 40.544199300835025], [-74.16534144876202, 40.544223284644005], [-74.1652796752698, 40.54425587494191], [-74.16521825385041, 40.54428827256271], [-74.16516853598257, 40.54431449669443], [-74.16513384155935, 40.54433262944134], [-74.16402606420532, 40.54491150136978], [-74.16360315069923, 40.54513430850971], [-74.16296910083608, 40.54546632546653], [-74.16222932050043, 40.545853115643745], [-74.16154431732971, 40.546204242942174], [-74.16078092718111, 40.546587974526226], [-74.15998567254135, 40.54699237818424], [-74.15943882107402, 40.5472680786465], [-74.15941225501531, 40.54728146905376], [-74.15940667730843, 40.54728428748718], [-74.15935593151538, 40.547309870974495], [-74.15930240039765, 40.54733685266923], [-74.15928998342729, 40.547343092389575], [-74.15926144774814, 40.547357432455065], [-74.15922108765943, 40.5473775420412], [-74.15896609268324, 40.547504645382965], [-74.15893683878267, 40.54751964237238]], [[-74.19286401967877, 40.5325144140252], [-74.19296831767342, 40.53240403972227], [-74.19315201025852, 40.5322065511637], [-74.19319513761556, 40.53216231718246], [-74.19342726316236, 40.5319197288644], [-74.1936713348671, 40.531657604243726], [-74.19382478820795, 40.531495107164524], [-74.19390538786371, 40.53140976085028], [-74.19415186105468, 40.53115086727879], [-74.19437913091174, 40.530909687820426], [-74.19450443913772, 40.5307732254308], [-74.19453857513439, 40.530737704507075], [-74.19463636705184, 40.53063591450908], [-74.19471241407162, 40.53055675667394], [-74.19472706470124, 40.53054151179334], [-74.19478379945446, 40.530481529046064], [-74.19487980720784, 40.53038003007072], [-74.19502999919783, 40.53022125612312], [-74.19505822665417, 40.53019148175557], [-74.19515282486194, 40.53009170320106], [-74.19532498225348, 40.529910114996056], [-74.19562139272195, 40.52959598430128]], [[-74.19286401967877, 40.5325144140252], [-74.19275005935923, 40.5326350151857], [-74.19253198351095, 40.53286491669686], [-74.1924276249055, 40.53297473075532], [-74.19241279797907, 40.53299033520475], [-74.19237093174785, 40.53303438561627], [-74.19232685253326, 40.53308076458209], [-74.19229146720741, 40.533118007932515], [-74.1922859510332, 40.533123816976314], [-74.19227078329462, 40.53313977331486], [-74.19227065057626, 40.53313990803334], [-74.1922462366016, 40.533165604750664], [-74.19222557416505, 40.53318734264062], [-74.19204881017114, 40.53337790939096], [-74.19184289345016, 40.53359432863455], [-74.19163121820581, 40.533822875494735], [-74.19140049245256, 40.53406389049788], [-74.19120852999131, 40.53426525468786], [-74.19098313438461, 40.534490482737986], [-74.19077947650969, 40.5346927824238], [-74.19050669388731, 40.53494803149576], [-74.19024892711579, 40.53518365152884], [-74.18998882148017, 40.535410897657236], [-74.18979696239374, 40.53557297817081], [-74.18956621835983, 40.53576254057013], [-74.18932641901281, 40.535951247325606], [-74.18904883052515, 40.536163409898656], [-74.18904245790173, 40.53616805913601], [-74.1887508359856, 40.5363811883052], [-74.18849957118482, 40.53655754675539], [-74.18820043091114, 40.53675937820321], [-74.18785278572057, 40.53698189084796], [-74.18771523080673, 40.53706576692751], [-74.18748935990962, 40.53720351143322], [-74.18714482122148, 40.537402603541416], [-74.1868646465214, 40.53755524909804], [-74.18643629783182, 40.53778350189802], [-74.18618138106775, 40.5379108908572], [-74.18608236943838, 40.537960362035065], [-74.18576765168102, 40.53811295383096], [-74.18536141183633, 40.5383013093161], [-74.18506318909289, 40.538435355995404], [-74.18471332899877, 40.538588468144695], [-74.18430265463539, 40.53876384126556], [-74.18393592297589, 40.53891238603604], [-74.18368891872309, 40.53900678600255], [-74.18366723613647, 40.53901507161262], [-74.18359369212727, 40.53904317539974], [-74.18352411226196, 40.53906977138787], [-74.18350003604354, 40.53907897756141], [-74.1834458995457, 40.53909966941895], [-74.1830731331036, 40.53923465891877], [-74.18260098303467, 40.53939454434726], [-74.18222642925863, 40.53950861292892], [-74.18182928169578, 40.53962595220829], [-74.18144793221363, 40.539729261084936], [-74.18113453651742, 40.53980978657036], [-74.18065261197778, 40.5399239397404], [-74.18018249601027, 40.54002821296837], [-74.17983025451352, 40.54010580398864], [-74.17943167631877, 40.54019167060743], [-74.17909706242496, 40.540262518002294], [-74.17869717875341, 40.540345249521955], [-74.17842638975517, 40.54040016075657], [-74.17840734586133, 40.54040401936903], [-74.17821025805983, 40.54044398530338], [-74.17784102444317, 40.5405166970841], [-74.17768395541647, 40.54054602708608], [-74.17764155672671, 40.54055490904381], [-74.17751215481034, 40.54058008975569], [-74.17743634397816, 40.54059484230078], [-74.17743532991143, 40.54059504149472], [-74.17739391836388, 40.54060309290047], [-74.17733090564889, 40.54061535526672], [-74.17726549796994, 40.5406280824252], [-74.1772294911972, 40.54063509063111], [-74.17722567944031, 40.54063583487054], [-74.17719433304978, 40.5406419245926], [-74.17654923387137, 40.54076744519081], [-74.17533016782832, 40.54100289985815], [-74.17502288628802, 40.54106154506201], [-74.1744761475204, 40.541165873233986], [-74.17375953952308, 40.54130471404987], [-74.17307405339967, 40.54143637244612], [-74.17246849627948, 40.54155290903538], [-74.17181187954164, 40.54168223008703], [-74.17114753976797, 40.54183287239317], [-74.171072501402, 40.541852516332625], [-74.17100749450611, 40.541869543196974], [-74.17094872218608, 40.54188493032141], [-74.17089177275953, 40.541899837104566], [-74.17086308410123, 40.54190734570021], [-74.17081662997383, 40.54191950848004], [-74.17062352155592, 40.54197006417032], [-74.17031021756239, 40.54205907709125], [-74.16999982010933, 40.542153840732844], [-74.16969251605408, 40.54225428896676], [-74.16938848149906, 40.54236036940622], [-74.16908960094912, 40.542468936486905], [-74.16879270986422, 40.54258065365697], [-74.16849788006765, 40.542695479654014], [-74.16820514389674, 40.54281340895677], [-74.16812625720266, 40.542845872151624], [-74.1678377547984, 40.54296676695141], [-74.1675513129112, 40.54309049615707], [-74.16726698898077, 40.54321701852798], [-74.16698481895656, 40.54334633128265], [-74.16637168275116, 40.543643911224756], [-74.16586741735112, 40.54390077600778], [-74.16575208577689, 40.54396162219545], [-74.16535943359901, 40.544168749445554], [-74.16531236060167, 40.54419358369911], [-74.16525032479171, 40.544226306110126], [-74.16518851531255, 40.544258912879584], [-74.1651410037833, 40.544283972768305], [-74.16510679088226, 40.54430185229152], [-74.1639985322752, 40.54488097442641], [-74.16357560448486, 40.54510378423079], [-74.16294162664958, 40.54543576525171], [-74.16220204774167, 40.54582245341045], [-74.16151741129487, 40.546173390639204], [-74.16075409320183, 40.54655707802774], [-74.15995881364577, 40.54696150898414], [-74.15941691468906, 40.54723470740731], [-74.1593883791947, 40.54724909416614], [-74.1593840772996, 40.5472512603065], [-74.15933172505684, 40.54727765573328], [-74.15927921822002, 40.54730412271576], [-74.15926739429668, 40.54731008438473], [-74.15924773567677, 40.547319998472034], [-74.15923890552773, 40.54732447653108], [-74.15922098286443, 40.54733356201721], [-74.15900905161314, 40.54744100775884], [-74.15880915082806, 40.54754335032851], [-74.15852404597464, 40.54768780312384]], [[-74.15893683878267, 40.54751964237238], [-74.15868407971658, 40.547649308392096], [-74.15826805253415, 40.547859281707204], [-74.1577643475991, 40.5481149790931], [-74.15729090557085, 40.548354572901026], [-74.15686170210769, 40.54857161331717], [-74.156449605891, 40.548781025680086], [-74.15605863758243, 40.54897863808259], [-74.15563740498976, 40.54919164466014], [-74.15541986930008, 40.54930484721649], [-74.15489570196384, 40.54956741070755], [-74.1546167057749, 40.549707783189945], [-74.15446587592207, 40.54978336699901]], [[-74.15852404597464, 40.54768780312384], [-74.15862334288262, 40.547645340959754], [-74.1587241956744, 40.54760505594187], [-74.15893683878267, 40.54751964237238]], [[-74.15852404597464, 40.54768780312384], [-74.15824651947516, 40.54782840751375], [-74.15775294367664, 40.54807948509257], [-74.15725885546419, 40.54832998757511], [-74.15676428005195, 40.54857992315486], [-74.15636695463904, 40.54878017482353], [-74.15596978196857, 40.54898059508191], [-74.15542559892529, 40.549255814334316], [-74.15518779975012, 40.54937644663762], [-74.15486202954501, 40.54954137489716]], [[-74.15794172643912, 40.54791665571222], [-74.15797728531491, 40.5478866279328], [-74.15806748586718, 40.54781043401214], [-74.15817284236645, 40.54771919402885], [-74.15826192664687, 40.547650439939446], [-74.15833234175227, 40.54760844327438]], [[-74.15486202954501, 40.54954137489716], [-74.15480260074789, 40.54957146133274], [-74.15448128468907, 40.54973383531502]], [[-74.15448128468907, 40.54973383531502], [-74.15441718661805, 40.54976622524079], [-74.15373406089707, 40.55010683722478], [-74.15362605737562, 40.55016068953464], [-74.15300062052683, 40.550462174968125], [-74.15244354051849, 40.5507242413126], [-74.15239682877842, 40.550745932443704], [-74.1521889602053, 40.55084243029919], [-74.15174507176627, 40.55104850817783], [-74.15143482520287, 40.55119379446327], [-74.15141761779735, 40.55120185122229], [-74.15076748621725, 40.55150629120472], [-74.1506889723588, 40.55154164040507], [-74.15068714260694, 40.55154246350521], [-74.15058911250284, 40.55158659968828], [-74.15056311851062, 40.55159830471804], [-74.15050692098797, 40.5516236114534], [-74.15044375308794, 40.551652053635294], [-74.1504141498564, 40.55166538279931], [-74.15041334821363, 40.55166574341987], [-74.15035651428336, 40.551691330885795], [-74.15023619089149, 40.55174488046931], [-74.15023535324389, 40.55174523290129], [-74.15011452821898, 40.55179662284489], [-74.14999156225086, 40.551846555216486], [-74.14986734329247, 40.55189464183175], [-74.14974192531601, 40.5519408771267], [-74.14961534426483, 40.551985239091984], [-74.1494876540934, 40.55202771392956], [-74.14935889434439, 40.55206827962583], [-74.14921908264816, 40.55210845330597], [-74.14907824041953, 40.552146476219704], [-74.14893639999546, 40.552182320873314], [-74.14879365491169, 40.552215970672854], [-74.14865004835654, 40.55224742281447], [-74.1485056414804, 40.55227666074691], [-74.14836048823106, 40.552303665183814], [-74.14821464258097, 40.55232842781828], [-74.14806818009383, 40.552350940315904], [-74.14792115835952, 40.55237120260009], [-74.1477736205377, 40.55238919814438], [-74.14770891870471, 40.552396890004225], [-74.14675628945831, 40.552504579880946], [-74.1459131295318, 40.55260016640994], [-74.14571744917397, 40.552622774113615], [-74.14566601220453, 40.55262938574715], [-74.14566171320268, 40.55262994016255], [-74.14563922886424, 40.55263283151877], [-74.14557748866565, 40.55264077368873], [-74.14552228870237, 40.552647875859805], [-74.14551367294054, 40.55264909449469], [-74.14548993735335, 40.55265246500458], [-74.14548816744426, 40.55265271976959], [-74.14532770205518, 40.55267546334849], [-74.14513375757696, 40.5527055337514], [-74.14494049119611, 40.552738070557425], [-74.14474796046825, 40.55277307369741], [-74.14456897628467, 40.55280897622953], [-74.14439083554448, 40.552847276388256], [-74.1442136065482, 40.55288794938848], [-74.14420917912076, 40.55288903640443], [-74.14403735044739, 40.552930992412826], [-74.14386209238516, 40.55297639171019], [-74.1436879222489, 40.553024119724505], [-74.14351485800339, 40.5530741709486], [-74.1433429895785, 40.55312653704068], [-74.14316912526478, 40.553182992389374], [-74.14299634793129, 40.553241370234424], [-74.14282471873518, 40.553301667759875], [-74.14265425201205, 40.55336386299451], [-74.14248499451395, 40.55342794765101], [-74.1423169785993, 40.553493913460166], [-74.1421502402022, 40.55356174116916], [-74.14194247960143, 40.55364729593752], [-74.14173626682988, 40.55373500858591], [-74.14153165585788, 40.55382488180094], [-74.14132867537927, 40.55391687712839], [-74.14124389379268, 40.55395638870299], [-74.14074311496898, 40.554189807515264], [-74.14061238365514, 40.554252184315196], [-74.14052300520785, 40.55429482732486], [-74.14043783638354, 40.55433546414883], [-74.1403508735366, 40.55437694850407], [-74.14027886939738, 40.554411310948375], [-74.14006422977718, 40.55451371836644], [-74.13948836718217, 40.55479312472705], [-74.13906741012636, 40.555005087330635], [-74.13905854786714, 40.555012563950534], [-74.13860865611355, 40.555254557947066], [-74.13814089845944, 40.55552666578127], [-74.1376752341956, 40.555819327830704], [-74.13750996982947, 40.55593003194919], [-74.13746397369097, 40.55596082890456], [-74.13737462632857, 40.556020676640436], [-74.13703128240951, 40.556264266157086], [-74.13657133442145, 40.55660305167322], [-74.13626963046367, 40.556831440755694], [-74.13621187725437, 40.556875168238115], [-74.13615562232168, 40.556917757563056], [-74.13609937807435, 40.55696032763383], [-74.13605608724562, 40.556993097079406], [-74.13605509911575, 40.55699384483869], [-74.13566568626158, 40.5573195848604], [-74.13518950892083, 40.557713947179636], [-74.13517510171123, 40.55772575035691], [-74.13492232086593, 40.557932863629816], [-74.13435550202978, 40.55840221558667], [-74.13377999054657, 40.55888200512509], [-74.13289119702644, 40.55962060329596], [-74.13284219309855, 40.559665046319274], [-74.1323942857124, 40.56003658230274], [-74.13225971438885, 40.560148670721205], [-74.13208771439822, 40.560291944651134], [-74.13179736330925, 40.56053382701083], [-74.13148620033593, 40.56079180606583], [-74.13120360230526, 40.561027203025745], [-74.13085949766938, 40.56131308879503], [-74.13055073372716, 40.561568487924895], [-74.13043830316238, 40.56166150552677], [-74.13041907602893, 40.5616774115767], [-74.1302479178831, 40.56181902390243], [-74.13021209099219, 40.56184914215306], [-74.13019991393551, 40.561859377630014], [-74.12998144136839, 40.562043044262786], [-74.12993734979307, 40.56207998988744], [-74.12971665762215, 40.56226491015575], [-74.12942695818518, 40.56250461458196], [-74.12917605591761, 40.5627134668983], [-74.12893001768828, 40.56291656008004], [-74.12868895168963, 40.563115820894026], [-74.12842453614051, 40.5633370795074], [-74.1281845072986, 40.563536362795645], [-74.12791694056908, 40.56375833465104], [-74.12769749379915, 40.56394160272765], [-74.12748613024239, 40.56411585568974], [-74.12727782248331, 40.56428886970876], [-74.12705395602592, 40.56447589633999], [-74.12702911418411, 40.56449641107245], [-74.12702557818524, 40.5644993327152], [-74.1270053467879, 40.564516040782834], [-74.12695264805899, 40.56455954937148], [-74.12694702420461, 40.564564183335584], [-74.12689262547313, 40.56460899207006], [-74.12688008048023, 40.56461932641107], [-74.12682542294282, 40.56466435772879], [-74.12682378477719, 40.56466596250617], [-74.12681922101056, 40.56466973067858], [-74.12656290185487, 40.56488139389451], [-74.12612987782015, 40.565242658898896], [-74.12611463409816, 40.56525537312347], [-74.1260613924603, 40.56529979866145], [-74.12578141807177, 40.5655400787505], [-74.1255444193138, 40.56574944032059], [-74.12530711356825, 40.56596862540201], [-74.125088399829, 40.56617816369759], [-74.12488795609929, 40.5663770208715], [-74.1248479886499, 40.56641667739894], [-74.12464637987273, 40.56662461249414], [-74.12444859962646, 40.56683456875122], [-74.12422226955955, 40.567072102439745], [-74.12395791452299, 40.567348191868675], [-74.1234643853529, 40.56786751688244], [-74.12336077572014, 40.56797690725179], [-74.12332937880714, 40.56801006256714], [-74.12327706009378, 40.568065292118554], [-74.12327550460985, 40.568066932438434], [-74.12322100887236, 40.56812447268402], [-74.12319094096604, 40.56815621295909], [-74.12314836089162, 40.568201166423606], [-74.12286317452238, 40.56850260746113], [-74.12252092966988, 40.568861689236094], [-74.1222029959706, 40.569197663025676], [-74.12192536737253, 40.56948942370084], [-74.12149542118772, 40.56994241844947], [-74.12126300551832, 40.57018418514927], [-74.1210815556485, 40.5703718578907], [-74.12090377068417, 40.57054851980576], [-74.1207428881403, 40.57070340009834], [-74.12057586925476, 40.57085912377015], [-74.12048969766956, 40.57093896456755], [-74.12039813924488, 40.571023801005424], [-74.12016036935748, 40.57123287216462], [-74.1201023541931, 40.571281823343355], [-74.1201002444753, 40.57128359869461], [-74.12008339556905, 40.57129782617639], [-74.1200392929087, 40.57133504519617], [-74.12000023985415, 40.5713680017279], [-74.11998314287973, 40.57138241884568], [-74.1199810547378, 40.57138418593775], [-74.1198831990706, 40.57146677505075], [-74.1198633058629, 40.57148355560293], [-74.11977487357127, 40.57155416742996], [-74.11970997708649, 40.57160598018277], [-74.11955913394912, 40.57172981554478], [-74.11940667824992, 40.57185196707132], [-74.1192258166976, 40.57199153897679], [-74.11904221194159, 40.57212932107867], [-74.11885694133494, 40.57226592434126], [-74.1187147942338, 40.57236891924594], [-74.11870929749064, 40.57237285274507], [-74.11868528650581, 40.572390021619384], [-74.11864121898448, 40.57242152262794], [-74.11859667328899, 40.57245336721402], [-74.11857694030799, 40.57246747942346], [-74.11857470062583, 40.57246908470258], [-74.11857156217341, 40.5724713222149], [-74.1184283158352, 40.57257404067144], [-74.11826975297036, 40.57268903028076], [-74.1181115533066, 40.57280412634357], [-74.11795317619442, 40.5729189259298], [-74.11778569070907, 40.573039372468465], [-74.11764409187357, 40.573140789956526], [-74.11762420752738, 40.57315502841716], [-74.11761781549549, 40.573159610554754], [-74.11757808993849, 40.573188070950394], [-74.1175337770398, 40.57321982430419], [-74.1175114372266, 40.57323583291292], [-74.11744991461065, 40.57327992252984], [-74.11726038197378, 40.57341604995774], [-74.11707090979158, 40.57355219622257], [-74.11688144763116, 40.57368833941743], [-74.11668147596045, 40.57383193414288], [-74.1165928342648, 40.573895582882194], [-74.11653895744949, 40.57393426246798], [-74.11653172401532, 40.573939454745265], [-74.11650675572865, 40.573957384443126], [-74.11648146746225, 40.57397554502373], [-74.11642763374246, 40.574014240982024], [-74.11635524900682, 40.57406629272062], [-74.11632362604757, 40.574089038019316], [-74.11628157349838, 40.574119273464326], [-74.11608336912144, 40.57426219836361], [-74.11588532962385, 40.574405205096134], [-74.115687181036, 40.57454806611964], [-74.11548201651101, 40.5746954984645], [-74.11527663492832, 40.57484283184485], [-74.11507131017662, 40.574990247142416], [-74.11486207321059, 40.575140674289365], [-74.11465290377211, 40.575291144901705], [-74.11444381273557, 40.57544170288595], [-74.11429153403911, 40.57555148478254], [-74.11424300825536, 40.575586474429684], [-74.11404230378638, 40.57573129767178], [-74.11384160198598, 40.575876084875304], [-74.11354151598547, 40.576092203195046], [-74.11324134879685, 40.57630829061197], [-74.11294156896234, 40.57652468427593], [-74.11274040204498, 40.57666972251984], [-74.11253925624588, 40.57681499369658], [-74.11233940051804, 40.57696158076351], [-74.11214996555317, 40.57710397696883], [-74.11196214757712, 40.57724725236585], [-74.11177442227135, 40.577390455998085], [-74.11172449480716, 40.57742838013375], [-74.11169831765062, 40.57744826425541], [-74.11165191706326, 40.577483508744834], [-74.11160678554991, 40.57751778306623], [-74.1115748091232, 40.57754206448186], [-74.11156525286547, 40.5775493227935], [-74.11135606091118, 40.5777082166748], [-74.11114668768566, 40.57786694016932], [-74.11098027377086, 40.57799284881291], [-74.11081375107322, 40.57811866125011], [-74.11064700788302, 40.57824430896792], [-74.1105222653572, 40.57833817511692], [-74.11049307063719, 40.578360147916456], [-74.11033900296214, 40.578475805625146], [-74.11018448390652, 40.578590942045366], [-74.10995053935255, 40.57876277962498], [-74.10971522051784, 40.57893369852708], [-74.10966430272741, 40.578970631831034], [-74.10963456321714, 40.57899221242349], [-74.10947965205719, 40.57910460071247], [-74.10923296868444, 40.57928387639984], [-74.10908328079266, 40.57939253173877], [-74.10903231559335, 40.5794295197015], [-74.10902473230617, 40.57943503023175], [-74.10899605311064, 40.57945584110604], [-74.10898616857435, 40.579463019913504], [-74.10892416449728, 40.57950802215006], [-74.10884849669301, 40.57956294604452], [-74.1088165992497, 40.57958610124119], [-74.10881571470465, 40.57958674161854], [-74.10873934196748, 40.57964217938666], [-74.10792937554498, 40.580233767845215], [-74.10747379431459, 40.58056536108268], [-74.10747194248766, 40.58056671325881], [-74.10744817070699, 40.58058402776167], [-74.10737862436585, 40.58063464659137], [-74.10731054500198, 40.58068419353471], [-74.10728210216446, 40.58070489670965], [-74.10708285796147, 40.58084991493809], [-74.10609173900845, 40.58156779652375], [-74.10551352284357, 40.58198718885202], [-74.10549886930187, 40.58199781921057], [-74.1054826993385, 40.582012513269476], [-74.105302595181, 40.58214317470045], [-74.10488906670697, 40.58244314832117]], [[-74.15448128468907, 40.54973383531502], [-74.1544662484652, 40.54974061052868], [-74.15445110788649, 40.54974738588074], [-74.15443592763424, 40.54975412285674], [-74.15442072568739, 40.54976081594286], [-74.15440550206499, 40.549767473373535], [-74.15439023875636, 40.54977408693854], [-74.15437495378498, 40.54978067033765], [-74.15435963273202, 40.54978721261096], [-74.15434428997828, 40.54979370824962], [-74.15432892196978, 40.549800176471976], [-74.15431351784811, 40.54980658984452], [-74.15429809207639, 40.54981297854077], [-74.15428263021059, 40.5498193206216], [-74.1542671430711, 40.54982562705165], [-74.15425163423726, 40.54983188959179], [-74.15423608932838, 40.549838113750866], [-74.15422051914585, 40.54984430225918], [-74.15420492726903, 40.5498504468775], [-74.15418931009964, 40.549856547610574], [-74.15417365688059, 40.549862620941866], [-74.154157981942, 40.54986863940378], [-74.15414228174886, 40.54987463044941], [-74.15412655986151, 40.549880577604924], [-74.15411080188032, 40.54988647814491], [-74.15395028667592, 40.54995061192828], [-74.15393457583954, 40.549956685304046], [-74.15391890108498, 40.54996280254633], [-74.15390325882015, 40.549968966404776], [-74.15388765625437, 40.54997518235934], [-74.15387207538323, 40.549981444944585], [-74.15385654140783, 40.54998775961631], [-74.15384103274434, 40.54999412914832], [-74.15382555654516, 40.55000053431727], [-74.15381013084632, 40.55000699431282], [-74.15379472685464, 40.55001350642869], [-74.15377935895081, 40.55002006515598], [-74.15376402712859, 40.550026667749925], [-74.15374873139423, 40.5500333169553], [-74.15373346816826, 40.55004002101143], [-74.15371825543619, 40.550046777149376], [-74.15370306437319, 40.55005356893891], [-74.15368790941697, 40.550060415574336], [-74.15367280493554, 40.5500673060573], [-74.15365773296249, 40.550074251391], [-74.15364269707077, 40.5500812405915], [-74.15362769724784, 40.5500882681691], [-74.15361272994578, 40.55009535608718], [-74.15359781310589, 40.550102482363215], [-74.15358292876785, 40.550109660745285], [-74.15356808411575, 40.550116885734155], [-74.15355327194665, 40.55012415459475], [-74.15353851025218, 40.55013146730297], [-74.15352378104697, 40.55013882662762], [-74.15350909874323, 40.550146240784], [-74.15349445249556, 40.550153687828065], [-74.15347984236053, 40.550161192463065], [-74.15346528270015, 40.55016874094576], [-74.15329174772295, 40.55025502538339], [-74.15293948306798, 40.55042248954325], [-74.15268614556588, 40.5505419653002], [-74.15247096274753, 40.55064487704435], [-74.15206501781364, 40.55084608863407]], [[-74.15446587592207, 40.54978336699901], [-74.15468447585454, 40.54964976811126], [-74.15486202954501, 40.54954137489716]], [[-74.15446587592207, 40.54978336699901], [-74.15433738004533, 40.549847757436126], [-74.15418948706592, 40.54992232135211], [-74.15372849287398, 40.550154736192844], [-74.15316950799068, 40.55042328089405], [-74.15272837066979, 40.55063239468298], [-74.15242196102601, 40.550776347308044], [-74.15228165835536, 40.55084225251783], [-74.15228152893823, 40.550842307585704], [-74.15190600817407, 40.551017191179334], [-74.15156481656524, 40.55117715409229], [-74.15145105688147, 40.55122994695636], [-74.15143301172786, 40.55123830949681], [-74.15122523720824, 40.55133472587644], [-74.15091409197528, 40.55148151608959], [-74.15081733622213, 40.5515257688203], [-74.15070575199766, 40.551579971664886], [-74.15070318192058, 40.55158121843812], [-74.15068136324057, 40.55159181185556], [-74.15060776254957, 40.55162619935818], [-74.15058139210717, 40.55163852521359], [-74.1505438997343, 40.55165603687178], [-74.15052402762447, 40.551664969840125], [-74.15046094220956, 40.55169330213066], [-74.15043283289337, 40.55170528712835]], [[-74.15037539556295, 40.55172979393746], [-74.15034062574055, 40.551745095134024], [-74.1502646701301, 40.551778955749725], [-74.15023545624778, 40.55179104370232], [-74.15012299030525, 40.55183760282647], [-74.1499799925514, 40.55189436027261], [-74.1498357056096, 40.55194920334244], [-74.14970496637326, 40.55199588470944], [-74.14957294470805, 40.55204042664306], [-74.14943971254428, 40.55208280708686], [-74.14930532025879, 40.55212302048151], [-74.1491698253461, 40.552161025576126], [-74.14903332137186, 40.55219681950053], [-74.14889583350669, 40.55223038849453], [-74.14875783191, 40.55226116925891], [-74.14861912793066, 40.5522900842932], [-74.14847978273502, 40.55231712528142], [-74.14833984308392, 40.55234227843665], [-74.14819933057326, 40.55236554098424], [-74.14805829557481, 40.55238690462261], [-74.14791679565147, 40.5524063582965], [-74.14777486679981, 40.55242390195794], [-74.1474967875086, 40.55245548169611], [-74.14698761384632, 40.55251379481469], [-74.14660783636609, 40.55255672057037], [-74.14620800678223, 40.55260258284664], [-74.14584700211113, 40.5526424025028], [-74.14566440394172, 40.5526658224344], [-74.14566023444748, 40.55266636021661], [-74.14563737233253, 40.55266928773413], [-74.14557595224649, 40.55267717460098], [-74.14551190954207, 40.55268538590112], [-74.14548849340721, 40.55268838820095], [-74.14548734940232, 40.552688535125334], [-74.14544524784576, 40.552693935349666], [-74.1451192857569, 40.55274427311542], [-74.14493757451477, 40.55277535428731], [-74.14475662411718, 40.55280889356476], [-74.1445764669319, 40.55284489091048], [-74.14439720365101, 40.552883324243034], [-74.14421885584159, 40.55292419079479], [-74.14405747840873, 40.55296337517105], [-74.14389702658713, 40.553004685390306], [-74.14373751469822, 40.55304809399036], [-74.14357901826818, 40.55309358715662], [-74.14342156964739, 40.553141153873526], [-74.14326521918501, 40.55319078584815], [-74.14307442399087, 40.55325417910068], [-74.14288499366245, 40.55331990068335], [-74.14269698212672, 40.55338793406683], [-74.1425104181451, 40.55345827373283], [-74.14232535561081, 40.553530886683696], [-74.14212905837638, 40.553610449381296], [-74.14193395540372, 40.553691709305276], [-74.14174008266204, 40.553774663672414], [-74.1415474545063, 40.5538592987472], [-74.14135610327891, 40.553945598027106], [-74.14124398221577, 40.5539982167909], [-74.14076877799397, 40.554221267294174], [-74.14059335740873, 40.55430496015705], [-74.14050297589502, 40.554348090210596], [-74.14041699092459, 40.55438911503582], [-74.14032918317945, 40.554431006639575], [-74.14025985363801, 40.55446408672107], [-74.14004637141677, 40.554565943729074], [-74.13951729731251, 40.55482454513287], [-74.13899367910378, 40.55510258722404], [-74.13843082003073, 40.55542384462457], [-74.13788804587433, 40.55576028688593], [-74.13756719020773, 40.555977887837194], [-74.13752145361929, 40.55600890408949], [-74.137237179325, 40.55620169386604], [-74.13668296600497, 40.556608043436164], [-74.1363217638583, 40.55687662161526], [-74.1362622914783, 40.55692085346389], [-74.1362061032644, 40.55696263301488], [-74.13614994013211, 40.55700439329468], [-74.13610657985576, 40.557036638582474], [-74.13610042813313, 40.557041213238925], [-74.13544734906607, 40.55755707660722], [-74.13524157814848, 40.557725672097106], [-74.13495797094087, 40.55795804655885], [-74.13439129224098, 40.558427272265426], [-74.13381580593578, 40.558907034504784], [-74.13292698734112, 40.55964566042835], [-74.13269111394025, 40.559841742480096], [-74.13244302477302, 40.560048861288976], [-74.13225981898498, 40.56020150545903], [-74.13217612395376, 40.560271240394755], [-74.13193074057581, 40.56047420207369], [-74.13165331000262, 40.56070598478836], [-74.13132242277977, 40.56098011450686], [-74.13102241883003, 40.56122837937229], [-74.13075028315781, 40.561454587368196], [-74.1304559629965, 40.56170184790259], [-74.13045065945813, 40.561706237387995], [-74.13043495727972, 40.56171925189669], [-74.13022511864186, 40.56189308277128], [-74.13021267179387, 40.56190338992045], [-74.13020662084726, 40.5619084033137], [-74.12999958865896, 40.56208059468378], [-74.12994906458904, 40.56212255412656], [-74.1297481965705, 40.56228937745078], [-74.1294868868278, 40.56250705853753], [-74.12919004049489, 40.56275373399839], [-74.12892147813447, 40.56297676059815], [-74.12871973001329, 40.56314337723278], [-74.12845504388804, 40.563364304097114], [-74.12817864138628, 40.563592950846036], [-74.12794412188549, 40.563788876064955], [-74.12767922791794, 40.564009189262435], [-74.12744973563606, 40.564200589917064], [-74.12712999424822, 40.56446602147087], [-74.12706641163052, 40.56451888274381], [-74.12706287566341, 40.564521820856584], [-74.12704307926803, 40.56453826769273], [-74.12699093450556, 40.56458161374239], [-74.12698478250744, 40.56458673686833], [-74.12692981699621, 40.56463253437823], [-74.12691588155153, 40.56464414110631], [-74.12686494062714, 40.56468658547062], [-74.12686158031747, 40.56468916381305], [-74.1268550725264, 40.56469457278508], [-74.12664659635016, 40.5648678932514], [-74.1263748419584, 40.56509251483523], [-74.12616408265669, 40.56526649293834], [-74.1261487560563, 40.565279155107085], [-74.12608984284131, 40.56532778369984], [-74.12584756345035, 40.565535908299324], [-74.12561035098045, 40.5657463434602], [-74.12539619544452, 40.56594241407561], [-74.12515066150846, 40.566175485564344], [-74.12493135913714, 40.56639230068509], [-74.1249199741794, 40.56640355305893], [-74.12475019292212, 40.56657628723037], [-74.12452694025686, 40.56681086202559], [-74.12430918024714, 40.56704056114595], [-74.12402608457569, 40.567342065980576], [-74.12352975939979, 40.56786144095675], [-74.12340030261088, 40.56799783787575], [-74.12336861100918, 40.56803123506148], [-74.12331467916299, 40.56808806384086], [-74.12327717504796, 40.568127582673526], [-74.12326049934734, 40.56814515087258], [-74.12323361777865, 40.56817348417741], [-74.12323077625722, 40.568176495535624], [-74.12310367569563, 40.568310872153404], [-74.12291386090921, 40.568508613772494], [-74.12269627728253, 40.568738471543824], [-74.12249178775386, 40.56895319653213], [-74.12232186409749, 40.56913179012339], [-74.12213416820587, 40.56932947328221], [-74.12163944487041, 40.569851242716446], [-74.12144088636525, 40.57005933904879], [-74.12124842690797, 40.57025907065602], [-74.12102993604682, 40.57048123523004], [-74.12081013926223, 40.57069463109601], [-74.12060649148043, 40.57088582879302], [-74.12052257119608, 40.570962576598056], [-74.12038717645756, 40.57108641606207], [-74.12013678952131, 40.57130120135778], [-74.12013509316384, 40.571302652390116], [-74.12011817280822, 40.57131717913568], [-74.12007372982005, 40.571355298821324], [-74.12003584578098, 40.57138779301553], [-74.12001891458372, 40.57140231975766], [-74.12001670788527, 40.57140421323538], [-74.11994385079633, 40.57146671173833], [-74.1198966366577, 40.57150721399606], [-74.11974558199343, 40.571631203534544], [-74.11959453758166, 40.5717552010962], [-74.1194415642979, 40.57187776767351], [-74.11926014918907, 40.57201777114297], [-74.11907614179637, 40.57215584192155], [-74.11889056203918, 40.572292678867], [-74.11874939635369, 40.57239496463836], [-74.11874815610634, 40.57239586621715], [-74.11872486410823, 40.57241251284308], [-74.11868112733585, 40.572443780216496], [-74.11863650974591, 40.5724756770436], [-74.11861631660258, 40.57249011636707], [-74.11861270721207, 40.57249269472283], [-74.11860483055783, 40.57249832970972], [-74.1184617136562, 40.572600968474596], [-74.11830326579152, 40.57271585645349], [-74.11814506974099, 40.57283096353761], [-74.11798658476111, 40.572945834645544], [-74.11781899500615, 40.57306635270456], [-74.11768428430885, 40.5731628307594], [-74.11766351558937, 40.573177709672784], [-74.11765108382257, 40.57318661008971], [-74.11761779705267, 40.573210463608454], [-74.11757342664166, 40.57324226095327], [-74.11755104009842, 40.57325830529998], [-74.11748320811256, 40.57330691385291], [-74.11729370061606, 40.57344301386173], [-74.11710423563898, 40.57357916840822], [-74.11691477347473, 40.573715314402506], [-74.11671479101042, 40.57385891743103], [-74.11663405501545, 40.57391688465449], [-74.11657987981012, 40.57395577865728], [-74.11657350920865, 40.5739603497353], [-74.11654631194273, 40.573979884670564], [-74.11651479326851, 40.57400250914492], [-74.1164672474957, 40.574036705495786], [-74.11639606352877, 40.57408788319414], [-74.11636426440549, 40.57411075219877], [-74.11631493886311, 40.57414622113427], [-74.11611676682685, 40.57428911861003], [-74.11591872731616, 40.57443212265493], [-74.1157205463561, 40.57457500298198], [-74.11551533148817, 40.57472247111916], [-74.11530994991496, 40.57486981553794], [-74.11510463951956, 40.57501721166666], [-74.11489540972462, 40.57516762788751], [-74.11468625107597, 40.57531809854941], [-74.11447718878571, 40.57546863186206], [-74.11429162119603, 40.57560242006128], [-74.11427640587648, 40.57561339246312], [-74.11407570138498, 40.57575820752874], [-74.11387498880963, 40.575903014014585], [-74.11357488121159, 40.57611914067681], [-74.11327473559459, 40.576335219924665], [-74.11297496653275, 40.57655160543017], [-74.11277379959292, 40.57669663549783], [-74.11257280839172, 40.57684179678895], [-74.11237330501355, 40.576988131047145], [-74.11218421159008, 40.57713026621796], [-74.11199648708926, 40.57727347021458], [-74.1118087545976, 40.57741668214397], [-74.11176487436674, 40.57745000835211], [-74.11173816869955, 40.577470288248946], [-74.11169212046569, 40.57750527165533], [-74.11164692065309, 40.5775396009549], [-74.11161524984065, 40.57756365701072], [-74.11159954923869, 40.57757557648452], [-74.11139034289808, 40.57773447867624], [-74.11118093371888, 40.57789322971571], [-74.11101449823585, 40.57801915764303], [-74.11084792879345, 40.578145003112326], [-74.1106811604345, 40.57827067011733], [-74.11059153424372, 40.57833810845824], [-74.11052718723373, 40.57838653659401], [-74.1103730368638, 40.578502257558085], [-74.11021832005154, 40.57861753968824], [-74.10998415975935, 40.57878953674156], [-74.10974872225457, 40.57896053816962], [-74.1096978188483, 40.57899746324014], [-74.10966719480308, 40.57901968148033], [-74.1095131645712, 40.57913143217855], [-74.1092664847893, 40.57931070793402], [-74.1091245204058, 40.57941375383379], [-74.10907221402694, 40.57945171749379], [-74.10906625599954, 40.57945605445209], [-74.10903654126159, 40.57947762388568], [-74.1090196702836, 40.57948985976731], [-74.10896460230201, 40.579529832450724], [-74.10888937678064, 40.57958443755518], [-74.10885668467871, 40.579608161690686], [-74.10885607342117, 40.57960861241786], [-74.10877285806718, 40.579669019298386], [-74.10796168394445, 40.58025957159049], [-74.10751276933772, 40.580586336095365], [-74.10751074131421, 40.580587814697985], [-74.10748523274492, 40.58060637971976], [-74.1074175777951, 40.5806556189116], [-74.10734931865898, 40.58070530328612], [-74.10732192580967, 40.58072524792377], [-74.10732118147676, 40.58072578934558], [-74.10711514119346, 40.580875757370656], [-74.10612398624262, 40.581593663969535], [-74.10548545134598, 40.58205679815636], [-74.10540914191964, 40.58211254928729], [-74.10532638053759, 40.58217257170753]], [[-74.10488906670697, 40.58244314832117], [-74.10492537075132, 40.582418304889686], [-74.10494867437818, 40.58240236099777], [-74.10497237820456, 40.58238679826319], [-74.10499354788216, 40.582373738355905], [-74.10501503481323, 40.582360966359154], [-74.10503657222377, 40.58234824920829], [-74.10506222435289, 40.58233312384254], [-74.10508795220194, 40.58231808074588], [-74.10511358267703, 40.582302936174734], [-74.10514781231988, 40.58228229412041], [-74.10518186887789, 40.58226148752609], [-74.1052158641266, 40.58224062608165], [-74.1052483379524, 40.58222067729571], [-74.10528077570171, 40.58220069285114], [-74.10530266459807, 40.58218720129334], [-74.10532638053759, 40.58217257170753]], [[-74.10488906670697, 40.58244314832117], [-74.10487029552979, 40.58245676321501], [-74.10465435847874, 40.582613614304584]], [[-74.10465435847874, 40.582613614304584], [-74.1044749489657, 40.582743930694704], [-74.10418282760129, 40.58295611676675], [-74.10396839706719, 40.58311148025203], [-74.10348948216992, 40.58345846055794], [-74.10272263979792, 40.58401732098326], [-74.10271978443741, 40.58401939586266], [-74.10266691727625, 40.58405793898333], [-74.10260986052573, 40.58409954078741], [-74.10255332153771, 40.584140755083475], [-74.10249646603336, 40.584182211176596], [-74.10210521473036, 40.58446743169804], [-74.10141514878464, 40.584964086450306], [-74.10107990111713, 40.58520888344218], [-74.10106577852228, 40.58521919711147]], [[-74.10465435847874, 40.582613614304584], [-74.10462007783738, 40.58264097553728], [-74.1045969112164, 40.58265944994651], [-74.10457404731454, 40.58267812993575], [-74.10454516253525, 40.582702774368315], [-74.10451677147898, 40.58272775595531], [-74.10448846329868, 40.58275279784548], [-74.10448281170262, 40.58275778205932], [-74.10446215749145, 40.58277600163437], [-74.10443593813753, 40.58279924925535], [-74.10440972959577, 40.58282251607414], [-74.10439130475648, 40.58283902908716], [-74.10437289429568, 40.582855533849724], [-74.10435422076795, 40.582871879649616], [-74.1043327308757, 40.582889855672626], [-74.10431090580862, 40.58290760692193], [-74.10426979772058, 40.58294105124306]], [[-74.10426979772058, 40.58294105124306], [-74.10449867797877, 40.58277422821824], [-74.10486188569902, 40.58250951229828], [-74.10530266865752, 40.582189775915765], [-74.10532638053759, 40.58217257170753]], [[-74.10149421937648, 40.58495834312273], [-74.10180918605425, 40.58472894476368], [-74.10252578273914, 40.58420584248051], [-74.10252585465878, 40.58420578752027], [-74.10258450473927, 40.58416307818012], [-74.10264143215961, 40.58412161099988], [-74.10269883059806, 40.58407979478012], [-74.10275213656294, 40.58404097951685], [-74.1033625343394, 40.583596383188095], [-74.10399843777519, 40.583137630257276], [-74.10416012191897, 40.58302098334243], [-74.10426979772058, 40.58294105124306]], [[-74.10106577852228, 40.58521919711147], [-74.10108207206825, 40.585208881532296], [-74.10110658431418, 40.58519336280667], [-74.10114270341968, 40.585170483276336], [-74.1011797599994, 40.585148549866105], [-74.10120690564449, 40.58513412672119], [-74.10123451283336, 40.58512018075886], [-74.10126184595502, 40.58510594682711], [-74.1012990955959, 40.58508554480822], [-74.10133583315901, 40.585064602502584], [-74.10137159009179, 40.585042777223734], [-74.10141259407003, 40.58501483462592], [-74.10145218839004, 40.58498562241429], [-74.10149421937648, 40.58495834312273]], [[-74.10106577852228, 40.58521919711147], [-74.10054254527537, 40.58560125514705], [-74.09997811927755, 40.58600778361148], [-74.09799990598145, 40.58744021350165], [-74.09796348007738, 40.58746659466657], [-74.09790984100106, 40.58750543542283], [-74.09785649317506, 40.587544059066424], [-74.0978182976412, 40.58757171802519], [-74.09769540273571, 40.5876606965374], [-74.0963985915687, 40.58860209243357], [-74.0963659086291, 40.58862582121391], [-74.09631608749686, 40.5886619818363], [-74.09631176789276, 40.588665120020984], [-74.09626878039802, 40.588696323271705], [-74.09623643545946, 40.5887198101892], [-74.09573397264566, 40.58908454473945], [-74.09570489673952, 40.58910564903917], [-74.09565694160115, 40.58914046012165], [-74.09561105093377, 40.58917377080427], [-74.0955841905464, 40.589193273010224], [-74.09544926611255, 40.589291218140815], [-74.09506598118972, 40.58956947177254], [-74.09502670799108, 40.58959797059706], [-74.09498734125944, 40.58962654908455], [-74.09494824785037, 40.58965492970693], [-74.09490593169461, 40.58968565429361], [-74.09367836119317, 40.59057681176735], [-74.09342959024052, 40.59075800102428], [-74.09339149559281, 40.590785759975674], [-74.09333959601331, 40.59082356237793], [-74.093284344062, 40.59086380486174], [-74.09324470620292, 40.59089267391664], [-74.0916161469488, 40.59207881849114], [-74.09142331692365, 40.59221927531579], [-74.09137760922756, 40.59225255944576], [-74.09132685123178, 40.59228952834931], [-74.09127743847783, 40.59232551626782], [-74.09123375218769, 40.59235733026593], [-74.09103057893984, 40.592505304413216], [-74.09080300797898, 40.5926780171562], [-74.09057982593885, 40.59285403621491], [-74.09036111193545, 40.593033287442886], [-74.09014694509915, 40.5932157049282], [-74.08993741536528, 40.59340122275053], [-74.08973260186664, 40.59358977225327], [-74.08953257653013, 40.59378127929579], [-74.08920562468643, 40.5941131521213], [-74.08894644468667, 40.59439225493214], [-74.08883270929658, 40.59452059370239], [-74.08869921119694, 40.594675075367334], [-74.08858488537427, 40.59481234866832], [-74.08844480031269, 40.594983158436264], [-74.08832491485843, 40.59513482673939], [-74.0881735365265, 40.59533031236759], [-74.08803301797693, 40.59552353873722], [-74.08786798525182, 40.595758592469636], [-74.08775298604134, 40.59593691117767], [-74.08773069187986, 40.59597147150571], [-74.0877057708688, 40.59601013182033], [-74.08767972501637, 40.59605050574266], [-74.08765533215967, 40.59608832024471], [-74.08765112415747, 40.59609485882268], [-74.08751335711273, 40.59631553867326], [-74.08746171966051, 40.59640533293603], [-74.08738443029199, 40.596539741443806], [-74.08732111989849, 40.59665540876373], [-74.08721456506203, 40.59685004656627], [-74.08705941983604, 40.597155676862236], [-74.08694760368695, 40.597392698095554], [-74.0868456425692, 40.59761594934285], [-74.08675435748542, 40.59783361225839], [-74.08665729074767, 40.598077835388885], [-74.08655283294573, 40.59835448282076], [-74.08649937157809, 40.59849789491086]], [[-74.08649937157809, 40.59849789491086], [-74.08643113244462, 40.59868093377405], [-74.08634728812552, 40.598909981661045], [-74.08633423287868, 40.59894491354711], [-74.08627398762597, 40.59910608946871], [-74.08621223383342, 40.5992704998608], [-74.08614007728012, 40.59946909899475], [-74.08600805325024, 40.59982715806688]], [[-74.08642426282063, 40.59883197425262], [-74.08645565819776, 40.59875283180592], [-74.08651191727652, 40.59859788124328], [-74.08658173254875, 40.59841146504], [-74.08665734958146, 40.59820640448458], [-74.08673165924729, 40.59801261775215], [-74.08680295194019, 40.597836251742926], [-74.08687728378004, 40.597654613373905], [-74.08695336905784, 40.59748418613212], [-74.08704605293097, 40.597285216819834], [-74.08713304343685, 40.59710847638711], [-74.08723174679676, 40.59691767087627], [-74.08731647644822, 40.596755819806866], [-74.08732124058548, 40.59674769432483], [-74.0873694169978, 40.59666534940137], [-74.08749042750806, 40.59645067987759], [-74.0875065424215, 40.59642401285777], [-74.08769406725476, 40.59611363891819], [-74.08770871047531, 40.59609063729985], [-74.08773186654452, 40.596054292198595], [-74.08775740142003, 40.596014201368995], [-74.08778245473138, 40.595974854742195], [-74.08780470155834, 40.595939915657844], [-74.08784946466992, 40.595869631039506], [-74.08795628614895, 40.5957105266027], [-74.08805189155254, 40.595573998403545], [-74.08820593349412, 40.59536072459243], [-74.08835273128912, 40.59516500913597], [-74.0885997797719, 40.59485697587057], [-74.08884012895463, 40.594573592803926], [-74.08901358530103, 40.594379521966516], [-74.08915714997474, 40.59422520504353], [-74.08935632051545, 40.59402007414009], [-74.08959289468875, 40.59378049393263], [-74.08979488156498, 40.59358848844331], [-74.09000153772448, 40.59339940763972], [-74.09021281281206, 40.59321330094277], [-74.0904286060876, 40.59303023428164], [-74.09064885643281, 40.59285028178886], [-74.09087349191152, 40.59267350388145], [-74.09109718780269, 40.592503009125004], [-74.09127246255093, 40.59237568145665], [-74.0913150194661, 40.59234476863605], [-74.09136425609101, 40.59230900591518], [-74.09141525879605, 40.592271943477236], [-74.09145818248614, 40.59224076955535], [-74.09168117777223, 40.5920787666245], [-74.09223539882541, 40.591676160340526], [-74.0930760830731, 40.59106716040572], [-74.09328727310039, 40.590914051562095], [-74.09332621694394, 40.59088582533974], [-74.09338176409534, 40.590845555147965], [-74.09343459550456, 40.59080724692562], [-74.09347281984329, 40.5907795427505], [-74.09384605479234, 40.590508946956554], [-74.09467804808452, 40.589905895782515], [-74.09495067321252, 40.58970714206582], [-74.09499150011254, 40.5896773711401], [-74.09503080915128, 40.58964871309977], [-74.0950701864952, 40.58962000558294], [-74.09510821861477, 40.589592276315386], [-74.09544764328578, 40.589344808999755], [-74.09562199105802, 40.58921784321857], [-74.09565333286756, 40.589195016063066], [-74.09569876298767, 40.589161928076095], [-74.09574735817947, 40.58912654277934], [-74.09578081118886, 40.58910219046455], [-74.096274823598, 40.588742425392645], [-74.09628388720424, 40.588735824783775], [-74.0963072729349, 40.58871893014254], [-74.09631184073943, 40.58871562980669], [-74.0963555370059, 40.58868407461087], [-74.09640670353936, 40.58864711136041], [-74.09644091165212, 40.588622406883694], [-74.09709054073228, 40.588153146411564], [-74.09774926321558, 40.587674555898616], [-74.097859390019, 40.58759465703084], [-74.09789848460932, 40.58756629187828], [-74.09795241854927, 40.587527162672], [-74.0980066149632, 40.587487835590544], [-74.09804267394222, 40.587461671564455], [-74.09844913575967, 40.58716676280272], [-74.09922572747173, 40.586602899719175], [-74.10005150574843, 40.58600644065362], [-74.10069055232835, 40.58554134921822], [-74.101149778381, 40.58520882194736], [-74.10124375708328, 40.58514076687132], [-74.10149421937648, 40.58495834312273]], [[-74.08642426282063, 40.59883197425262], [-74.08643348790986, 40.598784185853184], [-74.08644969001287, 40.59872397473364], [-74.0864616666152, 40.59866815023467], [-74.08647407508332, 40.598614927478756], [-74.08648696093151, 40.59855774361684], [-74.08649937157809, 40.59849789491086]], [[-74.08632836475246, 40.599093683314734], [-74.08634205701412, 40.599058446278605], [-74.08638167594697, 40.59894487789602], [-74.0863978133946, 40.59889864060511], [-74.08642426282063, 40.59883197425262]], [[-74.08626519666664, 40.599361807024025], [-74.0862696948752, 40.599342713571225], [-74.0862869908757, 40.59926772365966], [-74.08630675334858, 40.59919259465267], [-74.08631608571525, 40.59914690595508], [-74.08632836475246, 40.599093683314734]], [[-74.08618616281841, 40.599474397586285], [-74.08623832701159, 40.59933202141925], [-74.0862826507504, 40.599211291107856], [-74.08632836475246, 40.599093683314734]], [[-74.08618616281841, 40.599474397586285], [-74.08616176155093, 40.59952685252037], [-74.08613792581494, 40.59957667750783], [-74.08611331642915, 40.59962138950964], [-74.08609384010549, 40.59966456606292], [-74.08606828789203, 40.59971261918104], [-74.08604485277155, 40.599760453869074], [-74.08600805325024, 40.59982715806688]], [[-74.08600805325024, 40.59982715806688], [-74.08598941811277, 40.59987769003256], [-74.08585785489154, 40.600228505048285], [-74.08574950431316, 40.600487911770436], [-74.08564835771288, 40.600707263659864], [-74.08554788419403, 40.60091563850505], [-74.08544904803239, 40.60110672255532], [-74.08534975597804, 40.60128811497227], [-74.08520932186707, 40.60152704682426], [-74.08518822068686, 40.60156206687946], [-74.08517802223447, 40.60157897690612], [-74.0851418856436, 40.60163892537351], [-74.08510097676997, 40.601706798850685], [-74.08509476352981, 40.601717107423724], [-74.08508807432484, 40.601726936009236], [-74.08493945194822, 40.60194528759578], [-74.08475858039921, 40.60219789040486], [-74.08463323397957, 40.60236229462413], [-74.08449754856271, 40.60253858030156], [-74.08435954482589, 40.602718957265736], [-74.08417217219498, 40.60295425795082], [-74.08383907016965, 40.60337522403051], [-74.08366475591735, 40.603596419807886], [-74.08363998312072, 40.60362818142372], [-74.083627938287, 40.60364362693063], [-74.08360426567715, 40.60367398240167], [-74.08355702106995, 40.60373456699495], [-74.08353125941652, 40.60376760014706], [-74.08350541144131, 40.603800740403074], [-74.08349195351074, 40.60381799299894], [-74.08343218198209, 40.60389464370527], [-74.08326063514978, 40.60411066015925], [-74.08305426217761, 40.604369619176545], [-74.08288518299943, 40.604585317623254], [-74.08269006012301, 40.60482886131133], [-74.08250985127405, 40.60505683095521], [-74.08230386682659, 40.60532018273786], [-74.08211422890606, 40.60555848991637], [-74.08194941122072, 40.60576825789512], [-74.08191594473107, 40.60581014814109], [-74.08180694730723, 40.60594657356423], [-74.0817895938363, 40.60596841254003], [-74.08177270061692, 40.6059896692888], [-74.08174099974039, 40.60602956550393], [-74.08170637539483, 40.606073130837196], [-74.08166407029039, 40.60612637428171], [-74.08162357022375, 40.60617733550227], [-74.08158742108256, 40.60622282049477], [-74.08158007116204, 40.60623208116704], [-74.08150037960952, 40.60633235847184], [-74.08149883338388, 40.60633430288441], [-74.08149772588449, 40.60633571998488], [-74.08145736635979, 40.60638696101526], [-74.08142118513835, 40.606432904358186], [-74.08138312683464, 40.606481226012654], [-74.08134621195558, 40.60652809759228], [-74.08131758185749, 40.60656445347165], [-74.08129835128143, 40.60658887929835], [-74.08124243219419, 40.60665988006918], [-74.08105729217502, 40.60689234684935], [-74.08085881676129, 40.607141343638084], [-74.08072461127718, 40.60731283405224], [-74.08028015023021, 40.60787345163758], [-74.07992646720884, 40.60832769567451], [-74.07959648720772, 40.60875692532865], [-74.0793628211526, 40.60909089253677], [-74.07914382341248, 40.60942308425402], [-74.07896512318783, 40.60970794130756], [-74.07878542832285, 40.610011891555054], [-74.07866675974952, 40.610204684941856], [-74.07848040246276, 40.61052366975573], [-74.07833549239226, 40.610770149690666], [-74.0782635455753, 40.61089252600283], [-74.0780458938793, 40.61125209946705], [-74.07786592692459, 40.61156460393554], [-74.07764707117724, 40.611926968889456], [-74.07748541761144, 40.612198071600524], [-74.07720811214786, 40.61267539141056], [-74.07719186105537, 40.612703371785784], [-74.07698805379425, 40.61304746146632], [-74.07671586709822, 40.61350955947238], [-74.07645697847522, 40.61394996957755], [-74.07623035785807, 40.61433592017428], [-74.07599770107575, 40.61472780030923], [-74.07588481175563, 40.6149145181592], [-74.07570979316583, 40.61520917469268], [-74.07553603095757, 40.615510963844116], [-74.07542653555912, 40.61569125892372], [-74.07531655102301, 40.61587591020391], [-74.07525501685511, 40.61597888851428], [-74.07521576154757, 40.61604455320992], [-74.07512738966761, 40.61618960474004], [-74.07503236080008, 40.61633124602164], [-74.07492951559222, 40.616469922450605], [-74.07483136792806, 40.61660309241585], [-74.07470970521527, 40.61673850086337], [-74.07460484269174, 40.61685880740196], [-74.0745917755019, 40.61687235045966], [-74.07458419854956, 40.616880208230846], [-74.0745373372409, 40.61692879402668], [-74.07448829200418, 40.6169796511627], [-74.07446042340656, 40.617008558171314], [-74.07443476384077, 40.617035174584785], [-74.07423713185516, 40.61722063908653], [-74.07410620620485, 40.6173366746243], [-74.07398600388878, 40.61743705229733], [-74.07382704514296, 40.61756477641498], [-74.07366536083376, 40.6176777789853], [-74.0734997547288, 40.617778915347344], [-74.07349244735094, 40.61778318817309], [-74.0732800795873, 40.61790751466986], [-74.07304893268164, 40.618034221463795], [-74.07284857185776, 40.61813818688626], [-74.07259724313748, 40.618276683463435], [-74.07240467703379, 40.618388515252875], [-74.07226487546818, 40.61847590685952], [-74.07217539990826, 40.61853857729418], [-74.07209869667427, 40.61859754790195], [-74.07200253384656, 40.61868551566379], [-74.0718700278465, 40.61881205943541], [-74.07167961440332, 40.619025808311704], [-74.07152504180087, 40.61923065516766], [-74.0713827414275, 40.619439638828275], [-74.07133312293941, 40.619541174813946], [-74.07127606055829, 40.619657910565756], [-74.07120093804049, 40.6198398243454], [-74.07115635378887, 40.62002155174154], [-74.07113269846701, 40.62016002195986], [-74.07111862924246, 40.62029932065822], [-74.07111738575104, 40.62037299440671], [-74.07111728734237, 40.62037867618835], [-74.07111609335914, 40.62044810645622], [-74.07112126583704, 40.620508754938335], [-74.07112965570275, 40.620607194478104], [-74.07113928739918, 40.62066419236996], [-74.07115904387338, 40.620781130262635], [-74.07118008888575, 40.62084635820709], [-74.07122271758045, 40.62097852101031], [-74.07130240776603, 40.621156378077586], [-74.0713031768711, 40.621158098585404], [-74.07136334381508, 40.62129240785997], [-74.07152075068407, 40.62157620940054], [-74.07169224661166, 40.62189633749193], [-74.0718160537912, 40.62211584084624], [-74.0719194705938, 40.622276266936304], [-74.07204099101209, 40.62244165240624], [-74.07209954599355, 40.62251520631765], [-74.07217454359703, 40.62262034243322], [-74.07240511147137, 40.62288345319327], [-74.0726270044911, 40.62314441979332], [-74.0728080852259, 40.623359340482644], [-74.07302467332764, 40.62361861612714], [-74.07318701264418, 40.62383260390506], [-74.07333736038206, 40.62403967124565], [-74.07348127904515, 40.624237108276645], [-74.073595102102, 40.62439329370803], [-74.07373478511353, 40.624583503345875], [-74.073851277166, 40.62473828147364], [-74.07392489200632, 40.624842423699846]], [[-74.08650726051029, 40.60016490964221], [-74.0863914746685, 40.59990536897579], [-74.08638031182642, 40.599880630261254], [-74.08634409307074, 40.59980031172977], [-74.08634239932826, 40.59979655811762], [-74.08631321433688, 40.599714109816816], [-74.08629874285533, 40.59965086954138], [-74.08628907934812, 40.599596430968454], [-74.08628861505392, 40.599593829247766], [-74.08627030518103, 40.599475045355895], [-74.08626108369904, 40.59941708487091], [-74.08626519666664, 40.599361807024025]], [[-74.08582500261981, 40.60059008269054], [-74.08612012713812, 40.59980934273675], [-74.08616387112777, 40.59968821491584], [-74.08620002275518, 40.59958565584617], [-74.0862284170313, 40.59950770147195], [-74.08623902311066, 40.599458336540735], [-74.08625298775951, 40.59941364348012], [-74.08626519666664, 40.599361807024025]], [[-74.07210816559612, 40.61783649313323], [-74.07212133639143, 40.617621493437554], [-74.07211420303467, 40.61746350211156], [-74.07209236423611, 40.61734352167231], [-74.07208528699631, 40.61731078346861]], [[-74.07207427909835, 40.618051151734406], [-74.07198965846457, 40.618239810484454], [-74.07188071868337, 40.618467441227196], [-74.07179017159423, 40.618666152214864]], [[-74.072165276268, 40.61866344978039], [-74.07205415583866, 40.61882981003035], [-74.07198521552475, 40.618933035482534]], [[-74.07128706980855, 40.62149045352322], [-74.07149788293351, 40.621810782592405], [-74.07158222507208, 40.62197159963304], [-74.07168587797506, 40.622174825331875], [-74.07180113341246, 40.62237379749409]], [[-74.0713760375911, 40.621932084799646], [-74.07159496211672, 40.622243186139336], [-74.07180447141683, 40.62254337140679], [-74.07184495231687, 40.62260232071701], [-74.07197008442365, 40.622762689264405], [-74.0721429753247, 40.622948842481115], [-74.07230178610075, 40.62312862264973], [-74.07233942783971, 40.62317303989534]], [[-74.07168087366732, 40.62206004947918], [-74.07159302031596, 40.62189709925059], [-74.0713967469172, 40.62152804401077], [-74.0711867444185, 40.62114575055708], [-74.07101965550002, 40.620856840981304], [-74.07099313010583, 40.62080701467817]], [[-74.07168087366732, 40.62206004947918], [-74.07173079941664, 40.622152671542445], [-74.07182269302501, 40.622323669612946], [-74.0719004188424, 40.62245068294205], [-74.07200575263342, 40.622600960254324], [-74.07211399652158, 40.62274029215701], [-74.07236955648719, 40.62302260633835], [-74.07259087302982, 40.6232633030797], [-74.07278961711874, 40.62348242589661], [-74.07278961720856, 40.623482508240315], [-74.07294028712045, 40.623650006984995], [-74.07308119094694, 40.623826547592486], [-74.07326860877727, 40.62409146812842], [-74.07343647113379, 40.624340275195074]], [[-74.07180113341246, 40.62237379749409], [-74.07173195323327, 40.62222408207923], [-74.07170319211149, 40.62212949252644], [-74.07168087366732, 40.62206004947918]], [[-74.07180113341246, 40.62237379749409], [-74.07189452213254, 40.62252778234872], [-74.07195632668063, 40.62260839390519], [-74.07213286671667, 40.622824973619366]], [[-74.07232618046253, 40.62262626920811], [-74.07251154532649, 40.622837677090445], [-74.07271222452464, 40.62306543668949], [-74.07292742598675, 40.623322857922076], [-74.07314254316633, 40.6235774598984]], [[-74.07192324939527, 40.62279780250572], [-74.07204103354174, 40.6229316169632], [-74.07215600044263, 40.62302477720922], [-74.07224990262824, 40.62309575893745], [-74.07233942783971, 40.62317303989534]], [[-74.07213286671667, 40.622824973619366], [-74.07235911753803, 40.62307290847587], [-74.07258975397691, 40.623320774237655], [-74.07278576103033, 40.62353380535041], [-74.0729710338932, 40.62374309355335], [-74.07306208498879, 40.62387338588231], [-74.07312363153285, 40.623975834527826]], [[-74.07179989343712, 40.62284857043114], [-74.07190499007275, 40.622975621548775], [-74.07202998475992, 40.623097996702214], [-74.0721352048308, 40.62317183424975], [-74.0722530446216, 40.62324623468668], [-74.07232042692938, 40.623283889289155]], [[-74.07227585704693, 40.62304240582729], [-74.07218139455458, 40.622902955637244], [-74.07213286671667, 40.622824973619366]], [[-74.07227585704693, 40.62304240582729], [-74.072197185095, 40.62295782509155], [-74.07204849967077, 40.62278680804079], [-74.07196193781374, 40.622684121949035], [-74.07189861050517, 40.62260451045281], [-74.07175717616671, 40.62239159197877], [-74.07165674780471, 40.62221957262502], [-74.07156887614713, 40.62206320714837], [-74.07145130915262, 40.62190110697799]], [[-74.07233942783971, 40.62317303989534], [-74.07234110808209, 40.62317448808819], [-74.0724398905268, 40.62327416887759]], [[-74.0724398905268, 40.62327416887759], [-74.07233371913459, 40.623193854499206], [-74.07215546930617, 40.62305995205062], [-74.07201956262183, 40.62296715625752], [-74.07188732760589, 40.622858158245265], [-74.07185785012554, 40.622824714915424]], [[-74.07232042692938, 40.623283889289155], [-74.07213150489883, 40.62319482694778], [-74.07200003493516, 40.62311773679278], [-74.071889713289, 40.623043007509395], [-74.07178577071039, 40.622967500105254], [-74.0717790033969, 40.62296209434588], [-74.07165524128573, 40.62286309554295], [-74.07159452043511, 40.62282211520289]], [[-74.07232042692938, 40.623283889289155], [-74.07237755812669, 40.62331581094657]], [[-74.07237755812669, 40.62331581094657], [-74.07232987340271, 40.62328834088818], [-74.07232042692938, 40.623283889289155]], [[-74.07261519004162, 40.62341031524128], [-74.07260058658022, 40.62339405333864], [-74.0724016012978, 40.62317758455914], [-74.07227585704693, 40.62304240582729]], [[-74.07261519004162, 40.62341031524128], [-74.07247867601338, 40.62330351095969], [-74.0724398905268, 40.62327416887759]], [[-74.07274802813924, 40.62355824964578], [-74.07261519004162, 40.62341031524128]], [[-74.07274802813924, 40.62355824964578], [-74.07255719534716, 40.62341931085848], [-74.07237755812669, 40.62331581094657]], [[-74.07312363153285, 40.623975834527826], [-74.07295253565209, 40.62378569897077], [-74.07283182634069, 40.6236515716592], [-74.07274802813924, 40.62355824964578]], [[-74.07343647113379, 40.624340275195074], [-74.07328319257769, 40.62415515446712], [-74.07312631855312, 40.62397882189682], [-74.07312363153285, 40.623975834527826]], [[-74.07343647113379, 40.624340275195074], [-74.07344917217074, 40.624359096351384], [-74.07365461834918, 40.62462644759014], [-74.07381779690961, 40.624836289284794], [-74.07399775410133, 40.62504397626357], [-74.0741465753109, 40.62521145812506], [-74.07430410285511, 40.62537438879052]], [[-74.07375788902866, 40.624539552648216], [-74.07370060070873, 40.6244614945799], [-74.07350857084779, 40.62419488416937], [-74.0733343425003, 40.62395195511931], [-74.07315447701417, 40.62370504669421], [-74.07300488462957, 40.623508908389205], [-74.07282759307844, 40.623301135794954], [-74.07265064610397, 40.62309451551838], [-74.07250071019631, 40.62291776597386], [-74.07231832011567, 40.622712537476], [-74.07216459223261, 40.622511978801526], [-74.07204750895725, 40.622359568059494], [-74.07191815202886, 40.62219255709124], [-74.07182251281249, 40.6220323319993], [-74.07178653398663, 40.621965672490255], [-74.07176345581134, 40.62192337867193], [-74.07175898021434, 40.621915169047426], [-74.07172679559473, 40.62185608003229], [-74.0717135786804, 40.62183230465321], [-74.07169651434626, 40.62180159009256], [-74.07166443815383, 40.62174273429903], [-74.07163587448632, 40.621690872783056], [-74.07160990595736, 40.62164376362335], [-74.0715957326582, 40.62161823490375], [-74.07158141851559, 40.621592363170954], [-74.07155927562039, 40.621551979103266], [-74.07154135947147, 40.62151955229857], [-74.07152284067408, 40.62148610205839], [-74.07148446017803, 40.62141646035628], [-74.07146677134043, 40.62138431336704], [-74.07146341832862, 40.62137818358532], [-74.07144531419753, 40.62134504598078], [-74.07143132774283, 40.62131895993115], [-74.07143125915418, 40.62131882273416], [-74.07143052282206, 40.62131743707156], [-74.07142956271015, 40.621315637084315], [-74.07142307285042, 40.621303393853005], [-74.0714167272367, 40.6212912960057], [-74.07141529417738, 40.6212885054421], [-74.07141264104983, 40.62128335511492], [-74.07140640000931, 40.62127135601459], [-74.07140056306004, 40.62125995777245], [-74.07139587048678, 40.62125087542405], [-74.07139338343023, 40.62124606809234], [-74.0713870481583, 40.62123352558053], [-74.071378366411, 40.621216260737604], [-74.071376734703, 40.62121297348943], [-74.07137055082048, 40.6212005159712], [-74.0713667025919, 40.62119276432171], [-74.07136229470677, 40.62118378060773], [-74.07136035251048, 40.621179837546634], [-74.07135903848967, 40.621177197871994], [-74.07135756915507, 40.62117416578842], [-74.07135502393795, 40.62116886168453], [-74.07134981092773, 40.62115815748489], [-74.07134698053441, 40.62115228813056], [-74.07134623325557, 40.62115076797938], [-74.07134609245327, 40.62115047162915], [-74.0713455256361, 40.62114928074102], [-74.07133769496006, 40.62113288821069], [-74.07132544830205, 40.621106663828456], [-74.0713121211835, 40.62107724243187], [-74.07131189377363, 40.621076800661356], [-74.07131129096803, 40.62107563998806], [-74.07129546422505, 40.62103973694029], [-74.07129278467296, 40.6210334365586], [-74.07127591295658, 40.620993823196585], [-74.07127217168212, 40.62098500924277], [-74.07126576105276, 40.620969318493735], [-74.07126098648055, 40.62095762314799], [-74.07126035802794, 40.62095605626107], [-74.07126016661137, 40.62095558702018], [-74.07125479936153, 40.620942091457714], [-74.07125472713625, 40.62094192132537], [-74.07125277308907, 40.620936987399624], [-74.07120983704026, 40.620780124409535], [-74.07120363282353, 40.620748538435365], [-74.07118077168802, 40.620632044383896], [-74.07117397661925, 40.62057669435939], [-74.07116360227175, 40.62049211450893], [-74.0711612493396, 40.62041372468856], [-74.07116066270956, 40.62039394058649], [-74.07115991577393, 40.620369078717225], [-74.07116466293792, 40.62026727965376], [-74.07117500416673, 40.62014517114933], [-74.07120929683549, 40.61998676713809], [-74.07124237876846, 40.61985849345465], [-74.07129106445684, 40.61971964812152], [-74.07135498746796, 40.61957800185437], [-74.07137650667505, 40.619541147885386], [-74.07144470996475, 40.61942430909095], [-74.0715501229695, 40.61926745272288], [-74.071686202511, 40.619086093582276], [-74.07182202056966, 40.618930219843676], [-74.07195570038469, 40.618782900055415], [-74.0720863113902, 40.61866294213164], [-74.07221883818768, 40.618556273142644], [-74.07235515937722, 40.6184612889407], [-74.07253027487279, 40.61835368424933], [-74.07276542868217, 40.61821977363003], [-74.07322503200587, 40.617984911749105], [-74.07337545992117, 40.6178999605423], [-74.07349691834766, 40.61782980563089], [-74.07351732472966, 40.61781760844414], [-74.07360606301394, 40.617764519504874], [-74.0737293241648, 40.61768332088824], [-74.07381962282307, 40.617618156435796], [-74.07392332043588, 40.61754295931038], [-74.07406103337392, 40.617427295647985], [-74.07422473117668, 40.617289511220825], [-74.0743775483395, 40.61714670513682], [-74.07448226350098, 40.61704205246349], [-74.07451096080673, 40.61701336998562], [-74.07456063415091, 40.61696372837635], [-74.07460790760025, 40.6169164927422], [-74.07461574750626, 40.61690864303317], [-74.07464826932022, 40.61687614826433], [-74.07487943237396, 40.616606354869496], [-74.0750557922386, 40.61637045657414], [-74.0751804172659, 40.61618325704527], [-74.07529935667247, 40.6159918890149], [-74.07530629217635, 40.61598072962882], [-74.07549729691975, 40.61564850073027], [-74.07569260668193, 40.615321807661694], [-74.07583530531078, 40.6150771579332], [-74.07592617286606, 40.61492489087247], [-74.07619598401214, 40.614473336396], [-74.07650426119159, 40.61395156578111], [-74.07674166974793, 40.613546715003544], [-74.07697834138503, 40.61315185800846], [-74.07703028249192, 40.61306455246039], [-74.07721122515345, 40.612760425812006], [-74.07726099279046, 40.61267535587885], [-74.07740423449134, 40.61243054182095], [-74.07753031893759, 40.61221875354718], [-74.07764376012238, 40.61202821564085], [-74.07788351137853, 40.61162417878286], [-74.07819592588643, 40.61109024670433], [-74.0783355911204, 40.61085428584032], [-74.07843604309525, 40.610684586227755], [-74.07870379349312, 40.61023698779338], [-74.07871398388001, 40.61021988897245], [-74.07896347240303, 40.60980126549978], [-74.07925991108631, 40.60931874867703], [-74.07951457293852, 40.608952466403736], [-74.07964384271507, 40.60877425336005], [-74.07977998657418, 40.60858656310463], [-74.08008815936445, 40.6081828884417], [-74.08035549979148, 40.607846077280215], [-74.08048781386158, 40.607678351748106], [-74.0807470950959, 40.607351533614], [-74.080778072135, 40.60731067201943], [-74.08097493953545, 40.60705954929039], [-74.08118130302064, 40.60680005336953], [-74.08130726511004, 40.60664239104009], [-74.08134736638252, 40.606591789784396], [-74.08136702144537, 40.60656698486704], [-74.08139525266226, 40.60653136760814], [-74.08143247350709, 40.6064843969833], [-74.08147061482669, 40.60643625366542], [-74.08150682153402, 40.60639056281017], [-74.0815476021107, 40.60633909639036], [-74.081550223498, 40.60633579802943], [-74.08158338440958, 40.60629394653656], [-74.08162989021307, 40.606235883020844], [-74.08163748834407, 40.60622639435095], [-74.08167388600553, 40.606180955827625], [-74.08171464539917, 40.60613004655609], [-74.0817575982428, 40.60607641836066], [-74.08179191731074, 40.606033564131614], [-74.0818244096331, 40.60599299211892], [-74.08184119514898, 40.60597202364297], [-74.08186381319115, 40.60594380474635], [-74.08197179465866, 40.60581010832196], [-74.08207922193536, 40.60567710387862], [-74.08221938546038, 40.60550055441647], [-74.08236413229118, 40.605323633692485], [-74.0825291417256, 40.60511943141905], [-74.08268037172766, 40.60493285218137], [-74.0828317747875, 40.60474420852839], [-74.08297206531108, 40.604571602311374], [-74.08313786195309, 40.60436630889315], [-74.08327502673734, 40.604195109896075], [-74.08347867727157, 40.603943121495284], [-74.08353338763968, 40.603874003423556], [-74.08354689621169, 40.60385692919796], [-74.08357222343872, 40.60382493389206], [-74.0835984459308, 40.603791801583], [-74.08361452528126, 40.60377146465975], [-74.08361772174129, 40.60376742748172], [-74.08400351949578, 40.60327994730192], [-74.08432214334863, 40.60287338782881], [-74.08451542386814, 40.60263167344921], [-74.08470765097456, 40.60238675084535], [-74.0848887705474, 40.602144564447194], [-74.08502241149866, 40.60195070212493], [-74.08516678872539, 40.601730201655194], [-74.08518414604956, 40.60170182130169], [-74.0851966555233, 40.601681360537384], [-74.08523833097911, 40.60161321472236], [-74.08527462308946, 40.60155386996465], [-74.08528472477732, 40.60153734701767], [-74.08532805670762, 40.60146648807908], [-74.08545343632075, 40.60124907276998], [-74.08557756839423, 40.6010057940124], [-74.08569538315473, 40.600754027418525], [-74.0857892822893, 40.60053311361904], [-74.08588381155974, 40.60029304606197], [-74.08599894331972, 40.59998147746857], [-74.08610784730244, 40.59969743276852], [-74.08618616281841, 40.599474397586285]], [[-74.07392489200632, 40.624842423699846], [-74.07381522776423, 40.62466307538093], [-74.07375788902866, 40.624539552648216]], [[-74.07392489200632, 40.624842423699846], [-74.07398689636118, 40.624930148518814], [-74.07415194279167, 40.62515947654999], [-74.07428986275757, 40.625355214646866], [-74.07430410285511, 40.62537438879052]], [[-74.07430410285511, 40.62537438879052], [-74.07430444548515, 40.62537474813675], [-74.07442829188116, 40.62554162544456], [-74.07454813448001, 40.62571951731488], [-74.07459359693382, 40.625786908132454], [-74.07459481675215, 40.62578886986669], [-74.07468032697601, 40.625926440925994], [-74.07471011353645, 40.62598248942171], [-74.07472320001732, 40.626007129141094], [-74.07474472320942, 40.62604762826672], [-74.07476598288562, 40.62608762526284], [-74.07478217407855, 40.62611811485074], [-74.07484650089006, 40.62627343914343], [-74.07489075253704, 40.626400889400095], [-74.07490508986862, 40.62644215073712], [-74.07494906353033, 40.6266169927106], [-74.07496107451256, 40.62668460554904], [-74.07496893803923, 40.62672887115418], [-74.07497689577464, 40.626773611545936], [-74.07498177195632, 40.62680104804029], [-74.07500857184336, 40.626984563743626], [-74.07503610286984, 40.62720945119125], [-74.07504075685951, 40.627247485463975], [-74.07504186576595, 40.627256501377786], [-74.0750450182537, 40.62728558586759], [-74.07504743169436, 40.627307789649244], [-74.07507454091918, 40.62755779218998], [-74.07510915110579, 40.62784322506425], [-74.07514019688298, 40.628101492312815], [-74.07517332358633, 40.62838392057557], [-74.07520142932657, 40.628603095666364], [-74.07520436238272, 40.6286259578515], [-74.07520789152468, 40.62865348579019], [-74.07520933649992, 40.62866656926053], [-74.07521367158058, 40.62870595416592], [-74.07524026805937, 40.62894746733034], [-74.07526459776031, 40.629162610022235], [-74.07528966217812, 40.629390191611925], [-74.07531050478099, 40.629611671543024], [-74.0753120514286, 40.62966373645247], [-74.0753129129947, 40.62969294045419], [-74.07531414167478, 40.629734597327676], [-74.07531538155159, 40.62977659729241], [-74.0753162428666, 40.62980557622112], [-74.07531718679249, 40.62983752495839], [-74.07531810861641, 40.62999354096143], [-74.07531798575941, 40.630018754682396], [-74.07531797403132, 40.630021131678156], [-74.0753029930779, 40.63032034005852], [-74.07528331744619, 40.63056505918992], [-74.07525637061737, 40.63076436229071], [-74.075226609598, 40.630925042541875], [-74.07520866252109, 40.63099366579], [-74.07519072620306, 40.631062278048596], [-74.07517138450248, 40.63113064144686], [-74.0751344352988, 40.631246210260755], [-74.07509344285123, 40.63136103511929], [-74.0750485113976, 40.631474918325246], [-74.0750023564114, 40.63158057068662], [-74.07495275611053, 40.631685396347805], [-74.07490130322599, 40.63178968246964], [-74.07485482113194, 40.6318803401966], [-74.0748069117515, 40.63197058711408], [-74.07475903466339, 40.63206083124483], [-74.07469421927256, 40.63218194877041], [-74.07462943608078, 40.63230307447121], [-74.07456811962287, 40.6324251613065], [-74.07452034840084, 40.63252690593109], [-74.07447494480212, 40.63262929677127], [-74.0744339123354, 40.632732631714944], [-74.07439849479243, 40.63283439573515], [-74.0743672285917, 40.632937049114766], [-74.07434106464493, 40.63304036342488], [-74.0743204721907, 40.63314509867219], [-74.074305021672, 40.63325049757555], [-74.07430368840407, 40.63326324798189], [-74.07429389838303, 40.63335612424193], [-74.07428683153742, 40.63346144635854], [-74.07428404151234, 40.63356698803846], [-74.07428542350905, 40.63367244742288], [-74.07429167531538, 40.633779992444026], [-74.07430227931746, 40.633887444073245], [-74.07431554566467, 40.63399469635474], [-74.0743313705691, 40.63409912808154], [-74.07434973894667, 40.634203360535615], [-74.07436809297923, 40.634307601229274], [-74.07438000861272, 40.634372999090445], [-74.07443317427392, 40.63466476865099], [-74.07449886955222, 40.63500327655283], [-74.0745584393547, 40.63536658753986], [-74.07460761065221, 40.635735490873635], [-74.07466885161021, 40.63617440039005], [-74.07467078035094, 40.63618829325493], [-74.07467700215743, 40.63623284810425], [-74.07468174573437, 40.6362668474582], [-74.07468412845655, 40.63628395691946], [-74.07471387216087, 40.636497117049565], [-74.0747257178845, 40.63657343641666], [-74.07473755281696, 40.636649747554515], [-74.07475058384132, 40.6367259316528], [-74.07476524241872, 40.63680117871806], [-74.07478107188774, 40.63687630973831], [-74.07479750660825, 40.63695135527365], [-74.07481270106136, 40.63701921026879], [-74.0748283926832, 40.63708699082867], [-74.07484462831809, 40.63715469966736], [-74.07486351922631, 40.63723185158939], [-74.07488311265521, 40.63730889600346], [-74.07490426236154, 40.637385678644975], [-74.07493952100234, 40.63749708581925], [-74.07497811196103, 40.637607914403304], [-74.07499269757527, 40.63764989739851], [-74.07500239963166, 40.637677816540354], [-74.07501663099858, 40.637718753999216], [-74.07501745890674, 40.637721245726276]], [[-74.0745012281472, 40.63438244777373], [-74.07449422440527, 40.634334311463526], [-74.07445498428723, 40.63407517667668], [-74.07443611902299, 40.63391642756526], [-74.07442770336067, 40.63379750131485], [-74.07442596680585, 40.63366184674089], [-74.07442795143562, 40.633532134968966], [-74.07443531349078, 40.63342680441891]], [[-74.07462660641518, 40.634866352291354], [-74.07461268648804, 40.63479707462866], [-74.07459081172398, 40.634695915915984], [-74.07456434713029, 40.63460140530771], [-74.07453831129611, 40.63451006464532], [-74.0745012281472, 40.63438244777373]], [[-74.07453395708814, 40.63493096157568], [-74.07448422793875, 40.63466499634566], [-74.07442769659544, 40.63436645759366], [-74.07442039730448, 40.63432786510033], [-74.07439824594609, 40.63420119645921], [-74.07437608386921, 40.63407453330866], [-74.07435746683323, 40.63394761808388], [-74.0743396273164, 40.633797368902144], [-74.07432671621694, 40.63364677343091], [-74.07432413835227, 40.633496335964224], [-74.07433289646626, 40.63335685659892], [-74.07434475362174, 40.633263221437204], [-74.074350542907, 40.63321750872315], [-74.07437634360129, 40.633079154671336], [-74.07440570278447, 40.632959292697606], [-74.0744412919975, 40.632840195222336], [-74.0744819622472, 40.632722164910966], [-74.07452506650533, 40.63261260617013], [-74.07457263916518, 40.63250399970039], [-74.07462255422192, 40.632396047694044], [-74.07472146281872, 40.63220381252912], [-74.0748280327738, 40.632013735183016], [-74.07492998185599, 40.63182230756414], [-74.07499576293189, 40.631689186306374], [-74.0750593597584, 40.63155542689884], [-74.07511739582425, 40.63142036456737], [-74.07515817554629, 40.63131499564011], [-74.07519563254739, 40.63120885483955], [-74.0752280158113, 40.63110184999179], [-74.07524257011391, 40.631043686610276], [-74.07525563617948, 40.63098526893523], [-74.07526871663615, 40.63092685399368], [-74.07530855991115, 40.630716835022454], [-74.07533309475645, 40.63051611168757], [-74.07534717744146, 40.630343562226564], [-74.07535342259474, 40.630188713557935], [-74.07535819748901, 40.63007185099799], [-74.07536204793512, 40.63002008448079], [-74.07536204787623, 40.63002003232983], [-74.0753590038971, 40.62980332217726], [-74.07535856486275, 40.629771850702724], [-74.07535797337445, 40.62972979541767], [-74.07535739664466, 40.6296880475392], [-74.07535724080486, 40.62967765586623], [-74.0753566544053, 40.62965924968852], [-74.07534887706325, 40.62941743054476], [-74.07533802048061, 40.62921474863052], [-74.07532017286546, 40.628952816759075], [-74.07529918150014, 40.62872066791167], [-74.07529648112383, 40.62869651827012], [-74.07529219381333, 40.6286580061798], [-74.0752877173337, 40.62861786380763], [-74.07528558091285, 40.628598629715775], [-74.07527684997727, 40.62852033479764], [-74.07524299509369, 40.62824433808912], [-74.07521397158175, 40.62797478571503], [-74.07517983262001, 40.6276891823909], [-74.07515190005556, 40.62747622685626], [-74.07512776882332, 40.62729891267882], [-74.07512464484705, 40.627275987483095], [-74.0751194721036, 40.62723800570384], [-74.0751164715639, 40.627215920333065], [-74.07511347450396, 40.62720012602035], [-74.07506760131497, 40.62695785408421], [-74.07503081818263, 40.62676741705746], [-74.07502227377962, 40.62672318758323], [-74.07501961045466, 40.626709404981234], [-74.07501270608071, 40.62667878036451], [-74.07497709812246, 40.626520816170235], [-74.07494539986091, 40.626408517246404], [-74.07494263896561, 40.62640085558971], [-74.07489454037089, 40.62626750930315], [-74.07483981308485, 40.626137060319664], [-74.07481321640033, 40.626082686850005], [-74.07479364622696, 40.62604266954994], [-74.07477417356772, 40.6260028525528], [-74.07476563061653, 40.62598540672686], [-74.07476203171036, 40.62597892587062], [-74.07469170714953, 40.62585243121947], [-74.07464437733391, 40.62577112556229], [-74.07464344250015, 40.62576951497682], [-74.07448195340255, 40.62554460721805], [-74.07432703570046, 40.625325717051616], [-74.07416106797307, 40.62509488572383], [-74.07401795677619, 40.62489815994028], [-74.07386163900544, 40.62468093063398], [-74.07375788902866, 40.624539552648216]], [[-74.07453395708814, 40.63493096157568], [-74.07456147905259, 40.635081742409646], [-74.07456404122796, 40.63509184705915]], [[-74.07456404122796, 40.63509184705915], [-74.07453395708814, 40.63493096157568]], [[-74.07456404122796, 40.63509184705915], [-74.07459552944668, 40.63521618750867], [-74.07463654745925, 40.63536294393862], [-74.07466666503962, 40.635466378202274], [-74.07468925765203, 40.63557763175727]], [[-74.07516430946919, 40.635324922447964], [-74.07526634952428, 40.635619415404385]], [[-74.07468925765203, 40.63557763175727], [-74.07462775258168, 40.63519536384842], [-74.07457176810982, 40.63484229686068], [-74.07452215592616, 40.63452628309356], [-74.0745012281472, 40.63438244777373]], [[-74.07522171104978, 40.63563750257699], [-74.07511964123579, 40.63532602485069]], [[-74.07484162196636, 40.63579452192264], [-74.07474399965, 40.6352609985765], [-74.07472694804515, 40.63516874359766], [-74.07470972921877, 40.63510086519005], [-74.07468066139047, 40.6350242578141], [-74.07462660641518, 40.634866352291354]], [[-74.0747928929025, 40.63579888490479], [-74.07462982734381, 40.63488237702086], [-74.07462660641518, 40.634866352291354]], [[-74.07504320633937, 40.63758327040826], [-74.07503843514834, 40.6375666154054], [-74.07502565969153, 40.63751628433513], [-74.07501405145771, 40.637465782324924], [-74.07500400677873, 40.63741510637177], [-74.07499706537855, 40.637371751487265], [-74.07499124801062, 40.63732827784318], [-74.07498576210104, 40.63728477653458], [-74.07498018315752, 40.63724184345728], [-74.07497492127159, 40.637198893704046], [-74.07497054569146, 40.63715589671114], [-74.07496873169798, 40.637128765666205], [-74.0749672707742, 40.63710160694311], [-74.07496505326044, 40.63707449262978], [-74.07496128418384, 40.63704537288788], [-74.07495662881952, 40.637016305874525], [-74.07495144388561, 40.636987305080964], [-74.0749453782322, 40.63695689678492], [-74.07493872536244, 40.63692655474603], [-74.07493198963807, 40.63689622099506], [-74.07492060760363, 40.636844854216534], [-74.0749090022263, 40.636793512285145], [-74.0748973932669, 40.63674217309945], [-74.07488603740603, 40.63669160777767], [-74.07487467795929, 40.63664104245688], [-74.07486330772996, 40.63659048537602], [-74.07481352362359, 40.63632919474462], [-74.07480232266045, 40.63626241035886], [-74.07479957327288, 40.636246077913505], [-74.0747939111207, 40.636212301489635], [-74.0747863193041, 40.636167039382215], [-74.07478403416279, 40.636153432208985], [-74.07474791422872, 40.63593806942444], [-74.07469016471359, 40.63558327719761], [-74.07468925765203, 40.63557763175727]], [[-74.07504320633937, 40.63758327040826], [-74.07498082018508, 40.63736947292846], [-74.07494418146759, 40.637248350115996], [-74.07491580265908, 40.63713504729927], [-74.07488811463107, 40.63702718419384], [-74.07486382307017, 40.63692138020498], [-74.07483719254363, 40.63676678638203], [-74.07475604425359, 40.63627084225142], [-74.07475337775536, 40.63625451798549], [-74.07474779451991, 40.636220409388706], [-74.07474043730072, 40.63617547924516], [-74.07473820250294, 40.63616177597071], [-74.07472898783334, 40.636105480865844], [-74.07465098849278, 40.63562415881175], [-74.07456807541035, 40.63511341848001], [-74.07456404122796, 40.63509184705915]], [[-74.07522709654796, 40.638193566311784], [-74.0752148796895, 40.63815635772959], [-74.0751823975695, 40.63805395447983], [-74.07515111903507, 40.63794839667235], [-74.07512098616019, 40.63784264048203], [-74.07509026258909, 40.63773698622552], [-74.07507259407595, 40.637680254766906], [-74.07506998692512, 40.637671964465476], [-74.07506134824719, 40.63764448654597], [-74.07505476347593, 40.63762354262461], [-74.07504320633937, 40.63758327040826]], [[-74.07522709654796, 40.638193566311784], [-74.07517090405909, 40.638051107414896], [-74.07511796929214, 40.637934505004246], [-74.07505816640585, 40.637810776092955], [-74.07501745890674, 40.637721245726276]], [[-74.07522709654796, 40.638193566311784], [-74.07525197423774, 40.638271842352616], [-74.07527175570225, 40.638348815204665], [-74.0752746011594, 40.638357503339115], [-74.07529158811195, 40.638410225074495], [-74.07531430571814, 40.63848995176216], [-74.0753336045871, 40.63857019395968], [-74.07534949182026, 40.63865086932049], [-74.07536190966536, 40.638731898284995], [-74.07537089404232, 40.638813192997546], [-74.07537638718279, 40.63889466017409], [-74.07537841781559, 40.63897622568693], [-74.0753769750131, 40.6390577962207], [-74.07537205146018, 40.63913928669167], [-74.07536366867632, 40.63922062023118], [-74.07535181932478, 40.63930169254139], [-74.0753365213283, 40.63938243224506], [-74.0752643087423, 40.639700723873226]], [[-74.0752643087423, 40.639700723873226], [-74.0752198077713, 40.63983362538685], [-74.07517716884679, 40.63994997185363], [-74.07515108608887, 40.64001792512468], [-74.0751276378627, 40.64008644209425]], [[-74.0752643087423, 40.639700723873226], [-74.07526301446042, 40.639706461325304], [-74.07516322332664, 40.640121727779025], [-74.07516251678919, 40.640124654183694], [-74.07513651528619, 40.64023284322816], [-74.07507591710275, 40.64049618472015], [-74.07503769677925, 40.640662104580045], [-74.07503678958166, 40.64066603845146]], [[-74.0751276378627, 40.64008644209425], [-74.07517620562751, 40.63988177550575], [-74.07528960810475, 40.63938894615777], [-74.07530839764432, 40.639289059283314], [-74.07532296736083, 40.63918876619553], [-74.07533331739084, 40.63908817119787], [-74.07533943346152, 40.63898738134756], [-74.0753412904722, 40.63888648723964], [-74.07533892100068, 40.63878560413408], [-74.07532239430384, 40.63869066453194], [-74.07530217850216, 40.63859613082612], [-74.07526963990986, 40.638463136986836], [-74.07525359878039, 40.638421596893615], [-74.07521215491957, 40.638299486456035], [-74.07517070401651, 40.63817738698574], [-74.07512941536152, 40.63805524896592], [-74.07509175920927, 40.637943096839656], [-74.07505422925782, 40.63783091442478], [-74.07501745890674, 40.637721245726276]], [[-74.07507719778043, 40.64029898741812], [-74.0751185539679, 40.64012468291053], [-74.07511926050728, 40.64012175650613], [-74.0751276378627, 40.64008644209425]], [[-74.07507719778043, 40.64029898741812], [-74.07506561641762, 40.64037533299099], [-74.07505645661335, 40.64045186637177], [-74.07503711656443, 40.64066202261505], [-74.07503678958166, 40.64066603845146]], [[-74.07507719778043, 40.64029898741812], [-74.07499265931017, 40.64065525277936], [-74.07499144715153, 40.64066035887321], [-74.07499069383272, 40.64066335118206], [-74.07464506302375, 40.64203532704889], [-74.07464060026945, 40.64205300636956], [-74.07463758687713, 40.6420649838282], [-74.07463331790298, 40.6420819521231], [-74.07462565518358, 40.642112333646125], [-74.07462458254221, 40.64211658327139], [-74.07462343100208, 40.6421211678118], [-74.07462303996199, 40.64212270789069], [-74.07462174494258, 40.64212787716365], [-74.07462087679687, 40.64213132792339], [-74.07461808577833, 40.64214238847843], [-74.07460380979448, 40.642178192498896], [-74.07460301926935, 40.64218016651311], [-74.07459280006086, 40.64220580121181]], [[-74.07503678958166, 40.64066603845146], [-74.07503576734563, 40.640670208449585], [-74.07470190175852, 40.642035290140406], [-74.07470011185815, 40.64204257596605], [-74.07469464183627, 40.64206494678297], [-74.07469289858697, 40.6420720624014], [-74.07468574272299, 40.64210133470562], [-74.07468467383022, 40.642105710589185], [-74.0746835080839, 40.642110476295315], [-74.07468230644245, 40.642115365540135], [-74.07468182583679, 40.64211736680148], [-74.0746802117391, 40.642123977295135], [-74.07467756458104, 40.6421347852379], [-74.07467476091563, 40.642144196185995]], [[-74.07467476091563, 40.642144196185995], [-74.074667732001, 40.64216778669876], [-74.07466720069306, 40.64216956017566], [-74.074656222944, 40.64220640782456], [-74.07464533136182, 40.642242986427235], [-74.07464469233662, 40.64224510307225], [-74.07463794698315, 40.64226772723409]], [[-74.07459280006086, 40.64220580121181], [-74.07458981763287, 40.64221325798584], [-74.07458769319021, 40.642217843156864], [-74.07457013323491, 40.64225570514772], [-74.07456909434802, 40.64225792086389], [-74.07455542738929, 40.64228737579235], [-74.07455317353478, 40.6422922410148], [-74.07454454271958, 40.64231085077109], [-74.07452097961647, 40.64235199392008], [-74.07448337639532, 40.64241763788599], [-74.07448050650116, 40.64242262976612], [-74.07447965777071, 40.642424115245134], [-74.07441473349222, 40.64253139058304], [-74.074410496325, 40.64253818392585], [-74.07440694618991, 40.64254389537818], [-74.07436175817033, 40.642616433623395], [-74.07431371771084, 40.642693568465546], [-74.07431149840349, 40.64269712714246], [-74.07430996610152, 40.642699576481874], [-74.0742543585836, 40.642786531542974], [-74.07423223699728, 40.64281842377047], [-74.07423097430957, 40.64282030476402], [-74.07416800869665, 40.64291390965852], [-74.07410618261794, 40.64300196657058], [-74.07403252583003, 40.64310242102927], [-74.07395856531008, 40.643198879226524], [-74.07383089492356, 40.643356174367796], [-74.07369679200245, 40.643510330706874], [-74.07355641491073, 40.643661202646406], [-74.07340987517526, 40.64380864736351], [-74.07325733836943, 40.643952513766116]], [[-74.07459280006086, 40.64220580121181], [-74.07458431389479, 40.64221840528509], [-74.07455781576319, 40.642257782703204], [-74.07455625810978, 40.642260100312754], [-74.07455051312921, 40.64226864032253], [-74.07453440987996, 40.64229126231], [-74.07453077620833, 40.64229636173319], [-74.07449304004379, 40.64234939898569], [-74.07448533237569, 40.64235896681356], [-74.07442923037337, 40.642428569744744], [-74.0744248043832, 40.64243405669215], [-74.0744207058554, 40.64243914817817], [-74.07439031616026, 40.64247226996249], [-74.07430152008087, 40.642567124049556], [-74.07429449441051, 40.64257436933461], [-74.07428752633115, 40.64258155968632], [-74.07420694701024, 40.6426647128571], [-74.07412266746736, 40.64275167537385], [-74.07411840597456, 40.64275607252307], [-74.07411488593128, 40.64275971163336], [-74.07404815375756, 40.64282649409594], [-74.07398461523609, 40.64289436139988], [-74.07398299951073, 40.64289633319575], [-74.07389576083051, 40.64300265093354], [-74.07381777008608, 40.643097698066114], [-74.07373386313016, 40.64319995949086], [-74.07364403271674, 40.64330944892307], [-74.07354769220588, 40.643426866644134], [-74.07345286275016, 40.64354243607677], [-74.07334712565633, 40.64367130538457], [-74.07334378615764, 40.64367536705269], [-74.07332264085476, 40.64370114584098], [-74.07327354882975, 40.64376097228939], [-74.07324860333725, 40.64379137021474], [-74.07317366598116, 40.64388270400579]], [[-74.07463794698315, 40.64226772723409], [-74.07463656850213, 40.64227237505193], [-74.07463527256594, 40.64227672637924], [-74.07461852224061, 40.64233290929995], [-74.07460031444364, 40.64239402279944], [-74.07459904364326, 40.64239830000076], [-74.07459785540952, 40.64240229992506], [-74.07456700768222, 40.64248332955182], [-74.0745639058287, 40.64249033900223], [-74.07456172407468, 40.64249523986023], [-74.07453144215529, 40.64256351683312], [-74.07449908267799, 40.64263648872773], [-74.07449736100638, 40.64264037097068], [-74.07449661699445, 40.64264205675134], [-74.07447553268797, 40.642689508546894], [-74.07445076299976, 40.64275067018613], [-74.07444969122078, 40.64275248243886], [-74.07437358093456, 40.64288167387306], [-74.07429186012888, 40.643011069248956], [-74.07423006054096, 40.64310343826839], [-74.0741259163251, 40.643249956245484], [-74.0740159061392, 40.64339395818772], [-74.07390011269302, 40.64353531502034], [-74.07377866192485, 40.643673883916286], [-74.07365166539034, 40.64380954676051], [-74.07357839876795, 40.6438829233571], [-74.07351924903465, 40.643942160725395], [-74.07338153161791, 40.644071599456446]], [[-74.07439800289718, 40.643484528357774], [-74.07435756641472, 40.643501465136666], [-74.07431775785983, 40.64351926061349], [-74.07427863487669, 40.64353790651724], [-74.07421757577994, 40.64357079004712], [-74.07415798490396, 40.64360519869852], [-74.07410272884678, 40.64363959080176], [-74.07404903816754, 40.64367538445596], [-74.07401949195072, 40.64369643951567], [-74.07399694162562, 40.643712519259346], [-74.07394651486182, 40.6437509677177], [-74.07389781908542, 40.64379068587722], [-74.07385089388256, 40.643831627053366], [-74.07380578965022, 40.64387374455457], [-74.0737625820157, 40.64391699716263], [-74.07375072665658, 40.64392994643098], [-74.07373846747008, 40.643942679118915], [-74.07370194649867, 40.643981576930734], [-74.07369697240709, 40.64398686657576], [-74.07367482373817, 40.644011150162726], [-74.07349415371932, 40.644202903958124]], [[-74.0756704723394, 40.643612741464786], [-74.07563883663555, 40.643592428903204], [-74.07560631545363, 40.643572945840326], [-74.07557294485522, 40.64355431695485], [-74.0755387608986, 40.643536564180664], [-74.07550380685171, 40.64351971219167], [-74.07546811874775, 40.643503760963554], [-74.07543173987627, 40.64348875438375], [-74.07539470627312, 40.64347469517288], [-74.07535707560703, 40.64346159701635], [-74.07531887673173, 40.643449484597824], [-74.07528015650236, 40.643438368865176], [-74.07524096538346, 40.64342826625359], [-74.07520135382107, 40.64341917672956], [-74.07516135066841, 40.643411124976915], [-74.0751210171815, 40.643404110955196], [-74.07508038939865, 40.643398140130195], [-74.0750395249938, 40.64339323167734], [-74.07499845278299, 40.6433893773433], [-74.07495724845403, 40.64338659354726], [-74.07491592641227, 40.643384874790016], [-74.07489209263454, 40.643384042175185], [-74.07486822351333, 40.64338382441051], [-74.074844365889, 40.64338421872063], [-74.07482054857574, 40.643385214107695], [-74.07479029640585, 40.643386927319284], [-74.07476012796117, 40.64338939802943], [-74.07475745817138, 40.64338968796755], [-74.07473009367277, 40.643392612481456], [-74.07470021156283, 40.64339657615332], [-74.07467756465708, 40.643400175552365], [-74.07467051767348, 40.64340129725612], [-74.0746410516073, 40.64340674557166], [-74.07463983394332, 40.64340699888233], [-74.07461182418882, 40.64341293481703], [-74.07458287863034, 40.64341984026124], [-74.07455425458664, 40.64342747834758], [-74.07452597365281, 40.64343582710397], [-74.07451663702587, 40.643438849674], [-74.07449805742695, 40.643444867303174], [-74.0744705491644, 40.643454612641385], [-74.07444348486165, 40.643465030158154], [-74.07441687533131, 40.643476122591565], [-74.07439845310134, 40.64348433044195], [-74.07439800289718, 40.643484528357774]], [[-74.0756704723394, 40.643612741464786], [-74.075696134077, 40.64363028571635], [-74.07573795863559, 40.64365869690495], [-74.0757788148235, 40.64368791019383]], [[-74.0756704723394, 40.643612741464786], [-74.07567518238689, 40.64361626816009], [-74.07564152678637, 40.64359738147227], [-74.07560704343959, 40.6435793928638], [-74.07557174679378, 40.64356233251698], [-74.07553569812755, 40.64354621960447], [-74.07549893710521, 40.6435310788025], [-74.07546150336624, 40.6435169128292], [-74.07542344378757, 40.64350375184584], [-74.07538480883413, 40.64349161228735], [-74.07534564175135, 40.64348049961447], [-74.07530597859952, 40.64347043850611], [-74.07526589144801, 40.643461431659375], [-74.07522541274723, 40.64345349826607], [-74.07518459654332, 40.643446635545665], [-74.07514349690683, 40.64344086267602], [-74.07510214988213, 40.643436190612356], [-74.07506061311845, 40.64343261657209], [-74.07501894786846, 40.64343013777019], [-74.07497719018241, 40.64342877065177], [-74.07493538689626, 40.643428509696626], [-74.074893610088, 40.64342936583691], [-74.07485189217391, 40.64343132807246], [-74.07481029440336, 40.64343439087378], [-74.07476884921105, 40.64343855970962], [-74.07474198259767, 40.643442052073325], [-74.07471527892409, 40.64344624973484], [-74.07469970105349, 40.64344912266649], [-74.07468878141485, 40.6434511389423], [-74.07466251890554, 40.64345672791149], [-74.07463653821502, 40.64346299465385], [-74.07461084656775, 40.64346995563369], [-74.07458548355741, 40.643477572398474], [-74.07456048883293, 40.6434858559018], [-74.07455446279555, 40.643488047403046], [-74.07453587319176, 40.64349479515784], [-74.07453449010066, 40.64349534501147], [-74.07451168345898, 40.643504373667724], [-74.07448794483956, 40.643514574946714], [-74.07446466814929, 40.64352540447767], [-74.0744419110054, 40.643536829286084], [-74.0744196770079, 40.64354884662521], [-74.07439800938195, 40.643561442743376], [-74.07436291390701, 40.643579106181555], [-74.07432849669704, 40.643597526731455], [-74.07429854613225, 40.64361454728933], [-74.07429479015751, 40.64361668241452], [-74.07426474682187, 40.64363454292793]], [[-74.0757788148235, 40.64368791019383], [-74.07583248737595, 40.643719409658544], [-74.07588470938418, 40.64375229891689], [-74.07593541594423, 40.64378653958677], [-74.0759845421422, 40.643822085051674], [-74.07603204109965, 40.643858905151966], [-74.07607783347255, 40.64389693955686]], [[-74.0757788148235, 40.64368791019383], [-74.07582711321992, 40.64372445811861], [-74.0758738778927, 40.643762129652295], [-74.07591908359284, 40.64380090285516], [-74.0759626798188, 40.64384073110104], [-74.07600462688227, 40.64388157050137], [-74.07604488150656, 40.64392339089396], [-74.07608340038982, 40.6439661401582], [-74.07612015827505, 40.644009790864786], [-74.07615510825302, 40.644054288150706], [-74.07616477097204, 40.64406860129881], [-74.0761688208828, 40.64407461244205]], [[-74.07607783347255, 40.64389693955686], [-74.07602975805871, 40.64384759539904], [-74.07597962292647, 40.64379944930837], [-74.07592746779005, 40.64375256713086], [-74.07587336476891, 40.64370699273271], [-74.07581736074555, 40.64366275901773], [-74.07575952785386, 40.64361992357617], [-74.07570345744169, 40.643580564588895], [-74.07548750690596, 40.64342896929081], [-74.07533469406751, 40.64332361756735], [-74.07528901029434, 40.64329168719753], [-74.07524462982299, 40.64325872117244], [-74.0752015707014, 40.64322474692962], [-74.07515988340457, 40.64318978914057], [-74.07511960041526, 40.643153894446996], [-74.07508076859526, 40.64311707928846], [-74.07508058100659, 40.64311689002067], [-74.07507831909551, 40.64311458587713], [-74.07505642505541, 40.643092241141964], [-74.07505213933109, 40.64308787423975], [-74.07505142864812, 40.64308714733526], [-74.07500267668622, 40.643037396957666], [-74.07499946961418, 40.64303413000914], [-74.07499558793462, 40.64303017181439], [-74.07494195829442, 40.642962243128814], [-74.07491979486309, 40.64293416193998], [-74.07491778133405, 40.64293162432464], [-74.0749141111606, 40.64292668335589], [-74.0747767316618, 40.6427070800886], [-74.0747605228835, 40.642674133979966], [-74.07474560012074, 40.6426408329557], [-74.07473199223237, 40.6426072071901], [-74.07471969204069, 40.64257328413624], [-74.07471950383986, 40.64257254591101], [-74.07471854128633, 40.6425689179291], [-74.07470322666336, 40.642510636854475], [-74.0746887045352, 40.64245533610056], [-74.07468775639839, 40.64245170810894], [-74.0746848252228, 40.642440568925444], [-74.07467497543932, 40.64238740057848], [-74.07467467478669, 40.642382773064156], [-74.07467444731593, 40.64237914185964], [-74.07467077720256, 40.64232269222427], [-74.07466872029033, 40.64229102147129], [-74.07466958338149, 40.64227017425922], [-74.07466974473004, 40.642266238130944], [-74.07467079352617, 40.642240680744976], [-74.07467087414511, 40.6422386632747], [-74.07467231241073, 40.64220372395625], [-74.0746737611408, 40.6421684772148], [-74.07467383132125, 40.64216679187042], [-74.07467476091563, 40.642144196185995]], [[-74.07607783347255, 40.64389693955686], [-74.07612227242629, 40.64394569048301], [-74.07616468748338, 40.643995461047766], [-74.07618909924481, 40.64402574731214], [-74.07647533706184, 40.64440574582369], [-74.07648382529112, 40.64441701575819], [-74.07651472867059, 40.64445804072565], [-74.07655586348186, 40.644512664776464], [-74.07656588191706, 40.64452595110361], [-74.07663654531673, 40.64461976472409]], [[-74.07331943313199, 40.64401205251223], [-74.07335318687427, 40.64397967545336], [-74.073450545894, 40.64388626589355], [-74.0735878985566, 40.643746759436006], [-74.07372153035085, 40.64360256161344], [-74.07384962715183, 40.643455471438415], [-74.0739720557971, 40.64330561801986], [-74.07408873716939, 40.643153122197326], [-74.07421834969519, 40.642970735423035], [-74.07433851915061, 40.64278695201751], [-74.0743397350216, 40.64278509850092], [-74.07441824217972, 40.642666214953366], [-74.07441949384406, 40.64266415006416], [-74.07442184250401, 40.64266026741663], [-74.07446850995144, 40.64258314439723], [-74.07451231432937, 40.642510768948625], [-74.07451555857104, 40.642505417258185], [-74.07451991418519, 40.642498220351136], [-74.07456856659365, 40.642407973180404], [-74.07457043968729, 40.64240417318169], [-74.07457269386643, 40.64239959616128], [-74.07460417689848, 40.64233572103412], [-74.07461111200043, 40.642321649505284], [-74.07463328755126, 40.64227710370327], [-74.07463555257472, 40.642272565101514], [-74.07463794698315, 40.64226772723409]], [[-74.07343369241788, 40.64413812446855], [-74.07350390252907, 40.644070162637526], [-74.07350548659795, 40.644068855107065], [-74.07351013722484, 40.64406431225887], [-74.07355282797403, 40.64402264656326], [-74.07371597737259, 40.64386337471918], [-74.07378562826881, 40.643795314259854], [-74.07387640818168, 40.643706599397035], [-74.0739826333334, 40.643602791928025], [-74.07402845800888, 40.64356072604317], [-74.0741281813483, 40.64346915887842], [-74.07422437626036, 40.64340311766769], [-74.0742899151323, 40.64335811026501], [-74.07430970705593, 40.64334704971428], [-74.07432996798217, 40.64333649938714], [-74.07435068352211, 40.64332648125098], [-74.07437183206504, 40.643317003553875], [-74.07439338479325, 40.643308074548536], [-74.07441533091843, 40.64329971345532], [-74.0744376307915, 40.64329190932045], [-74.07446026282324, 40.64328468960559], [-74.07448320179346, 40.64327805707169], [-74.0745064260885, 40.64327201722205], [-74.07452991049749, 40.64326658105211], [-74.07455360817704, 40.643261748591996], [-74.07457751914608, 40.64325753631027], [-74.0746015965521, 40.64325393600289], [-74.07462582959785, 40.64325095865591], [-74.07464959855734, 40.64324865407759], [-74.07467347988667, 40.643246945039955], [-74.07469740513136, 40.64324583982179], [-74.07472136708526, 40.64324533842765], [-74.07474534412881, 40.64324544087165], [-74.07476631652604, 40.64324605853916], [-74.07476929662232, 40.64324614443476], [-74.07479321376249, 40.643247454613544], [-74.07479368584568, 40.643247489988724], [-74.07479606429091, 40.64324767783202], [-74.07481704869973, 40.643249365948996], [-74.07484080142555, 40.64325187020674], [-74.07484095639258, 40.643251889319416], [-74.07486442510269, 40.64325497290693], [-74.07488517706373, 40.643258236669936], [-74.0748878981022, 40.643258665829386], [-74.07491120241703, 40.643262957220294], [-74.07493430919297, 40.64326782239544], [-74.07499743465566, 40.64328503496949], [-74.07505973684036, 40.64330390589694], [-74.07508076330531, 40.64331092431268]], [[-74.07351866817574, 40.64421950247633], [-74.07378326931884, 40.64394963586272], [-74.07378961204508, 40.64394375246207], [-74.07380243786675, 40.6439318400959], [-74.07382799149183, 40.64390411508168], [-74.07382914679216, 40.643902851738574], [-74.0738706795333, 40.64386027539857], [-74.07391393936658, 40.643818699780134], [-74.07395886507524, 40.64377816334762], [-74.07400541347539, 40.64373871827785], [-74.07405191401989, 40.643701658438744], [-74.07409984988148, 40.64366569008052], [-74.0741258604767, 40.64364730246613], [-74.0741491814348, 40.64363082420617], [-74.07419987269509, 40.64359710475367], [-74.07425186604198, 40.64356456195108], [-74.0743051146566, 40.643533217785226], [-74.07435957893942, 40.64350310521732], [-74.0743786375762, 40.64349363710485], [-74.07439800289718, 40.643484528357774]], [[-74.07358466769792, 40.64427082618283], [-74.07391549721979, 40.643933611979215], [-74.07398559487028, 40.643862356181465], [-74.07399097950915, 40.64385687686954], [-74.07399193693728, 40.643855901854565], [-74.07399481642547, 40.643852974060216], [-74.07402040787154, 40.64382695898012]]]}, "properties": {"objectid": "27", "service_name": "Staten Island Railway", "service": "SIR", "shape_stlength": "177179.50894550324"}}]}