date,venue_id,event_type,title,start_hour,pre_pu_lift_pct,pre_do_lift_pct,event_pu_lift_pct,event_do_lift_pct,post_pu_lift_pct,post_do_lift_pct,post_pu_trips,post_do_trips
2019-03-17,st_patricks,StreetClosure,NYC St. Patrick's Day Parade 2019,11,11.1,39.7,20.6,34.3,49.5,55.5,5391,5657
2019-03-21,msg,Concert,Billy Joel MSG residency,20,83.2,79.9,60.5,60.9,69.4,64.2,3660,1699
2019-03-28,yankee,MLB,Baltimore Orioles @ New York Yankees,13,8.0,46.7,8.2,18.3,24.9,19.7,2580,2217
2019-03-30,yankee,MLB,Baltimore Orioles @ New York Yankees,13,24.7,74.5,28.3,44.1,36.3,40.3,2864,2791
2019-03-31,yankee,MLB,Baltimore Orioles @ New York Yankees,13,41.4,82.1,37.4,56.8,28.6,38.0,2282,2219
2019-04-01,yankee,MLB,Detroit Tigers @ New York Yankees,18,33.7,34.2,39.6,41.6,45.8,42.7,2061,1622
2019-04-02,yankee,MLB,Detroit Tigers @ New York Yankees,18,41.1,36.4,35.9,43.8,50.2,33.3,2345,1661
2019-04-03,yankee,MLB,Detroit Tigers @ New York Yankees,16,15.9,37.6,24.8,32.0,28.1,51.6,2540,2463
2019-04-04,citi,MLB,Washington Nationals @ New York Mets,13,15.0,85.2,15.1,17.5,36.4,6.1,1449,1190
2019-04-06,citi,MLB,Washington Nationals @ New York Mets,13,35.9,113.7,30.8,63.4,59.8,36.2,2681,2289
2019-04-07,citi,MLB,Washington Nationals @ New York Mets,13,26.9,87.1,34.9,38.0,43.6,22.7,1916,1504
2019-04-09,citi,MLB,Minnesota Twins @ New York Mets,19,36.6,57.5,50.4,44.5,62.2,36.8,1611,1125
2019-04-10,citi,MLB,Minnesota Twins @ New York Mets,19,11.0,25.6,48.2,37.2,57.4,36.4,1765,1217
2019-04-12,yankee,MLB,Chicago White Sox @ New York Yankees,19,34.4,46.3,44.7,48.7,75.1,52.5,3441,2829
2019-04-13,yankee,MLB,Chicago White Sox @ New York Yankees,13,31.6,64.1,31.2,42.0,44.3,40.7,3035,2800
2019-04-14,yankee,MLB,Chicago White Sox @ New York Yankees,13,31.8,65.7,21.8,47.6,40.3,34.8,2494,2167
2019-04-16,yankee,MLB,Boston Red Sox @ New York Yankees,18,16.9,41.7,33.7,49.2,83.3,41.6,2868,1766
2019-04-17,yankee,MLB,Boston Red Sox @ New York Yankees,18,20.4,40.0,31.2,37.7,76.1,45.0,2981,1949
2019-04-18,yankee,MLB,Kansas City Royals @ New York Yankees,18,12.9,25.8,20.9,37.8,56.5,36.4,2930,1979
2019-04-19,yankee,MLB,Kansas City Royals @ New York Yankees,19,19.7,32.8,33.3,36.1,38.3,38.2,2710,2560
2019-04-20,yankee,MLB,Kansas City Royals @ New York Yankees,13,15.5,55.1,18.0,35.6,26.6,26.8,2659,2519
2019-04-21,yankee,MLB,Kansas City Royals @ New York Yankees,13,28.1,63.5,24.8,41.8,27.2,38.4,2257,2226
2019-04-22,citi,MLB,Philadelphia Phillies @ New York Mets,19,61.2,96.7,42.0,73.1,102.7,34.6,1775,969
2019-04-23,citi,MLB,Philadelphia Phillies @ New York Mets,19,9.6,47.5,60.8,43.7,99.0,57.3,1981,1295
2019-04-24,citi,MLB,Philadelphia Phillies @ New York Mets,19,0.2,35.2,36.7,36.5,105.4,50.4,2311,1344
2019-04-26,citi,MLB,Milwaukee Brewers @ New York Mets,19,10.0,29.9,46.0,47.7,40.5,42.4,2610,2213
2019-04-27,citi,MLB,Milwaukee Brewers @ New York Mets,19,38.0,65.3,56.7,48.1,68.2,44.9,3560,2441
2019-04-28,citi,MLB,Milwaukee Brewers @ New York Mets,13,56.6,76.6,38.8,37.7,40.8,37.7,1878,1692
2019-04-29,citi,MLB,Cincinnati Reds @ New York Mets,19,16.2,39.7,42.2,50.0,89.1,40.7,1655,1013
2019-04-30,citi,MLB,Cincinnati Reds @ New York Mets,19,10.9,32.1,35.5,48.4,72.3,37.4,1713,1130
2019-05-01,citi,MLB,Cincinnati Reds @ New York Mets,19,17.6,33.3,50.4,57.5,77.1,47.6,1989,1318
2019-05-02,citi,MLB,Cincinnati Reds @ New York Mets,12,7.6,37.6,20.9,16.2,18.9,10.3,1159,1107
2019-05-03,yankee,MLB,Minnesota Twins @ New York Yankees,19,23.3,39.2,35.5,32.1,46.7,34.7,2875,2494
2019-05-04,yankee,MLB,Minnesota Twins @ New York Yankees,13,30.4,62.3,25.2,34.1,37.8,34.5,2897,2674
2019-05-05,yankee,MLB,Minnesota Twins @ New York Yankees,16,27.9,48.2,19.9,35.0,65.5,69.2,2648,2586
2019-05-06,yankee,MLB,Seattle Mariners @ New York Yankees,18,31.4,45.1,29.6,42.1,66.1,34.8,2351,1531
2019-05-07,yankee,MLB,Seattle Mariners @ New York Yankees,18,45.6,26.6,23.4,40.8,72.5,42.9,2698,1782
2019-05-08,yankee,MLB,Seattle Mariners @ New York Yankees,18,13.2,21.5,17.8,29.3,61.8,34.1,2735,1800
2019-05-09,msg,Concert,Billy Joel MSG residency,20,41.3,31.5,25.7,27.3,42.0,40.4,3064,1451
2019-05-09,yankee,MLB,Seattle Mariners @ New York Yankees,18,16.7,25.4,15.1,29.4,36.8,36.6,2558,1982
2019-05-10,citi,MLB,Miami Marlins @ New York Mets,19,8.1,32.9,22.7,31.8,49.9,46.4,2786,2275
2019-05-11,citi,MLB,Miami Marlins @ New York Mets,19,41.9,60.7,47.1,41.0,69.0,42.0,3577,2392
2019-05-12,citi,MLB,Miami Marlins @ New York Mets,13,86.6,83.7,83.3,66.7,48.9,44.8,1988,1780
2019-05-13,yankee,MLB,Baltimore Orioles @ New York Yankees,18,52.3,80.1,39.1,66.8,80.7,40.2,2560,1593
2019-05-14,yankee,MLB,Baltimore Orioles @ New York Yankees,13,7.7,19.3,10.1,27.2,25.2,36.0,2406,2285
2019-05-15,yankee,MLB,Baltimore Orioles @ New York Yankees,15,8.9,24.3,12.0,15.3,19.1,30.0,2557,2380
2019-05-17,yankee,MLB,Tampa Bay Rays @ New York Yankees,19,13.4,30.6,21.7,24.0,60.1,31.9,3141,2442
2019-05-18,yankee,MLB,Tampa Bay Rays @ New York Yankees,13,24.5,63.1,28.7,31.0,38.4,30.2,2909,2589
2019-05-19,yankee,MLB,Tampa Bay Rays @ New York Yankees,13,23.9,66.6,35.0,42.8,51.2,36.7,2691,2198
2019-05-20,citi,MLB,Washington Nationals @ New York Mets,19,14.3,36.6,41.6,36.7,71.0,47.8,1495,1065
2019-05-21,citi,MLB,Washington Nationals @ New York Mets,19,12.2,37.2,47.8,49.2,110.5,58.0,2097,1301
2019-05-22,citi,MLB,Washington Nationals @ New York Mets,19,13.0,32.4,34.7,40.4,95.2,45.2,2195,1297
2019-05-23,citi,MLB,Washington Nationals @ New York Mets,12,13.4,39.3,11.4,14.2,41.9,23.6,1385,1241
2019-05-24,citi,MLB,Detroit Tigers @ New York Mets,19,1.6,22.7,17.9,12.8,47.0,26.8,2733,1968
2019-05-25,citi,MLB,Detroit Tigers @ New York Mets,16,24.2,57.0,34.0,23.1,34.1,7.2,2598,2000
2019-05-26,citi,MLB,Detroit Tigers @ New York Mets,13,28.2,72.4,34.6,57.7,69.0,59.5,2262,1965
2019-05-27,yankee,MLB,San Diego Padres @ New York Yankees,13,4.3,40.1,12.8,18.6,9.2,5.7,1926,1643
2019-05-28,yankee,MLB,San Diego Padres @ New York Yankees,18,-0.2,2.8,2.5,11.0,45.2,14.2,2267,1422
2019-05-29,yankee,MLB,San Diego Padres @ New York Yankees,13,-2.5,26.9,2.2,4.4,42.2,21.4,2842,2119
2019-05-30,yankee,MLB,Boston Red Sox @ New York Yankees,19,71.9,51.9,52.1,49.6,31.8,12.5,2168,1509
2019-05-31,yankee,MLB,Boston Red Sox @ New York Yankees,19,13.0,23.4,18.2,19.5,66.0,18.8,3259,2197
2019-06-01,yankee,MLB,Boston Red Sox @ New York Yankees,19,18.6,44.1,8.2,17.4,56.2,17.7,3249,2327
2019-06-02,msg,Concert,Billy Joel MSG residency,20,58.1,53.0,71.0,95.8,101.6,115.4,1717,1401
2019-06-02,yankee,MLB,Boston Red Sox @ New York Yankees,19,18.9,45.1,28.7,13.5,82.9,27.0,2445,1630
2019-06-04,citi,MLB,San Francisco Giants @ New York Mets,19,2.7,35.8,40.4,31.6,91.7,39.7,1908,1149
2019-06-05,citi,MLB,San Francisco Giants @ New York Mets,19,8.0,41.7,40.6,34.1,94.4,42.4,2186,1271
2019-06-06,citi,MLB,San Francisco Giants @ New York Mets,12,6.4,47.1,5.3,14.9,24.3,5.9,1212,1062
2019-06-07,citi,MLB,Colorado Rockies @ New York Mets,19,5.4,30.3,15.8,21.7,49.3,35.5,2775,2105
2019-06-08,citi,MLB,Colorado Rockies @ New York Mets,19,25.1,48.6,32.6,29.3,52.1,39.5,3216,2349
2019-06-09,citi,MLB,Colorado Rockies @ New York Mets,13,24.3,64.9,27.3,43.6,41.1,28.4,1882,1576
2019-06-10,yankee,MLB,New York Mets @ New York Yankees,19,54.6,28.1,34.9,19.1,19.1,15.6,1421,1185
2019-06-11,yankee,MLB,New York Mets @ New York Yankees,13,2.4,19.8,4.9,6.3,25.1,8.2,2403,1814
2019-06-13,citi,MLB,St. Louis Cardinals @ New York Mets,19,2.3,16.6,48.5,26.3,72.1,38.2,2327,1485
2019-06-14,citi,MLB,St. Louis Cardinals @ New York Mets,18,-1.1,17.3,1.6,15.7,43.8,34.8,2420,2099
2019-06-15,citi,MLB,St. Louis Cardinals @ New York Mets,19,38.7,47.4,28.9,20.3,49.8,43.3,3166,2415
2019-06-16,citi,MLB,St. Louis Cardinals @ New York Mets,13,24.8,60.4,31.8,24.1,38.0,15.3,1839,1413
2019-06-17,yankee,MLB,Tampa Bay Rays @ New York Yankees,19,8.1,16.6,13.4,12.9,44.9,25.1,1731,1283
2019-06-18,yankee,MLB,Tampa Bay Rays @ New York Yankees,19,38.6,46.5,35.3,37.3,58.1,10.4,2094,1239
2019-06-19,yankee,MLB,Tampa Bay Rays @ New York Yankees,13,0.1,17.7,-7.3,-1.2,18.1,10.4,2356,1926
2019-06-20,yankee,MLB,Houston Astros @ New York Yankees,19,13.0,32.7,20.5,30.6,64.9,22.2,2718,1640
2019-06-21,yankee,MLB,Houston Astros @ New York Yankees,19,-3.2,11.5,8.0,16.5,57.0,23.4,3080,2284
2019-06-22,yankee,MLB,Houston Astros @ New York Yankees,19,13.1,34.4,12.1,17.3,48.0,25.3,3076,2480
2019-06-23,yankee,MLB,Houston Astros @ New York Yankees,14,16.6,58.5,37.0,34.8,51.9,12.6,2788,1853
2019-06-24,yankee,MLB,Toronto Blue Jays @ New York Yankees,19,44.4,27.8,34.9,25.6,61.1,31.9,1927,1353
2019-06-25,yankee,MLB,Toronto Blue Jays @ New York Yankees,19,32.2,32.7,28.8,21.6,80.7,26.4,2397,1420
2019-06-26,yankee,MLB,Toronto Blue Jays @ New York Yankees,13,20.7,40.1,10.7,9.6,8.4,3.1,2161,1797
2019-06-28,citi,MLB,Atlanta Braves @ New York Mets,19,16.9,39.6,27.9,31.3,46.4,33.4,2721,2071
2019-06-29,citi,MLB,Atlanta Braves @ New York Mets,16,39.6,60.0,36.8,31.1,18.4,17.9,2290,2201
2019-06-30,citi,MLB,Atlanta Braves @ New York Mets,19,7.8,27.3,23.4,21.3,44.2,28.4,1543,1040
2019-06-30,times_sq,StreetClosure,NYC Pride March 2019,12,-8.8,-7.3,-9.9,-21.4,-8.7,-11.8,1883,1923
2019-07-02,citi,MLB,New York Yankees @ New York Mets,19,0.9,45.6,29.9,27.4,89.7,33.1,1888,1094
2019-07-03,citi,MLB,New York Yankees @ New York Mets,19,21.8,70.0,31.7,42.4,110.6,66.7,2371,1491
2019-07-05,citi,MLB,Philadelphia Phillies @ New York Mets,19,-10.8,7.4,-6.8,-13.2,5.9,-1.7,1963,1522
2019-07-06,citi,MLB,Philadelphia Phillies @ New York Mets,19,-8.2,6.4,-6.5,-0.3,-6.8,-3.3,1960,1623
2019-07-07,citi,MLB,Philadelphia Phillies @ New York Mets,13,9.4,42.3,14.5,20.2,17.2,15.4,1558,1414
2019-07-10,msg,Concert,BTS Love Yourself Tour,20,27.7,27.7,34.6,47.3,47.1,46.5,2827,1204
2019-07-11,msg,Concert,Billy Joel MSG residency,20,74.4,70.7,82.9,101.9,61.7,40.1,3493,1448
2019-07-11,msg,Concert,BTS Love Yourself Tour,20,74.4,70.7,82.9,101.9,61.7,40.1,3493,1448
2019-07-12,yankee,MLB,Toronto Blue Jays @ New York Yankees,19,-1.6,6.6,10.7,2.1,45.0,18.3,2842,2189
2019-07-13,yankee,MLB,Toronto Blue Jays @ New York Yankees,13,0.4,21.5,6.6,13.8,13.3,15.0,2377,2284
2019-07-14,yankee,MLB,Toronto Blue Jays @ New York Yankees,13,13.1,31.5,6.0,22.2,12.4,16.9,1991,1875
2019-07-15,yankee,MLB,Tampa Bay Rays @ New York Yankees,19,9.2,16.8,24.8,16.4,61.0,19.3,1925,1223
2019-07-16,yankee,MLB,Tampa Bay Rays @ New York Yankees,19,15.5,22.9,28.9,17.7,54.3,18.1,2044,1326
2019-07-17,yankee,MLB,Tampa Bay Rays @ New York Yankees,19,22.5,20.6,57.0,40.4,58.7,48.6,2280,1845
2019-07-18,yankee,MLB,Tampa Bay Rays @ New York Yankees,15,-11.0,7.0,3.3,4.9,13.8,7.6,2564,2165
2019-07-19,yankee,MLB,Colorado Rockies @ New York Yankees,19,17.9,36.1,44.1,45.1,58.7,33.0,3114,2463
2019-07-20,yankee,MLB,Colorado Rockies @ New York Yankees,13,19.6,37.5,20.1,29.6,17.7,18.9,2470,2361
2019-07-21,yankee,MLB,Colorado Rockies @ New York Yankees,13,20.9,55.2,27.7,41.1,33.5,27.7,2372,2051
2019-07-23,citi,MLB,San Diego Padres @ New York Mets,19,1.4,36.7,41.3,41.3,73.0,42.1,1720,1169
2019-07-24,citi,MLB,San Diego Padres @ New York Mets,19,6.9,36.5,43.4,36.3,89.4,46.8,2129,1311
2019-07-25,citi,MLB,San Diego Padres @ New York Mets,12,11.6,49.8,13.4,27.2,26.3,10.3,1231,1107
2019-07-26,citi,MLB,Pittsburgh Pirates @ New York Mets,19,20.1,29.6,39.2,22.4,58.2,39.7,2942,2171
2019-07-27,citi,MLB,Pittsburgh Pirates @ New York Mets,19,70.4,55.6,42.4,39.9,50.5,39.2,3182,2344
2019-07-28,citi,MLB,Pittsburgh Pirates @ New York Mets,13,36.4,105.0,49.7,55.5,85.7,47.6,2490,1816
2019-07-30,yankee,MLB,Arizona Diamondbacks @ New York Yankees,19,21.3,26.2,28.5,17.1,72.6,24.4,2289,1397
2019-07-31,yankee,MLB,Arizona Diamondbacks @ New York Yankees,13,1.9,24.2,11.4,16.9,32.1,20.2,2637,2099
2019-08-01,msg,Concert,Dead & Company,20,29.0,29.7,26.7,36.3,38.4,37.8,2985,1424
2019-08-02,msg,Concert,Dead & Company,20,23.7,19.5,22.1,39.4,35.2,55.0,2699,2023
2019-08-02,yankee,MLB,Boston Red Sox @ New York Yankees,19,-0.6,14.3,10.3,8.3,51.7,13.7,2975,2103
2019-08-03,yankee,MLB,Boston Red Sox @ New York Yankees,13,7.4,34.2,12.3,21.3,26.3,22.8,2651,2440
2019-08-04,yankee,MLB,Boston Red Sox @ New York Yankees,19,22.2,43.8,20.5,16.6,53.5,15.4,2045,1479
2019-08-05,citi,MLB,Miami Marlins @ New York Mets,16,-8.1,22.3,-0.7,14.8,24.6,27.4,1264,1262
2019-08-06,citi,MLB,Miami Marlins @ New York Mets,19,13.7,69.5,35.5,42.6,64.0,42.6,1629,1173
2019-08-07,citi,MLB,Miami Marlins @ New York Mets,12,10.6,34.1,10.7,18.2,29.8,14.9,1176,1061
2019-08-09,citi,MLB,Washington Nationals @ New York Mets,19,2.9,36.0,12.1,18.8,48.1,27.8,2753,1984
2019-08-10,citi,MLB,Washington Nationals @ New York Mets,19,25.8,56.5,30.8,21.6,47.0,28.5,3107,2163
2019-08-11,citi,MLB,Washington Nationals @ New York Mets,13,17.0,58.3,15.8,27.0,36.8,25.7,1823,1542
2019-08-12,yankee,MLB,Baltimore Orioles @ New York Yankees,13,10.9,49.1,21.8,18.1,33.0,9.7,2348,1704
2019-08-13,yankee,MLB,Baltimore Orioles @ New York Yankees,19,33.2,15.0,16.5,5.9,39.0,9.6,1839,1229
2019-08-14,yankee,MLB,Baltimore Orioles @ New York Yankees,13,0.1,29.2,9.4,5.1,21.3,-1.2,2420,1722
2019-08-15,yankee,MLB,Cleveland Indians @ New York Yankees,19,2.9,18.9,10.1,11.3,56.3,18.6,2575,1592
2019-08-16,yankee,MLB,Cleveland Indians @ New York Yankees,19,0.7,10.7,3.7,6.7,40.5,17.3,2753,2169
2019-08-17,yankee,MLB,Cleveland Indians @ New York Yankees,13,-4.6,19.5,6.3,13.4,24.2,16.1,2608,2306
2019-08-18,yankee,MLB,Cleveland Indians @ New York Yankees,13,10.2,42.5,16.3,24.3,22.3,28.9,2170,2070
2019-08-20,citi,MLB,Cleveland Indians @ New York Mets,19,13.4,42.4,46.5,33.4,64.9,32.4,1638,1088
2019-08-21,citi,MLB,Cleveland Indians @ New York Mets,19,30.3,54.3,37.7,35.3,68.3,33.7,1889,1193
2019-08-22,citi,MLB,Cleveland Indians @ New York Mets,19,8.6,36.9,77.6,47.9,81.4,50.3,2455,1616
2019-08-23,citi,MLB,Atlanta Braves @ New York Mets,19,7.5,29.4,13.4,17.2,36.7,40.9,2538,2189
2019-08-24,citi,MLB,Atlanta Braves @ New York Mets,19,27.6,42.4,24.6,22.3,46.9,27.4,3105,2144
2019-08-25,citi,MLB,Atlanta Braves @ New York Mets,13,16.9,57.4,24.3,36.4,34.6,27.3,1794,1562
2019-08-27,citi,MLB,Chicago Cubs @ New York Mets,19,22.1,73.0,52.9,27.6,148.8,32.0,2485,1085
2019-08-28,citi,MLB,Chicago Cubs @ New York Mets,19,45.5,77.3,42.1,36.1,113.7,33.1,2407,1187
2019-08-28,msg,Concert,Billy Joel MSG residency,20,27.8,34.7,13.6,31.0,20.5,35.8,2310,1115
2019-08-28,us_open,Tennis,US Open 2019,11,34.0,226.5,37.4,195.4,31.3,56.6,390,464
2019-08-29,citi,MLB,Chicago Cubs @ New York Mets,19,20.7,65.1,45.1,27.5,111.1,36.2,2862,1464
2019-08-29,us_open,Tennis,US Open 2019,11,6.9,230.3,18.7,172.6,32.9,72.3,407,549
2019-08-30,us_open,Tennis,US Open 2019,11,29.5,275.4,33.6,191.9,82.7,68.3,593,586
2019-08-30,yankee,MLB,Oakland Athletics @ New York Yankees,19,-4.4,14.1,4.8,-1.7,35.0,9.7,2644,2029
2019-08-31,us_open,Tennis,US Open 2019,11,21.5,253.6,21.9,170.7,37.6,64.4,545,726
2019-08-31,yankee,MLB,Oakland Athletics @ New York Yankees,13,1.8,19.8,6.4,10.9,15.6,8.3,2426,2149
2019-09-01,us_open,Tennis,US Open 2019,11,46.8,401.8,49.4,228.0,80.9,95.4,569,625
2019-09-01,yankee,MLB,Oakland Athletics @ New York Yankees,13,5.1,30.7,15.5,25.2,21.5,24.8,2155,2004
2019-09-02,us_open,Tennis,US Open 2019,11,-19.8,193.2,49.5,233.2,78.9,67.7,536,512
2019-09-02,yankee,MLB,Texas Rangers @ New York Yankees,13,16.5,34.2,-4.6,14.4,-22.3,-16.8,1367,1291
2019-09-03,us_open,Tennis,US Open 2019,11,8.5,151.3,21.9,182.9,41.4,42.9,420,436
2019-09-03,yankee,MLB,Texas Rangers @ New York Yankees,18,-5.3,2.1,-4.0,4.3,20.8,4.3,1882,1297
2019-09-04,us_open,Tennis,US Open 2019,11,8.8,134.4,35.5,181.5,32.0,50.9,392,447
2019-09-04,yankee,MLB,Texas Rangers @ New York Yankees,18,-4.5,10.3,10.2,10.9,30.5,8.0,2202,1447
2019-09-05,us_open,Tennis,US Open 2019,11,1.8,32.6,15.0,31.0,14.7,58.0,351,503
2019-09-06,citi,MLB,Philadelphia Phillies @ New York Mets,19,31.9,38.3,29.9,28.2,73.2,30.4,3226,2024
2019-09-06,us_open,Tennis,US Open 2019,11,3.9,77.8,27.8,143.8,49.2,213.1,483,1102
2019-09-07,citi,MLB,Philadelphia Phillies @ New York Mets,19,52.6,48.3,55.2,40.9,53.0,38.3,3235,2329
2019-09-07,us_open,Tennis,US Open 2019,11,19.5,98.4,19.8,174.9,31.6,199.4,521,1337
2019-09-08,citi,MLB,Philadelphia Phillies @ New York Mets,13,34.5,104.2,35.6,101.1,40.1,34.9,1868,1657
2019-09-08,metlife,NFL,BUF @ NYJ,13,39.4,41.8,60.0,37.4,59.3,51.6,1773,2393
2019-09-08,us_open,Tennis,US Open 2019,11,14.9,127.7,35.2,255.9,49.3,316.0,468,1368
2019-09-09,citi,MLB,Arizona Diamondbacks @ New York Mets,19,7.7,16.8,26.2,29.8,41.8,29.1,1238,929
2019-09-09,us_open,Tennis,US Open 2019,11,4.3,24.4,15.9,27.9,5.9,17.9,316,359
2019-09-10,citi,MLB,Arizona Diamondbacks @ New York Mets,19,5.5,26.7,30.5,44.0,67.5,39.6,1664,1148
2019-09-10,us_open,Tennis,US Open 2019,11,7.2,26.1,6.6,14.6,-6.1,24.7,278,380
2019-09-11,citi,MLB,Arizona Diamondbacks @ New York Mets,19,10.2,29.7,36.3,50.9,76.0,31.6,1976,1174
2019-09-12,citi,MLB,Arizona Diamondbacks @ New York Mets,13,3.8,26.8,15.7,15.5,12.1,1.9,1189,1143
2019-09-13,citi,MLB,Los Angeles Dodgers @ New York Mets,19,7.6,35.9,29.8,31.0,61.2,42.7,2999,2218
2019-09-14,citi,MLB,Los Angeles Dodgers @ New York Mets,19,41.7,74.2,44.1,51.7,62.4,54.4,3436,2604
2019-09-15,citi,MLB,Los Angeles Dodgers @ New York Mets,19,54.8,80.0,62.4,62.9,74.8,35.1,1877,1095
2019-09-15,metlife,NFL,BUF @ NYG,13,39.4,41.7,46.5,48.3,31.4,60.9,1458,2543
2019-09-16,metlife,NFL,CLE @ NYJ,20,11.5,40.5,26.5,71.0,4.5,80.7,664,118
2019-09-17,yankee,MLB,Los Angeles Angels @ New York Yankees,18,26.0,25.1,19.0,24.6,61.3,18.2,2521,1472
2019-09-18,yankee,MLB,Los Angeles Angels @ New York Yankees,18,3.4,11.8,14.1,14.2,33.1,12.0,2246,1501
2019-09-19,yankee,MLB,Los Angeles Angels @ New York Yankees,18,4.1,21.0,15.3,16.4,48.0,18.0,2770,1709
2019-09-20,yankee,MLB,Toronto Blue Jays @ New York Yankees,19,4.6,23.0,16.1,10.9,30.6,12.0,2558,2071
2019-09-21,yankee,MLB,Toronto Blue Jays @ New York Yankees,13,15.9,36.9,17.0,18.7,27.4,25.9,2676,2502
2019-09-22,yankee,MLB,Toronto Blue Jays @ New York Yankees,13,17.8,47.5,16.6,21.9,22.9,22.5,2181,1966
2019-09-23,citi,MLB,Miami Marlins @ New York Mets,19,7.9,22.9,27.3,30.1,67.9,35.2,1468,973
2019-09-24,citi,MLB,Miami Marlins @ New York Mets,19,2.8,16.9,34.3,35.0,50.9,41.2,1498,1161
2019-09-25,citi,MLB,Miami Marlins @ New York Mets,19,6.4,24.8,29.0,31.7,41.8,32.6,1588,1183
2019-09-26,citi,MLB,Miami Marlins @ New York Mets,19,10.2,26.1,22.4,28.6,51.3,21.4,2044,1303
2019-09-27,citi,MLB,Atlanta Braves @ New York Mets,19,1.1,25.6,21.4,29.5,39.1,41.8,2584,2203
2019-09-27,msg,Concert,Billy Joel MSG residency,20,31.8,31.3,39.7,37.6,54.9,54.7,3096,2019
2019-09-28,citi,MLB,Atlanta Braves @ New York Mets,19,43.3,54.1,38.9,41.1,51.1,35.5,3193,2281
2019-09-29,citi,MLB,Atlanta Braves @ New York Mets,15,31.3,55.3,30.4,36.0,47.8,33.6,2039,1594
2019-09-29,metlife,NFL,WAS @ NYG,13,45.6,46.8,57.7,45.7,23.7,58.2,1371,2500
2019-10-06,metlife,NFL,MIN @ NYG,13,52.9,46.0,61.3,47.5,32.8,60.0,1474,2528
2019-10-13,metlife,NFL,DAL @ NYJ,16,41.9,39.5,30.2,58.5,41.8,114.3,1705,1502
2019-10-20,metlife,NFL,ARI @ NYG,13,46.5,55.9,54.5,60.9,43.8,68.7,1598,2668
2019-10-21,metlife,NFL,NE @ NYJ,20,7.9,58.7,37.1,40.9,27.3,50.3,810,98
2019-10-23,barclays,NBA,MIN @ BKN,19,-3.4,4.6,20.4,21.8,29.2,23.5,1213,1254
2019-10-25,barclays,NBA,NYK @ BKN,19,0.5,10.6,20.6,22.6,31.8,21.2,2108,1828
2019-10-25,msg,Concert,Billy Joel MSG residency,20,54.1,42.7,45.8,45.4,58.2,64.1,3163,2143
2019-10-26,msg,NBA,BOS @ NYK,19,38.3,47.4,52.1,46.5,49.4,72.2,5988,5233
2019-10-28,msg,NBA,CHI @ NYK,19,46.5,45.8,48.3,28.8,54.9,33.1,5221,2266
2019-10-30,barclays,NBA,IND @ BKN,19,7.3,14.9,16.8,23.9,16.6,28.0,1094,1301
2019-11-01,barclays,NBA,HOU @ BKN,19,9.3,12.1,25.4,30.2,38.5,31.7,2217,1987
2019-11-03,marathon,Marathon,NYC Marathon 2019,8,61.4,50.5,8.7,17.1,5.3,8.3,2226,2536
2019-11-03,msg,NBA,SAC @ NYK,19,62.6,74.6,96.8,87.4,60.1,60.0,3130,2498
2019-11-04,barclays,NBA,NOP @ BKN,19,22.9,26.7,29.1,35.9,28.0,28.8,974,1055
2019-11-04,metlife,NFL,DAL @ NYG,20,12.0,40.9,28.2,31.8,29.9,58.0,827,103
2019-11-10,metlife,NFL,NYG @ NYJ,13,25.0,56.0,45.0,59.4,19.2,73.6,1321,2748
2019-11-10,msg,NBA,CLE @ NYK,19,71.5,81.1,68.9,70.4,80.7,79.2,3542,2804
2019-11-14,msg,NBA,DAL @ NYK,19,56.3,49.2,56.4,45.6,64.5,57.9,8005,3694
2019-11-16,msg,NBA,CHA @ NYK,19,66.4,72.1,65.4,71.2,69.7,81.3,6817,5514
2019-11-18,barclays,NBA,IND @ BKN,19,38.0,42.2,55.0,73.3,47.6,52.3,1124,1249
2019-11-18,msg,NBA,CLE @ NYK,19,58.5,55.1,90.2,74.7,97.2,82.9,6662,3122
2019-11-20,barclays,NBA,CHA @ BKN,19,22.4,25.9,31.1,32.5,35.6,43.4,1274,1459
2019-11-22,barclays,NBA,SAC @ BKN,19,20.8,28.4,33.2,45.3,38.4,39.6,2216,2107
2019-11-23,msg,NBA,SAS @ NYK,19,50.9,49.9,51.5,50.7,55.0,51.5,6218,4595
2019-11-24,metlife,NFL,OAK @ NYJ,13,26.7,48.0,21.6,41.9,-1.5,46.7,1088,2315
2019-11-24,msg,NBA,BKN @ NYK,19,66.3,67.1,66.6,43.8,39.7,33.8,2723,2083
2019-11-27,macys_parade,StreetClosure,Macy's Balloon Inflation 2019,18,30.4,51.1,-3.7,24.3,7.9,27.0,8421,6127
2019-11-28,macys_parade,StreetClosure,Macy's Thanksgiving Day Parade 2019,9,-66.8,-58.1,-47.5,-43.2,-23.2,-15.5,3950,4162
2019-11-29,barclays,NBA,BOS @ BKN,19,-13.2,-10.9,-8.8,-8.6,-4.9,-2.3,1518,1471
2019-11-29,msg,NBA,PHI @ NYK,19,10.8,35.6,6.1,26.8,21.7,17.0,5088,3265
2019-12-01,barclays,NBA,MIA @ BKN,19,36.5,40.0,18.6,20.6,-6.3,-1.6,910,931
2019-12-01,metlife,NFL,GB @ NYG,13,83.9,29.6,106.1,34.6,43.7,56.7,1597,2475
2019-12-01,msg,NBA,BOS @ NYK,19,135.9,81.8,94.9,62.0,52.8,30.8,2984,2035
2019-12-05,msg,NBA,DEN @ NYK,19,41.1,49.3,55.9,58.8,79.3,70.2,8733,3983
2019-12-07,msg,NBA,IND @ NYK,19,45.2,55.8,55.2,57.9,54.5,69.4,6197,5148
2019-12-08,barclays,NBA,DEN @ BKN,19,28.1,32.4,26.8,29.5,9.7,17.3,1067,1112
2019-12-08,metlife,NFL,MIA @ NYJ,13,43.2,70.5,55.6,79.0,48.7,91.5,1653,3038
2019-12-11,barclays,NBA,CHA @ BKN,19,25.0,24.1,35.7,51.7,46.8,42.2,1381,1446
2019-12-15,barclays,NBA,PHI @ BKN,19,41.1,32.9,41.7,36.5,28.3,28.2,1251,1217
2019-12-15,metlife,NFL,MIA @ NYG,13,24.8,72.4,22.3,71.3,4.9,74.2,1160,2757
2019-12-17,msg,NBA,ATL @ NYK,19,50.5,55.4,54.2,56.5,64.6,59.3,6854,2954
2019-12-21,barclays,NBA,ATL @ BKN,19,17.4,10.4,22.2,21.3,19.6,17.0,2046,1821
2019-12-21,msg,NBA,MIL @ NYK,19,26.3,37.5,22.8,27.4,29.3,31.3,5175,3977
2019-12-22,metlife,NFL,PIT @ NYJ,13,-30.6,92.3,-15.5,75.3,-32.7,87.0,741,2965
2019-12-23,msg,NBA,WAS @ NYK,19,-7.4,40.2,-19.3,22.3,2.7,17.6,3451,2000
2019-12-26,barclays,NBA,NYK @ BKN,19,-20.0,-16.9,-13.0,-15.8,-7.5,-17.6,1017,954
2019-12-29,metlife,NFL,PHI @ NYG,16,29.9,-5.7,14.1,4.6,43.4,29.9,1725,901
2019-12-30,msg,Concert,Phish NYE run,20,11.8,62.4,-11.0,28.1,16.4,46.7,1647,1010
2019-12-31,msg,Concert,Phish NYE run,20,-41.8,4.0,-33.7,54.9,-43.3,9.4,987,831
2019-12-31,times_sq,StreetClosure,Times Square NYE 2019,18,-27.2,-12.8,-24.5,17.6,-27.0,36.7,2621,2449
2020-01-01,msg,NBA,POR @ NYK,19,-32.7,18.3,-46.4,0.9,-41.3,-9.4,2582,1756
2020-01-04,barclays,NBA,TOR @ BKN,19,-6.3,-3.6,-3.4,-0.2,6.7,13.3,1823,1763
2020-01-07,barclays,NBA,OKC @ BKN,19,0.8,8.3,6.6,17.6,6.2,0.9,897,937
2020-01-10,barclays,NBA,MIA @ BKN,19,3.4,13.1,5.2,11.4,15.7,13.7,1849,1713
2020-01-10,msg,NBA,NOP @ NYK,19,54.3,24.5,38.3,11.5,24.6,16.6,5212,3255
2020-01-12,barclays,NBA,ATL @ BKN,19,21.1,16.5,18.7,17.3,2.2,9.6,993,1038
2020-01-12,msg,NBA,MIA @ NYK,19,47.8,64.7,45.5,48.6,33.6,52.8,2603,2383
2020-01-14,barclays,NBA,UTA @ BKN,19,18.7,24.4,8.9,19.8,4.6,11.3,884,1034
2020-01-16,msg,NBA,PHX @ NYK,19,43.1,33.2,48.1,21.0,49.0,14.4,7245,2668
2020-01-18,barclays,NBA,MIL @ BKN,19,15.0,20.1,20.2,19.7,19.0,6.6,2036,1658
2020-01-18,msg,NBA,PHI @ NYK,19,66.3,61.5,50.5,56.3,39.2,35.4,5575,4103
2020-01-20,barclays,NBA,PHI @ BKN,19,31.2,28.1,36.9,31.5,21.2,19.5,922,978
2020-01-22,msg,NBA,LAL @ NYK,19,53.9,47.9,47.6,27.0,55.2,22.1,6877,2374
2020-01-23,barclays,NBA,LAL @ BKN,19,15.5,22.8,15.1,24.8,24.5,26.2,1371,1466
2020-01-24,msg,NBA,TOR @ NYK,19,53.4,23.1,53.2,23.9,42.2,27.3,5954,3557
2020-01-25,msg,Concert,Billy Joel MSG residency,20,42.5,53.1,25.9,27.8,40.0,37.7,2813,1974
2020-01-26,msg,NBA,BKN @ NYK,19,61.2,56.0,49.3,31.8,25.6,17.1,2445,1819
2020-01-29,barclays,NBA,DET @ BKN,19,19.3,22.5,16.6,21.8,14.8,24.4,1077,1264
2020-01-29,msg,NBA,MEM @ NYK,19,44.1,39.0,47.8,28.0,64.2,27.4,7280,2478
2020-01-31,barclays,NBA,CHI @ BKN,19,19.0,31.8,26.7,35.7,35.4,36.5,2167,2061
2020-02-02,times_sq,Super Bowl,Super Bowl LIV watch parties NYC,18,75.9,64.6,49.3,48.3,57.0,72.6,2822,2557
2020-02-03,barclays,NBA,PHX @ BKN,19,17.9,27.1,13.5,29.9,9.1,14.7,829,939
2020-02-05,barclays,NBA,GSW @ BKN,19,15.8,23.9,21.2,29.3,14.1,17.0,1070,1188
2020-02-06,msg,NBA,ORL @ NYK,19,58.0,54.2,59.0,35.7,68.0,34.6,8176,3145
2020-02-12,barclays,NBA,TOR @ BKN,19,16.8,21.4,33.7,41.0,38.1,34.3,1298,1365
2020-02-12,msg,NBA,WAS @ NYK,19,47.8,39.9,49.1,33.6,61.6,51.6,7162,2953
2020-02-14,msg,Concert,Billie Eilish Where Do We Go Tour,20,66.8,79.5,92.5,109.1,94.8,99.8,3906,2616
2020-02-20,msg,Concert,Billy Joel MSG residency,20,61.2,55.2,64.0,38.7,78.5,36.9,3859,1415
2020-02-21,msg,NBA,IND @ NYK,19,74.3,48.0,74.0,50.0,60.5,44.5,6731,4041
2020-02-24,barclays,NBA,ORL @ BKN,19,34.5,39.8,29.1,41.7,16.4,30.6,885,1070
2020-02-29,msg,NBA,CHI @ NYK,19,62.7,48.3,63.2,57.9,49.8,60.3,6007,4866
2020-03-02,msg,NBA,HOU @ NYK,19,41.8,29.1,49.4,12.7,58.5,12.1,5344,1905
2020-03-04,barclays,NBA,MEM @ BKN,19,28.5,44.7,43.9,56.0,34.9,37.4,1268,1397
2020-03-04,msg,NBA,UTA @ NYK,19,46.7,38.0,49.0,42.9,56.6,24.6,6938,2423
2020-03-06,barclays,NBA,SAS @ BKN,19,41.4,49.9,42.4,55.2,43.6,42.3,2300,2149
2020-03-06,msg,NBA,OKC @ NYK,19,104.5,57.2,74.0,55.8,44.7,34.7,6058,3765
2020-03-08,barclays,NBA,CHI @ BKN,19,23.4,30.8,49.0,43.8,32.1,28.7,1289,1222
2020-03-08,msg,NBA,DET @ NYK,19,31.3,29.3,41.8,35.0,41.5,24.0,2760,1927
2020-03-17,st_patricks,StreetClosure,NYC St. Patrick's Day Parade 2020,11,-58.1,-54.2,-55.9,-61.4,-55.8,-66.1,1826,1275
2020-06-28,times_sq,StreetClosure,NYC Pride March 2020,12,-77.7,-73.4,-71.4,-74.7,-67.5,-72.6,666,592
2020-07-24,citi,MLB,Atlanta Braves @ New York Mets,16,-35.2,-34.4,-38.7,-38.9,-45.4,-49.3,856,892
2020-07-25,citi,MLB,Atlanta Braves @ New York Mets,16,-33.3,-30.0,-42.0,-34.7,-43.0,-44.8,1097,1026
2020-07-26,citi,MLB,Atlanta Braves @ New York Mets,19,-43.0,-33.6,-35.9,-33.9,-29.0,-28.5,753,575
2020-07-29,citi,MLB,Boston Red Sox @ New York Mets,19,-26.8,-26.5,-37.4,-37.4,-31.9,-37.6,758,554
2020-07-29,yankee,MLB,Philadelphia Phillies @ New York Yankees,19,-31.6,-23.5,-31.0,-23.9,-22.6,-11.3,1105,1096
2020-07-30,citi,MLB,Boston Red Sox @ New York Mets,19,-31.2,-31.3,-38.1,-43.8,-42.4,-43.2,774,608
2020-07-30,yankee,MLB,Philadelphia Phillies @ New York Yankees,19,-31.2,-27.0,-31.2,-23.9,-30.9,-19.6,1132,1076
2020-07-31,barclays,NBA,ORL @ BKN,19,-32.8,-31.6,-32.4,-32.1,-37.6,-44.5,994,833
2020-07-31,yankee,MLB,Boston Red Sox @ New York Yankees,19,-47.3,-41.4,-33.4,-30.8,-36.7,-39.0,1234,1123
2020-08-01,yankee,MLB,Boston Red Sox @ New York Yankees,19,-27.4,-25.2,-28.0,-28.6,-22.2,-18.6,1608,1605
2020-08-02,barclays,NBA,WAS @ BKN,19,-21.8,-23.3,-20.0,-17.0,-18.0,-20.2,795,753
2020-08-02,yankee,MLB,Boston Red Sox @ New York Yankees,19,-32.0,-21.5,-17.6,-19.4,-7.1,-13.0,1228,1112
2020-08-03,yankee,MLB,Philadelphia Phillies @ New York Yankees,19,-32.2,-26.2,-22.8,-12.4,-23.4,-10.2,912,919
2020-08-05,yankee,MLB,Philadelphia Phillies @ New York Yankees,16,-22.6,-18.8,-32.8,-25.1,-25.5,-22.4,1470,1254
2020-08-07,barclays,NBA,SAC @ BKN,19,-24.7,-23.5,-13.2,-16.3,-40.5,-40.0,947,900
2020-08-07,citi,MLB,Miami Marlins @ New York Mets,19,-35.2,-35.0,-22.3,-37.4,-52.9,-53.6,869,716
2020-08-08,citi,MLB,Miami Marlins @ New York Mets,19,-42.6,-37.4,-35.9,-38.0,-33.5,-43.3,1396,949
2020-08-09,citi,MLB,Miami Marlins @ New York Mets,13,-40.7,-37.8,-33.7,-25.5,-28.3,-29.0,948,865
2020-08-10,citi,MLB,Washington Nationals @ New York Mets,19,-39.4,-27.8,-37.7,-36.4,-26.2,-38.9,642,438
2020-08-11,citi,MLB,Washington Nationals @ New York Mets,19,-31.6,-24.5,-29.8,-32.9,-23.7,-41.4,754,479
2020-08-11,yankee,MLB,Atlanta Braves @ New York Yankees,19,-33.0,-24.2,-33.2,-20.0,-25.0,-8.7,988,1023
2020-08-12,citi,MLB,Washington Nationals @ New York Mets,19,-41.8,-34.7,-44.3,-43.1,-37.0,-45.0,701,488
2020-08-12,yankee,MLB,Atlanta Braves @ New York Yankees,19,-39.7,-33.4,-41.4,-35.9,-32.6,-24.4,961,933
2020-08-13,barclays,NBA,POR @ BKN,19,-27.9,-21.9,-31.2,-35.9,-27.3,-37.5,798,723
2020-08-13,citi,MLB,Washington Nationals @ New York Mets,13,-16.8,-20.8,-30.4,-29.0,-36.1,-39.8,676,674
2020-08-14,yankee,MLB,Boston Red Sox @ New York Yankees,19,-31.3,-29.2,-27.0,-23.4,-25.2,-21.3,1459,1452
2020-08-15,yankee,MLB,Boston Red Sox @ New York Yankees,19,-24.6,-21.0,-21.8,-22.7,-24.8,-17.2,1554,1633
2020-08-16,yankee,MLB,Boston Red Sox @ New York Yankees,19,-40.3,-34.4,-29.3,-27.5,-26.1,-24.8,975,959
2020-08-17,yankee,MLB,Boston Red Sox @ New York Yankees,19,-36.9,-27.2,-22.7,-15.2,-28.4,-18.2,852,837
2020-08-18,yankee,MLB,Tampa Bay Rays @ New York Yankees,19,-34.3,-27.9,-32.5,-25.2,-27.1,-11.8,961,988
2020-08-19,yankee,MLB,Tampa Bay Rays @ New York Yankees,19,-39.6,-33.1,-36.4,-32.5,-34.0,-19.6,941,993
2020-08-20,yankee,MLB,Tampa Bay Rays @ New York Yankees,13,-26.8,-30.6,-27.4,-24.5,-34.1,-29.3,1356,1305
2020-08-21,barclays,NBA,TOR @ BKN,19,-13.4,-18.0,-22.6,-28.4,-25.2,-32.6,1191,1012
2020-08-21,citi,MLB,New York Yankees @ New York Mets,19,-33.1,-24.4,-33.7,-35.1,-34.3,-46.4,1214,827
2020-08-22,citi,MLB,New York Yankees @ New York Mets,19,-40.5,-29.2,-33.6,-35.6,-35.0,-37.2,1364,1051
2020-08-23,barclays,NBA,TOR @ BKN,19,-24.1,-26.9,-20.1,-16.4,-14.5,-19.6,829,759
2020-08-23,citi,MLB,New York Yankees @ New York Mets,13,-40.7,-39.1,-35.0,-24.8,-37.5,-33.9,826,805
2020-08-25,citi,MLB,Miami Marlins @ New York Mets,17,-23.8,-15.5,-22.1,-20.0,-39.4,-38.4,628,597
2020-08-26,citi,MLB,Miami Marlins @ New York Mets,19,-31.8,-24.5,-32.3,-31.8,-24.3,-32.0,843,604
2020-08-27,citi,MLB,Miami Marlins @ New York Mets,19,-32.6,-35.9,-20.0,-34.7,-52.8,-51.5,634,518
2020-08-28,citi,MLB,New York Yankees @ New York Mets,16,-26.1,-18.3,-18.1,-18.2,-32.9,-33.0,1052,1179
2020-08-28,us_open,Tennis,US Open 2020,11,-31.1,-36.7,-23.3,-25.3,-27.3,-21.6,234,271
2020-08-28,yankee,MLB,New York Mets @ New York Yankees,16,-13.3,-12.9,-20.6,-17.0,-21.2,-19.7,1823,1657
2020-08-29,us_open,Tennis,US Open 2020,11,-48.9,-51.8,-43.9,-49.1,-39.3,-47.9,239,228
2020-08-29,yankee,MLB,New York Mets @ New York Yankees,13,-32.7,-41.1,-30.8,-33.2,-31.1,-32.8,1439,1330
2020-08-30,citi,MLB,New York Yankees @ New York Mets,13,-34.7,-33.9,-32.2,-16.2,-27.2,-26.3,963,898
2020-08-30,us_open,Tennis,US Open 2020,11,-32.6,-39.3,-35.2,-32.6,-28.2,-18.2,223,258
2020-08-30,yankee,MLB,New York Mets @ New York Yankees,13,-26.4,-28.3,-21.1,-23.0,-17.9,-10.1,1449,1438
2020-08-31,citi,MLB,Miami Marlins @ New York Mets,13,-28.6,-29.1,-24.9,-23.3,-27.4,-25.2,688,734
2020-08-31,us_open,Tennis,US Open 2020,11,-33.5,-35.6,-34.3,-40.7,-24.5,-30.8,225,210
2020-08-31,yankee,MLB,Tampa Bay Rays @ New York Yankees,19,-30.1,-23.2,-32.1,-22.7,-32.4,-17.9,805,840
2020-09-01,us_open,Tennis,US Open 2020,11,-36.1,-34.7,-33.7,-40.7,-35.7,-34.1,190,200
2020-09-01,yankee,MLB,Tampa Bay Rays @ New York Yankees,19,-29.8,-23.8,-36.2,-24.4,-29.4,-12.1,930,985
2020-09-02,us_open,Tennis,US Open 2020,11,-34.5,-35.1,-30.4,-26.2,-31.6,-37.1,202,185
2020-09-02,yankee,MLB,Tampa Bay Rays @ New York Yankees,19,-30.3,-24.1,-35.7,-26.6,-36.8,-22.6,901,956
2020-09-03,citi,MLB,New York Yankees @ New York Mets,16,-28.5,-18.6,-27.7,-26.0,-3.5,-25.0,1193,991
2020-09-03,us_open,Tennis,US Open 2020,11,-40.7,-44.4,-42.2,-36.7,-34.1,-29.0,201,225
2020-09-04,citi,MLB,Philadelphia Phillies @ New York Mets,19,-30.7,-24.4,-29.5,-31.9,-33.6,-42.7,1226,885
2020-09-04,us_open,Tennis,US Open 2020,11,-34.1,-36.9,-28.0,-24.7,-31.3,-24.8,221,260
2020-09-05,citi,MLB,Philadelphia Phillies @ New York Mets,19,-41.0,-32.4,-31.0,-37.9,-34.3,-44.0,1379,936
2020-09-05,us_open,Tennis,US Open 2020,11,-42.7,-42.7,-38.6,-36.1,-29.5,-25.4,278,327
2020-09-06,citi,MLB,Philadelphia Phillies @ New York Mets,13,-38.9,-36.3,-34.0,-18.3,-34.2,-16.0,869,1025
2020-09-06,us_open,Tennis,US Open 2020,11,-29.4,-43.2,-37.8,-34.3,-36.2,-12.9,198,275
2020-09-07,citi,MLB,Philadelphia Phillies @ New York Mets,13,-28.0,-23.3,-16.9,-4.9,-17.2,-12.0,785,864
2020-09-07,us_open,Tennis,US Open 2020,11,-67.1,-60.7,-47.4,-34.8,-30.5,-22.6,207,235
2020-09-08,citi,MLB,Baltimore Orioles @ New York Mets,19,-36.7,-27.9,-39.5,-35.5,-31.8,-46.7,673,436
2020-09-08,us_open,Tennis,US Open 2020,11,-39.6,-41.1,-39.5,-28.3,-32.0,-24.3,201,230
2020-09-09,citi,MLB,Baltimore Orioles @ New York Mets,19,-31.5,-21.8,-30.5,-36.0,-40.9,-37.3,658,556
2020-09-09,us_open,Tennis,US Open 2020,11,-26.8,-42.5,-29.8,-24.8,-30.0,-18.2,207,241
2020-09-10,us_open,Tennis,US Open 2020,11,-29.2,-27.8,-33.2,-38.9,-46.2,-34.3,164,208
2020-09-10,yankee,MLB,Baltimore Orioles @ New York Yankees,19,-26.4,-23.3,-27.2,-21.9,-42.0,-28.8,950,953
2020-09-11,yankee,MLB,Baltimore Orioles @ New York Yankees,16,-15.2,-16.5,-21.9,-18.2,-13.8,-19.6,1997,1659
2020-09-12,yankee,MLB,Baltimore Orioles @ New York Yankees,13,-18.5,-21.3,-14.5,-18.0,-14.2,-13.5,1795,1714
2020-09-13,yankee,MLB,Baltimore Orioles @ New York Yankees,13,-25.6,-35.0,-20.2,-20.7,-21.7,-20.1,1382,1276
2020-09-14,metlife,NFL,PIT @ NYG,19,-71.7,-85.2,-71.9,-80.6,-79.2,-74.2,271,48
2020-09-15,yankee,MLB,Toronto Blue Jays @ New York Yankees,19,-28.6,-20.6,-22.3,-14.3,-28.9,-15.0,936,952
2020-09-16,yankee,MLB,Toronto Blue Jays @ New York Yankees,19,-28.5,-21.5,-28.4,-22.3,-32.5,-28.3,963,885
2020-09-17,yankee,MLB,Toronto Blue Jays @ New York Yankees,19,-29.3,-25.5,-34.0,-23.4,-35.7,-19.3,1054,1081
2020-09-18,citi,MLB,Atlanta Braves @ New York Mets,19,-19.3,-19.5,-22.6,-20.4,-18.7,-29.3,1503,1093
2020-09-19,citi,MLB,Atlanta Braves @ New York Mets,19,-16.6,-12.8,-16.4,-20.6,-25.3,-32.9,1569,1123
2020-09-20,citi,MLB,Atlanta Braves @ New York Mets,13,-32.5,-18.5,-25.5,-18.0,-24.6,-6.9,997,1138
2020-09-20,metlife,NFL,SF @ NYJ,13,-63.4,-63.0,-59.2,-71.4,-62.4,-75.5,412,381
2020-09-21,citi,MLB,Tampa Bay Rays @ New York Mets,19,-34.7,-26.5,-30.1,-27.3,-24.7,-33.5,655,477
2020-09-22,citi,MLB,Tampa Bay Rays @ New York Mets,19,-27.6,-16.0,-20.6,-24.3,-24.9,-37.7,742,510
2020-09-23,citi,MLB,Tampa Bay Rays @ New York Mets,19,-19.5,-14.5,-23.4,-23.6,-19.2,-29.6,901,625
2020-09-25,yankee,MLB,Miami Marlins @ New York Yankees,19,-16.3,-11.4,-6.0,-5.2,-14.1,-10.1,1676,1660
2020-09-26,yankee,MLB,Miami Marlins @ New York Yankees,13,-8.2,-13.5,-3.6,-10.6,-3.7,-3.5,2017,1914
2020-09-27,metlife,NFL,SF @ NYG,13,-64.3,-58.8,-58.4,-68.2,-56.7,-73.2,475,417
2020-09-27,yankee,MLB,Miami Marlins @ New York Yankees,15,-9.1,-14.0,-6.5,-2.7,-6.0,-5.0,1648,1540
2020-10-01,metlife,NFL,DEN @ NYJ,20,-66.6,-81.9,-64.9,-80.2,-78.1,-73.1,128,22
2020-10-11,metlife,NFL,ARI @ NYJ,13,-60.0,-56.9,-58.1,-67.9,-63.2,-71.1,404,450
2020-10-18,metlife,NFL,WAS @ NYG,13,-60.9,-52.7,-57.2,-63.6,-60.0,-67.3,439,509
2020-10-25,metlife,NFL,BUF @ NYJ,13,-63.7,-55.9,-54.7,-63.1,-58.4,-65.9,456,530
2020-11-01,marathon,Marathon,NYC Marathon 2020,8,-37.6,-26.6,-45.1,-32.1,-31.4,-30.0,1444,1632
2020-11-02,metlife,NFL,TB @ NYG,20,-63.7,-83.2,-67.2,-73.4,-77.7,-63.0,141,24
2020-11-09,metlife,NFL,NE @ NYJ,20,-69.5,-84.0,-69.2,-70.3,-77.9,-59.9,140,26
2020-11-15,metlife,NFL,PHI @ NYG,13,-59.6,-54.4,-60.4,-66.5,-57.0,-64.2,472,557
2020-11-25,macys_parade,StreetClosure,Macy's Balloon Inflation 2020,18,-41.4,-39.3,-59.3,-55.9,-71.5,-67.0,2208,1580
2020-11-26,macys_parade,StreetClosure,Macy's Thanksgiving Day Parade 2020,9,-86.5,-87.0,-74.2,-72.7,-58.1,-54.2,2149,2251
2020-11-29,metlife,NFL,MIA @ NYJ,13,-51.5,-64.9,-48.1,-72.5,-39.9,-69.2,661,479
2020-12-06,metlife,NFL,LV @ NYJ,13,-70.7,-60.8,-63.8,-66.3,-58.0,-64.4,461,554
2020-12-13,barclays,NBA,WAS @ BKN,19,-14.2,-17.1,-18.7,-22.4,-31.6,-31.3,662,647
2020-12-13,metlife,NFL,ARI @ NYG,13,-70.5,-47.1,-65.2,-56.4,-57.8,-59.4,463,632
2020-12-16,msg,NBA,CLE @ NYK,19,-53.3,-75.6,-82.3,-85.3,-90.5,-87.1,416,249
2020-12-18,msg,NBA,CLE @ NYK,19,-46.1,-54.1,-54.4,-64.7,-73.1,-73.9,1115,725
2020-12-20,metlife,NFL,CLE @ NYG,20,-59.8,-59.9,-66.9,-61.7,-82.3,-53.2,113,27
2020-12-22,barclays,NBA,GSW @ BKN,19,-9.3,-15.3,-17.2,-26.7,-18.7,-29.7,686,651
2020-12-26,msg,NBA,PHI @ NYK,19,-60.5,-70.0,-68.2,-75.9,-81.3,-82.6,740,522
2020-12-27,metlife,NFL,CLE @ NYJ,13,-59.8,-58.4,-54.2,-72.4,-55.6,-70.1,487,465
2020-12-27,msg,NBA,MIL @ NYK,19,-52.6,-64.1,-55.6,-65.8,-67.1,-73.1,633,414
2020-12-28,barclays,NBA,MEM @ BKN,19,-23.6,-28.5,-31.4,-36.6,-32.5,-32.0,512,555
2020-12-30,barclays,NBA,ATL @ BKN,19,-16.8,-19.2,-23.1,-30.1,-21.4,-28.5,735,723
2020-12-31,times_sq,StreetClosure,Times Square NYE 2020,18,-49.3,-49.0,-57.7,-52.6,-73.7,-51.7,1030,983
2021-01-01,barclays,NBA,ATL @ BKN,19,-38.1,-40.5,-44.2,-46.6,-53.1,-50.5,745,743
2021-01-03,barclays,NBA,WAS @ BKN,19,-32.0,-33.0,-39.7,-35.2,-47.4,-39.8,508,567
2021-01-03,metlife,NFL,DAL @ NYG,13,-39.1,-53.1,-22.8,-70.6,-24.9,-67.5,828,506
2021-01-05,barclays,NBA,UTA @ BKN,19,-13.3,-11.5,-24.4,-30.5,-31.8,-39.9,575,556
2021-01-06,msg,NBA,UTA @ NYK,19,-49.7,-67.0,-74.5,-75.4,-84.0,-79.6,703,394
2021-01-07,barclays,NBA,PHI @ BKN,19,-19.7,-17.5,-30.0,-34.7,-35.6,-42.6,707,664
2021-01-08,msg,NBA,OKC @ NYK,19,-45.8,-60.6,-61.7,-68.5,-76.7,-74.1,966,718
2021-01-10,barclays,NBA,OKC @ BKN,19,-19.6,-20.0,-26.4,-26.7,-27.6,-24.9,701,708
2021-01-10,msg,NBA,DEN @ NYK,19,-56.0,-63.5,-63.3,-67.8,-70.1,-74.0,575,400
2021-01-12,barclays,NBA,DEN @ BKN,19,-5.3,-4.3,-20.9,-29.8,-24.7,-32.3,635,627
2021-01-13,msg,NBA,BKN @ NYK,19,-44.2,-64.1,-69.2,-74.3,-81.1,-75.9,828,465
2021-01-16,barclays,NBA,ORL @ BKN,19,-16.4,-15.7,-33.5,-30.8,-37.9,-36.9,1057,978
2021-01-18,barclays,NBA,MIL @ BKN,19,-13.4,-11.9,-19.9,-26.0,-24.2,-31.8,575,557
2021-01-18,msg,NBA,ORL @ NYK,19,-62.0,-66.3,-75.8,-73.4,-82.0,-76.2,601,403
2021-01-23,barclays,NBA,MIA @ BKN,19,-13.6,-9.2,-24.2,-25.3,-33.0,-26.9,1142,1134
2021-01-25,barclays,NBA,MIA @ BKN,19,-10.1,-9.8,-24.5,-27.3,-23.4,-25.6,581,608
2021-01-29,msg,NBA,CLE @ NYK,19,-32.4,-49.3,-50.0,-59.5,-71.6,-69.2,1177,853
2021-01-31,msg,NBA,LAC @ NYK,19,-49.2,-58.6,-59.3,-65.8,-76.1,-76.8,459,357
2021-02-02,barclays,NBA,LAC @ BKN,19,-23.0,-29.6,-28.4,-33.5,-37.9,-40.5,523,551
2021-02-05,barclays,NBA,TOR @ BKN,19,-10.6,-10.2,-20.3,-22.6,-27.4,-27.6,1156,1087
2021-02-06,msg,NBA,POR @ NYK,19,-54.2,-61.2,-58.1,-63.4,-71.3,-68.7,1139,939
2021-02-07,msg,NBA,MIA @ NYK,19,-64.9,-72.5,-73.5,-75.2,-61.0,-59.6,751,622
2021-02-10,barclays,NBA,IND @ BKN,19,-11.3,-9.8,-17.2,-19.5,-21.7,-29.5,733,713
2021-02-13,msg,NBA,HOU @ NYK,19,-27.6,-32.6,-27.2,-33.1,-54.7,-52.4,1802,1431
2021-02-15,msg,NBA,ATL @ NYK,19,-50.9,-51.2,-67.0,-59.9,-75.3,-70.5,827,499
2021-02-21,msg,NBA,MIN @ NYK,19,-46.2,-50.0,-45.5,-53.5,-57.9,-66.8,811,510
2021-02-23,barclays,NBA,SAC @ BKN,19,0.1,-2.2,-16.2,-19.6,-20.0,-25.2,675,693
2021-02-23,msg,NBA,GSW @ NYK,19,-35.5,-56.4,-57.7,-62.8,-69.4,-72.3,1262,510
2021-02-25,barclays,NBA,ORL @ BKN,19,-5.1,-2.3,-15.4,-15.5,-23.7,-27.9,838,835
2021-02-25,msg,NBA,SAC @ NYK,19,-36.7,-51.4,-52.8,-57.0,-64.8,-65.5,1701,800
2021-02-27,barclays,NBA,DAL @ BKN,19,-12.7,-10.9,-17.2,-16.5,-23.5,-21.8,1304,1213
2021-02-27,msg,NBA,IND @ NYK,19,-41.9,-42.9,-37.3,-37.5,-46.0,-53.8,2148,1390
2021-03-04,msg,NBA,DET @ NYK,19,-36.3,-49.9,-52.1,-53.6,-63.5,-66.4,1761,781
2021-03-11,barclays,NBA,BOS @ BKN,19,1.6,4.5,-0.7,-8.4,0.1,-13.2,1101,1006
2021-03-13,barclays,NBA,DET @ BKN,19,-2.3,-0.3,-4.2,-5.0,-12.2,-19.2,1498,1254
2021-03-15,barclays,NBA,NYK @ BKN,19,1.5,-0.6,3.2,-4.2,-1.9,-7.5,745,756
2021-03-17,st_patricks,StreetClosure,NYC St. Patrick's Day Parade 2021,11,-38.5,-22.1,-30.7,-24.1,-29.8,-24.4,3008,2828
2021-03-18,msg,NBA,ORL @ NYK,19,-26.0,-44.6,-51.9,-50.3,-63.3,-63.3,1774,852
2021-03-21,barclays,NBA,WAS @ BKN,19,8.4,7.6,14.5,10.8,7.0,6.9,1041,1012
2021-03-21,msg,NBA,PHI @ NYK,19,-40.0,-36.2,-32.0,-34.5,-36.5,-50.7,1226,760
2021-03-23,msg,NBA,WAS @ NYK,19,-43.4,-58.1,-59.4,-58.3,-68.9,-63.2,1284,678
2021-03-25,msg,NBA,WAS @ NYK,19,-45.1,-48.8,-57.5,-50.6,-61.5,-57.7,1861,982
2021-03-29,barclays,NBA,MIN @ BKN,19,-4.1,-5.7,1.7,-5.3,-2.6,-8.9,740,745
2021-03-29,msg,NBA,MIA @ NYK,19,-44.5,-53.3,-60.4,-57.0,-66.4,-61.7,1124,648
2021-03-31,barclays,NBA,HOU @ BKN,19,1.0,6.1,5.7,-2.5,5.5,-3.2,989,981
2021-04-01,barclays,NBA,CHA @ BKN,19,-1.6,-1.4,3.0,-7.0,-3.8,-12.8,1058,1010
2021-04-01,yankee,MLB,Toronto Blue Jays @ New York Yankees,13,2.9,18.1,-10.1,6.4,-19.5,-13.7,1659,1595
2021-04-02,msg,NBA,DAL @ NYK,19,-34.1,-25.6,-33.4,-28.3,-47.5,-38.7,2182,1705
2021-04-03,yankee,MLB,Toronto Blue Jays @ New York Yankees,13,-10.0,-2.8,-14.5,-10.2,-2.2,-2.5,2048,1934
2021-04-04,yankee,MLB,Toronto Blue Jays @ New York Yankees,13,-4.9,-0.6,-4.6,1.3,-0.1,7.5,1768,1723
2021-04-05,barclays,NBA,NYK @ BKN,19,-7.6,-6.2,4.8,-1.8,2.9,-1.8,782,803
2021-04-05,yankee,MLB,Baltimore Orioles @ New York Yankees,18,-20.0,-5.6,-21.7,-14.9,-16.3,-3.2,1180,1097
2021-04-06,yankee,MLB,Baltimore Orioles @ New York Yankees,18,-22.6,-0.3,-21.3,-7.4,-19.2,-0.8,1256,1234
2021-04-07,barclays,NBA,NOP @ BKN,19,-1.1,-1.0,0.1,-7.8,3.4,0.2,969,1016
2021-04-07,yankee,MLB,Baltimore Orioles @ New York Yankees,18,-19.9,-0.7,-19.2,-6.8,-15.2,-5.8,1426,1261
2021-04-08,citi,MLB,Miami Marlins @ New York Mets,13,-3.9,13.2,-3.6,-6.2,-1.8,-7.4,1041,1038
2021-04-09,msg,NBA,MEM @ NYK,19,-25.4,-30.8,-31.8,-31.3,-42.0,-35.1,2413,1805
2021-04-10,barclays,NBA,LAL @ BKN,19,-4.5,4.2,-4.4,-4.4,-3.3,-9.6,1651,1404
2021-04-10,citi,MLB,Miami Marlins @ New York Mets,13,-8.4,2.5,-8.8,-8.4,-9.4,-16.4,1511,1399
2021-04-11,citi,MLB,Miami Marlins @ New York Mets,13,-15.7,-11.8,0.1,-5.1,-11.4,-13.3,1174,1059
2021-04-11,msg,NBA,TOR @ NYK,19,-32.9,-33.8,-31.9,-33.0,-40.0,-49.1,1158,784
2021-04-12,citi,MLB,Philadelphia Phillies @ New York Mets,19,-12.8,-18.1,-20.2,-22.6,-31.8,-27.4,593,521
2021-04-12,msg,NBA,LAL @ NYK,19,-22.9,-44.1,-49.1,-51.7,-60.8,-61.4,1314,654
2021-04-13,citi,MLB,Philadelphia Phillies @ New York Mets,16,-10.8,-3.1,-18.6,-14.0,-24.9,-26.7,805,787
2021-04-14,citi,MLB,Philadelphia Phillies @ New York Mets,19,-15.7,-5.6,-18.1,-23.0,-14.7,-21.5,951,697
2021-04-15,citi,MLB,Philadelphia Phillies @ New York Mets,12,-5.9,-5.5,22.7,15.0,1.0,-0.7,983,996
2021-04-16,barclays,NBA,CHA @ BKN,19,-8.6,-4.4,-14.5,-15.4,-10.4,-12.8,1429,1312
2021-04-16,yankee,MLB,Tampa Bay Rays @ New York Yankees,19,-22.4,-12.7,-20.2,-12.3,-8.1,-10.6,1794,1651
2021-04-17,yankee,MLB,Tampa Bay Rays @ New York Yankees,13,-7.2,3.6,-6.8,-5.5,-4.3,-4.4,2005,1895
2021-04-18,msg,NBA,NOP @ NYK,19,-36.0,-35.9,-36.2,-39.5,-39.3,-44.9,1173,849
2021-04-18,yankee,MLB,Tampa Bay Rays @ New York Yankees,13,-3.2,2.7,-9.6,-3.2,-4.0,-1.9,1697,1570
2021-04-20,msg,NBA,CHA @ NYK,19,-37.9,-51.6,-57.4,-52.7,-61.9,-54.1,1572,846
2021-04-20,yankee,MLB,Atlanta Braves @ New York Yankees,18,-20.8,0.9,-20.8,-10.8,-1.7,0.2,1530,1246
2021-04-21,msg,NBA,ATL @ NYK,19,-29.2,-41.8,-52.2,-49.8,-60.8,-54.8,1721,874
2021-04-21,yankee,MLB,Atlanta Braves @ New York Yankees,18,-17.9,-1.0,-22.6,-16.1,-15.0,-12.9,1429,1165
2021-04-23,barclays,NBA,BOS @ BKN,19,-15.5,-12.2,-14.5,-10.6,-2.9,-5.8,1549,1417
2021-04-23,citi,MLB,Washington Nationals @ New York Mets,19,-1.7,-2.1,-13.8,-19.1,-13.8,-23.8,1595,1178
2021-04-24,citi,MLB,Washington Nationals @ New York Mets,16,-8.9,8.1,-9.3,-12.0,-18.0,-32.1,1581,1262
2021-04-24,msg,NBA,TOR @ NYK,19,-31.4,-34.4,-29.0,-30.9,-39.9,-27.7,2393,2179
2021-04-25,barclays,NBA,PHX @ BKN,19,-14.3,-18.0,-6.0,-11.6,-0.2,-2.6,970,921
2021-04-25,citi,MLB,Washington Nationals @ New York Mets,13,-15.9,-11.1,-22.5,-22.2,-23.1,-26.2,1017,900
2021-04-26,msg,NBA,PHX @ NYK,19,-35.6,-48.3,-54.3,-56.2,-50.4,-54.6,1661,769
2021-04-27,citi,MLB,Boston Red Sox @ New York Mets,19,-23.4,5.1,-18.4,-19.5,3.7,-21.4,1026,644
2021-04-28,citi,MLB,Boston Red Sox @ New York Mets,18,-5.2,6.0,-9.5,-7.0,11.7,-14.3,1301,846
2021-04-28,msg,NBA,CHI @ NYK,19,-36.2,-41.4,-52.0,-43.8,-52.6,-46.6,2084,1033
2021-04-30,barclays,NBA,POR @ BKN,19,-13.4,-12.9,-16.4,-12.7,-4.7,-9.6,1521,1360
2021-04-30,yankee,MLB,Detroit Tigers @ New York Yankees,19,-24.5,-20.6,-20.3,-20.4,-8.2,-10.3,1793,1656
2021-05-01,yankee,MLB,Detroit Tigers @ New York Yankees,13,-10.7,-0.5,-15.3,-6.7,-11.7,-9.6,1849,1792
2021-05-02,yankee,MLB,Detroit Tigers @ New York Yankees,13,-13.7,-6.4,-19.0,-11.8,-13.9,-5.4,1521,1513
2021-05-04,yankee,MLB,Houston Astros @ New York Yankees,19,-25.0,-7.4,-25.6,-14.8,-3.0,-3.6,1280,1080
2021-05-05,yankee,MLB,Houston Astros @ New York Yankees,19,-17.4,-9.8,-20.5,-11.7,-5.4,-7.4,1352,1144
2021-05-06,yankee,MLB,Houston Astros @ New York Yankees,13,-7.6,0.7,-13.1,-0.1,-21.2,-14.0,1623,1590
2021-05-07,citi,MLB,Arizona Diamondbacks @ New York Mets,19,-14.6,-9.5,-17.2,-24.1,-15.4,-29.4,1566,1092
2021-05-07,yankee,MLB,Washington Nationals @ New York Yankees,19,-25.6,-24.3,-25.1,-23.2,-8.9,-13.6,1779,1594
2021-05-08,citi,MLB,Arizona Diamondbacks @ New York Mets,19,-22.1,-16.3,-24.6,-27.5,-22.1,-28.1,1637,1205
2021-05-08,yankee,MLB,Washington Nationals @ New York Yankees,13,-4.1,4.5,-7.5,1.8,-4.6,-4.7,1997,1890
2021-05-09,citi,MLB,Arizona Diamondbacks @ New York Mets,13,-19.2,-15.7,-12.9,-17.6,-15.3,-15.8,1122,1028
2021-05-09,yankee,MLB,Washington Nationals @ New York Yankees,13,-14.9,-9.1,-9.7,-2.9,-1.3,-4.0,1745,1536
2021-05-11,citi,MLB,Baltimore Orioles @ New York Mets,19,-16.4,4.4,-13.8,-16.5,2.8,-13.9,1017,706
2021-05-12,barclays,NBA,SAS @ BKN,19,-7.3,-10.6,-8.3,-9.1,5.8,-3.0,992,983
2021-05-12,citi,MLB,Baltimore Orioles @ New York Mets,12,-16.7,5.2,-3.3,-4.4,6.3,-2.3,961,901
2021-05-13,msg,NBA,SAS @ NYK,19,-34.1,-44.6,-45.4,-38.8,-53.7,-46.1,2235,1253
2021-05-15,barclays,NBA,CHI @ BKN,19,-12.6,-7.9,-12.5,-11.9,1.1,-8.4,1727,1423
2021-05-15,msg,NBA,CHA @ NYK,19,-28.4,-31.3,-21.2,-20.2,-35.2,-17.1,2581,2502
2021-05-16,barclays,NBA,CLE @ BKN,19,-11.3,-6.4,-3.0,-10.3,-7.2,-8.8,901,862
2021-05-16,msg,NBA,BOS @ NYK,19,-29.3,-29.6,-31.1,-26.8,-37.1,-29.4,1215,1091
2021-05-21,yankee,MLB,Chicago White Sox @ New York Yankees,19,-25.3,-11.5,-11.2,-6.5,1.5,-4.8,1984,1758
2021-05-22,barclays,NBA,BOS @ BKN,19,-7.4,-2.1,-3.9,-4.0,-2.5,-3.4,1665,1501
2021-05-22,yankee,MLB,Chicago White Sox @ New York Yankees,13,-13.8,-1.5,-15.1,-16.2,-1.9,-7.5,2056,1833
2021-05-23,msg,NBA,ATL @ NYK,19,-22.3,3.1,-11.8,-15.8,-13.6,-23.5,1673,1183
2021-05-23,yankee,MLB,Chicago White Sox @ New York Yankees,13,-19.0,-7.1,-15.4,-12.4,-7.7,-7.6,1632,1477
2021-05-24,citi,MLB,Colorado Rockies @ New York Mets,19,-23.3,-12.1,-20.9,-16.1,-14.2,-21.7,747,562
2021-05-25,barclays,NBA,BOS @ BKN,19,-5.5,-8.6,-6.4,-10.0,14.1,0.7,965,935
2021-05-25,citi,MLB,Colorado Rockies @ New York Mets,19,-12.6,-0.6,-14.0,-21.7,6.3,-7.4,1052,759
2021-05-25,yankee,MLB,Toronto Blue Jays @ New York Yankees,19,-24.6,-10.2,-20.2,-12.1,5.9,-1.2,1398,1108
2021-05-26,citi,MLB,Colorado Rockies @ New York Mets,19,-1.8,-2.9,3.4,-2.7,-14.4,-13.2,954,772
2021-05-26,msg,NBA,ATL @ NYK,19,-24.5,-12.7,-32.2,-22.1,-37.8,-38.6,2737,1188
2021-05-26,yankee,MLB,Toronto Blue Jays @ New York Yankees,19,-29.6,-23.9,-13.3,-5.1,-15.3,-10.6,1209,1105
2021-05-27,citi,MLB,Colorado Rockies @ New York Mets,12,-14.4,10.6,-4.6,-7.7,1.9,-8.0,992,922
2021-05-27,yankee,MLB,Toronto Blue Jays @ New York Yankees,16,-23.3,-19.8,-31.6,-25.5,-24.3,-15.0,1619,1496
2021-05-28,citi,MLB,Atlanta Braves @ New York Mets,19,13.2,4.3,10.0,-1.6,-10.4,-20.3,1658,1233
2021-05-29,citi,MLB,Atlanta Braves @ New York Mets,19,-18.7,-1.4,-17.8,-24.9,-18.5,-31.0,1713,1155
2021-05-30,citi,MLB,Atlanta Braves @ New York Mets,19,-5.7,4.2,-8.2,-1.3,1.0,0.8,1075,814
2021-05-31,yankee,MLB,Tampa Bay Rays @ New York Yankees,13,-17.4,-7.3,-23.7,-19.9,-24.2,-23.5,1334,1187
2021-06-01,barclays,NBA,BOS @ BKN,19,-17.9,-18.1,-15.4,-20.6,-3.3,-14.4,817,794
2021-06-01,yankee,MLB,Tampa Bay Rays @ New York Yankees,19,-32.0,-22.0,-28.7,-19.2,-8.9,-13.6,1202,968
2021-06-02,msg,NBA,ATL @ NYK,19,-19.1,-13.3,-36.9,-28.8,-36.6,-28.6,2789,1382
2021-06-02,yankee,MLB,Tampa Bay Rays @ New York Yankees,19,-27.1,-14.2,-17.5,-9.0,2.1,-6.2,1460,1160
2021-06-03,yankee,MLB,Tampa Bay Rays @ New York Yankees,13,-7.8,-4.2,-22.2,-20.0,-21.7,-16.5,1613,1544
2021-06-04,yankee,MLB,Boston Red Sox @ New York Yankees,19,-30.4,-14.4,-16.1,-16.3,0.4,-16.2,1961,1547
2021-06-05,barclays,NBA,MIL @ BKN,19,-0.9,2.9,-2.8,-0.1,7.8,0.5,1843,1562
2021-06-05,yankee,MLB,Boston Red Sox @ New York Yankees,19,-7.4,3.7,-4.3,-3.2,5.7,-1.6,2190,1942
2021-06-06,yankee,MLB,Boston Red Sox @ New York Yankees,19,-7.9,14.4,6.3,1.5,23.3,11.1,1636,1424
2021-06-07,barclays,NBA,MIL @ BKN,19,-12.5,-14.9,-11.2,-13.8,5.8,3.5,804,847
2021-06-11,citi,MLB,San Diego Padres @ New York Mets,19,-11.6,8.1,-13.4,-8.5,1.1,-14.8,1872,1319
2021-06-12,citi,MLB,San Diego Padres @ New York Mets,16,-11.0,21.1,-14.5,-10.5,0.9,-11.2,1950,1655
2021-06-13,citi,MLB,San Diego Padres @ New York Mets,13,-15.7,7.6,-7.9,-6.7,-1.7,-13.7,1304,1053
2021-06-14,citi,MLB,Chicago Cubs @ New York Mets,19,-20.7,-3.5,-18.1,-14.5,11.2,-4.4,969,687
2021-06-15,barclays,NBA,MIL @ BKN,19,-11.9,-9.0,1.0,-5.2,22.5,4.0,1036,966
2021-06-15,citi,MLB,Chicago Cubs @ New York Mets,19,-13.4,11.8,-4.4,-0.6,18.8,3.8,1177,852
2021-06-16,citi,MLB,Chicago Cubs @ New York Mets,19,-8.2,11.6,-6.2,-2.3,23.2,-1.0,1378,881
2021-06-17,citi,MLB,Chicago Cubs @ New York Mets,19,-14.3,-2.3,-10.4,-7.5,9.4,-7.9,1474,987
2021-06-18,yankee,MLB,Oakland Athletics @ New York Yankees,19,-38.5,-22.9,-16.1,-19.6,4.8,-7.4,2049,1709
2021-06-19,barclays,NBA,MIL @ BKN,19,1.1,5.9,-0.2,5.7,5.5,1.6,1802,1580
2021-06-19,yankee,MLB,Oakland Athletics @ New York Yankees,13,-13.0,-9.1,-17.8,-17.4,-5.9,-12.4,1970,1736
2021-06-20,yankee,MLB,Oakland Athletics @ New York Yankees,13,-24.1,-15.6,-26.2,-25.3,-18.6,-15.7,1436,1347
2021-06-21,citi,MLB,Atlanta Braves @ New York Mets,17,-11.2,6.9,-14.4,-11.5,-15.6,-14.9,816,751
2021-06-22,citi,MLB,Atlanta Braves @ New York Mets,19,10.5,10.6,-15.6,-6.2,9.5,-3.2,1084,794
2021-06-22,yankee,MLB,Kansas City Royals @ New York Yankees,19,-20.6,-1.5,-14.8,-8.3,2.2,0.7,1349,1129
2021-06-23,citi,MLB,Atlanta Braves @ New York Mets,19,-6.4,2.9,-6.1,-3.8,23.4,-4.2,1380,852
2021-06-23,yankee,MLB,Kansas City Royals @ New York Yankees,19,-29.4,-17.8,-9.5,-4.0,8.4,3.5,1551,1280
2021-06-24,yankee,MLB,Kansas City Royals @ New York Yankees,13,-11.0,2.7,-25.0,-19.2,-31.1,-23.1,1418,1421
2021-06-25,citi,MLB,Philadelphia Phillies @ New York Mets,16,-11.1,3.8,-5.4,-10.3,-3.9,-4.6,1511,1683
2021-06-26,citi,MLB,Philadelphia Phillies @ New York Mets,16,-2.6,25.3,-8.2,-3.6,5.9,-6.3,2047,1746
2021-06-27,citi,MLB,Philadelphia Phillies @ New York Mets,13,-12.3,3.1,-17.1,-5.4,-2.9,-4.9,1288,1162
2021-06-27,times_sq,StreetClosure,NYC Pride March 2021,12,-20.9,-26.6,-15.2,-28.4,-30.1,-32.1,1437,1477
2021-06-28,yankee,MLB,Los Angeles Angels @ New York Yankees,19,-33.3,-19.1,-17.9,-10.5,-5.6,-12.4,1125,896
2021-06-29,yankee,MLB,Los Angeles Angels @ New York Yankees,19,-26.4,-10.9,-14.3,-7.2,10.6,0.9,1461,1131
2021-06-30,yankee,MLB,Los Angeles Angels @ New York Yankees,19,-25.0,-6.3,-8.7,1.2,19.0,10.7,1704,1370
2021-07-01,yankee,MLB,Los Angeles Angels @ New York Yankees,13,-6.0,-9.7,-19.0,-21.6,-30.5,-26.5,1430,1357
2021-07-02,yankee,MLB,New York Mets @ New York Yankees,19,-25.0,-11.4,-5.2,-11.5,-5.6,-22.5,1844,1430
2021-07-03,yankee,MLB,New York Mets @ New York Yankees,13,-19.0,-14.9,-16.8,-19.3,-15.9,-22.8,1760,1528
2021-07-04,yankee,MLB,New York Mets @ New York Yankees,14,-23.7,-13.7,-14.2,-14.7,-15.0,-4.0,1547,1576
2021-07-05,citi,MLB,Milwaukee Brewers @ New York Mets,19,-7.4,-9.3,-19.7,-23.5,-10.2,-17.4,782,593
2021-07-06,citi,MLB,Milwaukee Brewers @ New York Mets,19,-8.7,5.0,9.0,-2.3,-6.9,-13.0,921,713
2021-07-07,citi,MLB,Milwaukee Brewers @ New York Mets,14,5.6,32.0,1.2,8.2,-2.7,4.1,1079,1246
2021-07-08,citi,MLB,Pittsburgh Pirates @ New York Mets,19,-7.2,-12.6,-23.6,-22.5,-29.1,-17.6,953,883
2021-07-09,citi,MLB,Pittsburgh Pirates @ New York Mets,19,-15.3,0.3,-15.4,-16.8,2.8,-12.5,1905,1354
2021-07-10,citi,MLB,Pittsburgh Pirates @ New York Mets,16,-13.0,8.2,-9.8,-5.2,-2.4,-5.7,1886,1758
2021-07-11,citi,MLB,Pittsburgh Pirates @ New York Mets,13,-15.2,17.5,-13.3,3.9,-9.8,-17.7,1195,1004
2021-07-15,yankee,MLB,Boston Red Sox @ New York Yankees,19,-31.1,-20.4,-13.2,-9.7,-3.9,1.5,1578,1361
2021-07-16,yankee,MLB,Boston Red Sox @ New York Yankees,19,-24.8,-8.4,-6.6,-10.0,9.7,-9.8,2144,1665
2021-07-17,yankee,MLB,Boston Red Sox @ New York Yankees,19,-17.2,4.8,-11.4,-9.0,-0.5,-6.8,2059,1840
2021-07-18,yankee,MLB,Boston Red Sox @ New York Yankees,19,-14.2,9.1,-3.7,-1.5,25.4,-1.9,1665,1255
2021-07-20,yankee,MLB,Philadelphia Phillies @ New York Yankees,19,-37.8,-20.5,-19.8,-18.3,-10.2,-24.4,1184,846
2021-07-21,yankee,MLB,Philadelphia Phillies @ New York Yankees,19,-30.7,-14.0,-15.5,-10.5,-0.2,-19.8,1427,990
2021-07-23,citi,MLB,Toronto Blue Jays @ New York Mets,19,-5.4,9.0,-14.2,-12.1,1.5,-17.1,1880,1283
2021-07-24,citi,MLB,Toronto Blue Jays @ New York Mets,19,-14.1,12.3,-8.7,-11.2,-4.8,-9.8,2004,1513
2021-07-25,citi,MLB,Toronto Blue Jays @ New York Mets,13,-17.7,-8.5,-18.4,-11.1,-7.1,-7.2,1231,1134
2021-07-26,citi,MLB,Atlanta Braves @ New York Mets,17,-9.3,3.1,-19.2,-14.5,-16.9,-18.6,803,719
2021-07-27,citi,MLB,Atlanta Braves @ New York Mets,19,-4.5,11.6,-6.9,-2.8,9.4,-9.0,1083,746
2021-07-28,citi,MLB,Atlanta Braves @ New York Mets,19,-15.9,14.1,-9.0,-2.3,18.5,-3.7,1325,857
2021-07-29,citi,MLB,Atlanta Braves @ New York Mets,12,-7.8,10.5,-6.0,-5.8,10.3,-5.3,1074,949
2021-07-30,citi,MLB,Cincinnati Reds @ New York Mets,19,-12.3,15.1,-10.6,-6.7,2.7,-12.8,1902,1350
2021-07-31,citi,MLB,Cincinnati Reds @ New York Mets,19,-10.8,14.0,-11.2,-10.3,-7.7,-14.7,1941,1431
2021-08-01,citi,MLB,Cincinnati Reds @ New York Mets,13,-18.5,-2.7,-24.8,-16.6,-16.9,-17.4,1100,1008
2021-08-02,yankee,MLB,Baltimore Orioles @ New York Yankees,19,-37.7,-19.4,-23.5,-17.0,-8.0,-20.6,1096,812
2021-08-03,yankee,MLB,Baltimore Orioles @ New York Yankees,19,-36.1,-22.1,-13.8,-9.5,3.8,-8.9,1370,1021
2021-08-04,yankee,MLB,Baltimore Orioles @ New York Yankees,19,-30.3,-13.0,-19.7,-10.8,-1.5,-12.6,1408,1080
2021-08-05,yankee,MLB,Seattle Mariners @ New York Yankees,19,-30.8,-19.8,-18.9,-14.6,-4.6,-9.6,1566,1211
2021-08-06,yankee,MLB,Seattle Mariners @ New York Yankees,19,-29.6,-11.4,-11.7,-15.5,-7.2,-20.0,1811,1475
2021-08-07,yankee,MLB,Seattle Mariners @ New York Yankees,13,-22.9,-13.0,-19.0,-17.2,-12.2,-10.0,1837,1784
2021-08-08,yankee,MLB,Seattle Mariners @ New York Yankees,13,-14.2,-3.7,-14.3,-13.3,-10.0,-6.8,1590,1490
2021-08-10,citi,MLB,Washington Nationals @ New York Mets,19,-12.5,6.1,31.9,20.2,2.3,-13.6,1012,708
2021-08-11,citi,MLB,Washington Nationals @ New York Mets,16,1.9,9.1,-1.7,8.0,8.8,4.6,1237,1216
2021-08-12,citi,MLB,Washington Nationals @ New York Mets,12,-5.0,24.1,-0.8,1.9,13.5,-1.4,1106,989
2021-08-13,citi,MLB,Los Angeles Dodgers @ New York Mets,19,-1.0,28.9,-3.5,-3.7,8.8,-11.9,2016,1363
2021-08-14,citi,MLB,Los Angeles Dodgers @ New York Mets,19,-6.2,29.6,-3.6,-6.7,-6.3,-17.4,1971,1385
2021-08-15,citi,MLB,Los Angeles Dodgers @ New York Mets,19,-8.5,16.1,-11.7,0.2,-1.6,-5.6,1047,761
2021-08-16,yankee,MLB,Los Angeles Angels @ New York Yankees,19,-36.2,-17.8,-21.6,-14.9,-9.5,-17.7,1078,842
2021-08-17,yankee,MLB,Boston Red Sox @ New York Yankees,13,-10.4,-0.4,-24.1,-17.3,-30.6,-17.5,1329,1382
2021-08-18,yankee,MLB,Boston Red Sox @ New York Yankees,19,-25.6,-7.6,-17.0,-13.0,8.1,-12.1,1546,1086
2021-08-19,yankee,MLB,Minnesota Twins @ New York Yankees,19,-34.6,-27.3,-22.5,-18.0,-8.8,-10.5,1496,1199
2021-08-20,yankee,MLB,Minnesota Twins @ New York Yankees,19,-34.2,-18.2,-19.0,-22.9,-11.4,-21.5,1729,1448
2021-08-21,yankee,MLB,Minnesota Twins @ New York Yankees,13,-31.1,-24.8,-32.8,-28.0,-24.0,-29.7,1590,1390
2021-08-22,yankee,MLB,Minnesota Twins @ New York Yankees,13,-43.0,-43.1,-35.6,-32.7,-36.3,-30.5,1122,1108
2021-08-24,citi,MLB,San Francisco Giants @ New York Mets,19,-12.2,13.2,-3.4,-3.5,12.0,-8.2,1109,753
2021-08-25,citi,MLB,San Francisco Giants @ New York Mets,19,-4.6,9.8,6.2,-4.2,12.1,-2.8,1252,865
2021-08-26,citi,MLB,San Francisco Giants @ New York Mets,19,-1.7,19.5,1.0,-2.0,31.1,0.3,1769,1075
2021-08-27,citi,MLB,Washington Nationals @ New York Mets,19,3.2,2.8,-12.3,-10.5,-4.6,-8.5,1766,1417
2021-08-28,citi,MLB,Washington Nationals @ New York Mets,19,-14.2,-2.8,-19.0,-17.6,-5.2,-16.3,1995,1404
2021-08-28,us_open,Tennis,US Open 2021,11,-12.5,-5.2,-8.9,-6.4,-10.3,-6.8,354,409
2021-08-29,citi,MLB,Washington Nationals @ New York Mets,13,-24.0,-6.0,-25.5,-15.3,-8.6,-19.3,1211,985
2021-08-29,us_open,Tennis,US Open 2021,11,-11.4,15.1,-0.9,49.2,-7.8,12.1,287,355
2021-08-30,us_open,Tennis,US Open 2021,11,-6.0,133.3,-2.9,94.2,18.9,32.0,355,402
2021-08-31,citi,MLB,Miami Marlins @ New York Mets,13,3.6,55.5,5.5,13.7,13.6,28.5,1087,1278
2021-08-31,us_open,Tennis,US Open 2021,11,11.5,134.0,5.8,108.9,22.7,37.3,364,419
2021-09-01,citi,MLB,Miami Marlins @ New York Mets,19,35.3,45.0,23.6,13.7,-45.2,-40.5,610,528
2021-09-01,us_open,Tennis,US Open 2021,11,19.2,112.4,8.6,117.4,1.6,29.2,301,382
2021-09-02,citi,MLB,Miami Marlins @ New York Mets,19,5.9,29.0,2.6,-6.0,23.1,-11.3,1660,951
2021-09-02,us_open,Tennis,US Open 2021,11,24.2,116.0,28.9,169.7,24.8,58.6,382,505
2021-09-03,us_open,Tennis,US Open 2021,11,-0.3,163.2,9.7,129.4,22.5,24.2,396,431
2021-09-03,yankee,MLB,Baltimore Orioles @ New York Yankees,19,-21.8,-15.2,-10.3,-12.4,10.2,-11.6,2154,1631
2021-09-04,us_open,Tennis,US Open 2021,11,8.0,196.1,-5.8,125.2,3.5,11.2,409,489
2021-09-04,yankee,MLB,Baltimore Orioles @ New York Yankees,13,-19.7,-18.6,-12.0,-13.9,-8.5,-20.1,1915,1581
2021-09-05,us_open,Tennis,US Open 2021,11,6.5,228.9,9.4,154.5,21.7,35.4,380,430
2021-09-05,yankee,MLB,Baltimore Orioles @ New York Yankees,13,-12.1,-12.0,-9.6,-11.1,-5.6,-4.1,1669,1534
2021-09-06,us_open,Tennis,US Open 2021,11,-32.2,134.1,-8.6,163.5,29.2,29.3,386,394
2021-09-06,yankee,MLB,Toronto Blue Jays @ New York Yankees,13,-24.1,-17.9,-27.7,-21.7,-31.8,-33.1,1199,1037
2021-09-07,us_open,Tennis,US Open 2021,11,4.1,91.4,-0.3,117.4,16.0,6.1,344,323
2021-09-07,yankee,MLB,Toronto Blue Jays @ New York Yankees,19,-34.9,-24.3,-27.2,-21.8,-14.3,-20.7,1130,888
2021-09-08,us_open,Tennis,US Open 2021,11,3.0,103.1,9.5,155.1,22.3,23.8,363,366
2021-09-08,yankee,MLB,Toronto Blue Jays @ New York Yankees,19,-14.8,-1.3,-11.8,-6.2,4.5,-9.4,1495,1120
2021-09-09,us_open,Tennis,US Open 2021,11,8.1,5.1,-0.4,9.9,-7.4,16.8,283,371
2021-09-09,yankee,MLB,Toronto Blue Jays @ New York Yankees,19,-9.7,10.1,-0.1,-12.2,1.5,-20.6,1667,1063
2021-09-10,citi,MLB,New York Yankees @ New York Mets,19,7.6,49.9,-6.3,-2.9,21.1,-9.9,2247,1394
2021-09-10,msg,Concert,The Weeknd After Hours Tour,20,-14.1,-14.4,-11.7,4.7,-4.0,10.2,1910,1434
2021-09-10,us_open,Tennis,US Open 2021,11,3.0,51.5,7.5,151.4,6.6,87.3,344,653
2021-09-11,citi,MLB,New York Yankees @ New York Mets,19,-1.5,29.0,9.8,-0.3,0.8,-2.8,2122,1632
2021-09-12,citi,MLB,New York Yankees @ New York Mets,20,18.4,41.3,21.2,8.2,18.4,1.7,576,378
2021-09-12,metlife,NFL,DEN @ NYG,16,-9.5,-12.9,26.6,-11.1,-9.1,-30.2,1086,481
2021-09-13,citi,MLB,St. Louis Cardinals @ New York Mets,19,-21.3,-12.1,-13.5,-10.3,13.7,-2.3,991,702
2021-09-13,yankee,MLB,Minnesota Twins @ New York Yankees,14,-9.2,-8.5,-22.7,-18.0,-23.2,-28.4,1467,1195
2021-09-14,citi,MLB,St. Louis Cardinals @ New York Mets,19,-17.5,9.7,-10.9,-1.2,20.4,-7.1,1193,762
2021-09-15,citi,MLB,St. Louis Cardinals @ New York Mets,19,-6.0,1.7,-14.9,-4.2,7.6,-7.4,1202,824
2021-09-17,citi,MLB,Philadelphia Phillies @ New York Mets,19,-9.2,2.8,-15.2,-3.1,5.7,-6.2,1958,1453
2021-09-17,yankee,MLB,Cleveland Indians @ New York Yankees,19,-19.0,-10.0,-10.0,-9.6,6.4,-8.6,2080,1688
2021-09-18,citi,MLB,Philadelphia Phillies @ New York Mets,19,-11.3,13.7,-5.9,-0.4,4.7,-11.5,2205,1485
2021-09-18,yankee,MLB,Cleveland Indians @ New York Yankees,13,-3.0,11.8,0.9,-0.9,-0.2,-1.6,2091,1951
2021-09-19,citi,MLB,Philadelphia Phillies @ New York Mets,19,-15.3,-0.5,-6.8,2.8,12.4,4.0,1198,840
2021-09-19,metlife,NFL,NE @ NYJ,13,5.4,-7.1,-6.1,-11.2,18.1,4.0,1308,1632
2021-09-19,yankee,MLB,Cleveland Indians @ New York Yankees,13,-8.0,3.0,-6.4,-12.8,1.5,-3.0,1796,1552
2021-09-20,yankee,MLB,Texas Rangers @ New York Yankees,19,-17.3,-17.3,-14.2,-11.9,-0.4,-17.0,1187,849
2021-09-21,yankee,MLB,Texas Rangers @ New York Yankees,19,-17.8,-11.6,-9.3,-10.4,6.8,-7.7,1410,1034
2021-09-22,yankee,MLB,Texas Rangers @ New York Yankees,19,-19.6,-4.8,-12.4,-16.4,3.1,-16.5,1474,1032
2021-09-26,metlife,NFL,ATL @ NYG,13,5.1,6.5,-9.5,-6.2,14.9,1.7,1272,1595
2021-09-28,citi,MLB,Miami Marlins @ New York Mets,16,-10.5,-1.8,-19.3,-9.3,-10.3,-11.5,962,951
2021-09-29,citi,MLB,Miami Marlins @ New York Mets,19,-18.6,0.9,-5.0,-6.5,6.4,-15.3,1188,753
2021-09-30,citi,MLB,Miami Marlins @ New York Mets,19,-19.6,-2.8,-17.0,-8.4,4.2,-0.5,1404,1067
2021-10-01,yankee,MLB,Tampa Bay Rays @ New York Yankees,19,-22.1,-8.1,-6.3,-5.3,7.2,-9.5,2096,1671
2021-10-02,yankee,MLB,Tampa Bay Rays @ New York Yankees,13,-10.4,3.5,-17.6,-15.3,-9.2,-7.6,1901,1832
2021-10-03,metlife,NFL,TEN @ NYJ,13,3.7,-8.9,-1.9,-9.8,11.1,1.8,1230,1598
2021-10-03,yankee,MLB,Tampa Bay Rays @ New York Yankees,15,-14.8,-2.1,-21.0,-7.4,-0.8,-9.0,1740,1474
2021-10-05,msg,NBA,IND @ NYK,19,2.7,-2.8,-3.7,-9.9,-12.1,-10.9,3640,1645
2021-10-08,barclays,NBA,MIL @ BKN,19,-20.9,-16.2,-19.2,-18.4,-3.9,-2.3,1534,1470
2021-10-13,msg,NBA,DET @ NYK,19,9.3,12.7,-2.0,-1.2,-5.3,-0.7,4178,1927
2021-10-14,barclays,NBA,MIN @ BKN,19,-9.1,-13.4,-8.2,-6.6,-3.2,-7.7,1065,1070
2021-10-15,msg,NBA,WAS @ NYK,19,4.6,11.3,4.9,20.7,4.9,13.0,4378,3153
2021-10-17,metlife,NFL,LA @ NYG,13,13.6,7.8,6.5,5.0,20.4,8.6,1334,1705
2021-10-20,msg,NBA,BOS @ NYK,19,11.8,27.4,3.6,6.3,7.0,6.1,4722,2060
2021-10-24,barclays,NBA,CHA @ BKN,19,-15.8,-13.8,-6.5,-10.4,-21.2,-16.0,764,793
2021-10-24,metlife,NFL,CAR @ NYG,13,2.6,25.8,-4.5,4.9,8.1,9.9,1196,1726
2021-10-24,msg,NBA,ORL @ NYK,19,9.3,17.1,16.9,9.6,11.2,8.3,2160,1681
2021-10-25,barclays,NBA,WAS @ BKN,19,-20.9,-21.6,-13.9,-13.7,-16.5,-12.8,634,713
2021-10-26,msg,NBA,PHI @ NYK,19,5.5,8.1,12.9,31.6,10.1,9.1,4568,2017
2021-10-27,barclays,NBA,MIA @ BKN,19,-16.1,-19.5,-11.9,-12.2,1.7,-9.1,953,921
2021-10-29,barclays,NBA,IND @ BKN,19,-7.9,-6.1,17.2,9.9,12.4,12.3,1796,1692
2021-10-31,barclays,NBA,DET @ BKN,19,2.2,-7.5,13.3,7.0,4.0,-0.1,1011,945
2021-10-31,metlife,NFL,CIN @ NYJ,13,-2.3,-6.1,9.9,-4.7,-0.2,11.4,1103,1750
2021-11-01,msg,NBA,TOR @ NYK,19,1.1,6.2,-4.7,-2.0,-2.1,-3.6,3288,1638
2021-11-03,barclays,NBA,ATL @ BKN,19,-10.7,-19.5,-11.7,-13.6,0.2,-9.1,939,921
2021-11-05,msg,Concert,Billy Joel MSG residency,20,17.2,35.8,9.6,18.8,29.5,21.2,2584,1578
2021-11-07,marathon,Marathon,NYC Marathon 2021,8,35.7,0.1,-14.0,-19.2,-22.4,-25.2,1636,1744
2021-11-07,metlife,NFL,LV @ NYG,13,11.5,12.0,-0.3,9.3,39.6,17.2,1550,1842
2021-11-07,msg,NBA,CLE @ NYK,19,10.6,16.1,34.8,23.7,3.8,11.5,2015,1731
2021-11-10,msg,NBA,MIL @ NYK,19,11.4,27.5,12.2,16.4,16.6,24.4,5149,2418
2021-11-14,metlife,NFL,BUF @ NYJ,13,27.9,27.4,1.3,29.9,23.7,38.8,1371,2188
2021-11-15,msg,NBA,IND @ NYK,19,22.9,28.1,13.9,14.8,19.6,13.1,4024,1922
2021-11-16,barclays,NBA,GSW @ BKN,19,-5.8,-5.5,-7.9,-7.2,1.5,7.2,857,996
2021-11-17,barclays,NBA,CLE @ BKN,19,-4.2,-9.5,-5.8,-6.8,5.5,5.9,989,1074
2021-11-17,msg,NBA,ORL @ NYK,19,21.6,26.3,15.8,18.1,21.8,19.0,5383,2313
2021-11-19,barclays,NBA,ORL @ BKN,19,-3.5,1.3,4.6,-1.3,14.4,9.7,1828,1653
2021-11-20,msg,NBA,HOU @ NYK,19,14.9,16.6,23.2,20.3,18.3,30.3,4732,3946
2021-11-21,metlife,NFL,MIA @ NYJ,13,-0.0,45.9,-19.5,35.3,8.5,32.8,1200,2091
2021-11-23,msg,NBA,LAL @ NYK,19,-6.6,26.9,-14.5,19.9,-1.8,12.2,4069,2075
2021-11-24,macys_parade,StreetClosure,Macy's Balloon Inflation 2021,18,-7.0,13.7,-18.8,4.7,-20.5,3.4,6190,4977
2021-11-25,macys_parade,StreetClosure,Macy's Thanksgiving Day Parade 2021,9,-71.4,-68.9,-56.1,-54.1,-39.7,-37.7,3101,3065
2021-11-26,msg,NBA,PHX @ NYK,19,3.5,26.7,3.4,15.6,-2.7,12.6,4062,3143
2021-11-27,barclays,NBA,PHX @ BKN,19,-17.5,-13.1,-16.7,-16.2,-17.9,-14.0,1400,1336
2021-11-28,metlife,NFL,PHI @ NYG,13,48.9,4.8,29.9,8.4,53.6,20.6,1709,1896
2021-11-30,barclays,NBA,NYK @ BKN,19,-11.6,-4.7,-10.7,-12.3,3.1,1.0,871,938
2021-12-02,msg,NBA,CHI @ NYK,19,16.2,33.4,12.4,15.1,26.4,19.4,6137,2786
2021-12-03,barclays,NBA,MIN @ BKN,19,-1.3,-0.2,1.0,-4.9,13.2,9.7,1808,1653
2021-12-04,barclays,NBA,CHI @ BKN,19,10.5,14.0,8.1,7.0,14.4,15.4,1956,1796
2021-12-04,msg,NBA,DEN @ NYK,19,21.6,29.2,23.0,23.5,33.6,42.3,5350,4315
2021-12-05,metlife,NFL,PHI @ NYJ,13,23.2,42.3,13.1,40.8,24.6,42.9,1381,2253
2021-12-12,metlife,NFL,NO @ NYJ,13,0.3,50.5,2.8,44.5,-2.9,60.1,1073,2530
2021-12-12,msg,NBA,MIL @ NYK,19,16.2,32.0,37.3,37.3,35.3,33.8,2637,2083
2021-12-14,barclays,NBA,TOR @ BKN,19,-6.7,-9.8,-4.0,-4.4,17.0,16.4,989,1082
2021-12-14,msg,NBA,GSW @ NYK,19,16.4,34.2,10.7,17.7,31.1,28.8,5445,2385
2021-12-16,barclays,NBA,PHI @ BKN,19,-1.4,-1.6,-4.0,-12.2,5.8,7.6,1164,1248
2021-12-18,barclays,NBA,ORL @ BKN,19,-2.6,-7.3,-11.8,-14.7,-17.4,-18.3,1408,1268
2021-12-19,metlife,NFL,DAL @ NYG,13,-19.7,63.1,-27.1,61.4,-23.4,57.2,844,2484
2021-12-19,msg,Concert,Harry Styles Love On Tour,20,31.8,30.8,24.8,41.8,14.8,23.7,967,796
2021-12-20,msg,Concert,Billy Joel MSG residency,20,-9.4,30.9,-31.8,1.1,-15.8,-3.3,1189,664
2021-12-21,msg,NBA,DET @ NYK,19,-22.9,6.3,-41.3,-6.3,-40.8,-24.7,2446,1390
2021-12-23,msg,NBA,WAS @ NYK,19,-35.1,0.9,-47.9,-11.1,-47.7,-31.5,2528,1594
2021-12-25,msg,NBA,ATL @ NYK,19,-45.7,-40.5,-47.2,-48.2,-53.9,-53.2,1832,1408
2021-12-26,metlife,NFL,JAX @ NYJ,13,-31.3,-23.9,-31.6,-20.9,-39.8,-20.2,662,1249
2021-12-30,barclays,NBA,PHI @ BKN,19,-17.4,-20.1,-20.3,-31.6,-23.7,-30.4,838,806
2021-12-31,times_sq,StreetClosure,Times Square NYE 2021,18,-37.6,-27.2,-33.1,-37.0,-42.2,-19.8,1820,1737
2022-01-01,barclays,NBA,LAC @ BKN,19,-44.3,-46.3,-43.7,-43.7,-46.3,-42.7,914,887
2022-01-02,metlife,NFL,TB @ NYJ,13,-0.7,-3.2,3.1,-8.8,-10.0,-8.3,993,1437
2022-01-03,barclays,NBA,MEM @ BKN,19,-12.0,-15.8,-28.6,-29.6,-28.0,-27.0,546,596
2022-01-04,msg,NBA,IND @ NYK,19,-28.8,-23.0,-51.3,-41.2,-54.2,-46.8,1894,980
2022-01-06,msg,NBA,BOS @ NYK,19,-29.5,-15.2,-48.6,-34.3,-45.0,-49.5,2660,1174
2022-01-07,barclays,NBA,MIL @ BKN,19,-12.6,-19.4,-24.5,-23.6,-21.7,-25.9,1247,1113
2022-01-09,barclays,NBA,SAS @ BKN,19,-13.3,-15.4,-19.0,-19.9,-30.7,-29.3,671,666
2022-01-09,metlife,NFL,WAS @ NYG,13,-15.8,-20.0,-9.7,-26.1,-2.4,-21.4,1078,1229
2022-01-10,msg,NBA,SAS @ NYK,19,-11.6,-24.4,-37.2,-37.2,-48.9,-49.8,1711,851
2022-01-12,msg,NBA,DAL @ NYK,19,-17.6,-16.0,-40.4,-34.0,-41.0,-45.0,2596,1063
2022-01-13,barclays,NBA,OKC @ BKN,19,-16.7,-18.3,-23.6,-29.5,-23.7,-32.1,838,786
2022-01-15,barclays,NBA,NOP @ BKN,19,-3.3,-7.5,-14.0,-11.4,-13.5,-9.8,1475,1402
2022-01-17,msg,NBA,CHA @ NYK,19,-33.2,-18.7,-53.0,-31.3,-55.0,-34.9,1506,1104
2022-01-18,msg,NBA,MIN @ NYK,19,-7.5,-12.0,-30.8,-28.2,-28.8,-39.6,2945,1114
2022-01-20,msg,NBA,NOP @ NYK,19,-4.5,-0.6,-24.3,-19.9,-23.6,-33.9,3698,1538
2022-01-23,msg,NBA,LAC @ NYK,19,-2.3,-13.7,-12.4,-23.7,-24.6,-29.6,1458,1087
2022-01-25,barclays,NBA,LAL @ BKN,19,-7.1,-8.9,-16.5,-16.9,-7.6,-13.8,780,799
2022-01-26,barclays,NBA,DEN @ BKN,19,1.5,-4.8,-14.6,-14.6,-4.4,-9.5,896,917
2022-01-31,msg,NBA,SAC @ NYK,19,-6.0,-17.1,-14.8,-23.4,-18.2,-34.7,2745,1107
2022-02-02,msg,NBA,MEM @ NYK,19,-2.4,-8.6,-9.6,-19.8,-12.5,-31.0,3858,1335
2022-02-08,barclays,NBA,BOS @ BKN,19,-4.0,-0.2,-9.9,-6.7,-3.4,-11.0,816,826
2022-02-12,msg,Concert,Billy Joel MSG residency,20,24.3,44.1,28.2,30.7,49.4,30.5,3004,1869
2022-02-14,barclays,NBA,SAC @ BKN,19,16.6,17.6,35.7,35.3,38.4,28.6,1054,1053
2022-02-14,msg,NBA,OKC @ NYK,19,33.0,40.0,30.6,66.4,31.1,34.0,4413,2281
2022-02-16,msg,NBA,BKN @ NYK,19,16.4,9.8,8.7,-1.6,2.8,-19.3,4534,1563
2022-02-17,barclays,NBA,WAS @ BKN,19,-5.6,-2.1,-2.5,-2.6,21.0,15.8,1333,1344
2022-02-24,barclays,NBA,BOS @ BKN,19,-3.2,1.3,-1.7,0.9,0.3,-2.3,1103,1133
2022-02-25,msg,NBA,MIA @ NYK,19,22.6,42.3,20.3,34.7,37.5,29.1,5757,3606
2022-02-27,msg,NBA,PHI @ NYK,19,16.8,29.9,28.3,15.7,23.0,8.2,2393,1679
2022-02-28,barclays,NBA,TOR @ BKN,19,9.7,6.0,-0.2,6.8,-2.7,0.8,739,824
2022-03-03,barclays,NBA,MIA @ BKN,19,1.3,5.3,14.7,12.2,17.3,16.6,1292,1353
2022-03-13,barclays,NBA,NYK @ BKN,19,9.5,6.3,12.9,16.2,-4.9,7.9,924,1022
2022-03-16,barclays,NBA,DAL @ BKN,19,-0.9,-6.8,4.9,0.4,14.7,13.1,1076,1148
2022-03-16,msg,NBA,POR @ NYK,19,16.4,25.2,18.5,27.4,25.3,27.9,5536,2488
2022-03-17,st_patricks,StreetClosure,NYC St. Patrick's Day Parade 2022,11,15.1,22.8,-8.5,-0.7,-4.3,3.3,4469,4102
2022-03-18,barclays,NBA,POR @ BKN,19,-2.3,-1.6,17.4,13.9,22.9,21.2,1965,1828
2022-03-18,msg,NBA,WAS @ NYK,19,6.2,15.9,9.6,24.4,14.7,28.3,4792,3584
2022-03-20,msg,NBA,UTA @ NYK,19,18.4,26.5,25.6,32.8,25.3,26.9,2438,1973
2022-03-21,barclays,NBA,UTA @ BKN,19,-12.2,-14.4,1.8,-3.6,0.7,3.2,765,844
2022-03-22,msg,NBA,ATL @ NYK,19,24.4,20.8,15.2,9.8,18.6,11.8,4924,2068
2022-03-24,msg,Concert,Billy Joel MSG residency,20,33.3,35.7,20.3,19.1,46.1,55.7,3153,1610
2022-03-27,barclays,NBA,CHA @ BKN,19,13.9,6.0,14.7,14.7,19.0,12.8,1159,1069
2022-03-28,msg,NBA,CHI @ NYK,19,40.4,33.7,26.1,29.2,27.3,25.6,4282,2136
2022-03-29,barclays,NBA,DET @ BKN,19,0.2,-3.2,4.5,3.6,7.2,8.2,906,1005
2022-03-30,msg,NBA,CHA @ NYK,19,43.0,38.4,32.0,34.0,30.1,34.7,5751,2621
2022-03-31,barclays,NBA,MIL @ BKN,19,-1.4,-1.6,3.4,-2.3,11.4,9.0,1226,1265
2022-04-02,msg,NBA,CLE @ NYK,19,13.2,15.3,18.2,27.1,30.3,34.2,5215,4065
2022-04-05,barclays,NBA,HOU @ BKN,19,-8.7,-11.0,-6.8,-3.7,9.9,11.3,929,1034
2022-04-06,msg,NBA,BKN @ NYK,19,27.6,41.1,19.2,16.9,30.0,30.3,5746,2535
2022-04-07,yankee,MLB,Boston Red Sox @ New York Yankees,13,7.4,4.2,20.0,18.7,11.1,13.4,2293,2100
2022-04-08,barclays,NBA,CLE @ BKN,19,-16.7,-13.3,-4.7,-3.8,10.7,19.0,1769,1794
2022-04-08,yankee,MLB,Boston Red Sox @ New York Yankees,13,-4.9,18.2,-7.8,-3.0,-8.3,-6.9,1938,1780
2022-04-09,yankee,MLB,Boston Red Sox @ New York Yankees,16,2.1,33.2,-1.2,3.0,5.8,-10.9,2386,1861
2022-04-10,barclays,NBA,IND @ BKN,19,-4.2,-4.5,1.1,-1.0,6.9,4.2,1040,986
2022-04-10,msg,NBA,TOR @ NYK,19,18.1,32.7,26.7,30.2,23.2,30.2,2398,2026
2022-04-10,yankee,MLB,Boston Red Sox @ New York Yankees,19,-6.0,28.2,14.1,9.1,50.7,-1.1,2007,1265
2022-04-11,yankee,MLB,Toronto Blue Jays @ New York Yankees,19,-11.0,9.1,6.4,-2.5,19.0,-4.5,1420,978
2022-04-12,barclays,NBA,CLE @ BKN,19,-19.0,-15.0,-3.7,-2.3,18.5,11.8,1002,1039
2022-04-12,yankee,MLB,Toronto Blue Jays @ New York Yankees,19,-19.6,-10.5,0.5,-6.1,20.3,4.2,1590,1168
2022-04-13,yankee,MLB,Toronto Blue Jays @ New York Yankees,19,-9.5,4.0,-0.0,2.1,39.0,5.5,1993,1305
2022-04-14,yankee,MLB,Toronto Blue Jays @ New York Yankees,19,-4.8,3.8,0.9,5.7,25.2,6.6,2059,1429
2022-04-15,citi,MLB,Arizona Diamondbacks @ New York Mets,13,10.8,77.7,18.3,8.4,27.8,0.4,1536,1304
2022-04-16,citi,MLB,Arizona Diamondbacks @ New York Mets,13,0.0,52.5,4.1,7.4,17.5,2.7,1965,1722
2022-04-17,citi,MLB,Arizona Diamondbacks @ New York Mets,13,17.3,31.9,13.3,23.1,19.0,12.4,1583,1377
2022-04-18,citi,MLB,San Francisco Giants @ New York Mets,19,6.0,-2.9,6.0,1.3,37.3,24.5,1198,896
2022-04-19,citi,MLB,San Francisco Giants @ New York Mets,15,-1.1,17.2,1.4,5.2,4.7,12.1,1165,1301
2022-04-20,citi,MLB,San Francisco Giants @ New York Mets,19,-3.5,34.1,16.5,17.3,72.6,28.3,1938,1144
2022-04-21,citi,MLB,San Francisco Giants @ New York Mets,13,0.4,38.1,1.2,3.5,13.1,-3.7,1200,1080
2022-04-22,yankee,MLB,Cleveland Guardians @ New York Yankees,19,-2.2,23.0,5.2,0.7,32.3,8.8,2591,2011
2022-04-23,barclays,NBA,BOS @ BKN,19,-10.7,-14.2,-12.7,-14.0,1.3,1.3,1731,1575
2022-04-23,yankee,MLB,Cleveland Guardians @ New York Yankees,13,3.8,23.2,-5.9,1.3,-3.3,-4.8,2025,1887
2022-04-24,yankee,MLB,Cleveland Guardians @ New York Yankees,13,-7.3,13.5,-7.6,6.4,2.6,-4.4,1816,1530
2022-04-25,barclays,NBA,BOS @ BKN,19,-9.3,-10.3,-10.4,-8.0,-1.3,-2.4,750,798
2022-04-26,yankee,MLB,Baltimore Orioles @ New York Yankees,19,-5.1,0.8,-1.2,-5.2,22.5,-7.3,1619,1039
2022-04-27,yankee,MLB,Baltimore Orioles @ New York Yankees,19,-2.5,13.3,18.9,6.0,25.6,2.5,1800,1268
2022-04-28,yankee,MLB,Baltimore Orioles @ New York Yankees,13,-2.6,16.1,-2.7,4.1,-0.7,0.9,2048,1867
2022-04-29,citi,MLB,Philadelphia Phillies @ New York Mets,19,-0.9,26.5,10.8,14.3,37.4,18.0,2552,1830
2022-04-30,citi,MLB,Philadelphia Phillies @ New York Mets,19,27.4,48.2,17.2,15.8,34.2,15.5,2832,1942
2022-05-01,citi,MLB,Philadelphia Phillies @ New York Mets,19,9.9,46.3,6.9,18.5,33.8,12.9,1430,913
2022-05-02,citi,MLB,Atlanta Braves @ New York Mets,19,-2.3,16.4,-10.5,-2.1,9.0,-3.9,950,690
2022-05-03,citi,MLB,Atlanta Braves @ New York Mets,15,-7.2,11.9,-2.5,6.4,6.7,4.4,1187,1211
2022-05-04,citi,MLB,Atlanta Braves @ New York Mets,13,-0.2,32.3,2.7,-0.5,8.2,-9.4,1061,933
2022-05-06,yankee,MLB,Texas Rangers @ New York Yankees,19,2.8,5.7,7.7,10.4,14.3,0.5,2236,1856
2022-05-07,yankee,MLB,Texas Rangers @ New York Yankees,13,23.0,14.4,21.6,15.0,5.6,6.8,2213,2119
2022-05-08,yankee,MLB,Texas Rangers @ New York Yankees,13,3.7,8.5,-0.5,0.2,1.7,2.2,1799,1637
2022-05-09,yankee,MLB,Texas Rangers @ New York Yankees,13,-3.9,-4.8,-13.4,-9.1,-9.3,19.1,1598,1852
2022-05-10,yankee,MLB,Toronto Blue Jays @ New York Yankees,19,-4.1,16.7,15.9,-3.8,39.1,2.6,1841,1150
2022-05-11,yankee,MLB,Toronto Blue Jays @ New York Yankees,12,-2.5,18.4,-6.7,10.1,2.3,-10.8,1792,1388
2022-05-13,citi,MLB,Seattle Mariners @ New York Mets,19,1.6,29.1,6.2,16.6,31.3,15.2,2437,1786
2022-05-14,citi,MLB,Seattle Mariners @ New York Mets,19,24.7,39.2,9.7,14.6,19.2,13.4,2513,1905
2022-05-14,msg,Concert,Billy Joel MSG residency,20,43.5,53.9,20.5,29.5,61.0,65.1,3242,2372
2022-05-15,citi,MLB,Seattle Mariners @ New York Mets,13,4.5,31.8,4.9,25.9,16.6,12.6,1550,1379
2022-05-16,citi,MLB,St. Louis Cardinals @ New York Mets,19,22.2,13.7,19.8,17.0,5.1,7.0,916,769
2022-05-17,citi,MLB,St. Louis Cardinals @ New York Mets,15,6.8,21.2,2.1,6.7,-1.1,15.5,1100,1340
2022-05-18,citi,MLB,St. Louis Cardinals @ New York Mets,19,-6.2,20.9,27.9,37.0,60.7,24.8,1802,1113
2022-05-19,citi,MLB,St. Louis Cardinals @ New York Mets,13,6.0,44.4,22.7,10.7,26.5,2.7,1343,1152
2022-05-20,yankee,MLB,Chicago White Sox @ New York Yankees,19,1.0,3.7,2.7,-1.9,1.8,1.8,1989,1880
2022-05-21,yankee,MLB,Chicago White Sox @ New York Yankees,13,-2.4,20.2,-10.8,-1.0,-0.8,2.1,2078,2025
2022-05-22,yankee,MLB,Chicago White Sox @ New York Yankees,15,-17.7,-5.1,-1.0,5.4,4.2,11.7,1829,1814
2022-05-23,yankee,MLB,Baltimore Orioles @ New York Yankees,19,-8.3,27.5,16.4,-2.0,44.0,-2.5,1721,998
2022-05-24,yankee,MLB,Baltimore Orioles @ New York Yankees,19,-6.8,9.8,9.1,-4.0,40.0,-2.2,1853,1096
2022-05-25,yankee,MLB,Baltimore Orioles @ New York Yankees,19,-2.3,5.9,19.8,-3.1,45.2,12.0,2084,1387
2022-05-27,citi,MLB,Philadelphia Phillies @ New York Mets,19,25.7,28.9,-11.8,-8.1,13.1,-3.6,2096,1493
2022-05-28,citi,MLB,Philadelphia Phillies @ New York Mets,19,-13.5,26.4,-3.4,-1.5,19.3,-9.6,2516,1516
2022-05-29,citi,MLB,Philadelphia Phillies @ New York Mets,19,7.8,64.4,37.5,48.4,89.8,46.7,2042,1191
2022-05-30,citi,MLB,Washington Nationals @ New York Mets,19,64.2,64.5,34.1,16.5,57.8,8.5,1379,780
2022-05-31,citi,MLB,Washington Nationals @ New York Mets,19,14.5,25.4,55.0,19.1,45.0,0.8,1439,827
2022-05-31,yankee,MLB,Los Angeles Angels @ New York Yankees,19,-12.3,-3.4,-6.5,-7.6,18.7,-5.2,1568,1062
2022-06-01,citi,MLB,Washington Nationals @ New York Mets,13,3.0,40.7,11.7,11.7,30.5,13.6,1282,1172
2022-06-01,yankee,MLB,Los Angeles Angels @ New York Yankees,19,-6.5,13.3,19.6,4.1,21.7,7.8,1743,1334
2022-06-02,yankee,MLB,Los Angeles Angels @ New York Yankees,13,-10.5,-1.3,-4.9,-0.2,9.2,21.2,2253,2245
2022-06-03,yankee,MLB,Detroit Tigers @ New York Yankees,19,-7.8,5.4,-4.4,-6.4,31.3,-5.8,2572,1739
2022-06-04,yankee,MLB,Detroit Tigers @ New York Yankees,13,0.4,24.5,8.0,2.2,12.5,-3.2,2359,1920
2022-06-05,yankee,MLB,Detroit Tigers @ New York Yankees,11,5.5,8.8,1.4,1.9,7.1,-7.2,1745,1445
2022-06-10,msg,Concert,Billy Joel MSG residency,20,7.5,22.2,3.9,17.6,30.9,40.9,2612,1837
2022-06-10,yankee,MLB,Chicago Cubs @ New York Yankees,19,-7.8,7.9,3.6,3.9,31.8,-0.2,2581,1844
2022-06-11,yankee,MLB,Chicago Cubs @ New York Yankees,19,-0.4,17.7,-3.7,-5.2,28.6,4.0,2669,2054
2022-06-12,yankee,MLB,Chicago Cubs @ New York Yankees,13,1.9,27.0,6.8,4.5,32.9,-8.5,2360,1463
2022-06-14,citi,MLB,Milwaukee Brewers @ New York Mets,19,2.2,25.5,13.6,5.5,50.8,21.3,1497,996
2022-06-14,yankee,MLB,Tampa Bay Rays @ New York Yankees,19,-5.0,7.1,15.9,-4.2,42.6,4.9,1887,1177
2022-06-15,citi,MLB,Milwaukee Brewers @ New York Mets,19,3.9,24.2,20.2,11.0,53.9,23.7,1725,1103
2022-06-15,yankee,MLB,Tampa Bay Rays @ New York Yankees,19,-5.7,15.8,18.7,-0.8,49.0,8.1,2139,1338
2022-06-16,citi,MLB,Milwaukee Brewers @ New York Mets,19,7.3,15.7,8.2,3.3,38.0,9.0,1863,1169
2022-06-16,yankee,MLB,Tampa Bay Rays @ New York Yankees,19,-9.3,8.0,7.5,-5.9,40.7,0.0,2316,1341
2022-06-17,citi,MLB,Miami Marlins @ New York Mets,19,7.6,35.0,5.7,9.1,30.0,23.5,2413,1917
2022-06-18,citi,MLB,Miami Marlins @ New York Mets,16,4.8,41.9,10.3,12.8,13.0,5.2,2185,1962
2022-06-19,citi,MLB,Miami Marlins @ New York Mets,13,-2.8,25.6,2.6,18.2,20.4,20.5,1602,1477
2022-06-20,citi,MLB,Miami Marlins @ New York Mets,13,11.6,58.4,4.8,15.6,23.0,8.7,1168,1069
2022-06-23,yankee,MLB,Houston Astros @ New York Yankees,19,-3.2,13.8,14.2,22.5,60.0,21.0,2636,1624
2022-06-24,yankee,MLB,Houston Astros @ New York Yankees,19,-8.5,4.8,4.7,4.8,32.2,5.7,2588,1954
2022-06-25,yankee,MLB,Houston Astros @ New York Yankees,13,0.9,11.3,2.2,-0.7,5.3,5.0,2208,2083
2022-06-26,times_sq,StreetClosure,NYC Pride March 2022,12,8.7,-0.4,11.0,0.8,9.6,8.0,2265,2361
2022-06-26,yankee,MLB,Houston Astros @ New York Yankees,13,-2.7,0.1,-8.5,-11.8,-8.6,-5.2,1615,1517
2022-06-27,yankee,MLB,Oakland Athletics @ New York Yankees,19,-14.7,-2.6,-2.8,-12.3,22.2,-8.8,1459,933
2022-06-28,citi,MLB,Houston Astros @ New York Mets,19,5.9,36.1,18.8,2.7,64.8,13.3,1637,930
2022-06-28,yankee,MLB,Oakland Athletics @ New York Yankees,19,-9.7,11.9,6.8,-2.7,44.6,-0.6,1914,1114
2022-06-29,citi,MLB,Houston Astros @ New York Mets,13,8.7,49.3,7.6,-0.1,15.3,-9.1,1132,937
2022-06-29,yankee,MLB,Oakland Athletics @ New York Yankees,13,-6.1,8.6,-16.9,-9.0,-12.6,-14.5,1740,1489
2022-07-01,citi,MLB,Texas Rangers @ New York Mets,19,-0.8,32.4,-5.2,-6.1,21.0,4.8,2244,1624
2022-07-02,citi,MLB,Texas Rangers @ New York Mets,16,-4.9,8.4,-18.1,-13.8,-14.3,-25.0,1653,1395
2022-07-03,citi,MLB,Texas Rangers @ New York Mets,13,-6.0,15.2,-0.6,16.3,22.2,18.2,1626,1448
2022-07-07,citi,MLB,Miami Marlins @ New York Mets,19,-8.9,19.5,4.0,-8.5,26.3,-2.9,1703,1041
2022-07-08,citi,MLB,Miami Marlins @ New York Mets,19,4.7,27.2,-11.0,-2.6,14.5,-1.9,2123,1520
2022-07-09,citi,MLB,Miami Marlins @ New York Mets,16,-3.4,20.0,-1.2,8.2,2.9,2.6,1989,1914
2022-07-10,citi,MLB,Miami Marlins @ New York Mets,13,-3.5,18.2,-2.9,8.2,15.5,2.8,1535,1257
2022-07-12,yankee,MLB,Cincinnati Reds @ New York Yankees,19,15.9,19.4,18.1,-3.9,54.3,-7.6,2044,1035
2022-07-13,yankee,MLB,Cincinnati Reds @ New York Yankees,19,-9.1,15.1,11.4,-2.5,52.1,-0.6,2184,1229
2022-07-14,yankee,MLB,Cincinnati Reds @ New York Yankees,19,-8.4,18.0,6.7,-6.8,40.8,-3.7,2318,1291
2022-07-15,yankee,MLB,Boston Red Sox @ New York Yankees,19,-5.4,9.9,-4.8,-8.3,33.1,-8.6,2607,1688
2022-07-16,yankee,MLB,Boston Red Sox @ New York Yankees,19,-9.6,8.7,-3.0,-8.3,33.4,-1.7,2769,1941
2022-07-17,yankee,MLB,Boston Red Sox @ New York Yankees,13,-4.6,11.8,-6.9,-1.1,5.5,-0.3,1868,1596
2022-07-20,msg,Concert,Billy Joel MSG residency,20,40.3,55.6,29.6,42.0,53.2,55.6,2946,1279
2022-07-22,citi,MLB,San Diego Padres @ New York Mets,19,15.0,42.8,8.8,7.2,36.6,9.5,2536,1698
2022-07-23,citi,MLB,San Diego Padres @ New York Mets,19,9.9,52.6,10.2,12.3,30.3,13.4,2749,1905
2022-07-24,citi,MLB,San Diego Padres @ New York Mets,19,5.7,55.5,19.2,23.4,55.9,7.8,1670,871
2022-07-26,citi,MLB,New York Yankees @ New York Mets,19,-5.3,61.9,9.0,9.6,92.5,14.1,1916,937
2022-07-27,citi,MLB,New York Yankees @ New York Mets,19,2.0,61.6,17.0,12.4,69.4,12.8,1901,1005
2022-07-28,yankee,MLB,Kansas City Royals @ New York Yankees,19,-4.0,14.8,5.7,-5.4,26.8,-4.3,2085,1283
2022-07-29,yankee,MLB,Kansas City Royals @ New York Yankees,19,-15.0,-1.7,6.0,-3.0,20.0,1.7,2347,1879
2022-07-30,yankee,MLB,Kansas City Royals @ New York Yankees,14,-5.8,1.0,-1.4,-2.0,4.4,1.0,2330,2095
2022-07-31,yankee,MLB,Kansas City Royals @ New York Yankees,13,2.6,12.6,-4.2,-0.1,4.0,1.1,1841,1618
2022-08-01,yankee,MLB,Seattle Mariners @ New York Yankees,19,-21.2,-2.5,-3.9,-9.1,21.7,-9.2,1453,929
2022-08-02,yankee,MLB,Seattle Mariners @ New York Yankees,19,-9.1,11.9,7.5,-4.8,39.8,-5.1,1850,1064
2022-08-03,yankee,MLB,Seattle Mariners @ New York Yankees,13,-2.3,13.5,-1.3,-6.1,-1.4,-0.6,1963,1732
2022-08-04,citi,MLB,Atlanta Braves @ New York Mets,19,10.1,47.8,23.0,14.5,48.5,11.7,2006,1199
2022-08-05,citi,MLB,Atlanta Braves @ New York Mets,19,7.8,43.0,1.6,11.9,31.0,19.4,2431,1853
2022-08-06,citi,MLB,Atlanta Braves @ New York Mets,13,9.1,40.4,19.9,15.5,30.3,33.7,2181,2246
2022-08-07,citi,MLB,Atlanta Braves @ New York Mets,16,26.2,60.0,15.5,23.8,35.1,18.6,1724,1264
2022-08-08,citi,MLB,Cincinnati Reds @ New York Mets,19,9.9,34.5,16.0,11.2,34.2,14.0,1171,820
2022-08-09,citi,MLB,Cincinnati Reds @ New York Mets,19,17.7,45.9,16.0,13.1,58.8,9.0,1577,895
2022-08-10,citi,MLB,Cincinnati Reds @ New York Mets,13,11.5,65.1,7.4,11.0,22.9,1.3,1207,1045
2022-08-12,citi,MLB,Philadelphia Phillies @ New York Mets,19,-4.8,30.6,1.1,4.8,26.3,9.2,2344,1692
2022-08-13,citi,MLB,Philadelphia Phillies @ New York Mets,19,-1.5,39.3,8.7,10.2,31.6,17.4,2778,1974
2022-08-14,citi,MLB,Philadelphia Phillies @ New York Mets,13,-2.8,28.3,-1.0,19.4,17.5,13.6,1563,1392
2022-08-15,yankee,MLB,Tampa Bay Rays @ New York Yankees,19,-4.2,1.4,-1.1,-10.2,28.9,-4.6,1539,977
2022-08-16,yankee,MLB,Tampa Bay Rays @ New York Yankees,19,-4.7,-2.6,0.9,-7.1,26.8,-4.6,1676,1069
2022-08-17,yankee,MLB,Tampa Bay Rays @ New York Yankees,19,-13.7,-2.4,0.3,-8.3,27.6,0.4,1829,1242
2022-08-18,yankee,MLB,Toronto Blue Jays @ New York Yankees,19,-12.0,1.0,-5.0,-12.9,25.3,-3.9,2060,1288
2022-08-19,yankee,MLB,Toronto Blue Jays @ New York Yankees,19,-10.0,3.6,7.8,-1.0,28.2,2.1,2510,1887
2022-08-20,yankee,MLB,Toronto Blue Jays @ New York Yankees,13,-2.0,6.0,-2.7,-6.0,8.3,-1.8,2270,1947
2022-08-21,yankee,MLB,Toronto Blue Jays @ New York Yankees,13,-7.0,6.1,-6.7,-8.9,-1.5,-6.7,1742,1492
2022-08-21,yankee,Concert,Bad Bunny World's Hottest Tour,20,-6.9,-4.9,9.2,1.0,2.3,-0.5,618,601
2022-08-22,yankee,MLB,New York Mets @ New York Yankees,19,-12.2,9.2,-10.3,-15.2,35.2,-6.3,1615,959
2022-08-23,yankee,MLB,New York Mets @ New York Yankees,19,-19.8,-1.4,-5.8,-8.8,41.4,-4.7,1871,1068
2022-08-24,msg,Concert,Billy Joel MSG residency,20,1.2,30.3,0.3,17.7,11.8,16.7,2142,957
2022-08-25,citi,MLB,Colorado Rockies @ New York Mets,19,-1.7,33.4,9.6,9.3,32.1,6.3,1782,1140
2022-08-26,citi,MLB,Colorado Rockies @ New York Mets,19,13.8,25.1,2.7,2.3,18.2,9.0,2192,1690
2022-08-27,citi,MLB,Colorado Rockies @ New York Mets,19,10.5,24.2,9.5,3.5,20.4,12.8,2539,1895
2022-08-27,yankee,Concert,Bad Bunny World's Hottest Tour,20,7.4,46.7,5.1,-0.7,7.7,-3.0,1095,971
2022-08-28,citi,MLB,Colorado Rockies @ New York Mets,13,10.9,34.6,11.8,28.9,31.8,17.5,1755,1440
2022-08-28,us_open,Tennis,US Open 2022,11,24.9,84.7,33.1,124.4,32.4,58.0,414,503
2022-08-29,us_open,Tennis,US Open 2022,11,41.0,264.2,27.9,181.5,63.7,79.1,490,547
2022-08-30,citi,MLB,Los Angeles Dodgers @ New York Mets,19,34.6,102.4,49.7,14.4,133.4,11.6,2329,916
2022-08-30,us_open,Tennis,US Open 2022,11,60.2,258.8,37.2,201.6,51.7,88.5,451,577
2022-08-31,citi,MLB,Los Angeles Dodgers @ New York Mets,19,36.1,95.8,39.2,9.8,115.6,10.6,2428,985
2022-08-31,us_open,Tennis,US Open 2022,11,50.1,237.7,26.0,213.8,51.3,96.8,450,585
2022-09-01,citi,MLB,Los Angeles Dodgers @ New York Mets,16,20.2,57.5,41.2,54.2,44.6,10.7,1793,1466
2022-09-01,us_open,Tennis,US Open 2022,11,40.7,254.2,25.2,199.3,53.9,180.0,472,898
2022-09-02,citi,MLB,Washington Nationals @ New York Mets,19,25.7,77.0,20.0,1.4,45.3,1.1,2701,1566
2022-09-02,us_open,Tennis,US Open 2022,11,37.5,241.7,34.8,190.4,64.4,97.8,533,690
2022-09-03,citi,MLB,Washington Nationals @ New York Mets,19,20.0,73.0,15.7,-3.1,46.5,6.3,3096,1785
2022-09-03,us_open,Tennis,US Open 2022,11,16.6,282.8,19.6,147.4,32.8,53.9,526,679
2022-09-04,citi,MLB,Washington Nationals @ New York Mets,13,10.3,87.1,21.3,49.6,59.1,99.5,2126,2469
2022-09-04,us_open,Tennis,US Open 2022,11,40.0,390.5,57.8,279.1,84.3,115.5,580,691
2022-09-05,us_open,Tennis,US Open 2022,11,0.4,236.0,24.0,235.6,46.4,64.8,438,503
2022-09-05,yankee,MLB,Minnesota Twins @ New York Yankees,13,-6.4,7.6,-7.7,-1.8,-5.9,-15.1,1658,1318
2022-09-06,us_open,Tennis,US Open 2022,11,45.8,169.4,62.2,229.1,58.7,51.0,472,461
2022-09-06,yankee,MLB,Minnesota Twins @ New York Yankees,19,-9.6,-12.3,-6.2,-5.9,-14.0,-16.6,1134,934
2022-09-07,us_open,Tennis,US Open 2022,11,38.0,139.1,17.3,234.1,37.3,62.9,408,483
2022-09-07,yankee,MLB,Minnesota Twins @ New York Yankees,15,-6.1,4.3,-8.2,5.3,0.6,12.9,2155,2065
2022-09-08,us_open,Tennis,US Open 2022,11,36.4,12.0,6.9,23.1,20.2,52.7,368,486
2022-09-08,yankee,MLB,Minnesota Twins @ New York Yankees,19,1.8,20.7,26.2,8.2,20.9,-3.2,1987,1297
2022-09-09,barclays,Concert,Bruce Springsteen,20,-16.4,-14.4,-6.2,-5.3,2.9,-2.5,815,723
2022-09-09,us_open,Tennis,US Open 2022,11,35.0,82.8,23.4,221.1,28.7,107.9,416,726
2022-09-09,yankee,MLB,Tampa Bay Rays @ New York Yankees,19,8.0,21.4,22.3,4.6,28.9,-5.0,2523,1755
2022-09-10,us_open,Tennis,US Open 2022,11,13.3,87.3,28.1,140.2,20.1,146.7,475,1097
2022-09-10,yankee,MLB,Tampa Bay Rays @ New York Yankees,13,15.1,47.0,15.1,27.1,24.6,23.8,2615,2460
2022-09-11,barclays,Concert,Bruce Springsteen,20,2.7,0.1,6.4,10.4,1.8,-11.1,454,390
2022-09-11,metlife,NFL,BAL @ NYJ,13,44.6,32.9,71.9,50.6,80.6,53.6,2016,2426
2022-09-11,yankee,MLB,Tampa Bay Rays @ New York Yankees,13,12.2,38.1,16.9,38.0,22.7,27.6,2177,2050
2022-09-12,citi,MLB,Chicago Cubs @ New York Mets,19,-3.5,18.8,8.3,8.0,36.7,11.6,1193,802
2022-09-13,citi,MLB,Chicago Cubs @ New York Mets,19,-2.8,34.5,20.9,12.0,44.8,11.0,1437,911
2022-09-14,citi,MLB,Chicago Cubs @ New York Mets,19,-6.0,19.5,14.0,15.0,44.1,11.2,1614,990
2022-09-15,citi,MLB,Pittsburgh Pirates @ New York Mets,19,-3.6,16.3,13.9,8.5,46.5,18.5,1979,1272
2022-09-16,citi,MLB,Pittsburgh Pirates @ New York Mets,19,-1.7,22.5,3.3,14.1,28.5,28.9,2385,2001
2022-09-17,citi,MLB,Pittsburgh Pirates @ New York Mets,19,10.6,35.1,15.6,12.0,20.9,8.2,2550,1817
2022-09-18,citi,MLB,Pittsburgh Pirates @ New York Mets,13,14.6,30.1,3.8,22.4,21.2,7.9,1612,1321
2022-09-18,metlife,NFL,CAR @ NYG,13,69.6,23.6,82.5,46.6,94.1,53.8,2170,2429
2022-09-20,yankee,MLB,Pittsburgh Pirates @ New York Yankees,19,-12.5,-5.3,8.5,-2.3,29.8,-9.6,1717,1013
2022-09-21,yankee,MLB,Pittsburgh Pirates @ New York Yankees,19,-23.9,-6.0,12.1,-10.4,29.6,-4.5,1857,1181
2022-09-22,yankee,MLB,Boston Red Sox @ New York Yankees,19,-13.9,3.0,7.6,-6.3,45.4,-1.3,2393,1323
2022-09-23,yankee,MLB,Boston Red Sox @ New York Yankees,19,-18.7,-8.8,2.8,-1.8,34.3,-1.9,2630,1812
2022-09-24,yankee,MLB,Boston Red Sox @ New York Yankees,13,-1.6,13.0,-0.7,-9.2,2.2,-3.1,2142,1921
2022-09-25,metlife,NFL,CIN @ NYJ,13,68.3,35.8,60.6,45.8,49.0,41.2,1657,2226
2022-09-25,yankee,MLB,Boston Red Sox @ New York Yankees,19,-22.4,9.0,3.0,2.9,44.1,12.3,1918,1439
2022-09-26,metlife,NFL,DAL @ NYG,20,5.3,31.7,26.6,1.0,7.0,-30.7,680,45
2022-09-27,citi,MLB,Miami Marlins @ New York Mets,19,-7.5,17.2,10.3,7.0,24.6,-2.9,1235,796
2022-09-28,citi,MLB,Miami Marlins @ New York Mets,19,2.0,13.2,14.6,6.0,45.4,0.9,1629,898
2022-09-30,yankee,MLB,Baltimore Orioles @ New York Yankees,19,2.0,14.5,11.9,4.0,23.0,4.0,2408,1921
2022-10-01,yankee,MLB,Baltimore Orioles @ New York Yankees,13,28.9,35.9,-2.5,-7.0,12.8,0.6,2366,1994
2022-10-02,metlife,NFL,CHI @ NYG,13,39.2,31.7,34.8,47.2,70.3,48.5,1898,2343
2022-10-02,yankee,MLB,Baltimore Orioles @ New York Yankees,13,9.7,16.8,1.8,8.7,-0.2,-7.2,1765,1484
2022-10-03,barclays,NBA,PHI @ BKN,19,29.4,16.9,11.3,22.0,0.3,22.6,762,1004
2022-10-03,citi,MLB,Washington Nationals @ New York Mets,19,35.3,31.5,37.7,21.3,4.8,20.5,913,867
2022-10-04,citi,MLB,Washington Nationals @ New York Mets,16,8.6,14.9,7.2,14.6,2.6,7.4,1102,1155
2022-10-04,msg,NBA,DET @ NYK,19,24.4,27.1,26.1,11.9,11.0,17.3,4606,2170
2022-10-05,citi,MLB,Washington Nationals @ New York Mets,16,-4.4,16.8,7.5,6.2,22.3,11.5,1391,1297
2022-10-06,barclays,NBA,MIA @ BKN,19,-6.1,-13.9,-5.5,-4.4,1.5,2.5,1117,1188
2022-10-07,msg,NBA,IND @ NYK,19,16.0,35.1,19.7,42.3,36.6,42.5,5716,3984
2022-10-09,metlife,NFL,MIA @ NYJ,13,42.9,22.2,41.0,39.3,55.6,40.7,1732,2218
2022-10-09,msg,Concert,Billy Joel MSG residency,20,48.1,60.9,51.5,62.8,119.2,97.2,1871,1280
2022-10-14,msg,NBA,WAS @ NYK,19,21.9,35.2,29.8,43.5,37.4,45.7,5750,4077
2022-10-16,metlife,NFL,BAL @ NYG,13,82.0,40.3,65.7,66.8,58.3,69.0,1762,2673
2022-10-19,barclays,NBA,NOP @ BKN,19,-0.6,-7.7,-3.2,5.1,8.6,14.7,1018,1164
2022-10-21,barclays,NBA,TOR @ BKN,19,-2.7,-2.1,3.4,1.6,5.7,12.1,1688,1689
2022-10-21,msg,NBA,DET @ NYK,19,19.5,34.4,24.1,33.5,33.6,40.1,5588,3918
2022-10-24,msg,NBA,ORL @ NYK,19,35.2,49.5,44.5,46.2,45.0,51.4,4885,2580
2022-10-26,msg,NBA,CHA @ NYK,19,26.6,40.8,38.3,36.3,46.3,51.3,6475,2948
2022-10-27,barclays,NBA,DAL @ BKN,19,1.5,-3.0,10.9,8.9,7.0,10.6,1178,1283
2022-10-29,barclays,NBA,IND @ BKN,19,11.1,8.5,26.7,30.9,29.6,14.7,2219,1786
2022-10-30,metlife,NFL,NE @ NYJ,13,47.7,23.0,34.9,33.2,30.8,53.0,1451,2415
2022-10-31,barclays,NBA,IND @ BKN,19,5.0,3.4,34.8,18.4,17.9,18.4,897,969
2022-11-01,barclays,NBA,CHI @ BKN,19,-8.0,-6.9,-6.8,-3.6,-6.9,-0.2,786,926
2022-11-02,msg,NBA,ATL @ NYK,19,25.3,42.0,41.9,36.9,48.7,41.4,6585,2753
2022-11-05,msg,NBA,BOS @ NYK,19,42.0,38.8,28.8,33.5,41.5,21.2,5669,3669
2022-11-06,marathon,Marathon,NYC Marathon 2022,8,56.8,19.0,-0.5,-7.7,-5.8,-14.0,1988,2008
2022-11-06,metlife,NFL,BUF @ NYJ,13,58.8,39.5,70.4,44.1,39.4,56.8,1548,2477
2022-11-09,barclays,NBA,NYK @ BKN,19,1.5,-0.8,-4.1,-1.0,6.6,6.7,999,1082
2022-11-11,msg,NBA,DET @ NYK,19,70.7,86.8,28.2,51.3,40.9,41.9,5897,3967
2022-11-13,metlife,NFL,HOU @ NYG,13,69.6,76.3,65.0,73.5,43.3,70.0,1592,2690
2022-11-13,msg,NBA,OKC @ NYK,19,57.5,61.0,63.3,57.4,55.4,65.8,3036,2591
2022-11-20,barclays,NBA,MEM @ BKN,19,21.5,17.9,16.7,13.0,3.2,7.2,1003,1015
2022-11-20,metlife,NFL,DET @ NYG,13,25.7,72.9,14.1,67.5,18.0,68.7,1307,2669
2022-11-23,macys_parade,StreetClosure,Macy's Balloon Inflation 2022,18,-0.5,22.1,-17.0,8.8,-20.4,-1.3,6202,4753
2022-11-23,msg,Concert,Billy Joel MSG residency,20,-22.1,42.1,-32.8,19.3,-9.6,34.2,1729,1102
2022-11-24,macys_parade,StreetClosure,Macy's Thanksgiving Day Parade 2022,9,-67.1,-65.0,-51.8,-53.3,-39.1,-34.8,3132,3209
2022-11-25,msg,NBA,POR @ NYK,19,-1.7,20.1,-0.6,14.5,6.6,3.7,4450,2891
2022-11-27,barclays,NBA,POR @ BKN,19,-18.1,-14.7,-14.9,-16.7,-26.4,-23.8,713,719
2022-11-27,metlife,NFL,CHI @ NYJ,13,75.5,17.7,78.2,28.8,81.4,42.7,2025,2250
2022-11-27,msg,NBA,MEM @ NYK,19,57.4,24.9,51.5,27.8,5.2,-2.3,2042,1514
2022-11-28,barclays,NBA,ORL @ BKN,19,-0.6,5.1,-13.1,-4.6,-10.8,-7.8,677,754
2022-11-30,barclays,NBA,WAS @ BKN,19,5.7,-0.1,-14.4,-7.7,-7.5,2.3,866,1037
2022-11-30,msg,NBA,MIL @ NYK,19,17.2,39.0,29.2,32.9,56.4,42.5,6929,2775
2022-12-02,barclays,NBA,TOR @ BKN,19,10.9,8.3,1.2,5.2,14.8,10.9,1834,1671
2022-12-03,msg,NBA,DAL @ NYK,19,53.8,60.0,41.8,43.5,56.5,46.1,6279,4430
2022-12-04,barclays,NBA,BOS @ BKN,19,8.0,4.1,0.4,4.2,-5.3,-10.0,920,850
2022-12-04,metlife,NFL,WAS @ NYG,13,68.8,70.8,76.3,71.7,38.4,67.0,1537,2641
2022-12-04,msg,NBA,CLE @ NYK,19,39.3,40.8,62.3,51.5,51.0,53.4,2949,2394
2022-12-07,barclays,NBA,CHA @ BKN,19,-2.9,-1.0,-6.1,-0.5,2.4,13.7,960,1154
2022-12-07,msg,NBA,ATL @ NYK,19,39.3,60.4,57.2,58.1,90.9,91.9,8482,3750
2022-12-09,barclays,NBA,ATL @ BKN,19,14.2,15.4,16.2,13.0,22.4,22.4,1957,1845
2022-12-11,metlife,NFL,PHI @ NYG,13,38.9,99.8,40.2,90.6,37.3,83.6,1524,2909
2022-12-11,msg,NBA,SAC @ NYK,19,79.5,81.0,102.6,91.4,69.6,74.2,3318,2725
2022-12-16,msg,Concert,Phish NYE run,20,62.8,96.3,51.1,70.7,72.5,59.0,3452,2076
2022-12-17,msg,Concert,Phish NYE run,20,9.7,6.9,24.6,32.8,41.1,34.3,2837,1924
2022-12-18,metlife,NFL,DET @ NYJ,13,20.6,90.4,9.7,87.4,-7.1,95.1,1026,3096
2022-12-20,msg,NBA,GSW @ NYK,19,12.1,44.1,18.0,40.8,31.3,36.5,5456,2529
2022-12-21,barclays,NBA,GSW @ BKN,19,9.6,-4.5,-0.2,-6.5,11.2,4.1,1043,1056
2022-12-21,msg,NBA,TOR @ NYK,19,-5.4,28.6,-7.9,31.6,12.9,23.1,4985,2392
2022-12-22,metlife,NFL,JAX @ NYJ,20,-14.3,56.5,-14.5,49.6,-3.2,9.3,568,90
2022-12-23,barclays,NBA,MIL @ BKN,19,20.5,16.3,5.7,2.5,-6.5,-7.1,1492,1398
2022-12-23,msg,NBA,CHI @ NYK,19,14.4,50.6,21.4,41.1,29.2,17.0,5405,3266
2022-12-25,msg,NBA,PHI @ NYK,19,1.8,14.8,31.4,39.7,61.8,31.9,3163,2053
2022-12-30,msg,Concert,Phish NYE run,20,-20.2,1.8,-19.9,-2.4,4.1,-4.6,2073,1239
2022-12-31,msg,Concert,Phish NYE run,20,-14.5,-17.4,3.8,27.7,-42.1,-30.0,1155,998
2022-12-31,times_sq,StreetClosure,Times Square NYE 2022,18,-12.4,-12.9,-2.0,-8.9,-1.4,19.5,2797,2748
2023-01-01,metlife,NFL,IND @ NYG,13,25.8,16.2,36.9,18.8,20.0,27.7,1330,2010
2023-01-02,barclays,NBA,SAS @ BKN,19,-17.3,-25.9,-12.6,-17.7,-6.4,-13.0,711,711
2023-01-02,msg,NBA,PHX @ NYK,19,-24.3,-12.4,-39.1,-3.8,-40.1,-0.1,2009,1698
2023-01-04,msg,NBA,SAS @ NYK,19,19.5,21.3,5.6,-4.9,-9.5,-16.9,3991,1611
2023-01-09,msg,NBA,MIL @ NYK,19,7.9,8.2,13.3,-5.2,6.2,-10.2,3569,1525
2023-01-11,msg,NBA,IND @ NYK,19,32.5,28.5,32.1,16.0,23.6,11.9,5463,2173
2023-01-12,barclays,NBA,BOS @ BKN,19,26.5,28.6,1.2,5.4,0.4,-7.0,1104,1078
2023-01-13,msg,Concert,Billy Joel MSG residency,20,22.0,36.5,15.2,25.3,31.0,33.1,2613,1735
2023-01-15,barclays,NBA,OKC @ BKN,19,12.3,12.6,23.1,20.2,44.0,33.0,1407,1263
2023-01-16,msg,NBA,TOR @ NYK,19,5.9,41.3,-21.0,32.0,-18.5,40.4,2737,2391
2023-01-18,msg,NBA,WAS @ NYK,19,26.7,30.4,40.4,16.5,34.3,8.0,5938,2097
2023-01-24,msg,NBA,CLE @ NYK,19,31.5,43.0,46.7,25.2,41.2,24.1,5870,2296
2023-01-26,barclays,NBA,DET @ BKN,19,6.9,15.6,4.8,19.7,23.7,6.2,1363,1232
2023-01-28,barclays,NBA,NYK @ BKN,19,8.6,8.8,12.2,12.9,18.3,11.6,2023,1736
2023-01-30,barclays,NBA,LAL @ BKN,19,9.8,3.0,-8.7,-1.4,-1.7,2.7,747,840
2023-01-31,msg,NBA,LAL @ NYK,19,28.7,38.6,43.5,14.1,42.2,5.0,5910,1940
2023-02-02,msg,NBA,MIA @ NYK,19,28.6,35.9,37.4,12.7,38.7,5.6,6740,2462
2023-02-04,barclays,NBA,WAS @ BKN,19,11.8,18.6,15.7,16.3,22.4,21.2,2095,1887
2023-02-04,msg,NBA,LAC @ NYK,19,51.6,68.1,46.7,44.8,58.6,36.0,6363,4121
2023-02-05,msg,NBA,PHI @ NYK,19,22.1,27.3,28.9,17.3,2.7,9.5,1994,1699
2023-02-06,barclays,NBA,LAC @ BKN,19,5.0,3.1,-5.9,-1.4,1.3,5.6,770,864
2023-02-07,barclays,NBA,PHX @ BKN,19,6.6,-3.5,2.2,5.2,2.4,9.1,865,1013
2023-02-09,barclays,NBA,CHI @ BKN,19,5.5,2.3,-0.1,2.6,-2.5,2.6,1072,1190
2023-02-11,barclays,NBA,PHI @ BKN,19,10.3,8.1,9.1,7.4,16.9,12.8,2000,1756
2023-02-11,msg,NBA,UTA @ NYK,19,36.9,43.0,42.0,49.2,50.3,42.1,6025,4308
2023-02-13,msg,NBA,BKN @ NYK,19,18.1,30.4,30.5,22.0,26.2,5.5,4247,1793
2023-02-14,msg,Concert,Billy Joel MSG residency,20,30.5,88.0,35.2,55.9,58.7,56.5,2779,1192
2023-02-15,barclays,NBA,MIA @ BKN,19,2.4,-4.8,-0.6,-1.3,-3.0,0.2,909,1016
2023-02-25,msg,NBA,NOP @ NYK,19,39.8,45.1,35.3,35.5,49.5,33.6,5992,4047
2023-02-27,msg,NBA,BOS @ NYK,19,24.3,28.7,40.1,31.2,41.8,22.8,4774,2088
2023-02-28,barclays,NBA,MIL @ BKN,19,17.2,15.5,3.5,8.6,9.8,6.7,928,991
2023-03-01,msg,NBA,BKN @ NYK,19,29.1,39.6,44.1,31.2,50.1,24.5,6648,2420
2023-03-04,red_bulls,MLS,Nashville @ Red Bulls,19,27.2,36.0,36.6,46.4,49.3,1.3,1347,185
2023-03-05,barclays,NBA,CHA @ BKN,19,12.1,13.5,19.9,18.9,10.5,7.8,1075,1021
2023-03-07,msg,NBA,CHA @ NYK,19,30.7,42.8,48.3,45.7,44.5,37.9,6007,2555
2023-03-11,yankee,MLS,Miami @ NYCFC,19,13.5,19.6,23.6,23.8,32.0,18.4,2741,2342
2023-03-16,barclays,NBA,SAC @ BKN,19,9.4,2.1,10.1,8.7,8.2,15.1,1191,1336
2023-03-17,st_patricks,StreetClosure,NYC St. Patrick's Day Parade 2023,11,14.4,5.2,-5.7,-6.8,-8.0,-0.1,3954,3835
2023-03-18,msg,NBA,DEN @ NYK,19,24.6,22.0,26.3,36.4,29.5,34.3,5183,4069
2023-03-18,red_bulls,MLS,Columbus @ Red Bulls,19,64.4,59.8,46.1,79.1,102.8,43.5,1838,263
2023-03-18,yankee,MLS,D.C. @ NYCFC,19,18.9,13.4,24.1,23.4,24.8,30.3,2589,2580
2023-03-19,barclays,NBA,DEN @ BKN,19,10.8,11.4,26.6,26.8,18.8,13.5,1157,1075
2023-03-20,msg,NBA,MIN @ NYK,19,8.9,16.2,23.6,20.9,27.8,16.5,4300,1981
2023-03-21,barclays,NBA,CLE @ BKN,19,-1.2,0.3,6.9,3.5,8.9,13.2,920,1052
2023-03-23,barclays,NBA,CLE @ BKN,19,-5.6,-11.3,-3.5,-0.4,4.1,4.5,1145,1212
2023-03-26,msg,Concert,Billy Joel MSG residency,20,13.8,20.9,23.5,31.4,63.4,32.0,1385,850
2023-03-27,msg,NBA,HOU @ NYK,19,49.6,55.2,46.6,39.7,25.7,16.1,4229,1974
2023-03-29,barclays,NBA,HOU @ BKN,19,-2.4,-1.0,8.8,7.1,9.8,13.2,1030,1149
2023-03-29,msg,NBA,MIA @ NYK,19,19.7,29.4,28.0,31.9,39.4,30.7,6168,2542
2023-03-30,yankee,MLB,San Francisco Giants @ New York Yankees,13,8.9,27.1,10.7,5.7,19.7,-2.3,2472,1808
2023-03-31,barclays,NBA,ATL @ BKN,19,3.2,-0.8,10.2,6.4,16.5,15.9,1862,1747
2023-04-01,yankee,MLB,San Francisco Giants @ New York Yankees,16,-0.5,21.9,-2.2,1.9,25.5,5.7,2836,2211
2023-04-02,barclays,NBA,UTA @ BKN,19,-1.6,-2.1,21.4,20.0,13.4,5.1,1104,995
2023-04-02,msg,NBA,WAS @ NYK,19,22.3,22.7,43.1,39.9,16.0,36.0,2256,2118
2023-04-02,yankee,MLB,San Francisco Giants @ New York Yankees,13,19.5,36.7,12.7,8.4,11.9,6.5,1983,1706
2023-04-03,yankee,MLB,Philadelphia Phillies @ New York Yankees,19,-2.8,19.6,27.7,12.2,37.6,5.3,1644,1078
2023-04-04,barclays,NBA,MIN @ BKN,19,9.2,-6.5,7.6,7.9,6.4,14.9,899,1068
2023-04-04,yankee,MLB,Philadelphia Phillies @ New York Yankees,19,5.8,19.8,18.0,7.9,38.6,12.6,1834,1264
2023-04-05,yankee,MLB,Philadelphia Phillies @ New York Yankees,13,17.3,32.1,17.5,7.8,11.4,-1.8,2220,1711
2023-04-06,citi,MLB,Miami Marlins @ New York Mets,13,4.3,-1.0,3.5,-3.5,0.6,-0.2,1066,1119
2023-04-07,barclays,NBA,ORL @ BKN,19,-4.0,-8.0,5.5,-2.3,8.7,12.8,1736,1699
2023-04-07,citi,MLB,Miami Marlins @ New York Mets,13,19.2,85.0,26.9,15.0,38.6,5.3,1667,1368
2023-04-08,citi,MLB,Miami Marlins @ New York Mets,16,7.1,52.4,16.2,11.3,32.3,13.0,2563,2109
2023-04-08,red_bulls,MLS,San Jose @ Red Bulls,19,15.6,44.3,29.5,45.3,37.4,34.3,1238,246
2023-04-08,yankee,MLS,Atlanta @ NYCFC,19,-2.7,1.7,8.3,14.2,25.4,18.4,2601,2342
2023-04-09,barclays,NBA,PHI @ BKN,19,-0.3,-3.5,15.0,16.9,14.7,17.8,1117,1117
2023-04-09,citi,MLB,Miami Marlins @ New York Mets,13,15.4,41.7,11.4,26.6,31.7,12.3,1754,1375
2023-04-09,msg,NBA,IND @ NYK,19,23.3,2.1,36.6,26.0,27.5,18.9,2483,1847
2023-04-10,citi,MLB,San Diego Padres @ New York Mets,19,-0.3,24.0,20.9,3.7,29.6,3.9,1131,747
2023-04-11,citi,MLB,San Diego Padres @ New York Mets,19,3.2,35.8,26.5,15.1,52.8,2.6,1517,842
2023-04-12,citi,MLB,San Diego Padres @ New York Mets,13,8.5,58.3,10.3,13.7,23.2,4.0,1210,1073
2023-04-13,yankee,MLB,Minnesota Twins @ New York Yankees,19,15.8,27.9,24.3,17.6,46.2,33.0,2407,1786
2023-04-14,yankee,MLB,Minnesota Twins @ New York Yankees,19,18.7,24.6,20.5,14.2,44.7,16.8,2837,2161
2023-04-15,citi,MLS,Nashville @ NYCFC,19,24.2,31.5,23.2,20.3,27.7,10.9,2694,1864
2023-04-15,yankee,MLB,Minnesota Twins @ New York Yankees,13,15.0,32.3,14.6,17.6,21.9,12.7,2559,2237
2023-04-16,red_bulls,MLS,Houston @ Red Bulls,7,57.9,40.6,63.1,57.9,117.3,53.0,1217,1851
2023-04-16,yankee,MLB,Minnesota Twins @ New York Yankees,13,9.4,26.9,7.7,13.1,12.5,13.6,1994,1821
2023-04-18,yankee,MLB,Los Angeles Angels @ New York Yankees,19,-1.6,13.2,21.3,11.8,52.6,15.8,2021,1300
2023-04-19,yankee,MLB,Los Angeles Angels @ New York Yankees,19,-1.4,14.4,18.9,4.0,46.1,5.2,2096,1301
2023-04-20,barclays,NBA,PHI @ BKN,19,-2.7,-8.1,11.3,3.5,26.5,22.7,1394,1424
2023-04-20,yankee,MLB,Los Angeles Angels @ New York Yankees,16,1.0,20.7,-1.4,-1.4,13.7,3.5,2435,1823
2023-04-21,msg,NBA,CLE @ NYK,19,5.1,12.5,10.4,37.7,18.8,33.1,4964,3721
2023-04-21,yankee,MLB,Toronto Blue Jays @ New York Yankees,19,-6.2,12.1,11.6,6.1,17.3,9.4,2294,2022
2023-04-22,barclays,NBA,PHI @ BKN,19,9.9,1.9,5.4,3.0,22.2,22.2,2091,1904
2023-04-22,citi,MLS,Dallas @ NYCFC,19,20.8,28.5,24.3,20.4,48.3,39.6,3134,2351
2023-04-22,yankee,MLB,Toronto Blue Jays @ New York Yankees,13,9.1,27.8,9.2,10.0,33.8,11.8,2810,2220
2023-04-23,msg,NBA,CLE @ NYK,19,22.9,10.0,19.9,29.2,12.0,35.7,2177,2113
2023-04-23,yankee,MLB,Toronto Blue Jays @ New York Yankees,13,21.3,18.2,20.5,8.0,10.8,4.0,1962,1666
2023-04-25,citi,MLB,Washington Nationals @ New York Mets,19,4.6,23.4,26.2,11.8,20.9,14.1,1198,937
2023-04-26,citi,MLB,Washington Nationals @ New York Mets,19,10.2,18.9,32.6,23.2,32.3,15.4,1481,1028
2023-04-27,citi,MLB,Washington Nationals @ New York Mets,19,4.6,15.4,17.4,6.7,26.3,16.6,1704,1251
2023-04-28,citi,MLB,Atlanta Braves @ New York Mets,19,14.2,35.6,64.4,50.0,51.3,43.4,2813,2229
2023-04-29,citi,MLB,Atlanta Braves @ New York Mets,16,60.5,53.5,39.2,44.5,29.6,43.5,2510,2686
2023-04-30,citi,MLB,Atlanta Braves @ New York Mets,13,50.5,40.4,60.1,48.9,65.8,54.5,2218,1902
2023-04-30,msg,NBA,MIA @ NYK,19,87.9,65.9,64.2,62.2,41.5,60.6,2760,2508
2023-05-01,citi,MLB,Atlanta Braves @ New York Mets,13,12.9,49.0,16.0,11.9,15.2,5.8,1094,1040
2023-05-01,yankee,MLB,Cleveland Guardians @ New York Yankees,19,4.0,14.4,20.3,5.1,25.6,6.3,1499,1089
2023-05-02,msg,NBA,MIA @ NYK,19,24.5,50.7,33.1,39.3,45.1,45.5,6035,2696
2023-05-02,yankee,MLB,Cleveland Guardians @ New York Yankees,19,22.6,22.1,26.7,7.7,31.6,6.5,1741,1194
2023-05-03,yankee,MLB,Cleveland Guardians @ New York Yankees,19,14.3,33.2,40.0,13.4,47.4,11.6,2116,1382
2023-05-05,citi,MLB,Colorado Rockies @ New York Mets,19,8.6,32.7,33.6,23.3,39.2,30.0,2585,2018
2023-05-06,citi,MLB,Colorado Rockies @ New York Mets,16,23.6,69.4,27.3,34.6,42.8,23.5,2769,2308
2023-05-06,red_bulls,MLS,Philadelphia @ Red Bulls,19,39.7,38.0,52.2,64.4,63.1,42.4,1473,261
2023-05-07,citi,MLB,Colorado Rockies @ New York Mets,13,6.7,40.5,4.9,35.9,34.8,23.1,1796,1510
2023-05-08,yankee,MLB,Oakland Athletics @ New York Yankees,19,-4.9,21.6,18.8,9.3,43.0,4.0,1709,1065
2023-05-09,yankee,MLB,Oakland Athletics @ New York Yankees,19,4.2,22.7,27.6,9.5,29.0,6.5,1706,1195
2023-05-10,msg,NBA,MIA @ NYK,19,8.9,28.8,27.7,36.3,42.8,54.2,6322,3005
2023-05-10,yankee,MLB,Oakland Athletics @ New York Yankees,12,8.5,35.6,15.0,19.3,19.4,6.4,2095,1657
2023-05-11,yankee,MLB,Tampa Bay Rays @ New York Yankees,19,21.6,37.0,33.6,25.5,47.0,11.5,2420,1495
2023-05-12,yankee,MLB,Tampa Bay Rays @ New York Yankees,19,4.8,20.7,15.0,13.6,48.9,13.1,2920,2091
2023-05-13,red_bulls,MLS,New York City @ Red Bulls,19,58.4,63.5,58.1,87.4,74.8,44.0,1580,264
2023-05-13,yankee,MLB,Tampa Bay Rays @ New York Yankees,13,19.4,37.1,13.9,13.6,18.7,12.6,2490,2236
2023-05-14,yankee,MLB,Tampa Bay Rays @ New York Yankees,13,11.7,11.3,12.0,7.9,16.4,10.1,2063,1764
2023-05-16,citi,MLB,Tampa Bay Rays @ New York Mets,19,16.0,42.2,34.1,18.9,62.2,36.2,1611,1120
2023-05-17,citi,MLB,Tampa Bay Rays @ New York Mets,19,12.9,38.9,53.7,27.9,70.2,33.8,1910,1194
2023-05-18,citi,MLB,Tampa Bay Rays @ New York Mets,13,17.7,49.2,21.5,17.2,25.2,13.4,1329,1273
2023-05-19,citi,MLB,Cleveland Guardians @ New York Mets,19,18.2,39.1,23.2,26.9,56.0,32.2,2901,2053
2023-05-19,msg,Concert,Harry Styles Love On Tour,20,20.9,33.8,25.6,46.8,43.4,47.2,2863,1920
2023-05-20,citi,MLB,Cleveland Guardians @ New York Mets,16,69.7,55.4,39.3,36.2,10.0,13.8,2127,2125
2023-05-20,msg,Concert,Harry Styles Love On Tour,20,37.1,25.2,23.7,31.2,32.8,33.4,2668,1911
2023-05-20,red_bulls,MLS,Montréal @ Red Bulls,19,46.8,87.2,54.7,100.2,69.0,50.5,1527,276
2023-05-21,citi,MLB,Cleveland Guardians @ New York Mets,13,16.9,49.4,29.2,35.3,39.1,43.3,1855,1762
2023-05-22,msg,Concert,Harry Styles Love On Tour,20,21.5,17.8,27.9,37.3,20.1,44.5,1700,995
2023-05-23,yankee,MLB,Baltimore Orioles @ New York Yankees,19,14.2,21.2,23.4,4.3,53.7,11.0,2036,1245
2023-05-24,yankee,MLB,Baltimore Orioles @ New York Yankees,19,9.0,20.2,40.7,21.0,49.2,11.6,2141,1381
2023-05-25,yankee,MLB,Baltimore Orioles @ New York Yankees,19,-2.4,2.3,5.3,1.7,36.6,17.1,2248,1571
2023-05-26,yankee,MLB,San Diego Padres @ New York Yankees,19,-4.3,23.7,0.5,-1.3,31.7,6.5,2579,1968
2023-05-27,citi,MLS,Philadelphia @ NYCFC,19,8.2,19.8,14.6,13.2,23.4,11.0,2602,1865
2023-05-27,yankee,MLB,San Diego Padres @ New York Yankees,13,1.9,23.1,1.3,-2.4,13.2,-1.7,2375,1949
2023-05-28,yankee,MLB,San Diego Padres @ New York Yankees,13,6.3,18.4,5.5,1.7,17.1,6.3,2076,1702
2023-05-30,citi,MLB,Philadelphia Phillies @ New York Mets,19,-2.4,28.0,22.8,4.7,24.0,1.4,1229,832
2023-05-31,citi,MLB,Philadelphia Phillies @ New York Mets,19,4.0,35.1,23.3,8.0,43.6,12.9,1608,1006
2023-05-31,yankee,MLS,Cincinnati @ NYCFC,19,2.8,8.6,11.5,2.1,6.9,5.4,1529,1304
2023-06-01,citi,MLB,Philadelphia Phillies @ New York Mets,13,12.6,63.4,26.8,21.0,32.0,14.2,1402,1282
2023-06-02,citi,MLB,Toronto Blue Jays @ New York Mets,19,36.1,59.5,29.4,29.6,41.5,16.6,2628,1809
2023-06-02,msg,Concert,Billy Joel MSG residency,20,36.9,54.8,10.0,13.8,25.2,34.2,2497,1749
2023-06-03,citi,MLB,Toronto Blue Jays @ New York Mets,16,25.8,58.5,25.5,20.1,30.0,10.1,2517,2055
2023-06-03,red_bulls,MLS,Orlando @ Red Bulls,19,49.4,58.1,67.8,81.8,79.3,60.7,1622,295
2023-06-03,yankee,MLS,New England @ NYCFC,15,10.0,15.4,12.7,4.1,8.5,10.7,2492,2348
2023-06-04,citi,MLB,Toronto Blue Jays @ New York Mets,13,20.7,41.3,10.2,28.0,33.7,23.1,1781,1509
2023-06-06,yankee,MLB,Chicago White Sox @ New York Yankees,19,13.9,27.1,35.4,7.5,47.3,7.1,1950,1201
2023-06-07,yankee,MLB,Chicago White Sox @ New York Yankees,19,26.4,14.7,13.1,-1.8,20.8,2.7,1730,1270
2023-06-08,yankee,MLB,Chicago White Sox @ New York Yankees,16,6.8,2.1,13.2,12.9,8.0,-2.6,2313,1715
2023-06-09,yankee,MLB,Boston Red Sox @ New York Yankees,19,-2.3,19.9,9.1,-0.4,42.9,8.1,2801,1998
2023-06-10,yankee,MLB,Boston Red Sox @ New York Yankees,19,-0.6,23.9,2.9,2.5,44.0,14.2,2993,2258
2023-06-11,yankee,MLB,Boston Red Sox @ New York Yankees,19,-8.2,25.7,15.7,9.4,36.1,12.2,1809,1438
2023-06-13,citi,MLB,New York Yankees @ New York Mets,19,15.6,70.0,25.3,20.6,95.5,27.4,1946,1047
2023-06-14,citi,MLB,New York Yankees @ New York Mets,19,13.9,73.9,31.8,38.7,97.1,26.1,2217,1124
2023-06-16,citi,MLB,St. Louis Cardinals @ New York Mets,19,6.9,35.1,16.3,9.0,22.5,20.5,2273,1870
2023-06-17,citi,MLB,St. Louis Cardinals @ New York Mets,16,13.5,40.0,19.7,22.7,18.8,4.8,2298,1955
2023-06-17,yankee,MLS,Columbus @ NYCFC,15,2.8,7.7,3.7,4.9,14.9,11.9,2639,2372
2023-06-18,citi,MLB,St. Louis Cardinals @ New York Mets,13,11.8,39.6,9.5,16.7,29.6,29.9,1726,1594
2023-06-20,yankee,MLB,Seattle Mariners @ New York Yankees,19,-1.5,22.3,29.8,2.4,44.2,10.3,1908,1237
2023-06-21,red_bulls,MLS,Charlotte @ Red Bulls,19,35.1,59.4,36.9,82.2,61.4,39.1,1652,284
2023-06-21,yankee,MLB,Seattle Mariners @ New York Yankees,19,6.4,21.8,36.8,11.5,48.4,20.8,2130,1496
2023-06-22,yankee,MLB,Seattle Mariners @ New York Yankees,19,5.3,17.9,20.8,4.3,39.6,9.8,2297,1472
2023-06-23,yankee,MLB,Texas Rangers @ New York Yankees,19,0.7,14.2,5.2,1.0,23.3,8.6,2412,2008
2023-06-24,red_bulls,MLS,Atlanta @ Red Bulls,19,50.4,68.4,60.8,89.8,79.5,77.9,1623,327
2023-06-24,yankee,MLB,Texas Rangers @ New York Yankees,16,16.8,35.5,5.7,2.8,10.8,0.9,2500,2110
2023-06-25,times_sq,StreetClosure,NYC Pride March 2023,12,26.7,-4.1,21.5,2.6,6.0,-3.0,2190,2116
2023-06-25,yankee,MLB,Texas Rangers @ New York Yankees,13,12.7,33.5,23.3,5.9,29.4,-3.6,2297,1543
2023-06-26,citi,MLB,Milwaukee Brewers @ New York Mets,19,12.5,37.5,15.1,7.6,46.0,24.3,1275,894
2023-06-27,citi,MLB,Milwaukee Brewers @ New York Mets,19,5.8,43.1,36.0,20.1,52.3,25.0,1512,1027
2023-06-28,citi,MLB,Milwaukee Brewers @ New York Mets,19,4.1,23.7,22.8,15.2,46.1,13.4,1637,1010
2023-06-29,citi,MLB,Milwaukee Brewers @ New York Mets,19,5.2,66.1,19.0,8.0,41.5,8.1,1911,1160
2023-06-30,citi,MLB,San Francisco Giants @ New York Mets,19,5.1,23.2,1.5,0.4,21.8,12.5,2260,1745
2023-07-01,citi,MLB,San Francisco Giants @ New York Mets,16,1.5,24.5,1.6,6.5,0.3,-2.9,1938,1810
2023-07-02,citi,MLB,San Francisco Giants @ New York Mets,19,48.5,68.2,16.2,18.2,74.3,33.3,1872,1080
2023-07-03,yankee,MLB,Baltimore Orioles @ New York Yankees,19,-13.5,18.2,5.8,9.0,61.3,26.2,1929,1294
2023-07-04,yankee,MLB,Baltimore Orioles @ New York Yankees,13,-10.4,8.1,-9.3,-7.7,-13.1,-13.5,1665,1448
2023-07-05,citi,MLS,Charlotte @ NYCFC,19,-1.4,4.4,-4.3,-8.5,-9.5,-9.0,1010,809
2023-07-05,yankee,MLB,Baltimore Orioles @ New York Yankees,19,-18.7,-0.8,-10.4,-10.7,17.3,-1.6,1679,1217
2023-07-06,yankee,MLB,Baltimore Orioles @ New York Yankees,19,-13.9,2.7,-2.2,-10.3,23.7,-4.7,2034,1277
2023-07-07,yankee,MLB,Chicago Cubs @ New York Yankees,19,-4.4,9.9,-1.5,-5.8,26.0,3.0,2467,1903
2023-07-08,red_bulls,MLS,New England @ Red Bulls,19,68.8,45.0,59.2,72.6,97.1,61.3,1785,296
2023-07-08,yankee,MLB,Chicago Cubs @ New York Yankees,13,7.5,19.7,10.1,6.1,13.0,3.0,2370,2042
2023-07-09,yankee,MLB,Chicago Cubs @ New York Yankees,13,0.7,12.4,-1.8,5.3,2.9,-0.8,1821,1588
2023-07-12,red_bulls,MLS,Cincinnati @ Red Bulls,19,31.2,64.4,54.1,77.3,58.1,27.5,1618,260
2023-07-14,citi,MLB,Los Angeles Dodgers @ New York Mets,19,19.6,51.5,13.9,12.8,55.8,30.9,2898,2032
2023-07-15,citi,MLB,Los Angeles Dodgers @ New York Mets,19,30.1,73.4,25.1,31.6,48.5,14.9,3139,1931
2023-07-16,citi,MLB,Los Angeles Dodgers @ New York Mets,17,7.9,43.8,10.4,19.6,36.3,12.4,1635,1076
2023-07-18,citi,MLB,Chicago White Sox @ New York Mets,19,9.2,43.2,18.8,14.8,72.4,24.4,1714,1022
2023-07-19,citi,MLB,Chicago White Sox @ New York Mets,19,1.7,39.4,38.3,24.6,35.2,18.6,1513,1057
2023-07-20,citi,MLB,Chicago White Sox @ New York Mets,13,16.8,67.2,18.2,23.7,31.5,17.4,1397,1318
2023-07-21,yankee,MLB,Kansas City Royals @ New York Yankees,19,-1.3,13.2,8.9,2.5,39.7,13.4,2738,2098
2023-07-22,yankee,MLB,Kansas City Royals @ New York Yankees,13,1.8,15.0,5.4,-2.4,7.6,1.9,2255,2021
2023-07-23,yankee,MLB,Kansas City Royals @ New York Yankees,13,6.0,10.7,8.0,5.6,8.1,6.6,1915,1708
2023-07-24,msg,Concert,Billy Joel MSG residency,20,11.0,34.1,33.0,37.3,60.5,44.1,2277,992
2023-07-25,yankee,MLB,New York Mets @ New York Yankees,19,27.2,36.8,20.6,-6.6,55.5,4.5,2059,1172
2023-07-26,yankee,MLB,New York Mets @ New York Yankees,19,0.6,23.3,37.6,5.7,66.3,17.4,2390,1454
2023-07-27,citi,MLB,Washington Nationals @ New York Mets,19,18.1,49.4,45.7,27.6,51.1,28.5,2041,1380
2023-07-28,citi,MLB,Washington Nationals @ New York Mets,19,25.8,48.8,18.9,22.1,27.4,22.8,2364,1906
2023-07-28,msg,Concert,Pink Summer Carnival Tour,20,16.7,34.5,16.0,30.0,21.0,41.7,2412,1847
2023-07-29,citi,MLB,Washington Nationals @ New York Mets,19,13.4,47.4,22.0,33.3,38.4,10.4,2923,1855
2023-07-30,citi,MLB,Washington Nationals @ New York Mets,13,15.4,39.0,12.4,33.3,31.3,25.0,1749,1533
2023-07-31,yankee,MLB,Tampa Bay Rays @ New York Yankees,19,-5.7,13.9,13.5,0.9,37.5,4.6,1643,1071
2023-08-01,msg,Concert,Pink Summer Carnival Tour,20,5.7,19.3,24.7,30.8,36.1,38.7,2379,1055
2023-08-01,yankee,MLB,Tampa Bay Rays @ New York Yankees,19,-0.8,9.7,15.5,-0.2,43.8,9.8,1903,1232
2023-08-02,yankee,MLB,Tampa Bay Rays @ New York Yankees,19,-6.3,11.1,18.7,1.0,35.6,10.0,1944,1362
2023-08-03,yankee,MLB,Houston Astros @ New York Yankees,19,-0.8,10.4,11.6,-0.6,40.1,10.9,2306,1487
2023-08-04,msg,Concert,Beyonce Renaissance Tour,20,-2.6,9.1,-0.6,10.5,7.9,13.8,2149,1481
2023-08-04,yankee,MLB,Houston Astros @ New York Yankees,19,-7.0,6.0,-1.3,-6.8,20.9,5.9,2365,1957
2023-08-05,msg,Concert,Beyonce Renaissance Tour,20,9.0,16.0,7.1,15.3,12.1,11.0,2248,1588
2023-08-05,yankee,MLB,Houston Astros @ New York Yankees,13,3.4,16.8,8.2,2.9,11.3,-0.3,2335,1977
2023-08-06,yankee,MLB,Houston Astros @ New York Yankees,13,9.6,25.9,8.0,5.9,10.8,5.0,1963,1682
2023-08-07,citi,MLB,Chicago Cubs @ New York Mets,19,2.3,33.8,59.8,31.1,16.5,5.7,1016,760
2023-08-08,citi,MLB,Chicago Cubs @ New York Mets,19,3.1,27.1,23.4,10.6,30.2,9.0,1291,895
2023-08-09,citi,MLB,Chicago Cubs @ New York Mets,19,11.2,47.5,17.4,9.3,56.1,15.2,1750,1026
2023-08-11,citi,MLB,Atlanta Braves @ New York Mets,19,7.4,41.2,9.8,5.7,33.0,6.0,2469,1643
2023-08-12,citi,MLB,Atlanta Braves @ New York Mets,13,9.4,47.1,31.4,17.2,21.1,18.0,2026,1980
2023-08-13,citi,MLB,Atlanta Braves @ New York Mets,19,8.8,42.1,19.0,22.9,38.1,18.3,1477,957
2023-08-14,citi,MLB,Pittsburgh Pirates @ New York Mets,19,8.8,21.6,16.6,12.4,17.8,6.4,1027,765
2023-08-15,citi,MLB,Pittsburgh Pirates @ New York Mets,19,4.4,30.5,20.8,10.6,41.1,8.9,1400,894
2023-08-16,citi,MLB,Pittsburgh Pirates @ New York Mets,13,11.0,51.1,13.4,13.0,30.1,17.7,1278,1215
2023-08-18,yankee,MLB,Boston Red Sox @ New York Yankees,19,-9.2,18.8,8.3,1.7,28.6,4.7,2518,1934
2023-08-19,yankee,MLB,Boston Red Sox @ New York Yankees,13,-2.1,16.2,4.2,-1.6,5.9,-7.3,2219,1837
2023-08-20,citi,MLS,Minnesota @ NYCFC,19,8.3,33.1,29.4,23.3,27.7,14.5,1363,926
2023-08-20,red_bulls,MLS,D.C. @ Red Bulls,19,50.1,67.4,53.4,80.9,67.9,91.9,2263,314
2023-08-20,yankee,MLB,Boston Red Sox @ New York Yankees,13,-0.4,19.8,5.2,-0.1,7.5,3.8,1904,1663
2023-08-22,yankee,MLB,Washington Nationals @ New York Yankees,19,-10.2,8.2,5.7,0.0,27.6,7.2,1687,1202
2023-08-23,yankee,MLB,Washington Nationals @ New York Yankees,19,-8.3,11.3,5.7,-0.6,26.8,4.0,1817,1287
2023-08-24,yankee,MLB,Washington Nationals @ New York Yankees,13,-5.2,12.3,-1.0,-3.0,13.6,7.0,2345,1980
2023-08-25,citi,MLB,Los Angeles Angels @ New York Mets,19,13.1,42.7,24.1,7.0,39.9,2.8,2599,1592
2023-08-26,citi,MLB,Los Angeles Angels @ New York Mets,19,8.6,33.5,10.6,5.9,25.1,8.3,2639,1819
2023-08-26,red_bulls,MLS,Miami @ Red Bulls,19,87.2,64.2,85.0,82.2,96.6,68.3,1781,309
2023-08-27,citi,MLB,Los Angeles Angels @ New York Mets,12,16.0,77.8,19.0,26.8,38.1,28.4,1777,1577
2023-08-28,citi,MLB,Texas Rangers @ New York Mets,19,44.1,101.8,45.4,11.0,69.1,5.5,1478,758
2023-08-28,us_open,Tennis,US Open 2023,11,52.5,316.5,21.9,162.6,40.1,75.5,419,536
2023-08-29,citi,MLB,Texas Rangers @ New York Mets,19,46.5,89.1,40.9,15.3,114.6,8.2,2139,888
2023-08-29,msg,Concert,Billy Joel MSG residency,20,-6.2,14.3,1.3,18.3,13.2,23.8,1977,941
2023-08-29,us_open,Tennis,US Open 2023,11,48.8,297.9,26.5,194.3,88.0,82.7,560,559
2023-08-30,citi,MLB,Texas Rangers @ New York Mets,18,50.4,76.0,41.7,30.6,83.4,10.5,2148,1092
2023-08-30,us_open,Tennis,US Open 2023,11,89.7,312.7,31.5,254.9,59.0,92.5,473,572
2023-08-30,yankee,MLS,Montréal @ NYCFC,19,-10.4,-8.7,-2.7,-3.4,5.4,5.6,1508,1307
2023-08-31,us_open,Tennis,US Open 2023,11,35.2,314.7,35.7,207.9,65.2,62.0,507,516
2023-09-01,citi,MLB,Seattle Mariners @ New York Mets,19,43.0,85.9,41.0,13.4,57.1,4.5,2922,1619
2023-09-01,us_open,Tennis,US Open 2023,11,36.2,279.7,28.6,224.4,44.6,76.8,468,616
2023-09-02,citi,MLB,Seattle Mariners @ New York Mets,19,31.6,73.9,21.1,-2.9,36.9,2.4,2890,1719
2023-09-02,us_open,Tennis,US Open 2023,11,42.8,363.6,26.9,150.3,36.6,54.8,541,683
2023-09-02,yankee,MLS,Vancouver @ NYCFC,15,3.4,3.3,4.2,9.3,4.3,-0.4,2395,2110
2023-09-03,citi,MLB,Seattle Mariners @ New York Mets,13,14.1,114.3,33.9,63.3,71.4,108.8,2294,2588
2023-09-03,us_open,Tennis,US Open 2023,11,66.5,395.9,53.7,324.6,105.3,145.1,648,789
2023-09-04,us_open,Tennis,US Open 2023,11,11.1,251.7,20.6,265.8,64.7,84.0,493,562
2023-09-05,us_open,Tennis,US Open 2023,11,46.2,207.3,56.5,247.5,60.7,73.0,478,529
2023-09-05,yankee,MLB,Detroit Tigers @ New York Yankees,19,-2.3,18.4,16.7,7.2,16.3,1.1,1536,1133
2023-09-06,us_open,Tennis,US Open 2023,11,59.0,212.5,46.6,260.3,91.8,72.6,572,512
2023-09-06,yankee,MLB,Detroit Tigers @ New York Yankees,19,20.4,44.0,40.6,25.7,40.8,9.1,2019,1350
2023-09-07,us_open,Tennis,US Open 2023,11,39.8,46.4,41.9,50.6,56.8,108.3,481,665
2023-09-07,yankee,MLB,Detroit Tigers @ New York Yankees,19,38.1,50.7,47.0,22.9,41.4,8.2,2327,1451
2023-09-08,us_open,Tennis,US Open 2023,11,54.2,112.9,70.2,338.9,70.5,207.0,553,1080
2023-09-08,yankee,MLB,Milwaukee Brewers @ New York Yankees,19,27.4,31.2,11.6,-0.1,22.0,2.7,2388,1897
2023-09-09,us_open,Tennis,US Open 2023,11,53.0,110.1,46.8,167.8,39.3,194.2,552,1313
2023-09-09,yankee,MLB,Milwaukee Brewers @ New York Yankees,14,28.9,67.1,55.3,54.7,28.7,37.5,2879,2860
2023-09-10,metlife,NFL,DAL @ NYG,20,68.5,99.7,56.8,122.0,89.3,99.2,1231,117
2023-09-10,us_open,Tennis,US Open 2023,11,59.3,99.7,115.9,297.4,27.3,369.3,398,1554
2023-09-10,yankee,MLB,Milwaukee Brewers @ New York Yankees,13,56.5,102.7,21.7,52.0,31.0,14.7,2326,1840
2023-09-11,citi,MLB,Arizona Diamondbacks @ New York Mets,19,45.6,41.4,18.5,21.1,15.3,14.7,1005,825
2023-09-11,metlife,NFL,BUF @ NYJ,20,22.0,67.4,55.8,75.3,79.9,80.7,1148,118
2023-09-12,citi,MLB,Arizona Diamondbacks @ New York Mets,19,12.8,33.1,35.7,31.3,49.3,19.3,1482,980
2023-09-13,citi,MLB,Arizona Diamondbacks @ New York Mets,19,2.3,22.1,21.9,18.8,26.1,14.7,1410,1022
2023-09-14,citi,MLB,Arizona Diamondbacks @ New York Mets,16,17.2,24.6,13.5,3.6,24.9,10.1,1547,1458
2023-09-15,citi,MLB,Cincinnati Reds @ New York Mets,19,14.2,28.5,14.2,18.6,32.1,14.4,2452,1774
2023-09-16,citi,MLB,Cincinnati Reds @ New York Mets,19,12.5,42.9,23.5,22.6,42.4,21.7,3009,2047
2023-09-16,yankee,MLS,New York @ NYCFC,15,7.8,8.4,-0.9,3.5,11.1,3.8,2552,2199
2023-09-17,citi,MLB,Cincinnati Reds @ New York Mets,13,19.1,41.2,17.3,29.7,33.0,19.5,1772,1465
2023-09-19,yankee,MLB,Toronto Blue Jays @ New York Yankees,19,26.1,7.1,21.2,2.5,40.0,10.1,1853,1235
2023-09-20,citi,MLS,Orlando @ NYCFC,19,6.7,36.9,23.6,26.8,53.4,23.7,1719,1103
2023-09-20,red_bulls,MLS,Austin @ Red Bulls,19,76.3,70.0,60.5,82.2,62.3,60.4,1662,328
2023-09-20,yankee,MLB,Toronto Blue Jays @ New York Yankees,19,21.1,7.2,22.5,6.0,31.1,6.5,1879,1318
2023-09-21,yankee,MLB,Toronto Blue Jays @ New York Yankees,19,13.5,14.3,29.6,2.9,31.0,6.4,2155,1427
2023-09-22,yankee,MLB,Arizona Diamondbacks @ New York Yankees,19,1.5,17.2,15.8,6.7,27.1,4.5,2488,1932
2023-09-23,yankee,MLB,Arizona Diamondbacks @ New York Yankees,13,30.8,27.3,26.5,30.5,22.9,20.7,2579,2398
2023-09-24,metlife,NFL,NE @ NYJ,13,76.5,72.2,55.9,62.2,61.9,57.4,1803,2486
2023-09-24,red_bulls,MLS,Toronto @ NYCFC,13,76.5,72.2,55.9,62.2,61.9,57.4,1803,2486
2023-09-24,yankee,MLB,Arizona Diamondbacks @ New York Yankees,13,11.6,6.9,20.0,13.5,10.9,12.6,1964,1805
2023-09-25,yankee,MLB,Arizona Diamondbacks @ New York Yankees,13,12.3,11.0,6.6,5.0,12.6,12.8,1985,1754
2023-09-26,citi,MLB,Miami Marlins @ New York Mets,19,7.7,15.7,24.0,12.7,8.7,8.7,1076,892
2023-09-27,citi,MLB,Miami Marlins @ New York Mets,16,15.3,19.0,7.8,14.2,19.2,17.5,1356,1367
2023-09-28,citi,MLB,Miami Marlins @ New York Mets,19,36.1,50.8,31.7,26.8,59.5,41.5,2156,1521
2023-09-29,citi,MLB,Philadelphia Phillies @ New York Mets,19,24.5,24.1,-2.8,6.6,-12.1,-3.1,1627,1500
2023-09-29,msg,Concert,Drake It's All a Blur Tour,20,37.3,39.3,12.4,23.8,10.6,20.0,2203,1562
2023-09-30,citi,MLB,Philadelphia Phillies @ New York Mets,16,17.6,25.0,20.3,20.6,18.7,13.8,2296,2124
2023-09-30,red_bulls,MLS,Chicago @ Red Bulls,19,63.2,63.1,70.2,80.0,89.6,62.9,1716,299
2023-10-01,citi,MLB,Philadelphia Phillies @ New York Mets,15,13.6,44.5,27.9,26.3,34.4,15.8,1851,1379
2023-10-01,metlife,NFL,KC @ NYJ,20,80.6,82.8,68.3,83.1,82.1,114.1,1183,126
2023-10-01,msg,Concert,Drake It's All a Blur Tour,20,20.5,34.3,37.6,38.7,47.7,37.7,1249,887
2023-10-02,citi,MLB,Miami Marlins @ New York Mets,13,15.0,0.7,8.0,14.0,7.7,8.5,1022,1067
2023-10-02,metlife,NFL,SEA @ NYG,20,60.4,43.4,42.0,48.1,51.6,36.6,966,89
2023-10-07,red_bulls,MLS,Toronto @ Red Bulls,19,71.7,73.2,71.8,87.3,86.5,86.5,1688,343
2023-10-09,msg,NBA,BOS @ NYK,19,1.6,17.7,11.9,27.0,6.8,23.3,3590,2097
2023-10-12,barclays,NBA,MRA @ BKN,19,0.1,-6.8,-0.9,6.3,7.0,12.0,1177,1299
2023-10-14,msg,NBA,MIN @ NYK,19,46.7,49.1,41.1,40.5,48.1,39.5,5937,4229
2023-10-15,metlife,NFL,PHI @ NYJ,16,87.5,65.3,78.5,85.1,64.9,86.1,1989,1300
2023-10-16,barclays,NBA,PHI @ BKN,19,12.1,0.8,5.2,4.7,4.4,10.5,793,904
2023-10-18,msg,NBA,WAS @ NYK,19,23.8,39.1,39.4,38.1,41.6,48.9,6268,2901
2023-10-20,msg,Concert,Billy Joel MSG residency,20,30.9,52.5,26.2,34.5,37.4,39.8,2742,1823
2023-10-21,citi,MLS,Chicago @ NYCFC,18,9.9,27.7,24.0,15.6,17.2,24.6,2328,2115
2023-10-22,metlife,NFL,WAS @ NYG,13,53.9,62.8,85.1,62.6,65.2,77.4,1841,2809
2023-10-25,barclays,NBA,CLE @ BKN,19,7.3,4.2,2.5,3.0,7.1,11.8,1004,1135
2023-10-25,msg,NBA,BOS @ NYK,19,21.9,45.1,32.5,31.4,45.9,46.2,6458,2847
2023-10-29,metlife,NFL,NYJ @ NYG,13,66.4,64.7,51.8,54.3,49.8,66.7,1666,2637
2023-11-01,msg,NBA,CLE @ NYK,19,23.7,39.4,39.0,36.0,43.2,35.0,6338,2626
2023-11-04,barclays,NBA,BOS @ BKN,19,8.3,5.5,2.5,0.6,8.9,11.7,1862,1739
2023-11-05,marathon,Marathon,NYC Marathon 2023,8,70.3,24.9,4.1,-6.9,-6.1,-14.0,1982,2009
2023-11-06,barclays,NBA,MIL @ BKN,19,13.6,5.5,0.8,3.3,6.3,11.0,808,908
2023-11-06,metlife,NFL,LAC @ NYJ,20,43.2,50.1,52.1,36.8,23.2,73.1,784,113
2023-11-06,msg,NBA,LAC @ NYK,19,27.3,44.4,35.7,33.9,40.9,37.2,4746,2335
2023-11-08,barclays,NBA,LAC @ BKN,19,15.8,7.7,5.1,9.9,18.9,8.4,1116,1100
2023-11-08,msg,NBA,SAS @ NYK,19,28.6,52.2,47.6,52.5,55.3,54.6,6879,3012
2023-11-12,barclays,NBA,WAS @ BKN,19,22.8,17.1,17.3,12.8,12.9,7.4,1099,1017
2023-11-12,msg,NBA,CHA @ NYK,19,38.3,54.6,50.1,48.8,51.1,52.8,2950,2383
2023-11-14,barclays,NBA,ORL @ BKN,19,11.2,9.3,3.7,7.2,-2.5,15.2,823,1070
2023-11-19,barclays,NBA,PHI @ BKN,19,13.9,11.8,13.1,8.0,1.1,1.6,983,961
2023-11-22,macys_parade,StreetClosure,Macy's Balloon Inflation 2023,18,-5.1,11.9,-22.1,2.5,-22.8,0.2,6012,4826
2023-11-22,msg,Concert,Billy Joel MSG residency,20,-29.9,26.7,-36.9,26.4,-21.5,29.9,1501,1066
2023-11-23,macys_parade,StreetClosure,Macy's Thanksgiving Day Parade 2023,9,-66.2,-62.8,-49.2,-53.3,-30.4,-30.1,3580,3441
2023-11-24,metlife,NFL,MIA @ NYJ,15,25.0,-16.0,16.9,-13.1,53.5,1.2,1298,993
2023-11-24,msg,NBA,MIA @ NYK,19,-5.3,17.9,0.2,11.8,10.6,12.3,4621,3133
2023-11-25,barclays,NBA,MIA @ BKN,19,-17.5,-2.0,-14.3,-11.6,-3.6,-4.4,1646,1486
2023-11-26,barclays,NBA,CHI @ BKN,19,-7.9,-6.5,-8.2,-0.1,-2.6,-1.8,946,929
2023-11-26,metlife,NFL,NE @ NYG,13,116.2,29.0,115.7,47.0,77.5,51.2,1980,2387
2023-11-26,msg,NBA,PHX @ NYK,19,50.5,29.2,49.1,28.9,39.7,35.8,2724,2114
2023-11-28,barclays,NBA,TOR @ BKN,19,21.6,17.4,4.9,18.3,8.9,17.6,920,1093
2023-11-28,msg,NBA,CHA @ NYK,19,17.1,35.3,53.5,43.1,51.9,39.9,6318,2592
2023-11-30,barclays,NBA,CHA @ BKN,19,13.9,15.1,3.3,6.4,11.4,20.9,1226,1403
2023-11-30,msg,NBA,DET @ NYK,19,15.3,28.0,34.6,33.3,41.8,39.1,6889,3249
2023-12-02,barclays,NBA,ORL @ BKN,19,22.9,17.3,16.7,16.0,27.8,20.0,2187,1869
2023-12-03,metlife,NFL,ATL @ NYJ,13,61.7,85.0,39.2,87.8,66.5,76.7,1855,2798
2023-12-08,barclays,NBA,WAS @ BKN,19,20.5,15.6,17.3,13.7,23.6,24.7,1977,1880
2023-12-08,msg,Concert,Phish NYE run,20,26.3,42.2,33.5,42.3,46.8,31.4,2932,1712
2023-12-09,msg,Concert,Phish NYE run,20,-2.4,1.5,11.8,18.2,17.7,28.6,2361,1842
2023-12-10,metlife,NFL,HOU @ NYJ,13,67.4,89.9,56.1,91.5,63.4,74.7,1820,2766
2023-12-11,metlife,NFL,GB @ NYG,20,68.0,44.3,42.2,74.3,42.6,42.7,908,93
2023-12-11,msg,NBA,TOR @ NYK,19,35.5,64.3,51.4,60.1,75.6,69.0,5924,2882
2023-12-19,msg,Concert,Billy Joel MSG residency,20,16.9,47.7,30.7,42.9,49.9,56.5,2624,1192
2023-12-20,barclays,NBA,NYK @ BKN,19,26.1,14.2,15.8,11.7,22.4,15.0,1149,1167
2023-12-22,barclays,NBA,DEN @ BKN,19,14.7,9.4,6.6,-5.5,-2.5,-3.9,1556,1447
2023-12-23,barclays,NBA,DET @ BKN,19,-10.4,-14.7,-11.4,-15.1,-25.4,-23.8,1271,1182
2023-12-23,msg,NBA,MIL @ NYK,19,-15.9,-6.5,-17.5,-16.4,-6.7,-22.1,3722,2349
2023-12-24,metlife,NFL,WAS @ NYJ,13,-2.6,36.5,-14.9,31.1,-12.5,28.6,966,2024
2023-12-25,msg,NBA,MIL @ NYK,19,-50.4,-26.0,-54.2,-20.2,-40.6,-13.8,1993,1463
2023-12-27,barclays,NBA,MIL @ BKN,19,-13.1,-16.8,-18.2,-21.7,7.9,6.3,1012,1078
2023-12-30,msg,Concert,Phish NYE run,20,-20.1,-19.0,-16.0,-19.6,6.0,-15.1,2124,1212
2023-12-31,metlife,NFL,LA @ NYG,13,53.4,-13.8,51.3,-28.3,46.5,-30.7,1628,1083
2023-12-31,msg,Concert,Phish NYE run,20,-11.4,4.0,27.8,55.9,16.0,24.4,977,800
2023-12-31,times_sq,StreetClosure,Times Square NYE 2023,18,-23.3,-9.8,3.1,17.0,20.7,36.1,2161,2007
2024-01-01,msg,NBA,MIN @ NYK,19,-27.4,-13.1,-45.1,-7.0,-49.5,-8.9,1692,1547
2024-01-03,msg,NBA,CHI @ NYK,19,-15.7,-2.4,-4.2,0.2,-13.1,-19.4,3831,1562
2024-01-05,barclays,NBA,OKC @ BKN,19,14.7,15.7,1.7,-3.3,0.7,0.8,1608,1518
2024-01-07,barclays,NBA,POR @ BKN,19,-8.0,-10.5,-15.3,-9.5,-14.1,-11.3,833,838
2024-01-07,metlife,NFL,PHI @ NYG,16,61.6,36.3,66.0,34.0,76.6,33.6,2133,927
2024-01-09,msg,NBA,POR @ NYK,19,61.6,59.6,56.3,43.0,21.1,16.6,5026,2156
2024-01-11,msg,Concert,Billy Joel MSG residency,20,16.4,20.2,24.4,3.4,18.0,3.4,2542,1066
2024-01-15,barclays,NBA,MIA @ BKN,19,7.1,14.0,15.7,12.1,20.2,5.4,914,862
2024-01-15,msg,NBA,ORL @ NYK,19,14.7,45.2,-11.9,46.0,-13.0,68.5,2921,2873
2024-01-17,msg,NBA,HOU @ NYK,19,39.2,51.0,57.8,35.9,44.2,31.9,6384,2565
2024-01-18,msg,NBA,WAS @ NYK,19,33.8,37.5,45.2,18.4,35.1,13.3,6560,2644
2024-01-20,msg,NBA,TOR @ NYK,19,41.8,55.7,44.5,44.9,51.3,42.1,6067,4307
2024-01-23,barclays,NBA,NYK @ BKN,19,6.2,13.4,-4.3,4.3,3.0,6.2,870,986
2024-01-25,barclays,NBA,MIN @ BKN,19,4.7,7.4,-1.9,8.6,5.5,10.9,1161,1287
2024-01-25,msg,NBA,DEN @ NYK,19,24.4,33.7,36.7,11.0,31.7,17.4,6398,2740
2024-01-27,barclays,NBA,HOU @ BKN,19,5.4,4.7,7.3,4.9,24.7,23.6,2135,1926
2024-01-27,msg,NBA,MIA @ NYK,19,22.5,24.1,22.5,19.7,36.5,23.9,5467,3751
2024-01-29,barclays,NBA,UTA @ BKN,19,21.9,10.8,-0.9,0.8,0.3,-5.0,762,777
2024-01-30,msg,NBA,UTA @ NYK,19,33.2,31.0,54.3,29.7,39.8,28.5,5809,2378
2024-01-31,barclays,NBA,PHX @ BKN,19,13.1,11.9,4.1,12.8,8.0,9.1,1013,1107
2024-02-01,msg,NBA,IND @ NYK,19,18.9,30.8,31.0,14.0,30.8,3.6,6350,2416
2024-02-02,msg,Concert,Billy Joel with Stevie Nicks (MSG adjacent billing),20,14.4,21.2,21.0,24.3,21.6,24.6,2424,1622
2024-02-03,msg,NBA,LAL @ NYK,19,22.5,39.0,25.7,39.3,47.0,26.3,5893,3824
2024-02-05,barclays,NBA,GSW @ BKN,19,26.1,16.7,6.5,8.2,5.3,4.8,800,857
2024-02-06,barclays,NBA,DAL @ BKN,19,9.5,13.3,7.1,13.5,6.3,8.2,898,1005
2024-02-06,msg,NBA,MEM @ NYK,19,27.4,31.9,41.8,29.6,31.8,24.1,5474,2297
2024-02-08,barclays,NBA,CLE @ BKN,19,13.0,10.4,2.9,10.2,1.6,13.1,1118,1312
2024-02-08,msg,NBA,DAL @ NYK,19,21.1,27.6,32.5,23.7,32.1,17.5,6413,2743
2024-02-09,msg,Concert,Billy Joel MSG residency,20,17.8,33.3,19.2,20.9,28.9,26.9,2572,1653
2024-02-10,barclays,NBA,SAS @ BKN,19,11.2,19.0,15.4,16.2,23.3,22.4,2110,1907
2024-02-10,msg,NBA,IND @ NYK,19,19.9,31.2,24.2,29.3,33.3,29.7,5338,3929
2024-02-13,barclays,NBA,BOS @ BKN,19,-10.0,-13.4,-5.9,-5.0,1.2,2.3,855,950
2024-02-24,msg,NBA,BOS @ NYK,19,21.6,26.6,25.8,40.6,44.6,28.1,5797,3878
2024-02-26,msg,NBA,DET @ NYK,19,-5.4,1.2,24.3,9.2,17.8,8.8,3961,1849
2024-02-27,msg,NBA,NOP @ NYK,19,42.4,56.1,71.4,65.4,31.7,20.4,5473,2228
2024-02-29,barclays,NBA,ATL @ BKN,19,34.1,34.4,23.2,22.1,23.0,25.5,1355,1457
2024-02-29,msg,NBA,GSW @ NYK,19,27.6,30.2,35.2,23.2,28.3,11.8,6230,2609
2024-03-02,barclays,NBA,ATL @ BKN,19,32.6,31.2,19.6,9.5,7.9,19.4,1844,1859
2024-03-04,barclays,NBA,MEM @ BKN,19,22.3,15.8,11.6,14.8,0.2,13.9,761,932
2024-03-05,barclays,NBA,PHI @ BKN,19,24.2,15.5,4.0,14.5,2.4,14.1,865,1060
2024-03-05,msg,NBA,ATL @ NYK,19,34.6,45.7,40.7,29.0,35.4,24.0,5626,2295
2024-03-08,msg,NBA,ORL @ NYK,19,7.7,21.2,16.0,18.5,22.5,24.6,5120,3481
2024-03-09,red_bulls,MLS,Dallas @ Red Bulls,19,54.4,41.1,17.2,40.6,25.4,25.7,1129,230
2024-03-09,yankee,MLS,Portland @ NYCFC,14,38.3,51.4,41.8,31.6,38.9,34.1,3108,2789
2024-03-10,msg,NBA,PHI @ NYK,19,25.7,40.0,37.8,40.4,30.4,38.8,2540,2162
2024-03-12,msg,NBA,PHI @ NYK,19,10.1,26.0,20.4,24.4,26.2,22.0,5239,2257
2024-03-15,barclays,Concert,Travis Scott Circus Maximus Tour,20,7.2,4.1,20.0,14.9,21.3,24.6,962,926
2024-03-16,yankee,MLS,Toronto @ NYCFC,19,10.7,14.9,15.2,16.4,25.0,19.9,2593,2371
2024-03-17,st_patricks,StreetClosure,NYC St. Patrick's Day Parade 2024,11,11.1,-0.6,-5.1,-12.8,14.9,8.5,4127,3925
2024-03-19,barclays,NBA,NOP @ BKN,19,7.0,8.6,18.4,18.2,14.5,28.1,968,1191
2024-03-23,msg,NBA,BKN @ NYK,19,43.0,39.0,21.8,31.0,36.9,37.5,5485,4168
2024-03-23,red_bulls,MLS,Miami @ Red Bulls,14,58.2,32.1,29.7,42.8,72.2,41.8,1232,1435
2024-03-25,msg,NBA,DET @ NYK,19,1.1,21.4,24.0,28.3,28.4,26.1,4320,2146
2024-03-28,citi,MLB,Milwaukee Brewers @ New York Mets,13,34.2,28.2,32.7,28.6,24.2,27.2,1318,1429
2024-03-28,msg,Concert,Billy Joel MSG residency,20,-17.0,1.9,-10.9,-2.8,24.0,11.4,2671,1149
2024-03-29,barclays,NBA,CHI @ BKN,19,2.6,7.3,21.5,15.3,30.7,29.1,2091,1947
2024-03-29,citi,MLB,Milwaukee Brewers @ New York Mets,13,26.6,100.2,30.2,36.0,58.7,23.6,1912,1608
2024-03-30,citi,MLB,Milwaukee Brewers @ New York Mets,13,14.7,46.8,16.3,20.3,25.0,13.5,2092,1904
2024-03-31,barclays,NBA,LAL @ BKN,19,8.8,7.3,21.0,28.6,20.2,25.5,1171,1191
2024-03-31,citi,MLB,Milwaukee Brewers @ New York Mets,13,33.5,43.0,22.2,27.0,36.6,10.4,1821,1352
2024-03-31,msg,NBA,OKC @ NYK,19,15.9,18.9,31.7,24.4,31.8,22.3,2568,1901
2024-04-01,citi,MLB,Detroit Tigers @ New York Mets,19,9.8,16.7,22.0,19.8,19.6,11.3,1043,800
2024-04-02,citi,MLB,Detroit Tigers @ New York Mets,19,34.8,32.5,40.1,30.6,5.1,12.1,1040,920
2024-04-03,barclays,NBA,IND @ BKN,19,61.0,62.6,22.8,24.0,11.7,20.3,1048,1222
2024-04-03,citi,MLB,Detroit Tigers @ New York Mets,19,78.8,60.1,39.2,36.2,5.7,23.8,1180,1104
2024-04-04,citi,MLB,Detroit Tigers @ New York Mets,12,26.3,30.7,18.7,17.8,10.4,9.7,1075,1101
2024-04-04,msg,NBA,SAC @ NYK,19,16.3,27.8,15.6,16.6,30.2,20.2,6321,2806
2024-04-05,yankee,MLB,Toronto Blue Jays @ New York Yankees,13,26.6,37.1,30.2,22.9,17.7,0.5,2493,1922
2024-04-06,barclays,NBA,DET @ BKN,19,2.0,4.5,8.0,8.6,23.5,25.9,2114,1962
2024-04-06,citi,MLS,Atlanta @ NYCFC,19,16.1,28.1,29.0,24.1,38.6,33.0,2927,2239
2024-04-06,yankee,MLB,Toronto Blue Jays @ New York Yankees,19,8.3,31.3,19.1,21.2,45.5,20.9,3023,2392
2024-04-07,barclays,NBA,SAC @ BKN,19,-2.2,-4.8,5.3,3.8,2.5,1.3,996,958
2024-04-07,yankee,MLB,Toronto Blue Jays @ New York Yankees,13,17.9,33.3,11.3,18.7,10.1,9.5,1950,1754
2024-04-08,yankee,MLB,Miami Marlins @ New York Yankees,18,6.9,18.9,16.7,12.3,27.9,6.3,1806,1206
2024-04-09,yankee,MLB,Miami Marlins @ New York Yankees,19,7.2,34.2,25.8,16.5,60.0,19.4,2120,1340
2024-04-10,barclays,NBA,TOR @ BKN,19,0.0,-2.9,-0.7,3.0,13.2,14.6,1062,1163
2024-04-10,yankee,MLB,Miami Marlins @ New York Yankees,19,7.0,29.4,21.5,12.8,44.8,10.0,2077,1362
2024-04-12,citi,MLB,Kansas City Royals @ New York Mets,19,1.1,19.3,14.0,14.8,31.5,24.1,2441,1926
2024-04-12,msg,NBA,BKN @ NYK,19,5.5,25.3,10.4,19.1,26.5,20.4,5290,3361
2024-04-13,citi,MLB,Kansas City Royals @ New York Mets,13,40.4,51.2,28.8,34.5,36.9,18.8,2292,1993
2024-04-13,red_bulls,MLS,Chicago @ Red Bulls,19,43.1,44.0,48.0,48.3,36.7,103.1,1232,374
2024-04-13,yankee,MLS,New England @ NYCFC,19,13.0,18.0,20.3,24.0,32.6,16.8,2753,2310
2024-04-14,citi,MLB,Kansas City Royals @ New York Mets,13,25.6,54.0,14.6,27.1,30.8,12.4,1742,1377
2024-04-14,msg,NBA,CHI @ NYK,19,12.6,8.5,43.2,55.8,29.9,52.9,2530,2385
2024-04-15,citi,MLB,Pittsburgh Pirates @ New York Mets,19,6.2,27.2,19.0,15.0,33.1,24.4,1161,895
2024-04-16,citi,MLB,Pittsburgh Pirates @ New York Mets,19,9.1,29.4,27.0,13.8,36.9,18.7,1358,975
2024-04-17,citi,MLB,Pittsburgh Pirates @ New York Mets,13,10.3,33.1,18.9,15.3,41.7,37.6,1394,1423
2024-04-19,yankee,MLB,Tampa Bay Rays @ New York Yankees,19,4.1,12.0,11.7,12.4,35.7,12.0,2658,2071
2024-04-20,citi,MLS,D.C. @ NYCFC,19,48.2,56.3,73.6,51.7,59.0,56.8,3363,2645
2024-04-20,msg,NBA,PHI @ NYK,19,7.4,12.0,20.2,13.2,23.9,16.6,4958,3528
2024-04-20,yankee,MLB,Tampa Bay Rays @ New York Yankees,13,9.3,17.4,8.9,1.9,10.4,6.9,2315,2121
2024-04-21,yankee,MLB,Tampa Bay Rays @ New York Yankees,13,13.9,17.6,4.2,4.9,5.3,-4.2,1864,1533
2024-04-22,msg,NBA,PHI @ NYK,19,-5.9,4.0,0.3,8.9,15.1,13.7,3872,1933
2024-04-22,yankee,MLB,Oakland Athletics @ New York Yankees,13,1.9,6.0,-3.9,-9.2,-2.2,-4.3,1723,1486
2024-04-23,yankee,MLB,Oakland Athletics @ New York Yankees,19,-0.0,6.0,19.4,12.1,20.9,12.3,1598,1260
2024-04-24,yankee,MLB,Oakland Athletics @ New York Yankees,19,9.0,16.9,15.6,11.3,34.0,16.7,1921,1445
2024-04-25,yankee,MLB,Oakland Athletics @ New York Yankees,19,12.2,16.8,23.4,8.5,37.6,26.5,2265,1698
2024-04-26,citi,MLB,St. Louis Cardinals @ New York Mets,19,15.2,30.4,22.8,19.8,47.2,31.6,2736,2043
2024-04-26,msg,Concert,Billy Joel MSG residency,20,4.9,17.7,16.0,26.9,37.9,30.0,2752,1693
2024-04-27,citi,MLB,St. Louis Cardinals @ New York Mets,16,14.6,45.2,33.4,26.7,29.2,14.5,2502,2137
2024-04-27,red_bulls,MLS,Vancouver @ Red Bulls,19,60.1,22.0,67.2,32.6,64.6,65.6,1487,304
2024-04-27,yankee,MLS,Charlotte @ NYCFC,19,12.3,21.1,11.8,15.7,20.0,15.9,2488,2291
2024-04-28,citi,MLB,St. Louis Cardinals @ New York Mets,13,17.5,56.3,26.1,51.1,43.3,29.1,1911,1584
2024-04-29,citi,MLB,Chicago Cubs @ New York Mets,19,21.9,56.9,40.2,27.5,29.1,21.2,1126,872
2024-04-30,citi,MLB,Chicago Cubs @ New York Mets,19,3.4,32.4,40.0,29.7,66.0,32.1,1649,1086
2024-04-30,msg,NBA,PHI @ NYK,19,18.0,43.7,26.3,25.0,41.7,46.3,5890,2711
2024-05-01,citi,MLB,Chicago Cubs @ New York Mets,19,13.0,58.8,34.7,22.2,50.0,21.3,1681,1081
2024-05-02,citi,MLB,Chicago Cubs @ New York Mets,13,16.6,44.6,30.1,21.8,21.3,13.6,1287,1275
2024-05-03,yankee,MLB,Detroit Tigers @ New York Yankees,19,19.4,23.4,18.8,10.7,40.7,13.6,2757,2101
2024-05-04,yankee,MLB,Detroit Tigers @ New York Yankees,13,40.2,67.8,39.9,40.8,32.8,23.8,2789,2460
2024-05-05,citi,MLS,Colorado @ NYCFC,16,67.2,71.4,44.5,42.2,40.5,41.8,1794,1516
2024-05-05,yankee,MLB,Detroit Tigers @ New York Yankees,13,19.4,34.3,41.3,38.4,47.5,19.9,2625,1924
2024-05-06,msg,NBA,IND @ NYK,19,13.9,36.0,24.4,30.3,40.8,44.5,4740,2461
2024-05-07,yankee,MLB,Houston Astros @ New York Yankees,19,14.2,25.1,37.9,11.7,49.6,13.3,1981,1271
2024-05-08,msg,NBA,IND @ NYK,19,18.6,38.6,17.6,33.7,36.4,47.3,6033,2868
2024-05-08,yankee,MLB,Houston Astros @ New York Yankees,19,14.7,26.7,24.0,10.8,59.4,21.7,2290,1508
2024-05-09,msg,Concert,Billy Joel MSG residency,20,11.0,26.0,26.8,26.3,31.3,25.8,2831,1299
2024-05-09,yankee,MLB,Houston Astros @ New York Yankees,17,15.0,17.4,15.2,14.4,37.4,20.3,2764,1882
2024-05-10,citi,MLB,Atlanta Braves @ New York Mets,19,21.7,43.2,29.5,24.6,44.3,24.8,2681,1937
2024-05-11,citi,MLB,Atlanta Braves @ New York Mets,16,25.0,50.4,34.0,32.1,42.2,25.4,2756,2343
2024-05-11,red_bulls,MLS,New England @ Red Bulls,19,56.8,66.6,77.8,67.9,56.8,149.4,1415,461
2024-05-12,citi,MLB,Atlanta Braves @ New York Mets,19,12.5,42.9,30.8,38.8,36.7,32.8,1461,1076
2024-05-13,citi,MLB,Philadelphia Phillies @ New York Mets,19,48.0,116.3,38.5,37.8,89.7,24.4,1660,895
2024-05-14,citi,MLB,Philadelphia Phillies @ New York Mets,13,32.5,64.8,37.2,31.7,43.0,23.6,1371,1229
2024-05-14,msg,NBA,IND @ NYK,19,13.4,35.5,48.1,75.9,56.7,78.7,6519,3318
2024-05-17,yankee,MLB,Chicago White Sox @ New York Yankees,19,-0.6,13.6,12.0,13.4,43.5,17.8,2813,2180
2024-05-18,citi,MLS,New York @ NYCFC,19,32.0,45.1,34.5,31.1,40.7,28.2,2972,2158
2024-05-18,yankee,MLB,Chicago White Sox @ New York Yankees,13,22.2,25.8,9.0,7.5,11.0,4.8,2327,2079
2024-05-19,msg,NBA,IND @ NYK,19,26.4,9.2,29.7,46.7,31.1,64.1,2553,2564
2024-05-19,yankee,MLB,Chicago White Sox @ New York Yankees,13,14.0,19.8,11.4,5.4,15.8,-1.5,2053,1577
2024-05-20,yankee,MLB,Seattle Mariners @ New York Yankees,19,15.6,51.8,37.3,18.2,65.2,8.5,1976,1111
2024-05-21,yankee,MLB,Seattle Mariners @ New York Yankees,19,19.0,32.9,31.5,11.8,72.0,20.2,2281,1349
2024-05-22,yankee,MLB,Seattle Mariners @ New York Yankees,19,1.9,34.3,26.6,9.4,68.2,20.2,2417,1489
2024-05-23,yankee,MLB,Seattle Mariners @ New York Yankees,12,29.2,35.6,7.8,5.1,17.9,2.0,2169,1661
2024-05-24,citi,MLB,San Francisco Giants @ New York Mets,19,10.4,33.1,13.4,8.6,30.0,6.8,2414,1655
2024-05-25,citi,MLB,San Francisco Giants @ New York Mets,13,13.5,36.5,18.6,26.5,30.9,17.2,2192,1966
2024-05-26,citi,MLB,San Francisco Giants @ New York Mets,13,11.7,73.7,28.5,58.9,61.1,49.6,2153,1840
2024-05-27,citi,MLB,Los Angeles Dodgers @ New York Mets,16,132.3,108.9,18.0,21.2,27.4,9.7,1292,1085
2024-05-28,citi,MLB,Los Angeles Dodgers @ New York Mets,16,15.2,40.8,7.3,20.6,14.2,3.5,1227,1113
2024-05-29,citi,MLB,Los Angeles Dodgers @ New York Mets,16,16.1,44.3,7.0,5.4,37.8,2.9,1569,1196
2024-05-29,red_bulls,MLS,Charlotte @ Red Bulls,19,44.4,37.0,44.8,44.0,13.1,74.4,1154,357
2024-05-30,citi,MLB,Arizona Diamondbacks @ New York Mets,19,0.7,19.8,10.3,9.2,40.3,15.8,1894,1243
2024-05-31,citi,MLB,Arizona Diamondbacks @ New York Mets,19,7.0,38.1,10.2,9.1,43.3,17.7,2663,1825
2024-05-31,yankee,MLS,San Jose @ NYCFC,19,3.1,5.0,0.0,4.1,31.5,21.8,2575,2253
2024-06-01,citi,MLB,Arizona Diamondbacks @ New York Mets,16,67.5,87.1,65.5,43.2,44.8,25.0,2807,2335
2024-06-01,red_bulls,MLS,Orlando @ Red Bulls,19,79.1,55.3,86.5,66.2,95.9,120.7,1774,407
2024-06-02,citi,MLB,Arizona Diamondbacks @ New York Mets,13,56.6,61.9,44.7,63.9,61.6,46.0,2160,1795
2024-06-04,yankee,MLB,Minnesota Twins @ New York Yankees,19,16.5,27.3,32.2,9.6,66.6,19.3,2208,1339
2024-06-05,yankee,MLB,Minnesota Twins @ New York Yankees,19,26.3,36.6,39.1,14.1,77.8,19.8,2558,1484
2024-06-06,yankee,MLB,Minnesota Twins @ New York Yankees,19,19.2,23.4,30.4,9.3,49.7,13.3,2466,1520
2024-06-07,msg,Concert,Madonna Celebration Tour,20,2.2,8.8,5.7,21.8,10.0,36.2,2192,1775
2024-06-07,yankee,MLB,Los Angeles Dodgers @ New York Yankees,19,8.5,23.4,9.6,4.0,52.8,18.1,2996,2184
2024-06-08,citi,MLB,Philadelphia Phillies @ New York Mets,13,30.8,71.8,33.1,100.8,32.0,76.0,2209,2968
2024-06-08,msg,Concert,Billy Joel MSG residency,20,5.3,4.7,6.8,15.5,13.0,29.2,2267,1850
2024-06-08,msg,Concert,Madonna Celebration Tour,20,5.3,4.7,6.8,15.5,13.0,29.2,2267,1850
2024-06-08,yankee,MLB,Los Angeles Dodgers @ New York Yankees,19,3.7,25.9,8.9,9.2,43.7,10.6,2986,2185
2024-06-09,yankee,MLB,Los Angeles Dodgers @ New York Yankees,19,-5.5,29.2,17.2,11.5,63.4,24.3,2179,1595
2024-06-11,citi,MLB,Miami Marlins @ New York Mets,19,17.7,39.7,29.3,18.9,51.9,39.4,1508,1146
2024-06-12,citi,MLB,Miami Marlins @ New York Mets,19,13.3,38.6,40.4,35.0,71.5,37.5,1925,1227
2024-06-13,citi,MLB,Miami Marlins @ New York Mets,19,16.3,35.2,32.4,24.2,47.1,24.0,1986,1331
2024-06-14,citi,MLB,San Diego Padres @ New York Mets,19,39.7,48.4,43.3,33.3,42.5,20.7,2647,1873
2024-06-14,yankee,MLS,Columbus @ NYCFC,20,22.8,29.3,16.0,8.8,25.7,15.4,1175,1064
2024-06-15,citi,MLB,San Diego Padres @ New York Mets,16,50.7,80.6,50.1,43.4,47.4,24.9,2859,2333
2024-06-15,red_bulls,MLS,Nashville @ Red Bulls,19,76.6,69.8,64.3,75.7,70.5,118.0,1541,402
2024-06-16,citi,MLB,San Diego Padres @ New York Mets,13,39.8,50.8,32.4,48.4,45.7,48.0,1944,1820
2024-06-18,yankee,MLB,Baltimore Orioles @ New York Yankees,19,16.6,22.1,32.8,11.0,90.8,25.5,2533,1409
2024-06-19,yankee,MLB,Baltimore Orioles @ New York Yankees,19,-10.7,16.2,-5.9,2.0,47.4,23.4,2115,1529
2024-06-20,yankee,MLB,Baltimore Orioles @ New York Yankees,16,9.8,25.4,7.8,25.0,19.6,8.1,2564,1904
2024-06-21,yankee,MLB,Atlanta Braves @ New York Yankees,19,14.0,27.1,15.2,7.4,48.1,9.4,2904,2023
2024-06-22,red_bulls,MLS,Toronto @ Red Bulls,19,77.9,53.2,44.3,82.7,89.1,102.5,1712,373
2024-06-22,yankee,MLB,Atlanta Braves @ New York Yankees,19,10.9,35.5,16.7,11.9,35.1,16.5,2805,2303
2024-06-23,yankee,MLB,Atlanta Braves @ New York Yankees,13,22.1,39.3,32.4,22.9,57.6,7.9,2808,1728
2024-06-25,citi,MLB,New York Yankees @ New York Mets,19,22.7,75.8,29.0,37.1,119.6,35.7,2189,1116
2024-06-26,citi,MLB,New York Yankees @ New York Mets,19,17.4,70.8,71.2,45.8,90.9,30.8,2146,1167
2024-06-28,citi,MLB,Houston Astros @ New York Mets,19,14.2,47.8,14.2,21.5,71.5,24.6,3193,1933
2024-06-28,yankee,MLS,Orlando @ NYCFC,19,-4.1,-1.1,2.7,3.6,30.3,15.9,2551,2144
2024-06-29,citi,MLB,Houston Astros @ New York Mets,16,21.5,49.5,19.0,28.5,29.9,10.8,2515,2068
2024-06-29,red_bulls,MLS,D.C. @ Red Bulls,19,67.1,75.9,38.7,81.7,35.7,107.9,1223,383
2024-06-30,citi,MLB,Houston Astros @ New York Mets,13,24.3,38.2,17.1,32.4,82.3,59.8,2443,1969
2024-06-30,times_sq,StreetClosure,NYC Pride March 2024,12,16.0,-10.8,7.4,-4.2,17.0,3.3,2421,2257
2024-07-02,yankee,MLB,Cincinnati Reds @ New York Yankees,19,-14.7,-0.2,5.6,7.0,70.3,13.4,2258,1273
2024-07-03,citi,MLS,Montréal @ NYCFC,19,19.5,28.9,40.7,53.3,52.6,25.6,1710,1120
2024-07-03,yankee,MLB,Cincinnati Reds @ New York Yankees,19,-10.1,5.6,-5.6,4.9,50.8,31.0,2164,1624
2024-07-04,yankee,MLB,Cincinnati Reds @ New York Yankees,13,-8.2,3.8,-1.3,0.7,-10.0,-2.2,1855,1809
2024-07-05,yankee,MLB,Boston Red Sox @ New York Yankees,19,-12.9,9.7,-4.7,-6.2,20.7,-9.6,2362,1669
2024-07-06,yankee,MLB,Boston Red Sox @ New York Yankees,13,-3.2,6.2,8.0,0.7,17.4,-2.1,2464,1942
2024-07-07,yankee,MLB,Boston Red Sox @ New York Yankees,19,-10.2,27.3,14.3,8.5,48.5,16.2,1977,1490
2024-07-09,citi,MLB,Washington Nationals @ New York Mets,19,17.2,49.7,30.4,19.7,47.0,12.8,1459,926
2024-07-10,citi,MLB,Washington Nationals @ New York Mets,19,20.5,47.8,41.4,25.5,44.9,21.2,1623,1080
2024-07-11,citi,MLB,Washington Nationals @ New York Mets,13,23.5,52.9,21.3,19.9,29.6,20.1,1376,1349
2024-07-12,citi,MLB,Colorado Rockies @ New York Mets,19,27.2,52.0,15.0,9.8,28.0,9.5,2375,1698
2024-07-13,citi,MLB,Colorado Rockies @ New York Mets,16,19.4,50.1,23.4,26.8,24.5,23.0,2410,2298
2024-07-14,citi,MLB,Colorado Rockies @ New York Mets,13,32.3,68.9,41.8,69.1,56.2,51.2,2087,1861
2024-07-17,red_bulls,MLS,Montréal @ Red Bulls,19,22.8,52.6,2.7,42.6,-6.0,96.0,957,402
2024-07-19,yankee,MLB,Tampa Bay Rays @ New York Yankees,19,3.5,15.7,5.4,1.3,43.4,24.4,2811,2302
2024-07-20,red_bulls,MLS,Cincinnati @ Red Bulls,19,65.5,53.4,56.4,58.6,88.2,81.7,1703,334
2024-07-20,yankee,MLB,Tampa Bay Rays @ New York Yankees,13,11.7,16.5,9.7,0.8,5.8,1.3,2217,2009
2024-07-21,yankee,MLB,Tampa Bay Rays @ New York Yankees,13,12.2,19.4,13.9,7.7,18.2,4.2,2095,1669
2024-07-22,yankee,MLB,Tampa Bay Rays @ New York Yankees,13,10.5,20.3,-3.3,-3.3,6.0,-0.4,1868,1547
2024-07-23,yankee,MLB,New York Mets @ New York Yankees,19,1.8,13.9,10.6,-3.2,71.4,14.2,2272,1281
2024-07-24,yankee,MLB,New York Mets @ New York Yankees,19,8.4,19.8,26.0,-1.9,70.1,12.7,2446,1395
2024-07-25,citi,MLB,Atlanta Braves @ New York Mets,19,14.8,46.7,26.5,18.9,53.5,19.9,2074,1287
2024-07-25,msg,Concert,Billy Joel MSG residency,20,7.3,23.9,13.0,21.0,32.3,29.6,2853,1339
2024-07-26,citi,MLB,Atlanta Braves @ New York Mets,19,15.2,50.1,14.2,15.5,54.6,30.6,2876,2027
2024-07-27,citi,MLB,Atlanta Braves @ New York Mets,16,17.1,53.8,19.8,26.5,16.6,12.1,2256,2092
2024-07-28,citi,MLB,Atlanta Braves @ New York Mets,13,25.0,48.8,24.4,41.6,37.5,25.9,1833,1545
2024-07-29,citi,MLB,Minnesota Twins @ New York Mets,19,11.5,48.9,22.5,14.4,51.3,24.5,1321,896
2024-07-30,citi,MLB,Minnesota Twins @ New York Mets,19,16.5,44.2,48.6,19.1,36.5,21.7,1354,1000
2024-07-31,citi,MLB,Minnesota Twins @ New York Mets,13,25.4,61.1,24.5,21.3,36.9,26.8,1346,1310
2024-08-02,citi,Concert,Dead & Company Citi Field,20,74.2,61.6,6.1,18.7,18.8,-2.9,1141,741
2024-08-02,yankee,MLB,Toronto Blue Jays @ New York Yankees,19,21.6,39.0,12.5,14.2,48.1,11.0,2904,2052
2024-08-03,citi,Concert,Dead & Company Citi Field,20,52.7,75.5,35.6,39.9,20.0,10.1,1291,909
2024-08-03,yankee,MLB,Toronto Blue Jays @ New York Yankees,13,14.3,24.2,16.0,9.8,24.0,15.4,2604,2291
2024-08-04,yankee,MLB,Toronto Blue Jays @ New York Yankees,13,12.6,14.4,12.5,9.5,30.7,23.8,2321,1987
2024-08-06,yankee,MLB,Los Angeles Angels @ New York Yankees,19,52.9,55.4,55.0,40.2,46.9,24.5,1944,1398
2024-08-07,yankee,MLB,Los Angeles Angels @ New York Yankees,16,19.7,10.7,14.1,13.6,6.3,8.0,2103,1749
2024-08-08,yankee,MLB,Los Angeles Angels @ New York Yankees,19,11.3,18.6,13.7,0.4,28.4,12.6,2112,1510
2024-08-09,yankee,MLB,Texas Rangers @ New York Yankees,19,-0.7,0.1,-1.3,-3.3,0.3,5.0,1959,1940
2024-08-10,yankee,MLB,Texas Rangers @ New York Yankees,13,-1.4,9.2,5.4,5.8,8.3,14.5,2271,2273
2024-08-11,yankee,MLB,Texas Rangers @ New York Yankees,13,4.8,4.7,-1.6,-5.7,-3.0,-4.4,1715,1529
2024-08-13,citi,MLB,Oakland Athletics @ New York Mets,19,4.0,31.4,20.1,12.6,56.7,11.6,1556,916
2024-08-14,citi,MLB,Oakland Athletics @ New York Mets,19,11.2,35.9,29.6,17.2,36.8,18.4,1531,1055
2024-08-15,citi,MLB,Oakland Athletics @ New York Mets,13,15.5,45.1,15.3,21.2,27.7,16.8,1356,1311
2024-08-16,citi,MLB,Miami Marlins @ New York Mets,19,21.2,40.5,11.2,14.5,38.6,20.7,2574,1873
2024-08-17,citi,MLB,Miami Marlins @ New York Mets,16,20.7,37.3,46.8,39.0,17.3,12.6,2270,2101
2024-08-18,citi,MLB,Miami Marlins @ New York Mets,12,19.3,45.5,12.0,16.7,25.5,18.1,1612,1448
2024-08-19,citi,MLB,Baltimore Orioles @ New York Mets,19,30.1,46.6,21.0,11.0,33.2,15.1,1162,828
2024-08-20,citi,MLB,Baltimore Orioles @ New York Mets,19,13.7,68.6,47.8,20.6,67.2,11.0,1661,911
2024-08-20,yankee,MLB,Cleveland Guardians @ New York Yankees,19,-5.1,14.4,3.2,0.9,35.9,15.0,1798,1291
2024-08-21,citi,MLB,Baltimore Orioles @ New York Mets,13,20.8,71.2,17.6,31.5,29.6,24.1,1273,1282
2024-08-21,yankee,MLB,Cleveland Guardians @ New York Yankees,19,-7.7,5.1,10.1,-4.1,23.7,0.3,1772,1240
2024-08-22,yankee,MLB,Cleveland Guardians @ New York Yankees,13,0.2,16.8,-5.1,-2.5,-4.1,-6.8,1977,1723
2024-08-23,yankee,MLB,Colorado Rockies @ New York Yankees,19,5.1,12.7,21.2,-4.0,33.3,6.1,2610,1961
2024-08-24,citi,MLS,Chicago @ NYCFC,19,17.3,19.4,12.3,8.5,19.1,12.6,2512,1893
2024-08-24,yankee,MLB,Colorado Rockies @ New York Yankees,14,2.3,40.0,19.8,14.0,30.0,8.2,2908,2245
2024-08-25,yankee,MLB,Colorado Rockies @ New York Yankees,13,2.1,40.5,17.1,11.3,33.9,-2.0,2378,1569
2024-08-28,us_open,Tennis,US Open 2024,11,52.3,320.5,51.2,228.9,103.6,97.2,608,586
2024-08-29,us_open,Tennis,US Open 2024,11,52.0,339.2,41.4,208.8,60.7,53.9,493,490
2024-08-30,us_open,Tennis,US Open 2024,11,39.1,305.9,38.5,221.5,38.2,68.9,447,588
2024-08-30,yankee,MLB,St. Louis Cardinals @ New York Yankees,19,-7.8,9.1,-0.3,2.9,26.2,5.3,2471,1946
2024-08-31,red_bulls,MLS,Philadelphia @ Red Bulls,19,76.2,36.2,52.3,41.8,103.3,82.2,1842,335
2024-08-31,us_open,Tennis,US Open 2024,11,33.8,324.8,24.6,186.1,34.3,53.9,532,679
2024-08-31,yankee,MLB,St. Louis Cardinals @ New York Yankees,13,2.3,9.5,10.9,-1.2,16.1,7.3,2436,2129
2024-09-01,us_open,Tennis,US Open 2024,11,68.6,427.9,50.2,248.7,45.9,102.7,457,649
2024-09-01,yankee,MLB,St. Louis Cardinals @ New York Yankees,13,7.5,11.5,8.6,7.6,16.2,12.0,2059,1795
2024-09-02,citi,MLB,Boston Red Sox @ New York Mets,19,74.6,143.1,55.6,21.5,76.2,8.2,1541,778
2024-09-02,us_open,Tennis,US Open 2024,11,6.0,305.4,19.1,256.9,62.3,93.0,486,590
2024-09-03,citi,MLB,Boston Red Sox @ New York Mets,19,43.8,95.7,26.3,17.4,72.0,5.7,1710,867
2024-09-03,us_open,Tennis,US Open 2024,11,32.6,219.6,26.0,194.8,31.7,68.1,391,514
2024-09-04,citi,MLB,Boston Red Sox @ New York Mets,19,34.3,75.5,25.9,29.6,69.0,16.5,1896,1038
2024-09-04,us_open,Tennis,US Open 2024,11,47.8,196.8,43.6,241.3,47.3,76.6,438,524
2024-09-05,us_open,Tennis,US Open 2024,11,38.5,42.0,19.8,52.0,35.8,99.3,416,636
2024-09-06,citi,MLB,Cincinnati Reds @ New York Mets,19,32.6,75.0,31.3,11.2,50.6,18.6,2799,1839
2024-09-06,us_open,Tennis,US Open 2024,11,34.1,105.1,32.1,280.2,37.5,145.0,445,858
2024-09-07,citi,MLB,Cincinnati Reds @ New York Mets,16,14.5,60.3,22.9,17.5,45.3,23.0,2817,2298
2024-09-07,red_bulls,MLS,Kansas City @ Red Bulls,19,29.6,48.0,30.5,43.3,111.1,97.2,1914,363
2024-09-07,us_open,Tennis,US Open 2024,11,26.4,129.8,27.3,205.7,21.3,204.2,480,1359
2024-09-08,citi,MLB,Cincinnati Reds @ New York Mets,13,25.8,148.6,14.6,56.9,51.0,18.5,2016,1452
2024-09-08,metlife,NFL,MIN @ NYG,13,54.1,48.7,50.7,47.7,69.1,48.3,1885,2340
2024-09-08,us_open,Tennis,US Open 2024,11,40.0,160.4,43.3,425.1,38.0,71.5,432,547
2024-09-09,us_open,Tennis,US Open 2024,11,49.1,24.4,39.6,19.6,29.5,5.2,387,320
2024-09-09,yankee,MLB,Kansas City Royals @ New York Yankees,19,5.9,14.5,18.8,15.7,44.6,17.9,1728,1208
2024-09-10,us_open,Tennis,US Open 2024,11,18.6,16.2,38.3,26.8,31.7,12.6,391,343
2024-09-10,yankee,MLB,Kansas City Royals @ New York Yankees,19,12.7,28.5,39.7,2.8,30.6,7.1,1727,1201
2024-09-11,yankee,MLB,Kansas City Royals @ New York Yankees,19,4.6,7.7,16.2,8.0,44.3,12.5,2070,1393
2024-09-12,yankee,MLB,Boston Red Sox @ New York Yankees,19,6.4,23.4,24.0,9.2,41.5,1.8,2329,1364
2024-09-13,yankee,MLB,Boston Red Sox @ New York Yankees,19,-1.0,13.2,11.7,5.9,40.1,6.6,2746,1970
2024-09-14,yankee,MLB,Boston Red Sox @ New York Yankees,13,19.4,26.4,12.2,10.3,16.4,15.4,2441,2291
2024-09-15,yankee,MLB,Boston Red Sox @ New York Yankees,13,15.4,12.4,-1.7,-2.3,4.6,-0.7,1852,1589
2024-09-16,citi,MLB,Washington Nationals @ New York Mets,19,6.8,23.6,15.9,11.3,22.2,15.4,1066,830
2024-09-17,citi,MLB,Washington Nationals @ New York Mets,19,11.1,35.3,40.8,20.4,57.1,17.0,1560,961
2024-09-18,citi,MLB,Washington Nationals @ New York Mets,19,19.8,45.8,36.4,22.5,40.7,28.7,1576,1148
2024-09-18,yankee,MLS,Philadelphia @ NYCFC,19,14.8,4.2,18.1,6.1,15.0,5.0,1646,1299
2024-09-19,citi,MLB,Philadelphia Phillies @ New York Mets,19,10.5,44.4,20.8,19.9,44.9,22.6,1957,1316
2024-09-19,metlife,NFL,NE @ NYJ,20,67.8,56.2,58.0,43.1,55.2,39.5,914,115
2024-09-20,citi,MLB,Philadelphia Phillies @ New York Mets,19,16.8,43.7,20.6,24.2,53.3,36.7,2851,2124
2024-09-21,citi,MLB,Philadelphia Phillies @ New York Mets,16,20.2,57.2,24.5,27.5,38.0,21.5,2674,2269
2024-09-21,red_bulls,MLS,Atlanta @ Red Bulls,19,58.1,52.8,42.5,58.4,66.7,86.5,1506,343
2024-09-21,yankee,MLS,Miami @ NYCFC,14,12.3,26.8,11.9,5.7,6.2,3.2,2371,2141
2024-09-22,citi,MLB,Philadelphia Phillies @ New York Mets,19,13.8,74.3,40.0,27.1,37.6,18.6,1471,959
2024-09-24,yankee,MLB,Baltimore Orioles @ New York Yankees,19,11.8,2.9,21.1,1.7,42.8,4.5,1890,1172
2024-09-25,yankee,MLB,Baltimore Orioles @ New York Yankees,19,3.4,16.0,29.1,9.0,54.5,9.2,2219,1351
2024-09-26,metlife,NFL,DAL @ NYG,20,43.2,54.3,42.1,51.5,46.9,43.1,865,118
2024-09-26,yankee,MLB,Baltimore Orioles @ New York Yankees,19,6.9,12.4,17.1,3.4,33.5,5.5,2196,1415
2024-09-27,yankee,MLB,Pittsburgh Pirates @ New York Yankees,19,3.9,17.8,10.1,8.6,34.1,8.7,2627,2010
2024-09-28,red_bulls,MLS,New York City @ Red Bulls,19,46.9,58.5,51.2,57.5,71.3,75.8,1548,323
2024-09-28,yankee,MLB,Pittsburgh Pirates @ New York Yankees,13,21.7,30.3,28.1,25.9,23.9,18.0,2600,2343
2024-09-29,metlife,NFL,DEN @ NYJ,13,52.4,47.0,48.5,45.5,65.2,49.8,1840,2365
2024-09-29,yankee,MLB,Pittsburgh Pirates @ New York Yankees,15,20.1,29.9,4.2,19.6,9.8,5.9,1928,1719
2024-10-02,red_bulls,MLS,Cincinnati @ NYCFC,19,37.9,61.3,32.0,31.1,26.3,30.9,1289,267
2024-10-05,barclays,Concert,Bad Bunny Most Wanted Tour,20,7.0,7.7,13.2,8.8,13.1,3.4,960,803
2024-10-06,barclays,Concert,Bad Bunny Most Wanted Tour,20,13.1,10.2,0.9,14.6,-17.1,3.3,369,454
2024-10-06,red_bulls,MLS,Nashville @ NYCFC,16,54.8,54.1,65.9,67.2,41.2,54.9,1698,1078
2024-10-09,msg,NBA,WAS @ NYK,19,11.5,27.0,29.4,31.8,33.6,38.1,5909,2688
2024-10-13,metlife,NFL,CIN @ NYG,20,55.2,70.1,42.2,25.4,45.0,82.5,938,107
2024-10-13,msg,NBA,MIN @ NYK,19,21.4,29.5,43.4,46.9,63.5,58.8,3198,2480
2024-10-14,barclays,NBA,WAS @ BKN,19,12.8,-1.0,21.1,14.6,12.5,14.1,855,934
2024-10-14,metlife,NFL,BUF @ NYJ,20,66.4,58.7,58.6,19.3,48.3,39.7,945,91
2024-10-15,msg,NBA,CHA @ NYK,19,6.3,20.6,33.4,33.7,38.8,40.1,5767,2595
2024-10-18,barclays,NBA,TOR @ BKN,19,9.4,8.9,5.6,3.3,14.6,17.2,1832,1766
2024-10-19,red_bulls,MLS,Columbus @ Red Bulls,18,40.6,58.1,40.0,45.4,65.5,39.5,1557,434
2024-10-20,metlife,NFL,PHI @ NYG,13,65.2,67.4,47.2,62.0,60.0,66.5,1782,2633
2024-10-25,msg,NBA,IND @ NYK,19,11.3,29.2,19.0,26.0,26.9,39.7,5308,3906
2024-10-27,barclays,NBA,MIL @ BKN,19,5.3,8.6,17.4,14.3,-6.5,3.0,908,975
2024-10-28,msg,NBA,CLE @ NYK,19,7.1,35.7,28.0,25.6,40.7,34.3,4739,2286
2024-10-29,barclays,NBA,DEN @ BKN,19,14.5,2.7,2.7,5.4,-5.4,7.6,799,999
2024-10-31,metlife,NFL,HOU @ NYJ,20,23.8,18.6,15.0,32.1,-19.2,57.5,474,130
2024-11-01,barclays,NBA,CHI @ BKN,19,2.3,7.3,10.5,7.1,18.3,17.9,1891,1777
2024-11-03,barclays,NBA,DET @ BKN,19,-2.8,-6.0,6.3,8.9,-11.8,-5.5,856,893
2024-11-03,marathon,Marathon,NYC Marathon 2024,8,70.8,30.1,7.1,2.0,-11.8,-3.8,1861,2248
2024-11-03,metlife,NFL,WAS @ NYG,13,20.6,31.1,18.5,46.3,23.2,48.2,1366,2339
2024-11-04,barclays,NBA,MEM @ BKN,19,10.2,5.9,-0.6,-3.2,-11.6,-2.9,671,794
2024-11-08,msg,NBA,MIL @ NYK,19,11.9,31.0,17.3,25.2,28.2,38.3,5363,3866
2024-11-13,barclays,NBA,BOS @ BKN,19,16.4,6.6,9.0,9.5,8.3,15.4,1016,1171
2024-11-13,msg,NBA,CHI @ NYK,19,20.2,37.2,41.6,45.2,42.9,49.4,6323,2911
2024-11-15,msg,NBA,BKN @ NYK,19,10.9,24.8,23.8,24.3,34.1,37.2,5611,3835
2024-11-17,metlife,NFL,IND @ NYJ,13,63.3,55.0,55.9,70.6,37.3,72.6,1524,2732
2024-11-17,msg,NBA,BKN @ NYK,19,28.2,25.4,41.8,33.0,26.7,37.9,2466,2148
2024-11-18,msg,NBA,WAS @ NYK,19,15.7,33.2,38.5,34.9,38.1,34.5,4649,2289
2024-11-19,barclays,NBA,CHA @ BKN,19,10.8,6.4,9.2,7.6,8.9,14.3,920,1062
2024-11-22,msg,Concert,Phish,20,30.0,43.5,38.3,41.1,28.4,33.7,2561,1742
2024-11-24,metlife,NFL,TB @ NYG,13,15.7,75.2,16.7,69.6,5.4,53.5,1166,2423
2024-11-27,macys_parade,StreetClosure,Macy's Balloon Inflation 2024,18,1.2,12.6,-11.0,7.4,-13.7,11.2,6721,5358
2024-11-28,macys_parade,StreetClosure,Macy's Thanksgiving Day Parade 2024,9,-57.6,-55.0,-28.6,-28.8,-24.8,-15.9,3867,4141
2024-11-29,barclays,NBA,ORL @ BKN,19,-9.1,-12.6,-13.1,-17.2,-17.7,-20.8,1312,1190
2024-12-01,barclays,NBA,ORL @ BKN,19,11.9,13.4,11.6,8.9,-18.9,-7.1,786,878
2024-12-01,metlife,NFL,SEA @ NYJ,13,105.8,36.3,64.8,52.1,83.9,44.3,2054,2276
2024-12-01,msg,NBA,NOP @ NYK,19,45.2,25.5,59.5,38.8,30.6,26.0,2543,1959
2024-12-03,msg,NBA,ORL @ NYK,19,24.0,51.3,49.6,53.4,65.7,44.9,6899,2686
2024-12-04,barclays,NBA,IND @ BKN,19,25.2,19.0,19.2,20.2,13.8,22.3,1068,1242
2024-12-05,msg,NBA,CHA @ NYK,19,6.0,25.1,38.0,39.1,56.4,56.8,7606,3668
2024-12-07,msg,NBA,DET @ NYK,19,3.9,9.9,20.2,12.7,29.9,22.4,5199,3706
2024-12-08,barclays,NBA,MIL @ BKN,19,27.5,14.0,15.0,22.0,1.5,5.0,987,994
2024-12-08,metlife,NFL,NO @ NYG,13,61.4,89.0,31.8,87.5,61.4,70.0,1797,2690
2024-12-11,msg,NBA,ATL @ NYK,19,-2.9,31.7,51.1,60.8,75.7,87.1,7795,3655
2024-12-15,metlife,NFL,BAL @ NYG,13,25.3,101.0,26.6,89.8,16.6,77.4,1291,2809
2024-12-16,barclays,NBA,CLE @ BKN,19,31.0,21.4,18.5,18.6,14.0,16.9,867,957
2024-12-21,barclays,NBA,UTA @ BKN,19,26.8,19.1,26.7,19.7,12.9,10.3,1931,1716
2024-12-22,metlife,NFL,LA @ NYJ,13,12.4,113.8,-13.6,100.3,-9.1,91.3,1004,3034
2024-12-23,msg,NBA,TOR @ NYK,19,-25.7,22.0,-23.4,14.1,6.4,12.7,3578,1916
2024-12-25,msg,NBA,SAS @ NYK,19,-52.7,-27.7,-53.7,-20.2,-47.0,-13.9,2329,1668
2024-12-27,barclays,NBA,SAS @ BKN,19,-6.7,-10.2,-19.1,-15.5,-20.7,-13.5,1264,1301
2024-12-28,msg,Concert,Phish NYE run,20,4.9,-1.2,-3.8,-10.3,-3.5,-23.1,1932,1096
2024-12-29,metlife,NFL,IND @ NYG,13,81.3,19.3,25.1,12.4,39.7,5.2,1551,1651
2024-12-29,msg,Concert,Phish NYE run,20,-6.6,3.4,9.3,9.1,57.7,11.2,1336,714
2024-12-30,msg,Concert,Phish NYE run,20,-39.2,-7.0,-35.4,-5.5,-0.9,17.2,1401,806
2024-12-31,msg,Concert,Phish NYE run,20,-49.5,-14.8,-37.5,49.0,-49.1,14.1,885,867
2024-12-31,times_sq,StreetClosure,Times Square NYE 2024,18,-41.7,-27.2,-31.9,-3.9,-26.8,31.4,2628,2353
2025-01-01,msg,NBA,UTA @ NYK,19,-42.8,-7.4,-51.7,-11.9,-48.2,-20.5,2277,1541
2025-01-04,barclays,NBA,PHI @ BKN,19,20.0,14.5,10.5,5.5,2.4,7.6,1749,1674
2025-01-05,metlife,NFL,MIA @ NYJ,16,57.5,19.3,53.4,10.9,79.0,18.6,2163,822
2025-01-06,barclays,NBA,IND @ BKN,19,26.1,21.1,2.4,3.0,3.4,3.1,786,843
2025-01-06,msg,NBA,ORL @ NYK,19,-1.0,1.3,19.2,-8.2,7.5,-9.8,3615,1531
2025-01-08,barclays,NBA,DET @ BKN,19,32.3,26.5,15.8,17.0,8.5,4.6,1017,1061
2025-01-08,msg,NBA,TOR @ NYK,19,16.6,24.2,31.4,13.6,20.7,7.1,5334,2079
2025-01-10,msg,NBA,OKC @ NYK,19,15.4,30.2,15.0,7.4,11.8,8.3,4671,3020
2025-01-12,msg,NBA,MIL @ NYK,19,42.8,44.8,33.1,44.3,20.1,43.1,2337,2230
2025-01-13,msg,NBA,DET @ NYK,19,28.4,53.8,37.6,44.9,30.1,50.2,4379,2559
2025-01-17,msg,NBA,MIN @ NYK,19,9.9,31.1,12.1,15.9,22.7,6.2,5130,2962
2025-01-20,msg,NBA,ATL @ NYK,19,-10.1,3.2,-33.7,2.8,-32.9,-7.0,2252,1580
2025-01-21,barclays,NBA,NYK @ BKN,19,37.0,32.5,13.2,17.2,8.0,1.4,913,941
2025-01-22,barclays,NBA,PHX @ BKN,19,32.6,26.6,12.1,19.4,11.7,2.8,1048,1042
2025-01-25,barclays,NBA,MIA @ BKN,19,25.5,14.8,17.3,15.9,3.8,18.6,1773,1846
2025-01-25,msg,NBA,SAC @ NYK,19,35.0,37.2,31.1,27.6,29.1,11.8,5167,3382
2025-01-27,barclays,NBA,SAC @ BKN,19,23.5,19.0,6.3,13.7,4.9,4.4,797,854
2025-01-27,msg,NBA,MEM @ NYK,19,10.7,21.2,27.3,14.4,19.4,0.8,4017,1713
2025-01-29,msg,NBA,DEN @ NYK,19,20.0,32.0,30.6,21.8,21.7,6.7,5377,2071
2025-02-01,msg,NBA,LAL @ NYK,19,32.6,29.3,32.6,31.9,32.6,1.2,5309,3057
2025-02-03,msg,NBA,HOU @ NYK,19,13.2,23.5,26.3,12.6,25.6,-1.3,4226,1677
2025-02-04,barclays,NBA,HOU @ BKN,19,21.0,24.9,8.8,12.9,8.6,8.5,918,1008
2025-02-05,barclays,NBA,WAS @ BKN,19,22.5,23.3,12.7,15.2,9.4,8.1,1026,1097
2025-02-07,barclays,NBA,MIA @ BKN,19,21.6,23.1,24.8,22.9,16.5,21.5,1862,1832
2025-02-08,msg,NBA,BOS @ NYK,19,31.8,28.2,23.2,28.0,3.4,-1.6,4131,2971
2025-02-10,barclays,NBA,CHA @ BKN,19,28.1,25.6,18.8,20.4,11.5,11.2,848,910
2025-02-12,barclays,NBA,PHI @ BKN,19,29.2,24.3,25.0,17.0,10.9,19.9,1040,1217
2025-02-12,msg,NBA,ATL @ NYK,19,25.4,29.1,30.1,19.0,31.1,8.4,5799,2104
2025-02-20,barclays,NBA,CLE @ BKN,19,26.1,29.5,30.0,29.5,20.6,20.6,1328,1400
2025-02-20,msg,NBA,CHI @ NYK,19,33.9,30.2,30.7,8.5,16.6,0.6,5658,2345
2025-02-26,barclays,NBA,OKC @ BKN,19,23.5,25.9,20.0,23.0,24.6,17.9,1170,1197
2025-02-26,msg,NBA,PHI @ NYK,19,13.6,30.2,28.2,19.0,25.2,6.8,5534,2073
2025-02-28,barclays,NBA,POR @ BKN,19,25.7,28.2,23.7,17.0,18.9,20.6,1901,1818
2025-03-04,msg,NBA,GSW @ NYK,19,10.6,25.7,20.9,6.2,33.2,9.5,5534,2024
2025-03-06,barclays,NBA,GSW @ BKN,19,13.2,11.9,18.8,20.3,13.0,18.1,1244,1371
2025-03-08,yankee,MLS,Orlando @ NYCFC,19,11.2,25.4,26.2,25.8,35.4,19.6,2812,2365
2025-03-10,barclays,NBA,LAL @ BKN,19,8.0,9.8,11.5,8.8,16.5,10.8,886,907
2025-03-15,barclays,NBA,BOS @ BKN,19,4.1,3.7,6.0,7.2,17.9,20.4,2016,1875
2025-03-15,yankee,MLS,New England @ NYCFC,19,10.5,10.2,6.6,7.1,17.8,16.1,2442,2295
2025-03-16,barclays,NBA,ATL @ BKN,19,5.7,1.6,7.6,11.4,0.4,-0.7,976,939
2025-03-17,msg,NBA,MIA @ NYK,19,2.5,21.8,20.5,24.2,44.5,27.7,4868,2173
2025-03-17,st_patricks,StreetClosure,NYC St. Patrick's Day Parade 2025,11,1.0,3.8,-7.0,0.8,-10.3,-3.8,3480,3520
2025-03-22,msg,NBA,WAS @ NYK,19,11.0,13.0,15.3,13.7,23.7,10.2,4949,3333
2025-03-24,barclays,NBA,DAL @ BKN,19,2.7,4.8,6.8,-6.9,-2.5,-0.1,741,817
2025-03-25,msg,NBA,DAL @ NYK,19,7.3,27.6,19.1,22.1,28.3,13.4,5329,2098
2025-03-26,barclays,NBA,TOR @ BKN,19,-0.3,7.9,17.4,7.2,21.8,16.0,1143,1178
2025-03-26,msg,NBA,LAC @ NYK,19,13.9,28.8,17.9,19.1,30.6,15.0,5774,2235
2025-03-27,yankee,MLB,Milwaukee Brewers @ New York Yankees,15,11.0,21.0,6.6,7.7,11.6,-4.4,2516,1922
2025-03-28,barclays,NBA,LAC @ BKN,19,2.3,-1.1,6.6,6.2,13.1,13.3,1807,1708
2025-03-28,msg,Concert,Lady Gaga Mayhem Ball,20,-0.3,7.0,15.6,14.9,4.0,3.9,2071,1351
2025-03-29,msg,Concert,Lady Gaga Mayhem Ball,20,8.8,13.2,18.2,9.2,0.2,0.7,2008,1439
2025-03-29,yankee,MLB,Milwaukee Brewers @ New York Yankees,13,25.3,23.0,18.1,6.3,17.0,6.8,2455,2119
2025-03-30,msg,NBA,POR @ NYK,19,5.1,4.9,11.7,11.9,6.4,12.6,2066,1748
2025-03-30,yankee,MLB,Milwaukee Brewers @ New York Yankees,13,13.0,9.4,-3.1,-7.2,-5.6,-13.3,1669,1385
2025-04-01,msg,NBA,PHI @ NYK,19,14.8,28.7,24.5,22.3,18.7,19.6,4926,2212
2025-04-01,yankee,MLB,Arizona Diamondbacks @ New York Yankees,19,17.2,26.7,26.7,13.4,40.6,21.0,1861,1358
2025-04-02,yankee,MLB,Arizona Diamondbacks @ New York Yankees,19,29.3,34.4,33.8,19.8,40.4,16.0,2014,1436
2025-04-03,barclays,NBA,MIN @ BKN,19,11.3,8.8,0.6,4.6,11.5,15.6,1227,1341
2025-04-03,yankee,MLB,Arizona Diamondbacks @ New York Yankees,19,16.6,32.2,19.4,9.5,41.6,13.8,2331,1526
2025-04-04,citi,MLB,Toronto Blue Jays @ New York Mets,15,25.5,77.2,20.8,20.1,38.4,19.8,2136,2129
2025-04-05,citi,MLB,Toronto Blue Jays @ New York Mets,19,36.9,67.6,28.7,26.5,42.6,19.4,3012,2007
2025-04-06,barclays,NBA,TOR @ BKN,19,5.6,3.2,5.8,3.5,9.2,7.0,1062,1013
2025-04-06,citi,MLB,Toronto Blue Jays @ New York Mets,13,24.1,54.2,28.9,37.9,26.6,13.7,1685,1393
2025-04-06,msg,NBA,PHX @ NYK,19,8.6,21.5,17.5,20.8,10.4,21.8,2145,1893
2025-04-06,yankee,MLS,Minnesota @ NYCFC,15,12.0,8.6,5.2,1.5,-1.1,-2.9,1735,1575
2025-04-07,citi,MLB,Miami Marlins @ New York Mets,19,17.1,30.9,9.8,14.0,21.4,10.0,1059,791
2025-04-08,barclays,NBA,NOP @ BKN,19,13.1,14.6,17.8,15.7,15.7,10.2,978,1024
2025-04-08,citi,MLB,Miami Marlins @ New York Mets,16,24.8,31.3,20.9,16.7,29.1,16.3,1389,1252
2025-04-08,msg,NBA,BOS @ NYK,19,21.7,37.4,34.8,30.1,35.2,21.2,5618,2242
2025-04-09,citi,MLB,Miami Marlins @ New York Mets,13,29.5,54.6,24.1,20.9,23.7,13.6,1215,1173
2025-04-10,barclays,NBA,ATL @ BKN,19,26.5,19.0,11.1,15.0,7.3,9.4,1181,1269
2025-04-11,msg,NBA,CLE @ NYK,19,16.7,32.9,24.7,24.4,35.5,25.3,5669,3499
2025-04-11,yankee,MLB,San Francisco Giants @ New York Yankees,19,11.5,21.5,19.3,20.9,32.7,31.1,2599,2427
2025-04-12,citi,MLS,Philadelphia @ NYCFC,19,22.3,41.4,29.0,32.7,34.5,29.6,2839,2181
2025-04-12,yankee,MLB,San Francisco Giants @ New York Yankees,15,34.8,33.8,24.6,9.9,18.3,9.5,2719,2322
2025-04-13,barclays,NBA,NYK @ BKN,19,4.7,0.4,7.5,12.9,6.5,11.4,1036,1055
2025-04-13,yankee,MLB,San Francisco Giants @ New York Yankees,13,24.1,21.2,17.7,9.8,15.4,3.3,2045,1654
2025-04-14,yankee,MLB,Kansas City Royals @ New York Yankees,19,8.8,38.6,19.7,16.3,51.1,14.7,1806,1175
2025-04-15,yankee,MLB,Kansas City Royals @ New York Yankees,19,11.7,24.0,23.4,20.0,41.3,23.8,1870,1390
2025-04-16,yankee,MLB,Kansas City Royals @ New York Yankees,19,17.3,24.1,26.5,19.8,45.9,27.9,2094,1585
2025-04-17,citi,MLB,St. Louis Cardinals @ New York Mets,19,27.1,67.2,28.5,22.3,39.7,23.8,1886,1329
2025-04-18,citi,MLB,St. Louis Cardinals @ New York Mets,19,19.9,49.2,25.7,14.9,34.4,21.2,2495,1881
2025-04-19,citi,MLB,St. Louis Cardinals @ New York Mets,16,44.7,60.5,38.7,33.0,37.1,18.8,2656,2219
2025-04-19,msg,NBA,DET @ NYK,19,5.1,15.9,6.8,6.2,8.0,-1.1,4316,2989
2025-04-20,citi,MLB,St. Louis Cardinals @ New York Mets,13,25.6,42.9,18.5,28.6,30.3,11.4,1735,1364
2025-04-21,citi,MLB,Philadelphia Phillies @ New York Mets,19,5.7,34.6,6.5,7.8,21.2,2.0,1057,733
2025-04-21,msg,NBA,DET @ NYK,19,2.0,16.6,14.5,10.2,23.4,8.5,4152,1844
2025-04-22,citi,MLB,Philadelphia Phillies @ New York Mets,19,6.3,49.1,12.5,16.0,54.4,15.3,1533,947
2025-04-23,citi,MLB,Philadelphia Phillies @ New York Mets,13,21.5,73.4,22.3,20.6,28.0,15.6,1258,1193
2025-04-25,yankee,MLB,Toronto Blue Jays @ New York Yankees,19,12.9,23.0,16.5,12.8,44.4,16.5,2830,2155
2025-04-26,yankee,MLB,Toronto Blue Jays @ New York Yankees,13,25.3,30.6,16.1,11.1,6.2,12.4,2227,2232
2025-04-27,yankee,MLB,Toronto Blue Jays @ New York Yankees,13,18.5,24.2,13.9,17.1,13.0,11.7,2002,1790
2025-04-29,citi,MLB,Arizona Diamondbacks @ New York Mets,19,16.7,39.5,31.0,23.3,45.5,20.4,1444,989
2025-04-29,msg,NBA,DET @ NYK,19,9.2,33.2,18.9,14.9,24.6,11.7,5175,2065
2025-04-30,citi,MLB,Arizona Diamondbacks @ New York Mets,19,12.4,43.8,25.0,21.1,51.4,22.3,1697,1090
2025-05-01,citi,MLB,Arizona Diamondbacks @ New York Mets,13,28.6,57.9,29.2,20.9,31.7,11.9,1399,1256
2025-05-02,yankee,MLB,Tampa Bay Rays @ New York Yankees,19,8.7,30.5,18.3,17.0,44.5,16.5,2833,2155
2025-05-03,yankee,MLB,Tampa Bay Rays @ New York Yankees,13,25.8,34.5,21.4,13.6,15.9,5.8,2432,2098
2025-05-04,citi,MLS,Cincinnati @ NYCFC,15,14.4,41.6,39.5,36.6,34.1,25.2,1846,1493
2025-05-04,yankee,MLB,Tampa Bay Rays @ New York Yankees,13,6.6,7.7,10.4,4.5,11.0,10.8,1966,1776
2025-05-05,yankee,MLB,San Diego Padres @ New York Yankees,19,34.6,72.2,42.2,30.5,51.0,23.4,1805,1265
2025-05-06,yankee,MLB,San Diego Padres @ New York Yankees,19,19.8,40.9,33.5,11.0,45.5,10.3,1926,1237
2025-05-07,yankee,MLB,San Diego Padres @ New York Yankees,19,26.5,43.7,35.2,10.9,57.8,20.4,2267,1492
2025-05-09,citi,MLB,Chicago Cubs @ New York Mets,19,36.1,56.0,22.0,26.6,40.0,25.6,2601,1950
2025-05-10,citi,MLB,Chicago Cubs @ New York Mets,19,14.9,58.5,30.7,26.1,53.8,24.8,3252,2099
2025-05-10,msg,NBA,BOS @ NYK,19,-1.4,-13.7,4.0,-2.7,3.7,2.1,4143,3086
2025-05-10,yankee,MLS,Montréal @ NYCFC,19,13.7,18.7,17.1,14.2,28.1,20.8,2658,2389
2025-05-11,citi,MLB,Chicago Cubs @ New York Mets,12,40.9,71.1,30.9,23.4,40.0,25.9,1802,1546
2025-05-12,citi,MLB,Pittsburgh Pirates @ New York Mets,19,4.5,35.4,22.0,17.6,38.5,25.9,1209,906
2025-05-12,msg,NBA,BOS @ NYK,19,15.4,30.3,17.2,32.2,32.7,46.4,4466,2494
2025-05-13,citi,MLB,Pittsburgh Pirates @ New York Mets,19,24.0,43.8,36.6,27.7,65.8,44.3,1647,1187
2025-05-14,citi,MLB,Pittsburgh Pirates @ New York Mets,19,36.3,46.7,38.1,39.5,51.0,24.1,1692,1106
2025-05-16,msg,NBA,BOS @ NYK,19,-14.5,-5.9,1.4,7.4,7.3,11.6,4480,3113
2025-05-16,yankee,MLB,New York Mets @ New York Yankees,19,-11.8,5.1,3.3,0.4,47.5,12.8,2891,2085
2025-05-17,citi,MLS,New York @ NYCFC,16,29.9,40.9,37.4,38.5,50.9,34.9,2927,2523
2025-05-17,yankee,MLB,New York Mets @ New York Yankees,13,12.5,26.1,9.3,2.2,11.7,-2.6,2342,1931
2025-05-18,yankee,MLB,New York Mets @ New York Yankees,19,0.7,23.2,13.7,8.6,47.9,17.4,1969,1505
2025-05-20,yankee,MLB,Texas Rangers @ New York Yankees,19,9.8,27.6,27.8,17.0,43.3,35.1,1897,1518
2025-05-21,msg,NBA,IND @ NYK,19,12.6,27.3,24.1,36.6,28.0,35.4,5660,2635
2025-05-21,yankee,MLB,Texas Rangers @ New York Yankees,19,26.1,38.6,32.7,13.5,55.5,15.1,2233,1425
2025-05-22,yankee,MLB,Texas Rangers @ New York Yankees,12,28.8,27.5,21.7,14.4,21.0,10.1,2226,1793
2025-05-23,citi,MLB,Los Angeles Dodgers @ New York Mets,19,15.7,52.3,39.0,28.3,45.4,18.7,2702,1841
2025-05-23,msg,NBA,IND @ NYK,19,-16.1,7.2,-4.5,20.6,3.3,15.8,4312,3232
2025-05-24,citi,MLB,Los Angeles Dodgers @ New York Mets,19,14.3,49.9,12.4,11.7,34.3,14.5,2835,1924
2025-05-25,citi,MLB,Los Angeles Dodgers @ New York Mets,19,29.0,100.2,51.4,55.7,128.3,78.2,2468,1452
2025-05-25,yankee,MLS,Chicago @ NYCFC,15,6.2,-0.3,2.7,2.5,11.0,11.6,1949,1812
2025-05-26,citi,MLB,Chicago White Sox @ New York Mets,16,56.4,109.2,53.3,31.2,51.5,18.6,1539,1174
2025-05-27,citi,MLB,Chicago White Sox @ New York Mets,19,7.2,31.7,14.8,11.4,33.1,9.2,1320,896
2025-05-28,citi,MLB,Chicago White Sox @ New York Mets,13,27.0,46.1,31.2,29.3,47.3,33.1,1449,1376
2025-05-28,yankee,MLS,Houston @ NYCFC,19,14.9,16.5,24.2,17.9,22.7,17.4,1758,1454
2025-05-29,msg,NBA,IND @ NYK,19,8.7,10.2,6.6,11.6,16.1,11.0,5634,2589
2025-05-30,citi,MLB,Colorado Rockies @ New York Mets,19,18.7,43.7,20.0,21.1,37.1,22.8,2546,1905
2025-05-31,citi,MLB,Colorado Rockies @ New York Mets,16,21.4,42.3,19.3,19.1,30.2,19.1,2522,2225
2025-06-01,citi,MLB,Colorado Rockies @ New York Mets,13,29.4,50.9,26.2,34.0,31.5,26.7,1752,1554
2025-06-03,yankee,MLB,Cleveland Guardians @ New York Yankees,19,25.1,34.9,25.3,9.0,57.9,11.7,2092,1253
2025-06-04,yankee,MLB,Cleveland Guardians @ New York Yankees,19,18.6,24.2,34.3,10.8,61.0,22.9,2313,1523
2025-06-05,yankee,MLB,Cleveland Guardians @ New York Yankees,19,13.7,38.8,28.6,7.3,57.8,24.1,2600,1666
2025-06-06,yankee,MLB,Boston Red Sox @ New York Yankees,19,-12.2,5.6,2.2,4.2,18.3,-11.4,2314,1635
2025-06-07,yankee,MLB,Boston Red Sox @ New York Yankees,19,-4.8,22.6,5.6,5.0,17.9,-2.6,2445,1922
2025-06-08,yankee,MLB,Boston Red Sox @ New York Yankees,19,-0.9,23.1,14.9,10.2,41.6,22.0,1884,1566
2025-06-10,citi,MLB,Washington Nationals @ New York Mets,19,15.5,57.8,31.4,28.1,67.4,28.9,1663,1059
2025-06-11,citi,MLB,Washington Nationals @ New York Mets,19,23.9,66.3,39.9,23.6,54.3,28.5,1730,1146
2025-06-12,citi,MLB,Washington Nationals @ New York Mets,13,36.4,85.3,38.1,32.3,54.1,21.2,1639,1361
2025-06-12,yankee,MLS,Atlanta @ NYCFC,19,4.5,12.6,20.5,4.4,25.5,13.3,2064,1520
2025-06-13,citi,MLB,Tampa Bay Rays @ New York Mets,19,24.6,60.5,17.2,17.7,44.0,19.7,2676,1857
2025-06-14,citi,MLB,Tampa Bay Rays @ New York Mets,16,43.2,45.4,19.2,28.6,31.2,10.9,2541,2069
2025-06-15,citi,MLB,Tampa Bay Rays @ New York Mets,13,36.1,52.2,27.1,30.1,33.8,25.1,1782,1534
2025-06-16,yankee,MLB,Los Angeles Angels @ New York Yankees,19,2.0,19.5,21.1,2.7,65.7,19.3,1982,1223
2025-06-17,yankee,MLB,Los Angeles Angels @ New York Yankees,19,8.8,21.3,31.1,4.7,39.7,6.9,1849,1199
2025-06-18,yankee,MLB,Los Angeles Angels @ New York Yankees,19,19.4,23.0,24.5,15.8,57.1,33.9,2256,1660
2025-06-19,yankee,MLB,Los Angeles Angels @ New York Yankees,13,14.0,23.3,14.0,19.2,10.7,5.1,2284,1946
2025-06-20,yankee,MLB,Baltimore Orioles @ New York Yankees,19,14.9,8.3,15.4,1.9,38.8,9.2,2720,2019
2025-06-21,yankee,MLB,Baltimore Orioles @ New York Yankees,13,24.9,50.9,33.7,17.2,31.5,2.2,2763,2026
2025-06-22,yankee,MLB,Baltimore Orioles @ New York Yankees,11,39.4,96.6,17.5,24.4,26.7,-9.0,2070,1416
2025-06-23,citi,MLB,Atlanta Braves @ New York Mets,19,33.1,72.5,38.7,33.5,50.6,26.7,1315,912
2025-06-24,citi,MLB,Atlanta Braves @ New York Mets,19,49.3,82.6,49.2,35.5,51.4,35.6,1503,1115
2025-06-25,citi,MLB,Atlanta Braves @ New York Mets,19,41.3,69.7,48.9,39.1,60.4,30.3,1799,1162
2025-06-26,citi,MLB,Atlanta Braves @ New York Mets,19,24.7,56.3,18.3,20.2,48.6,14.4,2007,1228
2025-06-27,yankee,MLB,Athletics @ New York Yankees,19,-2.4,2.9,2.5,0.9,14.6,6.2,2242,1963
2025-06-28,yankee,MLB,Athletics @ New York Yankees,13,15.5,25.0,13.1,4.6,19.0,9.1,2497,2166
2025-06-29,times_sq,StreetClosure,NYC Pride March 2025,12,19.4,-10.1,-3.4,-14.3,-11.0,-21.3,1834,1714
2025-06-29,yankee,MLB,Athletics @ New York Yankees,13,18.7,35.8,17.8,0.8,23.9,-6.3,2199,1499
2025-07-01,citi,MLB,Milwaukee Brewers @ New York Mets,19,63.9,40.7,52.4,43.0,14.7,11.0,1136,911
2025-07-02,citi,MLB,Milwaukee Brewers @ New York Mets,13,40.0,58.0,29.1,26.1,32.9,33.8,1306,1383
2025-07-03,citi,MLB,Milwaukee Brewers @ New York Mets,19,61.6,61.5,15.2,25.3,44.1,21.6,1946,1306
2025-07-03,yankee,MLS,Toronto @ NYCFC,19,1.7,5.1,-10.6,-0.3,7.1,31.0,1760,1759
2025-07-04,citi,MLB,New York Yankees @ New York Mets,15,34.8,123.2,41.8,52.3,37.0,19.7,2114,2127
2025-07-05,citi,MLB,New York Yankees @ New York Mets,16,10.9,41.8,-1.7,-0.6,3.5,-11.2,2000,1654
2025-07-06,citi,MLB,New York Yankees @ New York Mets,13,16.0,55.6,18.0,34.0,37.4,19.9,1831,1470
2025-07-08,yankee,MLB,Seattle Mariners @ New York Yankees,19,2.4,18.7,34.2,12.8,42.8,6.6,1890,1196
2025-07-09,yankee,MLB,Seattle Mariners @ New York Yankees,19,4.8,17.5,25.6,8.1,43.0,18.0,2052,1461
2025-07-10,yankee,MLB,Seattle Mariners @ New York Yankees,19,3.2,5.2,14.8,0.8,32.6,25.8,2181,1689
2025-07-11,yankee,MLB,Chicago Cubs @ New York Yankees,19,3.5,19.8,8.5,-2.0,32.2,8.1,2589,1998
2025-07-12,yankee,MLB,Chicago Cubs @ New York Yankees,13,23.9,21.8,21.3,7.5,21.7,10.7,2555,2198
2025-07-13,yankee,MLB,Chicago Cubs @ New York Yankees,13,14.6,11.3,3.1,-2.6,6.1,0.9,1879,1616
2025-07-18,citi,MLB,Cincinnati Reds @ New York Mets,19,20.7,65.4,15.1,19.7,44.8,26.5,2690,1964
2025-07-19,citi,MLB,Cincinnati Reds @ New York Mets,16,30.0,42.8,30.8,29.7,29.0,24.8,2499,2332
2025-07-20,citi,MLB,Cincinnati Reds @ New York Mets,13,44.8,77.0,42.0,52.8,50.4,57.9,2008,1945
2025-07-21,citi,MLB,Los Angeles Angels @ New York Mets,19,36.4,89.7,27.3,18.4,53.2,17.6,1338,846
2025-07-22,citi,MLB,Los Angeles Angels @ New York Mets,19,17.3,61.1,38.0,21.3,45.1,46.1,1440,1202
2025-07-23,citi,MLB,Los Angeles Angels @ New York Mets,13,34.3,93.3,33.8,33.2,49.4,14.3,1470,1180
2025-07-25,yankee,MLB,Philadelphia Phillies @ New York Yankees,19,8.5,21.2,5.5,0.0,33.0,8.5,2604,2005
2025-07-26,yankee,MLB,Philadelphia Phillies @ New York Yankees,13,15.8,15.1,9.4,3.0,13.0,1.0,2371,2002
2025-07-27,yankee,MLB,Philadelphia Phillies @ New York Yankees,13,18.4,39.4,8.0,30.6,12.8,12.5,1999,1803
2025-07-28,yankee,MLB,Tampa Bay Rays @ New York Yankees,19,8.7,22.3,25.3,14.5,45.3,21.1,1736,1241
2025-07-29,yankee,MLB,Tampa Bay Rays @ New York Yankees,19,24.1,33.0,25.9,14.0,40.6,16.5,1860,1307
2025-07-30,yankee,MLB,Tampa Bay Rays @ New York Yankees,19,21.3,37.0,34.8,16.0,55.0,10.6,2225,1369
2025-07-31,yankee,MLB,Tampa Bay Rays @ New York Yankees,13,28.1,44.9,31.0,28.5,8.5,2.8,2239,1902
2025-08-01,citi,MLB,San Francisco Giants @ New York Mets,19,18.5,47.1,19.0,14.7,32.9,23.8,2467,1921
2025-08-02,citi,MLB,San Francisco Giants @ New York Mets,16,34.2,62.1,34.6,41.4,32.2,25.6,2560,2347
2025-08-03,citi,MLB,San Francisco Giants @ New York Mets,13,32.3,59.3,30.9,47.5,36.3,37.0,1816,1683
2025-08-04,citi,MLB,Cleveland Guardians @ New York Mets,19,19.5,63.0,28.9,18.0,45.7,20.9,1272,870
2025-08-05,citi,MLB,Cleveland Guardians @ New York Mets,19,18.5,52.0,27.6,16.2,51.7,35.0,1506,1110
2025-08-06,citi,MLB,Cleveland Guardians @ New York Mets,13,30.9,81.7,31.7,23.1,32.2,21.1,1299,1251
2025-08-08,yankee,MLB,Houston Astros @ New York Yankees,19,-1.3,12.3,3.1,-3.3,25.3,1.9,2452,1882
2025-08-09,yankee,MLB,Houston Astros @ New York Yankees,14,8.9,9.4,3.1,-2.4,7.9,4.1,2408,2159
2025-08-10,yankee,MLB,Houston Astros @ New York Yankees,13,11.6,14.7,1.4,-2.3,2.7,-4.9,1817,1521
2025-08-11,yankee,MLB,Minnesota Twins @ New York Yankees,19,-1.0,16.1,7.7,0.7,24.2,10.3,1482,1130
2025-08-12,citi,MLB,Atlanta Braves @ New York Mets,19,27.5,42.7,25.9,17.6,46.9,13.9,1458,935
2025-08-12,yankee,MLB,Minnesota Twins @ New York Yankees,19,5.7,19.6,17.9,3.5,37.3,9.1,1816,1224
2025-08-13,citi,MLB,Atlanta Braves @ New York Mets,19,73.4,78.3,68.9,58.9,52.3,20.8,1707,1077
2025-08-13,yankee,MLB,Minnesota Twins @ New York Yankees,19,27.0,28.7,30.3,15.2,31.7,6.7,1888,1320
2025-08-14,citi,MLB,Atlanta Braves @ New York Mets,19,30.9,50.0,26.4,20.2,45.7,16.3,1968,1248
2025-08-15,citi,MLB,Seattle Mariners @ New York Mets,19,29.4,52.2,17.5,15.4,38.8,16.0,2579,1799
2025-08-16,citi,MLB,Seattle Mariners @ New York Mets,16,30.4,58.6,24.9,20.7,21.3,14.8,2347,2144
2025-08-17,citi,MLB,Seattle Mariners @ New York Mets,19,46.9,46.6,33.4,32.9,30.3,21.4,1392,982
2025-08-17,yankee,MLS,Nashville @ NYCFC,17,1.5,12.8,5.1,12.6,14.9,11.4,1706,1599
2025-08-21,yankee,MLB,Boston Red Sox @ New York Yankees,19,3.6,6.9,11.7,-3.1,34.9,5.1,2219,1409
2025-08-22,yankee,MLB,Boston Red Sox @ New York Yankees,19,8.2,19.4,21.5,-0.0,31.4,10.7,2574,2047
2025-08-23,yankee,MLB,Boston Red Sox @ New York Yankees,13,19.2,84.3,17.2,19.3,27.1,15.9,2669,2301
2025-08-24,yankee,MLB,Boston Red Sox @ New York Yankees,19,18.1,18.1,12.1,7.9,33.2,10.0,1770,1409
2025-08-25,citi,MLB,Philadelphia Phillies @ New York Mets,19,76.6,114.3,42.1,15.4,139.0,21.5,2097,874
2025-08-25,yankee,MLB,Washington Nationals @ New York Yankees,19,-14.4,0.1,-0.9,2.3,22.3,10.9,1460,1136
2025-08-26,citi,MLB,Philadelphia Phillies @ New York Mets,19,57.9,99.1,40.6,14.5,131.6,6.7,2311,876
2025-08-26,yankee,MLB,Washington Nationals @ New York Yankees,19,-11.6,5.2,3.6,-1.2,23.8,2.1,1637,1145
2025-08-27,citi,MLB,Philadelphia Phillies @ New York Mets,19,61.7,97.9,55.2,12.5,108.9,25.2,2352,1116
2025-08-27,yankee,MLB,Washington Nationals @ New York Yankees,13,10.9,10.6,-3.3,-5.3,6.0,-2.5,2113,1700
2025-08-28,citi,MLB,Miami Marlins @ New York Mets,19,60.2,88.9,35.3,12.0,86.8,13.3,2529,1216
2025-08-28,us_open,Tennis,US Open 2025,11,63.0,328.5,51.8,203.7,75.8,87.8,540,599
2025-08-29,citi,MLB,Miami Marlins @ New York Mets,19,50.4,79.2,25.1,11.8,59.8,5.6,2973,1636
2025-08-29,us_open,Tennis,US Open 2025,11,73.8,369.0,60.3,178.6,83.0,83.1,594,638
2025-08-30,citi,MLB,Miami Marlins @ New York Mets,16,23.5,46.8,43.1,49.6,23.0,3.4,2381,1928
2025-08-30,us_open,Tennis,US Open 2025,11,48.5,409.7,38.2,164.8,58.2,160.2,628,1158
2025-08-30,yankee,MLS,D.C. @ NYCFC,19,-1.3,13.6,17.8,4.0,10.7,9.3,2293,2159
2025-08-31,citi,MLB,Miami Marlins @ New York Mets,13,22.2,106.1,23.2,53.5,91.5,95.7,2570,2421
2025-08-31,us_open,Tennis,US Open 2025,11,103.2,476.9,58.8,282.1,87.7,119.4,591,704
2025-09-01,us_open,Tennis,US Open 2025,11,19.7,363.4,43.8,245.6,93.8,76.8,581,540
2025-09-02,us_open,Tennis,US Open 2025,11,54.9,310.8,64.6,204.3,91.6,64.9,571,504
2025-09-03,us_open,Tennis,US Open 2025,11,62.1,341.3,62.6,194.7,79.5,78.6,535,530
2025-09-04,us_open,Tennis,US Open 2025,11,35.6,57.0,48.5,61.2,36.7,99.6,419,637
2025-09-05,us_open,Tennis,US Open 2025,11,63.0,163.2,69.9,403.6,62.0,182.5,525,992
2025-09-05,yankee,MLB,Toronto Blue Jays @ New York Yankees,19,6.1,18.1,9.7,3.4,27.0,4.2,2486,1926
2025-09-06,us_open,Tennis,US Open 2025,11,61.1,157.0,58.7,224.4,64.7,202.9,654,1353
2025-09-06,yankee,MLB,Toronto Blue Jays @ New York Yankees,13,16.2,37.6,37.1,31.5,9.6,9.6,2299,2175
2025-09-07,metlife,NFL,PIT @ NYJ,13,62.6,67.2,45.7,56.0,68.8,51.8,1882,2397
2025-09-07,us_open,Tennis,US Open 2025,11,79.0,214.3,54.7,358.0,26.1,64.7,394,525
2025-09-07,yankee,MLB,Toronto Blue Jays @ New York Yankees,13,21.3,42.5,4.7,14.4,4.5,2.6,1850,1642
2025-09-08,us_open,Tennis,US Open 2025,11,52.5,32.7,49.0,14.3,28.8,11.7,385,340
2025-09-09,us_open,Tennis,US Open 2025,11,33.5,47.5,41.5,15.6,29.0,28.2,383,391
2025-09-09,yankee,MLB,Detroit Tigers @ New York Yankees,19,11.9,27.9,40.5,21.4,59.8,10.2,2117,1236
2025-09-10,us_open,Tennis,US Open 2025,11,67.5,53.7,41.2,28.5,42.7,27.9,424,378
2025-09-10,yankee,MLB,Detroit Tigers @ New York Yankees,19,20.3,40.2,40.7,23.6,61.6,16.4,2322,1441
2025-09-11,yankee,MLB,Detroit Tigers @ New York Yankees,19,7.3,4.9,21.0,14.5,38.8,24.6,2285,1672
2025-09-12,citi,MLB,Texas Rangers @ New York Mets,19,16.3,43.9,33.7,23.3,35.1,18.2,2508,1833
2025-09-13,citi,MLB,Texas Rangers @ New York Mets,16,27.1,49.0,23.8,27.2,32.5,13.7,2566,2122
2025-09-14,citi,MLB,Texas Rangers @ New York Mets,13,35.6,47.6,28.4,35.7,35.3,26.6,1803,1553
2025-09-14,metlife,NFL,BUF @ NYJ,13,69.5,72.3,28.2,65.1,52.4,67.6,1695,2651
2025-09-16,citi,MLB,San Diego Padres @ New York Mets,19,16.2,60.3,50.7,24.4,54.3,23.2,1532,1012
2025-09-17,citi,MLB,San Diego Padres @ New York Mets,19,22.3,59.3,33.3,22.8,54.7,26.3,1734,1126
2025-09-17,yankee,MLS,Columbus @ NYCFC,19,19.7,22.0,25.4,6.7,21.0,6.3,1733,1315
2025-09-18,citi,MLB,San Diego Padres @ New York Mets,13,26.8,71.4,29.4,29.7,36.7,21.9,1452,1369
2025-09-19,citi,MLB,Washington Nationals @ New York Mets,19,28.2,62.8,25.3,28.9,52.8,26.8,2842,1968
2025-09-20,citi,MLB,Washington Nationals @ New York Mets,16,20.9,52.5,24.5,19.3,33.8,13.9,2592,2127
2025-09-20,yankee,MLS,Charlotte @ NYCFC,12,20.6,23.2,14.7,13.3,16.9,11.6,2302,2137
2025-09-21,citi,MLB,Washington Nationals @ New York Mets,13,39.6,55.7,30.3,31.2,39.5,22.6,1860,1503
2025-09-21,metlife,NFL,KC @ NYG,20,44.8,69.3,42.9,58.6,56.9,27.1,1016,74
2025-09-23,yankee,MLB,Chicago White Sox @ New York Yankees,19,2.4,10.5,9.6,0.5,30.7,7.9,1729,1210
2025-09-24,citi,MLS,Miami @ NYCFC,19,24.4,60.4,43.4,34.1,43.5,24.8,1607,1113
2025-09-24,yankee,MLB,Chicago White Sox @ New York Yankees,19,11.1,12.7,25.0,10.6,38.3,11.4,1984,1379
2025-09-25,yankee,MLB,Chicago White Sox @ New York Yankees,19,15.9,24.8,23.3,9.2,29.0,12.8,2122,1513
2025-09-26,yankee,MLB,Baltimore Orioles @ New York Yankees,19,6.4,19.6,14.2,12.5,37.4,14.3,2691,2113
2025-09-27,yankee,MLB,Baltimore Orioles @ New York Yankees,13,20.9,24.3,15.3,3.9,13.3,15.4,2377,2292
2025-09-28,metlife,NFL,LAC @ NYG,13,59.6,69.9,31.6,64.2,61.5,63.5,1798,2585
2025-09-28,yankee,MLB,Baltimore Orioles @ New York Yankees,15,7.1,8.8,10.4,9.4,14.8,1.9,2017,1653
2025-10-05,metlife,NFL,DAL @ NYJ,13,91.1,63.1,65.4,59.5,50.0,51.1,1668,2385
2025-10-09,metlife,NFL,PHI @ NYG,20,73.6,37.0,33.7,29.4,6.4,26.2,625,104
2025-10-12,metlife,NFL,DEN @ NYJ,9,28.5,75.6,34.9,60.3,26.2,52.1,855,2357
2025-10-18,citi,MLS,Seattle @ NYCFC,18,23.0,52.1,35.8,29.6,31.7,32.9,2619,2256
2025-10-19,metlife,NFL,CAR @ NYJ,13,63.1,75.4,36.5,73.3,59.0,72.7,1770,2734
2025-11-02,marathon,Marathon,NYC Marathon 2025,8,86.0,25.0,1.0,-4.7,-14.7,-15.8,1798,1966
2025-11-02,metlife,NFL,SF @ NYG,13,15.2,49.9,18.4,56.4,29.3,51.8,1434,2396
2025-11-09,metlife,NFL,CLE @ NYJ,13,39.4,56.9,16.7,54.3,25.6,48.5,1392,2343
2025-11-16,metlife,NFL,GB @ NYG,13,29.7,74.8,32.1,68.4,47.8,59.9,1643,2526
2025-11-26,macys_parade,StreetClosure,Macy's Balloon Inflation 2025,18,-16.4,-4.3,-9.7,12.8,-20.1,-2.5,6221,4692
2025-11-27,macys_parade,StreetClosure,Macy's Thanksgiving Day Parade 2025,9,-63.5,-62.6,-47.4,-51.7,-33.6,-32.9,3412,3300
2025-11-30,metlife,NFL,ATL @ NYJ,13,58.4,36.0,38.6,43.2,79.5,46.7,2003,2314
2025-12-07,metlife,NFL,MIA @ NYJ,13,48.4,86.8,24.3,86.0,40.4,67.1,1560,2643
2025-12-14,metlife,NFL,WAS @ NYG,13,34.0,89.8,-15.0,69.6,14.1,68.1,1263,2659
2025-12-21,metlife,NFL,MIN @ NYG,13,-2.8,106.5,-25.7,99.9,-22.9,82.9,850,2899
2025-12-28,metlife,NFL,NE @ NYJ,13,53.9,23.6,11.0,18.2,17.1,17.8,1297,1852
2025-12-31,times_sq,StreetClosure,Times Square NYE 2025,18,-34.5,-20.1,-37.1,-14.9,-41.4,0.5,2135,1854
