zone,year,fhv,fhvhv,green,yellow,total,non_green_total,aggregator_share,log_fhvhv,log_green,log_yellow,post_covid,borough,outer_borough,green_turf
1,2019,23460.0,11851.0,22.0,2590.0,37923.0,37901.0,0.31268304266378194,9.380167531188448,3.091042453358316,7.859413154693583,0,,0,0
1,2020,5745.0,3769.0,8.0,556.0,10078.0,10070.0,0.3742800397219464,8.234564993267135,2.0794415416798357,6.320768294250582,0,,0,0
1,2021,2096.0,2414.0,9.0,711.0,5230.0,5221.0,0.46236353189044244,7.789040401657477,2.1972245773362196,6.566672429803241,1,,0,0
1,2022,2872.0,24.0,19.0,2406.0,5321.0,5302.0,0.004526593738211996,3.1780538303479458,2.9444389791664403,7.785720896534624,1,,0,0
1,2023,11488.0,20.0,20.0,1112.0,12640.0,12620.0,0.001584786053882726,2.995732273553991,2.995732273553991,7.013915474810528,1,,0,0
1,2024,9765.0,14.0,2.0,1247.0,11028.0,11026.0,0.001269726101940867,2.6390573296152584,0.6931471805599453,7.1284959456800365,1,,0,0
1,2025,8560.0,13.0,2.0,1344.0,9919.0,9917.0,0.0013108803065443179,2.5649493574615367,0.6931471805599453,7.203405521083095,1,,0,0
2,2019,33.0,408.0,9.0,84.0,534.0,525.0,0.7771428571428571,6.0112671744041615,2.1972245773362196,4.430816798843313,0,Queens,1,1
2,2020,53.0,373.0,1.0,24.0,451.0,450.0,0.8288888888888889,5.921578419643816,0.0,3.1780538303479458,0,Queens,1,1
2,2021,31.0,505.0,4.0,13.0,553.0,549.0,0.9198542805100182,6.22455842927536,1.3862943611198906,2.5649493574615367,1,Queens,1,1
2,2022,41.0,510.0,2.0,29.0,582.0,580.0,0.8793103448275862,6.234410725718371,0.6931471805599453,3.367295829986474,1,Queens,1,1
2,2023,34.0,483.0,0.0,32.0,549.0,549.0,0.8797814207650273,6.180016653652572,0.0,3.4657359027997265,1,Queens,1,1
2,2024,14.0,529.0,0.0,57.0,600.0,600.0,0.8816666666666667,6.270988431858299,0.0,4.04305126783455,1,Queens,1,1
2,2025,12.0,673.0,0.0,60.0,745.0,745.0,0.9033557046979865,6.511745329644728,0.0,4.0943445622221,1,Queens,1,1
3,2019,42442.0,433224.0,6513.0,2124.0,484303.0,477790.0,0.9067247116934218,12.979010194236407,8.781555458546402,7.66105638236183,0,Bronx,1,1
3,2020,6052.0,359937.0,2241.0,1666.0,369896.0,367655.0,0.9790074934381418,12.793684295118005,7.714677473800927,7.418180822726788,0,Bronx,1,1
3,2021,6229.0,404207.0,1744.0,1599.0,413779.0,412035.0,0.9810016139405633,12.909682401961026,7.463936604468925,7.377133712833954,1,Bronx,1,1
3,2022,6055.0,426961.0,75.0,436.0,433527.0,433452.0,0.9850248701124923,12.964447953144862,4.31748811353631,6.077642243349034,1,Bronx,1,1
3,2023,3742.0,487761.0,53.0,665.0,492221.0,492168.0,0.9910457404788608,13.097580810768214,3.970291913552122,6.499787040655854,1,Bronx,1,1
3,2024,6119.0,522024.0,24.0,1536.0,529703.0,529679.0,0.9855478506793738,13.16546884281936,3.1780538303479458,7.336936913707618,1,Bronx,1,1
3,2025,10053.0,554304.0,100.0,4276.0,568733.0,568633.0,0.9748009700457061,13.225468551690717,4.605170185988092,8.360773272144936,1,Bronx,1,1
4,2019,98992.0,982099.0,248.0,141579.0,1222918.0,1222670.0,0.8032412670630669,13.797447396919097,5.5134287461649825,11.860613144158725,0,Manhattan,0,1
4,2020,3057.0,517937.0,390.0,33852.0,555236.0,554846.0,0.9334788391733922,13.15760889222349,5.966146739123692,10.429753360789997,0,Manhattan,0,1
4,2021,5257.0,620333.0,252.0,36530.0,662372.0,662120.0,0.9368890835498097,13.33801170961062,5.529429087511423,10.505889119789328,1,Manhattan,0,1
4,2022,10002.0,733746.0,8.0,47632.0,791388.0,791380.0,0.9271727867775279,13.505918198661544,2.0794415416798357,10.771260083255557,1,Manhattan,0,1
4,2023,9810.0,773862.0,0.0,43989.0,827661.0,827661.0,0.934998749488015,13.559148842101854,0.0,10.691694881645189,1,Manhattan,0,1
4,2024,7530.0,749059.0,12.0,66947.0,823548.0,823536.0,0.9095643663422122,13.526573031092624,2.4849066497880004,11.111656540555968,1,Manhattan,0,1
4,2025,10145.0,675943.0,59.0,129233.0,815380.0,815321.0,0.8290513797633079,13.423864031943383,4.07753744390572,11.769372255673682,1,Manhattan,0,1
5,2019,8194.0,51947.0,69.0,371.0,60581.0,60512.0,0.8584578265468006,10.857979247025447,4.23410650459726,5.916202062607435,0,Staten Island,1,1
5,2020,3110.0,35618.0,44.0,106.0,38878.0,38834.0,0.9171859710562908,10.480606407035951,3.784189633918261,4.663439094112067,0,Staten Island,1,1
5,2021,2631.0,45840.0,172.0,109.0,48752.0,48580.0,0.9435981885549609,10.732912351388622,5.147494476813453,4.6913478822291435,1,Staten Island,1,1
5,2022,4806.0,56382.0,2.0,382.0,61572.0,61570.0,0.9157381841806075,10.93990523761112,0.6931471805599453,5.945420608606575,1,Staten Island,1,1
5,2023,7876.0,63094.0,0.0,291.0,71261.0,71261.0,0.8853931322883485,11.052380956845,0.0,5.673323267171493,1,Staten Island,1,1
5,2024,8822.0,70799.0,0.0,2.0,79623.0,79623.0,0.8891777501475704,11.167600155288277,0.0,0.6931471805599453,1,Staten Island,1,1
5,2025,8296.0,70967.0,0.0,10.0,79273.0,79273.0,0.8952228375361094,11.169970259243295,0.0,2.302585092994046,1,Staten Island,1,1
6,2019,10393.0,94695.0,69.0,230.0,105387.0,105318.0,0.899134051159346,11.458416479469836,4.23410650459726,5.438079308923196,0,Staten Island,1,1
6,2020,8805.0,69654.0,39.0,134.0,78632.0,78593.0,0.8862621353046709,11.15129540756609,3.6635616461296463,4.897839799950911,0,Staten Island,1,1
6,2021,10037.0,90822.0,55.0,71.0,100985.0,100930.0,0.8998513821460418,11.41665682599062,4.007333185232471,4.2626798770413155,1,Staten Island,1,1
6,2022,12059.0,99147.0,2.0,158.0,111366.0,111364.0,0.8902966847455192,11.504358876304103,0.6931471805599453,5.062595033026967,1,Staten Island,1,1
6,2023,20831.0,117426.0,3.0,384.0,138644.0,138641.0,0.8469788879191581,11.673563626933024,1.0986122886681098,5.950642552587727,1,Staten Island,1,1
6,2024,21093.0,132483.0,1.0,558.0,154135.0,154134.0,0.8595313169060688,11.79420961429023,0.0,6.324358962381311,1,Staten Island,1,1
6,2025,22881.0,143908.0,4.0,1000.0,167793.0,167789.0,0.8576724338305849,11.876929485492774,1.3862943611198906,6.907755278982137,1,Staten Island,1,1
7,2019,268017.0,2274745.0,246455.0,114398.0,2903615.0,2657160.0,0.8560813048517967,14.637378516172781,12.414934700018614,11.647438875257532,0,Queens,1,1
7,2020,54428.0,1366835.0,45922.0,32570.0,1499755.0,1453833.0,0.940159564406641,14.128008406153242,10.734699584051969,10.391146898270279,0,Queens,1,1
7,2021,46309.0,1722621.0,21434.0,24753.0,1815117.0,1793683.0,0.9603820742015172,14.359357526137162,9.972733725272942,10.116701972772454,1,Queens,1,1
7,2022,43158.0,2110355.0,23991.0,20766.0,2198270.0,2174279.0,0.9705999092112834,14.5623667377459,10.085434038999999,9.9410723128634,1,Queens,1,1
7,2023,47222.0,2256596.0,18257.0,17149.0,2339224.0,2320967.0,0.972265439362128,14.629368041106696,9.81230384711351,9.749695141856147,1,Queens,1,1
7,2024,45664.0,2300839.0,12197.0,25645.0,2384345.0,2372148.0,0.9699390594516025,14.648784396991074,9.40894529884324,10.152103899823368,1,Queens,1,1
7,2025,44288.0,2334499.0,7151.0,77533.0,2463471.0,2456320.0,0.9504050775143303,14.663307865035787,8.875007486048396,11.25845893116321,1,Queens,1,1
8,2019,1202.0,9005.0,86.0,1123.0,11416.0,11330.0,0.794792586054722,9.105535257610056,4.454347296253507,7.023758954738443,0,Queens,1,1
8,2020,235.0,5425.0,26.0,258.0,5944.0,5918.0,0.9166948293342345,8.59877317840866,3.258096538021482,5.552959584921617,0,Queens,1,1
8,2021,228.0,7220.0,53.0,220.0,7721.0,7668.0,0.9415753781950965,8.884610231886873,3.970291913552122,5.393627546352362,1,Queens,1,1
8,2022,242.0,7463.0,18.0,260.0,7983.0,7965.0,0.9369742623979912,8.917712757131387,2.8903717578961645,5.560681631015528,1,Queens,1,1
8,2023,229.0,8465.0,10.0,170.0,8874.0,8864.0,0.9549864620938628,9.043695294567236,2.302585092994046,5.135798437050262,1,Queens,1,1
8,2024,201.0,9963.0,11.0,212.0,10387.0,10376.0,0.9601966075558982,9.206633510044856,2.3978952727983707,5.356586274672012,1,Queens,1,1
8,2025,150.0,10089.0,8.0,454.0,10701.0,10693.0,0.9435144487047601,9.219201000408379,2.0794415416798357,6.118097198041348,1,Queens,1,1
9,2019,25570.0,193901.0,3752.0,1479.0,224702.0,220950.0,0.8775786377008373,12.17510299851502,8.230044310126114,7.2991214627108,0,Queens,1,1
9,2020,8293.0,106157.0,1454.0,1059.0,116963.0,115509.0,0.919036611865742,11.572674409375441,7.282073658093465,6.9650803456014065,0,Queens,1,1
9,2021,10297.0,140002.0,730.0,1350.0,152379.0,151649.0,0.9231976471984649,11.849411987203688,6.593044534142437,7.2078598714324755,1,Queens,1,1
9,2022,8431.0,171254.0,113.0,290.0,180088.0,179975.0,0.951543269898597,12.05090311351592,4.727387818712341,5.66988092298052,1,Queens,1,1
9,2023,7482.0,193358.0,100.0,502.0,201442.0,201342.0,0.9603460778178423,12.172298671922961,4.605170185988092,6.218600119691729,1,Queens,1,1
9,2024,8150.0,207362.0,44.0,718.0,216274.0,216230.0,0.9589881145077002,12.242221337161261,3.784189633918261,6.576469569048224,1,Queens,1,1
9,2025,8151.0,223715.0,60.0,1700.0,233626.0,233566.0,0.9578234845825163,12.318128199320496,4.0943445622221,7.438383530044307,1,Queens,1,1
10,2019,55129.0,629529.0,8523.0,31320.0,724501.0,715978.0,0.8792574632181436,13.352727199713607,9.050523670522297,10.35201215010474,0,Queens,1,1
10,2020,8266.0,510160.0,3495.0,8218.0,530139.0,526644.0,0.9686999187306795,13.142479680989153,8.15908865466791,9.014082149443356,0,Queens,1,1
10,2021,5820.0,636756.0,3145.0,9127.0,654848.0,651703.0,0.9770647058552746,13.36414181564772,8.05356916913454,9.118992332516877,1,Queens,1,1
10,2022,8227.0,680139.0,286.0,12282.0,700934.0,700648.0,0.9707285255934507,13.430052468027757,5.655991810819852,9.415890054889344,1,Queens,1,1
10,2023,6941.0,779751.0,183.0,10737.0,797612.0,797429.0,0.9778312551963874,13.566729916931555,5.209486152841421,9.281450999434135,1,Queens,1,1
10,2024,13194.0,775292.0,116.0,14000.0,802602.0,802486.0,0.9661128044601401,13.56099501156746,4.7535901911063645,9.546812608597396,1,Queens,1,1
10,2025,19048.0,819740.0,215.0,21206.0,860209.0,859994.0,0.9531926966932327,13.616742495791378,5.3706380281276624,9.962039439485743,1,Queens,1,1
11,2019,23988.0,230078.0,4091.0,1435.0,259592.0,255501.0,0.9004974540217063,12.346173660848386,8.316544717929398,7.268920128193722,0,Brooklyn,1,1
11,2020,7072.0,164278.0,1277.0,812.0,173439.0,172162.0,0.9542059223289693,12.009315393659888,7.152268856032539,6.699500340161678,0,Brooklyn,1,1
11,2021,6363.0,189226.0,1195.0,854.0,197638.0,196443.0,0.9632616076928168,12.150697346877369,7.085901464365611,6.74993119378857,1,Brooklyn,1,1
11,2022,6684.0,223236.0,42.0,370.0,230332.0,230290.0,0.9693690564071388,12.315984786805988,3.7376696182833684,5.91350300563827,1,Brooklyn,1,1
11,2023,5427.0,248560.0,55.0,487.0,254529.0,254474.0,0.9767599047446891,12.423439544066929,4.007333185232471,6.18826412308259,1,Brooklyn,1,1
11,2024,8008.0,257639.0,21.0,1157.0,266825.0,266804.0,0.9656489407954904,12.459314659268417,3.044522437723423,7.053585727193677,1,Brooklyn,1,1
11,2025,10779.0,280940.0,46.0,2994.0,294759.0,294713.0,0.9532663981568509,12.545896402384901,3.828641396489095,8.004365564979574,1,Brooklyn,1,1
12,2019,4255.0,38906.0,3.0,36631.0,79795.0,79792.0,0.48759274112693,10.568903759357763,1.0986122886681098,10.508650155427521,0,Manhattan,0,1
12,2020,69.0,12348.0,4.0,5781.0,18202.0,18198.0,0.6785361028684471,9.42124938562205,1.3862943611198906,8.662331957082475,0,Manhattan,0,1
12,2021,114.0,20583.0,3.0,10156.0,30856.0,30853.0,0.6671312352121349,9.932220771359,1.0986122886681098,9.225819942824568,1,Manhattan,0,1
12,2022,161.0,32314.0,0.0,16525.0,49000.0,49000.0,0.659469387755102,10.383255851836775,0.0,9.712629664719888,1,Manhattan,0,1
12,2023,319.0,36157.0,0.0,16617.0,53093.0,53093.0,0.6810125628613941,10.49562584646259,0.0,9.718181546701214,1,Manhattan,0,1
12,2024,185.0,27110.0,1.0,16394.0,43690.0,43689.0,0.6205223282748518,10.20765794249271,0.0,9.704670693212975,1,Manhattan,0,1
12,2025,156.0,25136.0,0.0,15234.0,40526.0,40526.0,0.6202437941074865,10.132056360495403,0.0,9.631285050932734,1,Manhattan,0,1
13,2019,143410.0,1242723.0,77.0,733939.0,2120149.0,2120072.0,0.5861701866729054,14.032815497710043,4.343805421853684,13.506181197876106,0,Manhattan,0,1
13,2020,9999.0,532608.0,80.0,153074.0,695761.0,695681.0,0.7655922757700728,13.185540972902558,4.382026634673881,11.93867674357943,0,Manhattan,0,1
13,2021,5922.0,774802.0,61.0,158893.0,939678.0,939617.0,0.8245934247677511,13.560362791822952,4.110873864173311,11.975986298691016,1,Manhattan,0,1
13,2022,13254.0,1032020.0,14.0,228002.0,1273290.0,1273276.0,0.8105234057659141,13.847028604680819,2.6390573296152584,12.337109679827929,1,Manhattan,0,1
13,2023,15717.0,1069948.0,0.0,216633.0,1302298.0,1302298.0,0.8215846142741523,13.88312060712632,0.0,12.285959956514885,1,Manhattan,0,1
13,2024,11908.0,1066746.0,21.0,245317.0,1323992.0,1323971.0,0.8057170436512582,13.880123451336162,3.044522437723423,12.41030653073966,1,Manhattan,0,1
13,2025,12893.0,1050617.0,21.0,275473.0,1339004.0,1338983.0,0.7846380424546092,13.864888168600856,3.044522437723423,12.526244899142673,1,Manhattan,0,1
14,2019,106083.0,1170625.0,19035.0,7358.0,1303101.0,1284066.0,0.9116548526321856,13.97304835218049,9.854034668816597,8.90354343566472,0,Brooklyn,1,1
14,2020,11449.0,770830.0,6167.0,3898.0,792344.0,786177.0,0.9804789506688697,13.555223135366933,8.726967774991493,8.268218880067506,0,Brooklyn,1,1
14,2021,9786.0,945777.0,4404.0,3883.0,963850.0,959446.0,0.9857532367637157,13.759762090858585,8.390268497842571,8.264363329731667,1,Brooklyn,1,1
14,2022,18615.0,1093941.0,368.0,1789.0,1114713.0,1114345.0,0.9816896921509946,13.905297329979597,5.908082938168931,7.489412083508719,1,Brooklyn,1,1
14,2023,14462.0,1181731.0,140.0,2509.0,1198842.0,1198702.0,0.9858421859644849,13.982490870675587,4.941642422609304,7.827639546366422,1,Brooklyn,1,1
14,2024,17484.0,1261484.0,69.0,6116.0,1285153.0,1285084.0,0.9816354417298792,14.0477993636693,4.23410650459726,8.718663567048953,1,Brooklyn,1,1
14,2025,27896.0,1345187.0,216.0,17693.0,1390992.0,1390776.0,0.9672204582190087,14.11204359481107,5.375278407684165,9.780924360113003,1,Brooklyn,1,1
15,2019,36223.0,142647.0,2067.0,1431.0,182368.0,180301.0,0.7911603374357324,11.868128325926286,7.633853559681768,7.266128779556451,0,Queens,1,1
15,2020,14449.0,81799.0,653.0,711.0,97612.0,96959.0,0.8436452521168741,11.312020297577238,6.481577129276431,6.566672429803241,0,Queens,1,1
15,2021,16808.0,109472.0,323.0,802.0,127405.0,127082.0,0.8614280543271273,11.60342408777733,5.777652323222656,6.687108607866515,1,Queens,1,1
15,2022,15354.0,132941.0,44.0,240.0,148579.0,148535.0,0.8950146430134311,11.797660699757744,3.784189633918261,5.480638923341991,1,Queens,1,1
15,2023,13193.0,155468.0,26.0,323.0,169010.0,168984.0,0.9200160961984567,11.954195201642865,3.258096538021482,5.777652323222656,1,Queens,1,1
15,2024,5100.0,167247.0,43.0,655.0,173045.0,173002.0,0.9667344886186287,12.027227040609871,3.7612001156935624,6.484635235635252,1,Queens,1,1
15,2025,3919.0,179941.0,83.0,1530.0,185473.0,185390.0,0.9706079076541345,12.100384298363693,4.418840607796598,7.333023014386481,1,Queens,1,1
16,2019,56840.0,459757.0,4553.0,2296.0,523446.0,518893.0,0.8860343076510957,13.038453368016782,8.423541635334782,7.738923757439457,0,Queens,1,1
16,2020,12486.0,247500.0,1457.0,1183.0,262626.0,261169.0,0.9476622416902466,12.419165860990882,7.284134806195205,7.075808863978387,0,Queens,1,1
16,2021,14277.0,316800.0,660.0,1580.0,333317.0,332657.0,0.952332282200585,12.666025938922408,6.492239835020471,7.365180126021013,1,Queens,1,1
16,2022,12939.0,399514.0,112.0,372.0,412937.0,412825.0,0.9677563132077757,12.898004087379203,4.718498871295094,5.918893854273146,1,Queens,1,1
16,2023,11356.0,437322.0,70.0,490.0,449238.0,449168.0,0.9736267944288106,12.988425044848125,4.248495242049359,6.194405391104672,1,Queens,1,1
16,2024,9015.0,462296.0,61.0,1005.0,472377.0,472316.0,0.9787853894426612,13.043960657548661,4.110873864173311,6.912742820493176,1,Queens,1,1
16,2025,8012.0,505410.0,144.0,3052.0,516618.0,516474.0,0.9785778180508603,13.13312526004836,4.969813299576001,8.023552392404348,1,Queens,1,1
17,2019,187057.0,2061828.0,40225.0,15844.0,2304954.0,2264729.0,0.9104082651831632,14.539103525918879,10.602243971860585,9.670546158741807,0,Brooklyn,1,1
17,2020,8435.0,1446141.0,11096.0,7790.0,1473462.0,1462366.0,0.9889049663353771,14.184409187320464,9.314339961994667,8.960596138864794,0,Brooklyn,1,1
17,2021,8032.0,1618204.0,6631.0,7992.0,1640859.0,1634228.0,0.9901947586260913,14.29682745023516,8.799510901368867,8.98619632032839,1,Brooklyn,1,1
17,2022,19052.0,1752647.0,2149.0,4315.0,1778163.0,1776014.0,0.9868430091204236,14.37663777454432,7.67275789664251,8.36985260351753,1,Brooklyn,1,1
17,2023,25872.0,1897637.0,1103.0,4508.0,1929120.0,1928017.0,0.9842428775264949,14.456119985909114,7.005789019253503,8.413608875159667,1,Brooklyn,1,1
17,2024,22528.0,1982854.0,680.0,12460.0,2018522.0,2017842.0,0.9826606840376997,14.500047778971954,6.522092798170152,9.430278792341444,1,Brooklyn,1,1
17,2025,27859.0,1969351.0,529.0,39961.0,2037700.0,2037171.0,0.9667087348092035,14.493214604811993,6.270988431858299,10.595659257474393,1,Brooklyn,1,1
18,2019,100204.0,1019948.0,12145.0,3001.0,1135298.0,1123153.0,0.9081113614974986,13.835262203568753,9.404672841436273,8.006700845440367,0,Bronx,1,1
18,2020,13607.0,891623.0,4595.0,3133.0,912958.0,908363.0,0.981571244095147,13.700798676482352,8.432724034789787,8.049746290952191,0,Bronx,1,1
18,2021,10125.0,894016.0,3062.0,2743.0,909946.0,906884.0,0.985810754186864,13.703478951087222,8.026823576217629,7.916807490937603,1,Bronx,1,1
18,2022,9753.0,919952.0,423.0,860.0,930988.0,930565.0,0.9885951008258423,13.732076773751073,6.0473721790462776,6.756932389247553,1,Bronx,1,1
18,2023,6284.0,1013747.0,256.0,1263.0,1021550.0,1021294.0,0.9926103550985319,13.829163925097886,5.545177444479562,7.141245122350491,1,Bronx,1,1
18,2024,7535.0,1094159.0,119.0,2548.0,1104361.0,1104242.0,0.9908688494007654,13.905496589611898,4.77912349311153,7.843064016692054,1,Bronx,1,1
18,2025,16634.0,1174861.0,208.0,9463.0,1201166.0,1200958.0,0.978269847904756,13.97666040069031,5.337538079701318,9.155144736508232,1,Bronx,1,1
19,2019,14505.0,146259.0,3251.0,1690.0,165705.0,162454.0,0.9003102416684108,11.893134301662228,8.086717920303906,7.432483807917119,0,Queens,1,1
19,2020,2496.0,95459.0,1001.0,802.0,99758.0,98757.0,0.966604898893243,11.466452114913148,6.90875477931522,6.687108607866515,0,Queens,1,1
19,2021,1826.0,136369.0,768.0,936.0,139899.0,139131.0,0.9801482056479146,11.823119725833866,6.643789733147672,6.841615476477592,1,Queens,1,1
19,2022,3744.0,164327.0,42.0,463.0,168576.0,168534.0,0.975037677857287,12.009613624060297,3.7376696182833684,6.137727054086234,1,Queens,1,1
19,2023,2823.0,192658.0,77.0,717.0,196275.0,196198.0,0.9819570026198025,12.168671875275692,4.343805421853684,6.57507584059962,1,Queens,1,1
19,2024,4790.0,207643.0,91.0,1535.0,214059.0,213968.0,0.9704395049727061,12.243575537920014,4.51085950651685,7.336285660021297,1,Queens,1,1
19,2025,6160.0,225760.0,120.0,4066.0,236106.0,235986.0,0.9566669209190376,12.32722776708664,4.787491742782046,8.310414994188292,1,Queens,1,1
20,2019,60721.0,641008.0,6730.0,1730.0,710189.0,703459.0,0.9112229710615686,13.370797216324146,8.814330422638774,7.455876687491824,0,Bronx,1,1
20,2020,8061.0,508333.0,2302.0,1730.0,520426.0,518124.0,0.9811029792096101,13.13889202361762,7.741533589281828,7.455876687491824,0,Bronx,1,1
20,2021,6802.0,551741.0,1833.0,1709.0,562085.0,560252.0,0.9848086218344602,13.220834012250558,7.513709247839705,7.443663683115591,1,Bronx,1,1
20,2022,6032.0,585537.0,325.0,532.0,592426.0,592101.0,0.9889140535145187,13.28028465387467,5.783825182329737,6.2766434893416445,1,Bronx,1,1
20,2023,3611.0,655434.0,243.0,713.0,660001.0,659758.0,0.9934460817451247,13.39305289061781,5.493061443340548,6.569481420414296,1,Bronx,1,1
20,2024,4468.0,697119.0,106.0,1692.0,703385.0,703279.0,0.9912410295202899,13.454711406876978,4.663439094112067,7.433666540166168,1,Bronx,1,1
20,2025,8249.0,734685.0,149.0,5151.0,748234.0,748085.0,0.9820875969976673,13.50719711490342,5.003946305945459,8.546946149565585,1,Bronx,1,1
21,2019,57858.0,553432.0,8459.0,3134.0,622883.0,614424.0,0.9007330442821244,13.22389416902171,9.042986242304014,8.050065422915965,0,Brooklyn,1,1
21,2020,12346.0,391249.0,2337.0,1626.0,407558.0,405221.0,0.9655200495532068,12.87709946492269,7.756623334538858,7.3938782901077555,0,Brooklyn,1,1
21,2021,9226.0,454819.0,1554.0,1610.0,467209.0,465655.0,0.9767295529952432,13.027654816591001,7.348587530927593,7.383989457978509,1,Brooklyn,1,1
21,2022,11957.0,514953.0,248.0,562.0,527720.0,527472.0,0.9762660387660388,13.151830913345309,5.5134287461649825,6.331501849893691,1,Brooklyn,1,1
21,2023,10731.0,562548.0,256.0,757.0,574292.0,574036.0,0.9799873178685657,13.240231742753364,5.545177444479562,6.6293632534374485,1,Brooklyn,1,1
21,2024,14031.0,592586.0,97.0,2043.0,608757.0,608660.0,0.9735911674826668,13.292251289137843,4.574710978503383,7.622174594817622,1,Brooklyn,1,1
21,2025,24194.0,653092.0,137.0,5548.0,682971.0,682834.0,0.9564432936848487,13.389473286543026,4.919980925828125,8.621192781434722,1,Brooklyn,1,1
22,2019,71179.0,730615.0,10445.0,3874.0,816113.0,805668.0,0.9068437619466083,13.501641924202913,9.253878673990666,8.262042843966942,0,Brooklyn,1,1
22,2020,13157.0,500875.0,3464.0,2428.0,519924.0,516460.0,0.9698234132362622,13.124111847938446,8.150179269682326,7.794823152179389,0,Brooklyn,1,1
22,2021,10002.0,607183.0,2274.0,2511.0,621970.0,619696.0,0.9798078412641037,13.31658550730667,7.729295674310482,7.828436359157585,1,Brooklyn,1,1
22,2022,13612.0,676639.0,105.0,627.0,690983.0,690878.0,0.9793899936023437,13.42489317481447,4.653960350157523,6.440946540632921,1,Brooklyn,1,1
22,2023,10806.0,752159.0,77.0,950.0,763992.0,763915.0,0.9846108533017417,13.530703016752712,4.343805421853684,6.856461984594587,1,Brooklyn,1,1
22,2024,13550.0,783952.0,37.0,2977.0,800516.0,800479.0,0.9793536120248002,13.572103072968453,3.6109179126442243,7.998671361015776,1,Brooklyn,1,1
22,2025,21648.0,867575.0,109.0,7872.0,897204.0,897095.0,0.9670937860538739,13.673457242397516,4.6913478822291435,8.971067438732089,1,Brooklyn,1,1
23,2019,29603.0,272137.0,196.0,543.0,302479.0,302283.0,0.9002722614238975,12.514060894946306,5.278114659230517,6.297109319933935,0,Staten Island,1,1
23,2020,10457.0,186557.0,287.0,527.0,197828.0,197541.0,0.9443963531621283,12.136492101397474,5.659482215759621,6.267200548541362,0,Staten Island,1,1
23,2021,10115.0,248533.0,929.0,765.0,260342.0,259413.0,0.9580591566344016,12.423330912482793,6.834108738813838,6.639875833826536,1,Staten Island,1,1
23,2022,20674.0,300566.0,9.0,841.0,322090.0,322081.0,0.9332000335319376,12.613422642784823,2.1972245773362196,6.734591659972948,1,Staten Island,1,1
23,2023,42471.0,345074.0,3.0,489.0,388037.0,388034.0,0.8892880520779107,12.751514165766839,1.0986122886681098,6.192362489474872,1,Staten Island,1,1
23,2024,45541.0,360548.0,2.0,135.0,406226.0,406224.0,0.887559573043444,12.795380375248671,0.6931471805599453,4.90527477843843,1,Staten Island,1,1
23,2025,43251.0,387906.0,6.0,281.0,431444.0,431438.0,0.8991002183395992,12.86851832121253,1.791759469228055,5.638354669333745,1,Staten Island,1,1
24,2019,35842.0,395588.0,21465.0,248456.0,701351.0,679886.0,0.581844603359975,12.888128544600244,9.97417898065866,12.423021046467182,0,Manhattan,0,1
24,2020,1292.0,236327.0,5919.0,90016.0,333554.0,327635.0,0.7213118256596518,12.372971718179599,8.685922794690725,11.407742711289583,0,Manhattan,0,1
24,2021,1202.0,269137.0,5017.0,115085.0,390441.0,385424.0,0.6982881190584914,12.502975822618264,8.520587424484253,11.653426264757794,1,Manhattan,0,1
24,2022,2460.0,308733.0,6487.0,124764.0,442444.0,435957.0,0.7081730537644768,12.640232104679681,8.777555453213056,11.734179231765971,1,Manhattan,0,1
24,2023,3181.0,334843.0,5384.0,94000.0,437408.0,432024.0,0.7750564783437958,12.721417044236903,8.591186871324563,11.451050061252142,1,Manhattan,0,1
24,2024,2641.0,339232.0,4697.0,101903.0,448473.0,443776.0,0.764421690222094,12.734439518072824,8.454679286026995,11.531776659405516,1,Manhattan,0,1
24,2025,3862.0,322136.0,3681.0,117105.0,446784.0,443103.0,0.727000268560583,12.68272909560601,8.210939733379021,11.6708262472225,1,Manhattan,0,1
25,2019,126154.0,1307091.0,115225.0,70088.0,1618558.0,1503333.0,0.8694620553130943,14.083314615278283,11.654642017588708,11.1575068743462,0,Brooklyn,1,1
25,2020,6436.0,742360.0,26635.0,18357.0,793788.0,767153.0,0.9676818053243617,13.51758957969224,10.1899814193511,9.81776625213065,0,Brooklyn,1,1
25,2021,6111.0,929900.0,10884.0,16022.0,962917.0,952033.0,0.9767518562906958,13.742832332466289,9.295049099903137,9.681718056775063,1,Brooklyn,1,1
25,2022,16594.0,1183761.0,7445.0,17734.0,1225534.0,1218089.0,0.9718181512188354,13.98420721594189,8.915297945118109,9.783238979939952,1,Brooklyn,1,1
25,2023,15318.0,1321350.0,5056.0,14183.0,1355907.0,1350851.0,0.978161173956269,14.094164499206052,8.528330935826693,9.559799343294607,1,Brooklyn,1,1
25,2024,14427.0,1403220.0,3096.0,21857.0,1442600.0,1439504.0,0.9747940957440896,14.15428015363417,8.037866234709618,9.992276515350188,1,Brooklyn,1,1
25,2025,20384.0,1424961.0,2875.0,46441.0,1494661.0,1491786.0,0.9552047009423603,14.169655002889312,7.963807953231451,10.74593796874106,1,Brooklyn,1,1
26,2019,102805.0,1060956.0,14318.0,6300.0,1184379.0,1170061.0,0.9067527248579348,13.874680946425176,9.56927276595613,8.748304912379623,0,Brooklyn,1,1
26,2020,10731.0,784330.0,4239.0,3744.0,803044.0,798805.0,0.9818791820281546,13.572585129138606,8.352082671352637,8.227909837597483,0,Brooklyn,1,1
26,2021,10518.0,871540.0,2971.0,3366.0,888395.0,885424.0,0.9843193769312781,13.67801704076616,7.9966538754626075,8.121480374750751,1,Brooklyn,1,1
26,2022,18832.0,1013287.0,159.0,938.0,1033216.0,1033057.0,0.9808626242308024,13.828710059984724,5.0689042022202315,6.843749949006225,1,Brooklyn,1,1
26,2023,13059.0,1164742.0,135.0,1093.0,1179029.0,1178894.0,0.9879955280118484,13.968010161228754,4.90527477843843,6.996681488176539,1,Brooklyn,1,1
26,2024,15231.0,1176215.0,39.0,4044.0,1195529.0,1195490.0,0.9838769040309832,13.977812213859849,3.6635616461296463,8.304989580140361,1,Brooklyn,1,1
26,2025,24159.0,1226160.0,158.0,11003.0,1261480.0,1261322.0,0.9721228996243624,14.019397892672789,5.062595033026967,9.305923241869912,1,Brooklyn,1,1
27,2019,645.0,18412.0,127.0,112.0,19296.0,19169.0,0.9605091554071679,9.820757904937132,4.844187086458591,4.718498871295094,0,Queens,1,1
27,2020,192.0,15934.0,77.0,110.0,16313.0,16236.0,0.9813993594481399,9.676210469940312,4.343805421853684,4.700480365792417,0,Queens,1,1
27,2021,374.0,14528.0,38.0,76.0,15016.0,14978.0,0.9699559353718787,9.583833100841074,3.6375861597263857,4.330733340286331,1,Queens,1,1
27,2022,460.0,16207.0,11.0,13.0,16691.0,16680.0,0.971642685851319,9.69319852665812,2.3978952727983707,2.5649493574615367,1,Queens,1,1
27,2023,273.0,15783.0,3.0,16.0,16075.0,16072.0,0.9820184171229467,9.666688690398917,1.0986122886681098,2.772588722239781,1,Queens,1,1
27,2024,313.0,18529.0,3.0,164.0,19009.0,19006.0,0.974902662317163,9.827092351282415,1.0986122886681098,5.099866427824199,1,Queens,1,1
27,2025,294.0,18729.0,2.0,297.0,19322.0,19320.0,0.9694099378881987,9.837828403729853,0.6931471805599453,5.6937321388027,1,Queens,1,1
28,2019,38054.0,434350.0,8530.0,12144.0,493078.0,484548.0,0.8964024204000429,12.981605939688066,9.051344640485725,9.404590499635411,0,Queens,1,1
28,2020,4589.0,314593.0,2394.0,4106.0,325682.0,323288.0,0.9731044765039222,12.659035018881973,7.780720886117918,8.32020459757888,0,Queens,1,1
28,2021,4800.0,412771.0,1895.0,2500.0,421966.0,420071.0,0.9826219853310512,12.930648238743723,7.546974117516527,7.824046010856292,1,Queens,1,1
28,2022,6360.0,493478.0,742.0,2512.0,503092.0,502350.0,0.9823390066686573,13.109233557328036,6.60934924316738,7.828834527588089,1,Queens,1,1
28,2023,7381.0,548327.0,506.0,3184.0,559398.0,558892.0,0.981096526699255,13.21462710329482,6.226536669287466,8.065893546964274,1,Queens,1,1
28,2024,9517.0,581141.0,250.0,5243.0,596151.0,595901.0,0.9752307849793842,13.272748691416618,5.521460917862246,8.564649132572534,1,Queens,1,1
28,2025,11485.0,620152.0,280.0,12399.0,644316.0,644036.0,0.96291511654628,13.337719888264479,5.634789603169249,9.425371103179842,1,Queens,1,1
29,2019,48418.0,411682.0,9915.0,1987.0,472002.0,462087.0,0.8909188096613841,12.928006485646018,9.201804040953895,7.594381242551817,0,Brooklyn,1,1
29,2020,28035.0,293724.0,3440.0,2261.0,327460.0,324020.0,0.9064995987901981,12.59039582988491,8.143226750367445,7.72356247227797,0,Brooklyn,1,1
29,2021,18384.0,354375.0,1868.0,1897.0,376524.0,374656.0,0.9458676759480696,12.778110953464154,7.532623618788788,7.5480289699350145,1,Brooklyn,1,1
29,2022,20936.0,386504.0,477.0,652.0,408569.0,408092.0,0.9471001636885801,12.864897496244547,6.1675164908883415,6.480044561926653,1,Brooklyn,1,1
29,2023,25394.0,414324.0,282.0,959.0,440959.0,440677.0,0.9401988304358975,12.934403555424602,5.641907070938114,6.8658910748834385,1,Brooklyn,1,1
29,2024,26696.0,444908.0,162.0,2757.0,474523.0,474361.0,0.9379101570323024,13.005622798201358,5.087596335232384,7.921898411023797,1,Brooklyn,1,1
29,2025,47908.0,503616.0,199.0,5752.0,557475.0,557276.0,0.9037101902827325,13.129569351894656,5.293304824724492,8.657302899400882,1,Brooklyn,1,1
30,2019,693.0,9354.0,67.0,51.0,10165.0,10098.0,0.9263220439691028,9.143559338285831,4.204692619390966,3.9318256327243257,0,Queens,1,1
30,2020,322.0,6451.0,28.0,20.0,6821.0,6793.0,0.9496540556455174,8.771990436532242,3.332204510175204,2.995732273553991,0,Queens,1,1
30,2021,133.0,8675.0,12.0,28.0,8848.0,8836.0,0.9817790855590766,9.06820060481506,2.4849066497880004,3.332204510175204,1,Queens,1,1
30,2022,155.0,8954.0,1.0,15.0,9125.0,9124.0,0.9813678211310829,9.09985563880091,0.0,2.70805020110221,1,Queens,1,1
30,2023,141.0,10711.0,0.0,26.0,10878.0,10878.0,0.9846479132193418,9.27902652976463,0.0,3.258096538021482,1,Queens,1,1
30,2024,222.0,14480.0,2.0,82.0,14786.0,14784.0,0.9794372294372294,9.580523665939708,0.6931471805599453,4.406719247264253,1,Queens,1,1
30,2025,155.0,14486.0,0.0,181.0,14822.0,14822.0,0.9773309944676831,9.580937944755272,0.0,5.198497031265826,1,Queens,1,1
31,2019,12024.0,92702.0,2264.0,530.0,107520.0,105256.0,0.8807288895644904,11.43714532629424,7.724888439323074,6.272877006546167,0,Bronx,1,1
31,2020,1129.0,64763.0,392.0,317.0,66601.0,66209.0,0.9781600688728118,11.078489731610516,5.971261839790462,5.75890177387728,0,Bronx,1,1
31,2021,950.0,87705.0,379.0,515.0,89549.0,89170.0,0.9835707076370976,11.38173418927788,5.937536205082426,6.244166900663736,1,Bronx,1,1
31,2022,1182.0,78208.0,126.0,204.0,79720.0,79594.0,0.9825866271326984,11.267127223091212,4.836281906951478,5.318119993844216,1,Bronx,1,1
31,2023,729.0,88538.0,73.0,200.0,89540.0,89467.0,0.9896162830987962,11.391187117370512,4.290459441148391,5.298317366548036,1,Bronx,1,1
31,2024,1198.0,102078.0,83.0,331.0,103690.0,103607.0,0.9852423098825369,11.533492505910193,4.418840607796598,5.802118375377063,1,Bronx,1,1
31,2025,1240.0,105773.0,78.0,1029.0,108120.0,108042.0,0.9789989078321394,11.569050567349949,4.356708826689592,6.9363427358340495,1,Bronx,1,1
32,2019,50052.0,510684.0,8798.0,2973.0,572507.0,563709.0,0.9059355092787236,13.143506282597276,9.082279701908664,7.997326822998097,0,Bronx,1,1
32,2020,7931.0,472232.0,2977.0,2300.0,485440.0,482463.0,0.978794228780238,13.065225669232369,7.998671361015776,7.7406644019172415,0,Bronx,1,1
32,2021,6657.0,500049.0,2270.0,2180.0,511156.0,508886.0,0.9826346175764317,13.122461372602643,7.727535110475448,7.687080155783135,1,Bronx,1,1
32,2022,6968.0,504335.0,96.0,508.0,511907.0,511811.0,0.985393045479679,13.130996008789586,4.564348191467836,6.230481447578482,1,Bronx,1,1
32,2023,4924.0,548099.0,75.0,983.0,554081.0,554006.0,0.9893376606029538,13.21421120654796,4.31748811353631,6.890609120147166,1,Bronx,1,1
32,2024,7697.0,579663.0,41.0,1782.0,589183.0,589142.0,0.9839105003547531,13.270202179173895,3.713572066704308,7.485491608030754,1,Bronx,1,1
32,2025,14841.0,611915.0,141.0,5731.0,632628.0,632487.0,0.9674744303044964,13.32434866295962,4.948759890378168,8.653645314551737,1,Bronx,1,1
33,2019,108330.0,1161553.0,144455.0,83005.0,1497343.0,1352888.0,0.858572919561708,13.965268460801576,11.880723319348634,11.326656125928176,0,Brooklyn,1,1
33,2020,7395.0,618609.0,30969.0,19524.0,676497.0,645528.0,0.9582992527047626,13.335228688108842,10.3407419831337,9.879399757007038,0,Brooklyn,1,1
33,2021,6528.0,805235.0,12798.0,19718.0,844279.0,831481.0,0.9684346365100345,13.59888943926459,9.457044187699406,9.889287203134987,1,Brooklyn,1,1
33,2022,13543.0,992145.0,11022.0,23988.0,1040698.0,1029676.0,0.9635506703079415,13.807624544940149,9.307648554443182,10.0853089842884,1,Brooklyn,1,1
33,2023,12600.0,1078444.0,7396.0,17985.0,1116425.0,1109029.0,0.972421821250842,13.891029819494777,8.908694592507015,9.797293356129725,1,Brooklyn,1,1
33,2024,12874.0,1142782.0,5975.0,28120.0,1189751.0,1183776.0,0.9653701375935988,13.94897619842717,8.695339376799712,10.244236345924602,1,Brooklyn,1,1
33,2025,16334.0,1157078.0,5371.0,51237.0,1230020.0,1224649.0,0.9448241904415061,13.961408419633813,8.58876938990546,10.8442172062873,1,Brooklyn,1,1
34,2019,16874.0,190438.0,2035.0,1923.0,211270.0,209235.0,0.9101632136114894,12.15708196125793,7.618251097876695,7.56164174558878,0,Brooklyn,1,1
34,2020,307.0,115386.0,1067.0,1874.0,118634.0,117567.0,0.9814488759600909,11.656038308538902,6.9726062513017535,7.535830462798367,0,Brooklyn,1,1
34,2021,153.0,143578.0,327.0,708.0,144766.0,144439.0,0.994039006085614,11.874633720516812,5.7899601708972535,6.56244409369372,1,Brooklyn,1,1
34,2022,526.0,179589.0,293.0,980.0,181388.0,181095.0,0.9916839228029487,12.098426185758512,5.680172609017068,6.887552571664617,1,Brooklyn,1,1
34,2023,1572.0,177991.0,176.0,687.0,180426.0,180250.0,0.9874674063800277,12.08948826619818,5.170483995038151,6.532334292222349,1,Brooklyn,1,1
34,2024,1587.0,228321.0,310.0,2395.0,232613.0,232303.0,0.982858594163657,12.338507812518872,5.736572297479192,7.781138509845015,1,Brooklyn,1,1
34,2025,1260.0,213478.0,548.0,6868.0,222154.0,221606.0,0.9633222927177062,12.27128906184488,6.306275286948016,8.834628222017367,1,Brooklyn,1,1
35,2019,114254.0,1275153.0,24630.0,9870.0,1423907.0,1399277.0,0.9112941897851533,14.05857672937524,10.111720491114584,9.197255132427527,0,Brooklyn,1,1
35,2020,17975.0,1243941.0,8746.0,8954.0,1279616.0,1270870.0,0.9788105785800278,14.033795123503802,9.076351731972865,9.09985563880091,0,Brooklyn,1,1
35,2021,14739.0,1298277.0,6082.0,7434.0,1326532.0,1320450.0,0.9832079972736567,14.076548558717342,8.71308886823731,8.913819350857198,1,Brooklyn,1,1
35,2022,27031.0,1224278.0,325.0,1479.0,1253113.0,1252788.0,0.9772427577531074,14.017861840448623,5.783825182329737,7.2991214627108,1,Brooklyn,1,1
35,2023,19193.0,1370354.0,285.0,2857.0,1392689.0,1392404.0,0.9841640788162056,14.13057965858687,5.652489180268651,7.957527402230773,1,Brooklyn,1,1
35,2024,23246.0,1430560.0,259.0,10931.0,1464996.0,1464737.0,0.9766668009342292,14.173576533969145,5.556828061699537,9.299358068293836,1,Brooklyn,1,1
35,2025,36645.0,1463120.0,575.0,29209.0,1529549.0,1528974.0,0.9569292872213654,14.196081699878457,6.354370040797351,10.282232159944682,1,Brooklyn,1,1
36,2019,200490.0,1942199.0,14577.0,7438.0,2164704.0,2150127.0,0.9032950146665755,14.479331394262225,9.587200223074012,8.914357274485015,0,Brooklyn,1,1
36,2020,11370.0,1165678.0,3014.0,3107.0,1183169.0,1180155.0,0.9877329672797217,13.968813449949527,8.01102337918644,8.041412909393047,0,Brooklyn,1,1
36,2021,4246.0,1345031.0,1643.0,3753.0,1354673.0,1353030.0,0.9940880837823256,14.111927619079605,7.404279118037268,8.23031079913502,1,Brooklyn,1,1
36,2022,8078.0,1672631.0,1035.0,3272.0,1685016.0,1683981.0,0.9932600189669598,14.329908393776702,6.942156705699469,8.093156697722637,1,Brooklyn,1,1
36,2023,14327.0,1820059.0,1009.0,3111.0,1838506.0,1837497.0,0.9905099164787752,14.414379476109957,6.9167150203536085,8.042699496897637,1,Brooklyn,1,1
36,2024,11946.0,1918392.0,489.0,8169.0,1938996.0,1938507.0,0.9896234576403387,14.466997893104907,6.192362489474872,9.00810178134187,1,Brooklyn,1,1
36,2025,11687.0,1957632.0,384.0,35921.0,2005624.0,2005240.0,0.9762582035068121,14.487246137523787,5.950642552587727,10.489077361672273,1,Brooklyn,1,1
37,2019,236671.0,2564040.0,17167.0,14344.0,2832222.0,2815055.0,0.9108312270985824,14.757094697525034,9.75074421527093,9.571087015284968,0,Brooklyn,1,1
37,2020,10757.0,1774134.0,5407.0,8425.0,1798723.0,1793316.0,0.9893036140869763,14.388822974511964,8.595449689382004,9.038958755220563,0,Brooklyn,1,1
37,2021,9785.0,2059589.0,3077.0,7152.0,2079603.0,2076526.0,0.9918435887631554,14.538017006296979,8.031710375322042,8.87514731685335,1,Brooklyn,1,1
37,2022,19334.0,2346310.0,1168.0,4762.0,2371574.0,2370406.0,0.9898346527978751,14.668354439278309,7.0630481633881725,8.468423027046809,1,Brooklyn,1,1
37,2023,26489.0,2507437.0,653.0,4451.0,2539030.0,2538377.0,0.9878111092245163,14.734771673876477,6.481577129276431,8.400884069015854,1,Brooklyn,1,1
37,2024,22983.0,2586739.0,263.0,12783.0,2622768.0,2622505.0,0.986361894448247,14.765908567017835,5.572154032177765,9.455871442168021,1,Brooklyn,1,1
37,2025,26380.0,2691100.0,364.0,56920.0,2774764.0,2774400.0,0.9699754901960784,14.80546058992532,5.8971538676367405,10.949402052203789,1,Brooklyn,1,1
38,2019,16720.0,189900.0,4496.0,2238.0,213354.0,208858.0,0.9092301946777236,12.154252896800378,8.410943391573527,7.71333788887187,0,Queens,1,1
38,2020,1831.0,159928.0,1638.0,1590.0,164987.0,163349.0,0.9790571108485513,11.98247899293558,7.401231264413015,7.371489295214277,0,Queens,1,1
38,2021,1423.0,203532.0,881.0,1465.0,207301.0,206420.0,0.986009107644608,12.223578519659839,6.78105762593618,7.289610521451167,1,Queens,1,1
38,2022,3313.0,222324.0,76.0,786.0,226499.0,226423.0,0.9818967154396859,12.311891056338013,4.330733340286331,6.666956792429207,1,Queens,1,1
38,2023,2354.0,255837.0,28.0,1132.0,259351.0,259323.0,0.9865573049825893,12.452295801920231,3.332204510175204,7.0317412587631285,1,Queens,1,1
38,2024,5953.0,283401.0,25.0,2033.0,291412.0,291387.0,0.9725931493168879,12.554618134814001,3.2188758248682006,7.617267813628347,1,Queens,1,1
38,2025,8746.0,314988.0,131.0,4245.0,328110.0,327979.0,0.9603907567252782,12.660289821844033,4.875197323201151,8.353497098745448,1,Queens,1,1
39,2019,146094.0,1602617.0,24594.0,10183.0,1783488.0,1758894.0,0.9111504161137624,14.28714847603223,10.110257789732392,9.228474942171665,0,Brooklyn,1,1
39,2020,17569.0,1348985.0,8820.0,8419.0,1383793.0,1374973.0,0.9810992652219352,14.114863015780408,9.084777149000837,9.038246335337664,0,Brooklyn,1,1
39,2021,26239.0,1497466.0,6004.0,7396.0,1537105.0,1531101.0,0.9780321481077996,14.219284904206477,8.700181192753353,8.908694592507015,1,Brooklyn,1,1
39,2022,37484.0,1469419.0,175.0,2266.0,1509344.0,1509169.0,0.973661001518054,14.20037764253252,5.1647859739235145,7.725771441587952,1,Brooklyn,1,1
39,2023,24319.0,1637886.0,242.0,3599.0,1666046.0,1665804.0,0.9832405252958931,14.308916943903567,5.488937726156687,8.188411308079031,1,Brooklyn,1,1
39,2024,27663.0,1738007.0,89.0,14528.0,1780287.0,1780198.0,0.9762998273225787,14.368249612417316,4.48863636973214,9.583833100841074,1,Brooklyn,1,1
39,2025,45961.0,1818427.0,659.0,34936.0,1899983.0,1899324.0,0.9574074776078225,14.413482399628451,6.490723534502507,10.461273095165398,1,Brooklyn,1,1
40,2019,57660.0,652673.0,26571.0,36309.0,773213.0,746642.0,0.8741445029880451,13.388831517136769,10.187575674477692,10.499820923406714,0,Brooklyn,1,1
40,2020,2697.0,312669.0,4888.0,8307.0,328561.0,323673.0,0.9660027249724259,12.652900401978973,8.494538500851432,9.02485381183907,0,Brooklyn,1,1
40,2021,2302.0,423314.0,1723.0,5940.0,433279.0,431556.0,0.9809016674545135,12.955869499432453,7.45182223652793,8.68946441235669,1,Brooklyn,1,1
40,2022,2791.0,515440.0,1400.0,6018.0,525649.0,524249.0,0.9831969159693199,13.152776183812524,7.24422751560335,8.70251025718999,1,Brooklyn,1,1
40,2023,3339.0,528512.0,625.0,4519.0,536995.0,536370.0,0.9853496653429535,13.177820789805708,6.437751649736401,8.41604600941128,1,Brooklyn,1,1
40,2024,3141.0,556231.0,340.0,7249.0,566961.0,566621.0,0.9816632281542689,13.228938954575842,5.8289456176102075,8.888618807300878,1,Brooklyn,1,1
40,2025,3600.0,584008.0,293.0,14254.0,602155.0,601862.0,0.9703353924986127,13.277669960346676,5.680172609017068,9.564792848061815,1,Brooklyn,1,1
41,2019,148634.0,1576715.0,337400.0,318223.0,2380972.0,2043572.0,0.7715485434327736,14.27085412672126,12.729024449094005,12.670507673857545,0,Manhattan,0,1
41,2020,9796.0,1097325.0,96011.0,135081.0,1338213.0,1242202.0,0.8833708205267742,13.908385957914472,11.472218047219139,11.813629877492534,0,Manhattan,0,1
41,2021,7574.0,1221825.0,57673.0,141254.0,1428326.0,1370653.0,0.8914181780508998,14.01585620060248,10.962544405370902,11.858314967191795,1,Manhattan,0,1
41,2022,15716.0,1360177.0,57290.0,113909.0,1547092.0,1489802.0,0.9129917935403496,14.123125396302665,10.955881367402624,11.643155162994919,1,Manhattan,0,1
41,2023,10921.0,1491617.0,41687.0,83209.0,1627434.0,1585747.0,0.9406399633737286,14.215371324379271,10.637944608583052,11.329110794035937,1,Manhattan,0,1
41,2024,12653.0,1573962.0,28127.0,111631.0,1726373.0,1698246.0,0.9268162563020905,14.269106565355475,10.244485248089557,11.622954068134021,1,Manhattan,0,1
41,2025,25522.0,1581628.0,22997.0,176766.0,1806913.0,1783916.0,0.8866045262220867,14.273965254273138,10.043119051621321,12.082582102999877,1,Manhattan,0,1
42,2019,195888.0,2041124.0,206980.0,140767.0,2584759.0,2377779.0,0.8584161942720496,14.529011194478592,12.240377449222164,11.854861320235967,0,Manhattan,0,1
42,2020,18106.0,1696429.0,67853.0,70709.0,1853097.0,1785244.0,0.9502504979711457,14.344036011461213,11.125098879466098,11.166328142227036,0,Manhattan,0,1
42,2021,18325.0,1789947.0,38477.0,62959.0,1909708.0,1871231.0,0.9565612155848209,14.397696568440036,10.55781593916244,11.050238999864765,1,Manhattan,0,1
42,2022,28935.0,1915316.0,29373.0,38584.0,2012208.0,1982835.0,0.9659482508630319,14.465393180038557,10.287831164022181,10.560592961748808,1,Manhattan,0,1
42,2023,15728.0,2089770.0,19412.0,30017.0,2154927.0,2135515.0,0.9785789376333109,14.552564570038395,9.873646710525106,10.309519166816033,1,Manhattan,0,1
42,2024,18609.0,2161477.0,12634.0,54813.0,2247533.0,2234899.0,0.9671475086793632,14.586302342274477,9.444146871458646,10.911682671079776,1,Manhattan,0,1
42,2025,41973.0,2157873.0,10313.0,121520.0,2331679.0,2321366.0,0.9295703478038362,14.584633572280675,9.24116051431607,11.707834137269655,1,Manhattan,0,1
43,2019,76077.0,420735.0,63826.0,1306953.0,1867591.0,1803765.0,0.2332537775153637,12.949758460793667,11.0639159098287,14.083209031745543,0,Manhattan,0,1
43,2020,2328.0,200875.0,21705.0,382597.0,607505.0,585800.0,0.34290713554114033,12.210438103039813,9.985297927733694,12.85473749487025,0,Manhattan,0,1
43,2021,1861.0,284870.0,17502.0,552584.0,856817.0,839315.0,0.3394077313046949,12.559788214836255,9.770070439095777,13.222360737016809,1,Manhattan,0,1
43,2022,3774.0,357574.0,25233.0,659508.0,1046089.0,1020856.0,0.3502687940316754,12.787097612703096,10.135907940630547,13.399249381467753,1,Manhattan,0,1
43,2023,3627.0,360624.0,32115.0,620587.0,1016953.0,984838.0,0.36617595990406543,12.795591143277052,10.377078489691893,13.338421083306825,1,Manhattan,0,1
43,2024,2795.0,362100.0,32136.0,633607.0,1030638.0,998502.0,0.3626432395728802,12.799675695753733,10.377732176039117,13.359184167401123,1,Manhattan,0,1
43,2025,3132.0,361769.0,27349.0,598062.0,990312.0,962963.0,0.3756831778583393,12.798761165574737,10.216435244110384,13.301449706488246,1,Manhattan,0,1
44,2019,13976.0,65861.0,21.0,377.0,80235.0,80214.0,0.8210661480539556,11.095301739538133,3.044522437723423,5.932245187448011,0,Staten Island,1,1
44,2020,9820.0,46330.0,53.0,903.0,57106.0,57053.0,0.8120519516940389,10.743544978410695,3.970291913552122,6.805722553416985,0,Staten Island,1,1
44,2021,7725.0,63967.0,80.0,1296.0,73068.0,72988.0,0.8764043404395243,11.066122604361524,4.382026634673881,7.16703787691222,1,Staten Island,1,1
44,2022,11604.0,77105.0,7.0,333.0,89049.0,89042.0,0.8659396689202848,11.252923408291757,1.9459101490553132,5.808142489980444,1,Staten Island,1,1
44,2023,13181.0,87275.0,0.0,232.0,100688.0,100688.0,0.8667865088193231,11.376819331973238,0.0,5.44673737166631,1,Staten Island,1,1
44,2024,13844.0,96510.0,0.0,10.0,110364.0,110364.0,0.8744699358486463,11.477401908901182,0.0,2.302585092994046,1,Staten Island,1,1
44,2025,14911.0,109881.0,0.0,19.0,124811.0,124811.0,0.8803791332494733,11.607153241005074,0.0,2.9444389791664403,1,Staten Island,1,1
45,2019,63769.0,648452.0,497.0,163218.0,875936.0,875439.0,0.7407163720144979,13.382343263037024,6.208590026096629,12.002842009547841,0,Manhattan,0,1
45,2020,4597.0,291780.0,543.0,35534.0,332454.0,331911.0,0.8790910816453809,12.583755372625886,6.297109319933935,10.478245263595852,0,Manhattan,0,1
45,2021,4865.0,386566.0,313.0,37295.0,429039.0,428726.0,0.9016621338570555,12.865057895691253,5.746203190540153,10.526614548389263,1,Manhattan,0,1
45,2022,10261.0,549240.0,2.0,50174.0,609677.0,609675.0,0.9008734161643499,13.216290783435689,0.6931471805599453,10.823252243221784,1,Manhattan,0,1
45,2023,11153.0,609542.0,0.0,50748.0,671443.0,671443.0,0.9078090024022888,13.320463134471106,0.0,10.834627487260489,1,Manhattan,0,1
45,2024,7807.0,608811.0,24.0,61540.0,678182.0,678158.0,0.8977421190931907,13.319263153697525,3.1780538303479458,11.027442648876033,1,Manhattan,0,1
45,2025,10683.0,602875.0,46.0,90743.0,704347.0,704301.0,0.8559905494951733,13.309465157371273,3.828641396489095,11.415786614165816,1,Manhattan,0,1
46,2019,3723.0,46133.0,1063.0,316.0,51235.0,50172.0,0.9194969305588775,10.739283808037968,6.968850378341948,5.755742213586912,0,Bronx,1,1
46,2020,692.0,34248.0,483.0,265.0,35688.0,35205.0,0.9728163613123136,10.441383447824782,6.180016653652572,5.579729825986222,0,Bronx,1,1
46,2021,497.0,39882.0,379.0,267.0,41025.0,40646.0,0.9812035624661714,10.593680373269637,5.937536205082426,5.58724865840025,1,Bronx,1,1
46,2022,811.0,40062.0,3.0,84.0,40960.0,40957.0,0.9781478135605636,10.598183533085924,1.0986122886681098,4.430816798843313,1,Bronx,1,1
46,2023,493.0,43114.0,6.0,90.0,43703.0,43697.0,0.9866581229832712,10.67160304933338,1.791759469228055,4.499809670330265,1,Bronx,1,1
46,2024,864.0,45859.0,1.0,300.0,47024.0,47023.0,0.9752461561363588,10.733326750679167,0.0,5.703782474656201,1,Bronx,1,1
46,2025,1716.0,51025.0,13.0,731.0,53485.0,53472.0,0.9542377318970676,10.840070987678045,2.5649493574615367,6.594413459749778,1,Bronx,1,1
47,2019,78376.0,713071.0,9949.0,3507.0,804903.0,794954.0,0.8969965557755543,13.477336273681386,9.20522732258936,8.162516250140179,0,Bronx,1,1
47,2020,13354.0,641598.0,4094.0,3194.0,662240.0,658146.0,0.9748566427510006,13.371717218322601,8.317277766221235,8.069029328774958,0,Bronx,1,1
47,2021,10258.0,682500.0,3571.0,4085.0,700414.0,696843.0,0.9794171714432088,13.433517806041252,8.18060094759445,8.315077007294104,1,Bronx,1,1
47,2022,10248.0,671862.0,526.0,900.0,683536.0,683010.0,0.9836781306276629,13.417808241273764,6.26530121273771,6.802394763324311,1,Bronx,1,1
47,2023,5896.0,744866.0,405.0,1209.0,752376.0,751971.0,0.990551497331679,13.520959615412096,6.003887067106539,7.097548850614793,1,Bronx,1,1
47,2024,7058.0,778901.0,178.0,2671.0,788808.0,788630.0,0.9876634163042238,13.565639230769072,5.181783550292085,7.890208213109961,1,Bronx,1,1
47,2025,14065.0,814024.0,195.0,8062.0,836346.0,836151.0,0.9735370764371507,13.609745128579515,5.272999558563747,8.994916943677111,1,Bronx,1,1
48,2019,316026.0,2701174.0,512.0,2659840.0,5677552.0,5677040.0,0.47580675845158743,14.809197051284805,6.238324625039508,14.793776528572836,0,Manhattan,0,1
48,2020,12163.0,1236248.0,425.0,720254.0,1969090.0,1968665.0,0.6279626040997326,14.027591544121996,6.052089168924417,13.487359206558567,0,Manhattan,0,1
48,2021,10866.0,1676940.0,464.0,867308.0,2555578.0,2555114.0,0.6563073115328709,14.33248126198998,6.139884552226255,13.6731494406586,1,Manhattan,0,1
48,2022,20829.0,2321520.0,37.0,1184528.0,3526914.0,3526877.0,0.658236734652215,14.657732701524539,3.6109179126442243,13.984854940967692,1,Manhattan,0,1
48,2023,26935.0,2392833.0,5.0,992631.0,3412404.0,3412399.0,0.7012172374918643,14.687988577576897,1.6094379124341003,13.808114272758012,1,Manhattan,0,1
48,2024,18309.0,2376424.0,109.0,1004135.0,3398977.0,3398868.0,0.6991810214459637,14.681107394722606,4.6913478822291435,13.819637032345982,1,Manhattan,0,1
48,2025,19214.0,2294918.0,90.0,1048239.0,3362461.0,3362371.0,0.6825296792055368,14.646207670990961,4.499809670330265,13.862622171298007,1,Manhattan,0,1
49,2019,145068.0,1550109.0,51086.0,20367.0,1766630.0,1715544.0,0.9035670317986598,14.253835809003558,10.841265766051706,9.921671222969756,0,Brooklyn,1,1
49,2020,5763.0,879430.0,11774.0,6831.0,903798.0,892024.0,0.9858815457880057,13.687029249315723,9.373648989588206,8.82922635473185,0,Brooklyn,1,1
49,2021,5426.0,1057653.0,6078.0,7269.0,1076426.0,1070348.0,0.9881393714941309,13.87156286028837,8.712430973476739,8.891374009484636,1,Brooklyn,1,1
49,2022,13199.0,1247205.0,2701.0,5644.0,1268749.0,1266048.0,0.985116678040643,14.036415605697783,7.901377353792616,8.638348312972704,1,Brooklyn,1,1
49,2023,15885.0,1366499.0,1318.0,5470.0,1389172.0,1387854.0,0.9846129347899707,14.127762552553431,7.183870715062453,8.607033895416027,1,Brooklyn,1,1
49,2024,16137.0,1459840.0,687.0,12423.0,1489087.0,1488400.0,0.9808116097823166,14.193837398638106,6.532334292222349,9.427304872213677,1,Brooklyn,1,1
49,2025,21978.0,1472665.0,655.0,34135.0,1529433.0,1528778.0,0.9632955209978166,14.202584242559633,6.484635235635252,10.438078529852381,1,Brooklyn,1,1
50,2019,131668.0,1693934.0,233.0,737389.0,2563224.0,2562991.0,0.6609207757655021,14.342564192396175,5.4510384535657,13.510870847394,0,Manhattan,0,1
50,2020,3847.0,810428.0,277.0,192284.0,1006836.0,1006559.0,0.8051470405609606,13.605317782158837,5.6240175061873385,12.166728724787149,0,Manhattan,0,1
50,2021,4815.0,1035128.0,302.0,227982.0,1268227.0,1267925.0,0.8163952915196088,13.850035648532502,5.71042701737487,12.337021957451649,1,Manhattan,0,1
50,2022,12243.0,1371781.0,8.0,292670.0,1676702.0,1676694.0,0.818146304573166,14.131620453535927,2.0794415416798357,12.586800973405923,1,Manhattan,0,1
50,2023,20232.0,1460076.0,0.0,239103.0,1719411.0,1719411.0,0.8491721874525637,14.193999047124237,0.0,12.384649700419146,1,Manhattan,0,1
50,2024,12866.0,1384380.0,16.0,241159.0,1638421.0,1638405.0,0.8449559174929275,14.140762943947264,2.772588722239781,12.393211745970097,1,Manhattan,0,1
50,2025,13368.0,1281182.0,65.0,288341.0,1582956.0,1582891.0,0.809393697986785,14.063293647289694,4.174387269895637,12.571899086487786,1,Manhattan,0,1
51,2019,80690.0,742975.0,20855.0,6880.0,851400.0,830545.0,0.8945632084956263,13.518417675758306,9.945349006631046,8.836373930927389,0,Bronx,1,1
51,2020,15212.0,565514.0,8016.0,5010.0,593752.0,585736.0,0.9654759140636737,13.24549033108421,8.989194823324645,8.51919119407891,0,Bronx,1,1
51,2021,11263.0,712002.0,6117.0,5330.0,734712.0,728595.0,0.977226030922529,13.475835999378932,8.718827059242566,8.58110651715989,1,Bronx,1,1
51,2022,13101.0,754551.0,162.0,2000.0,769814.0,769652.0,0.9803794442163472,13.53387814933904,5.087596335232384,7.600902459542082,1,Bronx,1,1
51,2023,7427.0,858644.0,116.0,3215.0,869402.0,869286.0,0.9877577690196322,13.663109679674323,4.7535901911063645,8.07558263667172,1,Bronx,1,1
51,2024,15864.0,913503.0,54.0,5354.0,934775.0,934721.0,0.9773001783419866,13.725041938867056,3.9889840465642745,8.585599224080298,1,Bronx,1,1
51,2025,32255.0,969302.0,362.0,12814.0,1014733.0,1014371.0,0.9555695105636892,13.784331503823253,5.8916442118257715,9.458293602198967,1,Bronx,1,1
52,2019,32514.0,349687.0,51991.0,42227.0,476419.0,424428.0,0.8239018160913041,12.764793747639281,10.858825905660948,10.650815105859214,0,Brooklyn,1,1
52,2020,1453.0,184751.0,13558.0,10634.0,210396.0,196838.0,0.9385941738891881,12.126764251515691,9.51473205799091,9.271811694064283,0,Brooklyn,1,1
52,2021,1310.0,247116.0,5369.0,8031.0,261826.0,256457.0,0.9635767399603052,12.417613140993348,8.58839695042257,8.991064332188461,1,Brooklyn,1,1
52,2022,2083.0,315407.0,3704.0,9271.0,330465.0,326761.0,0.9652528912569125,12.661619147304107,8.21716859576607,9.134646527606982,1,Brooklyn,1,1
52,2023,2456.0,352100.0,1946.0,7189.0,363691.0,361745.0,0.9733375720466074,12.771670505143144,7.57353126274595,8.880307358983872,1,Brooklyn,1,1
52,2024,2847.0,372877.0,1130.0,8859.0,385713.0,384583.0,0.9695618371066844,12.829003885530456,7.029972911706386,9.089189170412032,1,Brooklyn,1,1
52,2025,4247.0,376075.0,781.0,14513.0,395616.0,394835.0,0.9524864816948853,12.837543870566025,6.660575149839686,9.582800078470363,1,Brooklyn,1,1
53,2019,36952.0,293357.0,1943.0,1611.0,333863.0,331920.0,0.8838183899734876,12.589145576349859,7.57198844937744,7.384610383176974,0,Queens,1,1
53,2020,12253.0,191188.0,693.0,1017.0,205151.0,204458.0,0.9350966946756791,12.161012516123575,6.541029999189903,6.92461239604856,0,Queens,1,1
53,2021,9943.0,237760.0,362.0,826.0,248891.0,248529.0,0.956669040635097,12.379017040511531,5.8916442118257715,6.716594773520978,1,Queens,1,1
53,2022,8838.0,278432.0,234.0,414.0,287918.0,287684.0,0.9678397130184508,12.53692914336575,5.455321115357702,6.025865973825314,1,Queens,1,1
53,2023,8040.0,311583.0,195.0,480.0,320298.0,320103.0,0.973383567164319,12.649421034365918,5.272999558563747,6.173786103901937,1,Queens,1,1
53,2024,6478.0,347924.0,174.0,1138.0,355714.0,355540.0,0.978579062833999,12.75973934410127,5.159055299214529,7.037027614686276,1,Queens,1,1
53,2025,6616.0,378147.0,136.0,3560.0,388459.0,388323.0,0.973795010854366,12.843038287892929,4.912654885736052,8.177515823846075,1,Queens,1,1
54,2019,15275.0,151486.0,2031.0,2588.0,171380.0,169349.0,0.8945196015329291,11.92824849042064,7.616283561580385,7.858640655620791,0,Brooklyn,1,1
54,2020,975.0,76397.0,483.0,754.0,78609.0,78126.0,0.9778690832757341,11.243698707367935,6.180016653652572,6.625392368007956,0,Brooklyn,1,1
54,2021,693.0,92736.0,257.0,653.0,94339.0,94082.0,0.9856933313492485,11.437512025680354,5.54907608489522,6.481577129276431,1,Brooklyn,1,1
54,2022,810.0,114908.0,216.0,672.0,116606.0,116390.0,0.9872669473322451,11.651887087174618,5.375278407684165,6.51025834052315,1,Brooklyn,1,1
54,2023,1433.0,127162.0,137.0,685.0,129417.0,129280.0,0.9836169554455445,11.753217143117473,4.919980925828125,6.529418838262226,1,Brooklyn,1,1
54,2024,1349.0,137215.0,90.0,1644.0,140298.0,140208.0,0.9786531439004907,11.829304317743958,4.499809670330265,7.404887575616125,1,Brooklyn,1,1
54,2025,994.0,143930.0,105.0,3871.0,148900.0,148795.0,0.9673040088712659,11.877082349256716,4.653960350157523,8.261268150577648,1,Brooklyn,1,1
55,2019,47169.0,438455.0,24352.0,3071.0,513047.0,488695.0,0.8971955923428724,12.991012462951351,10.100369260661413,8.029758520440822,0,Brooklyn,1,1
55,2020,21899.0,364323.0,7811.0,3197.0,397230.0,389419.0,0.935555275936716,12.805796115782767,8.963288275610298,8.069968149059841,0,Brooklyn,1,1
55,2021,16439.0,473918.0,5598.0,4340.0,500295.0,494697.0,0.9579965109956196,13.068789589931127,8.630164670075398,8.375629627094451,1,Brooklyn,1,1
55,2022,24961.0,512489.0,2920.0,1187.0,541557.0,538637.0,0.9514552472258683,13.147034526349724,7.979338895262328,7.079184394609668,1,Brooklyn,1,1
55,2023,21598.0,588269.0,2584.0,1812.0,614263.0,611679.0,0.9617282921270798,13.284939605260522,7.857093864902493,7.502186486602924,1,Brooklyn,1,1
55,2024,27014.0,629501.0,1791.0,5565.0,663871.0,662080.0,0.9507929555340744,13.352682721027628,7.490529402060711,8.624252263709645,1,Brooklyn,1,1
55,2025,53502.0,681062.0,1473.0,13572.0,749609.0,748136.0,0.9103451778820963,13.43140862357196,7.29505641646263,9.51576412590412,1,Brooklyn,1,1
56,2019,133949.0,617600.0,14795.0,8080.0,774424.0,759629.0,0.8130284652113071,13.333596277692703,9.60204456483431,8.997147151515142,0,Queens,1,1
56,2020,48576.0,461304.0,4233.0,3622.0,517735.0,513502.0,0.8983489840351158,13.041812540655076,8.350666240520924,8.19478163844336,0,Queens,1,1
56,2021,48651.0,542154.0,2670.0,2719.0,596194.0,593524.0,0.9134491612807569,13.203305372905021,7.8898337513942955,7.908019444632471,1,Queens,1,1
56,2022,35784.0,595372.0,661.0,1633.0,633450.0,632789.0,0.9408697053836271,13.2969416992494,6.493753839851686,7.398174092970465,1,Queens,1,1
56,2023,43569.0,666347.0,478.0,2159.0,712553.0,712075.0,0.9357820454306077,13.409565834859222,6.169610732491456,7.677400430514807,1,Queens,1,1
56,2024,46157.0,701010.0,263.0,4393.0,751823.0,751560.0,0.9327399010059078,13.460277431250214,5.572154032177765,8.38776764397578,1,Queens,1,1
56,2025,34557.0,764891.0,434.0,12049.0,811931.0,811497.0,0.9425678714770357,13.54748861899678,6.073044534100405,9.396736947923277,1,Queens,1,1
57,2019,5916.0,49800.0,822.0,240.0,56778.0,55956.0,0.8899849882050183,10.815770263012745,6.71174039505618,5.480638923341991,0,Queens,1,1
57,2020,2631.0,35638.0,273.0,279.0,38821.0,38548.0,0.924509702189478,10.48116776328736,5.60947179518496,5.631211781821365,0,Queens,1,1
57,2021,2832.0,39431.0,260.0,339.0,42862.0,42602.0,0.9255668747946105,10.582307587950027,5.560681631015528,5.82600010738045,1,Queens,1,1
57,2022,1492.0,43767.0,162.0,90.0,45511.0,45349.0,0.9651149970230876,10.686635387740004,5.087596335232384,4.499809670330265,1,Queens,1,1
57,2023,1702.0,50746.0,119.0,88.0,52655.0,52536.0,0.9659281254758642,10.834588076063763,4.77912349311153,4.477336814478207,1,Queens,1,1
57,2024,1731.0,50875.0,81.0,259.0,52946.0,52865.0,0.9623569469403197,10.837126922744897,4.394449154672439,5.556828061699537,1,Queens,1,1
57,2025,1311.0,59887.0,145.0,945.0,62288.0,62143.0,0.963696635180149,11.000214732168839,4.976733742420574,6.851184927493743,1,Queens,1,1
58,2019,5262.0,58866.0,660.0,255.0,65043.0,64383.0,0.9143096780205955,10.983018953391445,6.492239835020471,5.541263545158426,0,Bronx,1,1
58,2020,987.0,45509.0,171.0,139.0,46806.0,46635.0,0.9758550444944784,10.72566538757657,5.14166355650266,4.9344739331306915,0,Bronx,1,1
58,2021,500.0,55698.0,98.0,121.0,56417.0,56319.0,0.9889735258083417,10.927699518627987,4.584967478670572,4.795790545596741,1,Bronx,1,1
58,2022,399.0,65602.0,4.0,29.0,66034.0,66030.0,0.9935180978343178,11.091361462272316,1.3862943611198906,3.367295829986474,1,Bronx,1,1
58,2023,252.0,74169.0,8.0,49.0,74478.0,74470.0,0.9959581039344703,11.214101552099603,2.0794415416798357,3.8918202981106265,1,Bronx,1,1
58,2024,444.0,79173.0,1.0,149.0,79767.0,79766.0,0.9925657548328862,11.279390610588894,0.0,5.003946305945459,1,Bronx,1,1
58,2025,860.0,83550.0,5.0,551.0,84966.0,84961.0,0.9833923800331917,11.33320053402354,1.6094379124341003,6.311734809152915,1,Bronx,1,1
59,2019,3566.0,31461.0,491.0,189.0,35707.0,35216.0,0.893372330758746,10.356503962502515,6.19644412779452,5.241747015059643,0,Bronx,1,1
59,2020,550.0,30560.0,141.0,108.0,31359.0,31218.0,0.9789224165545518,10.327447243280456,4.948759890378168,4.68213122712422,0,Bronx,1,1
59,2021,237.0,26155.0,94.0,90.0,26576.0,26482.0,0.9876519900309644,10.171795655804711,4.543294782270004,4.499809670330265,1,Bronx,1,1
59,2022,319.0,24347.0,18.0,18.0,24702.0,24684.0,0.9863474315345974,10.100163917635166,2.8903717578961645,2.8903717578961645,1,Bronx,1,1
59,2023,183.0,25589.0,10.0,41.0,25823.0,25813.0,0.9913222019912448,10.149917850625528,2.302585092994046,3.713572066704308,1,Bronx,1,1
59,2024,145.0,26845.0,1.0,90.0,27081.0,27080.0,0.9913220088626292,10.19783486285667,0.0,4.499809670330265,1,Bronx,1,1
59,2025,339.0,29651.0,8.0,252.0,30250.0,30242.0,0.9804576416903644,10.297251130669952,2.0794415416798357,5.529429087511423,1,Bronx,1,1
60,2019,47559.0,484263.0,6099.0,1975.0,539896.0,533797.0,0.9072044241537514,13.090383426546488,8.715880102296456,7.5883236773352225,0,Bronx,1,1
60,2020,6346.0,462795.0,2325.0,1655.0,473121.0,470796.0,0.9830053781255575,13.045039470440358,7.751475318021456,7.411556287811163,0,Bronx,1,1
60,2021,4231.0,476831.0,1548.0,1464.0,484074.0,482526.0,0.9881975271798825,13.074917409398301,7.344719054149673,7.288927694521257,1,Bronx,1,1
60,2022,4837.0,456429.0,192.0,419.0,461877.0,461685.0,0.9886156145423828,13.031188435705154,5.2574953720277815,6.037870919922137,1,Bronx,1,1
60,2023,3426.0,505545.0,161.0,691.0,509823.0,509662.0,0.991922097390035,13.133392334252063,5.081404364984463,6.53813982376767,1,Bronx,1,1
60,2024,5120.0,526143.0,67.0,2002.0,533332.0,533265.0,0.9866445388315378,13.173328317889636,4.204692619390966,7.601901959875166,1,Bronx,1,1
60,2025,10642.0,561718.0,109.0,6503.0,578972.0,578863.0,0.9703815928812172,13.238755223583006,4.6913478822291435,8.780018887869153,1,Bronx,1,1
61,2019,321367.0,3340743.0,63916.0,23267.0,3749293.0,3685377.0,0.9064860935529798,15.021703795303239,11.065325000259278,10.054791326627294,0,Brooklyn,1,1
61,2020,22481.0,2505598.0,20234.0,14329.0,2562642.0,2542408.0,0.9855215999949654,14.734037986566298,9.915119636765835,9.570040734716603,0,Brooklyn,1,1
61,2021,23526.0,2676627.0,13521.0,13070.0,2726744.0,2713223.0,0.9865119822439954,14.800067977717879,9.511999311358759,9.478074806618269,1,Brooklyn,1,1
61,2022,48069.0,2810592.0,3379.0,6619.0,2868659.0,2865280.0,0.9809135581862855,14.848905695277407,8.12533508671429,8.797699580118923,1,Brooklyn,1,1
61,2023,41657.0,3033798.0,1943.0,7847.0,3085245.0,3083302.0,0.9839444854899067,14.925325857900253,7.57198844937744,8.967886572127473,1,Brooklyn,1,1
61,2024,41782.0,3135830.0,894.0,24896.0,3203402.0,3202508.0,0.9791794431114614,14.95840444979939,6.795705775173514,10.122462426978117,1,Brooklyn,1,1
61,2025,60117.0,3164353.0,1137.0,72133.0,3297740.0,3296603.0,0.9598829461721657,14.96745916928238,7.036148493750536,11.186266916203587,1,Brooklyn,1,1
62,2019,85710.0,883447.0,17210.0,7320.0,993687.0,976477.0,0.9047289388280523,13.691586580261115,9.753245889205585,8.898365606955357,0,Brooklyn,1,1
62,2020,6473.0,638417.0,5162.0,3949.0,654001.0,648839.0,0.983937463685136,13.36674695383587,8.54907938027856,8.28121766128665,0,Brooklyn,1,1
62,2021,6887.0,701910.0,3665.0,3638.0,716100.0,712435.0,0.9852267224378365,13.461560469660762,8.206583614320753,8.199189359078067,1,Brooklyn,1,1
62,2022,15254.0,733195.0,662.0,1880.0,750991.0,750329.0,0.9771646837587246,13.505166975502721,6.495265555937008,7.539027055823995,1,Brooklyn,1,1
62,2023,15089.0,817988.0,386.0,2434.0,835897.0,835511.0,0.9790272061050064,13.61460294555063,5.955837369464831,7.797291273547472,1,Brooklyn,1,1
62,2024,12580.0,866497.0,155.0,8138.0,887370.0,887215.0,0.9766482757843363,13.672213925927535,5.043425116919247,9.004299728561636,1,Brooklyn,1,1
62,2025,19584.0,894032.0,296.0,20902.0,934814.0,934518.0,0.9566771319546546,13.7034968476985,5.69035945432406,9.947600127154448,1,Brooklyn,1,1
63,2019,55717.0,654083.0,5688.0,2876.0,718364.0,712676.0,0.9177845191924521,13.390989533701761,8.646113971483077,7.964155718840937,0,Brooklyn,1,1
63,2020,5768.0,553393.0,2037.0,2933.0,564131.0,562094.0,0.9845203827117884,13.223823697176538,7.619233416226805,7.983781068977451,0,Brooklyn,1,1
63,2021,4615.0,629842.0,1333.0,2165.0,637955.0,636622.0,0.9893500381702172,13.353224273262935,7.195187320178709,7.68017564043659,1,Brooklyn,1,1
63,2022,7781.0,632911.0,126.0,693.0,641511.0,641385.0,0.9867879666658871,13.358085090925206,4.836281906951478,6.541029999189903,1,Brooklyn,1,1
63,2023,5658.0,706755.0,96.0,922.0,713431.0,713335.0,0.9907757224866297,13.468439350168236,4.564348191467836,6.826545223556594,1,Brooklyn,1,1
63,2024,6959.0,748589.0,52.0,3762.0,759362.0,759310.0,0.985880602125614,13.525945380248862,3.9512437185814275,8.232706009860976,1,Brooklyn,1,1
63,2025,10603.0,779772.0,138.0,14271.0,804784.0,804646.0,0.9690870270901738,13.566756848243246,4.927253685157205,9.56598478510039,1,Brooklyn,1,1
64,2019,13653.0,139017.0,1521.0,1097.0,155288.0,153767.0,0.9040756469203405,11.842351506792802,7.327123292259293,7.00033446027523,0,Queens,1,1
64,2020,1201.0,72794.0,464.0,1101.0,75560.0,75096.0,0.9693459039096624,11.195388813205843,6.139884552226255,7.00397413672268,0,Queens,1,1
64,2021,1278.0,98522.0,221.0,1240.0,101261.0,101040.0,0.9750791765637371,11.498035152475033,5.3981627015177525,7.122866658599083,1,Queens,1,1
64,2022,3203.0,128881.0,44.0,227.0,132355.0,132311.0,0.9740762294896116,11.766644776976557,3.784189633918261,5.424950017481403,1,Queens,1,1
64,2023,2343.0,142852.0,20.0,264.0,145479.0,145459.0,0.9820774238788937,11.869564408260945,2.995732273553991,5.575949103146316,1,Queens,1,1
64,2024,2808.0,155375.0,28.0,676.0,158887.0,158859.0,0.9780686017159871,11.953596828813012,3.332204510175204,6.516193076042964,1,Queens,1,1
64,2025,3163.0,169313.0,34.0,1500.0,174010.0,173976.0,0.9731974525221869,12.039504351942323,3.5263605246161616,7.313220387090301,1,Queens,1,1
65,2019,101013.0,1197896.0,136047.0,98397.0,1533353.0,1397306.0,0.8572896702654966,13.996077242536954,11.820755693251623,11.496765594770704,0,Brooklyn,1,1
65,2020,5469.0,643186.0,35556.0,23935.0,708146.0,672590.0,0.9562824306040827,13.374189230440853,10.478864197361565,10.08309710182661,0,Brooklyn,1,1
65,2021,4856.0,738843.0,20418.0,23885.0,788002.0,767584.0,0.962556541043065,13.512840728104047,9.924172143728962,10.081005925824062,1,Brooklyn,1,1
65,2022,13005.0,947270.0,20593.0,29084.0,1009952.0,989359.0,0.9574583139184057,13.761339442408286,9.932706491205348,10.277943473769948,1,Brooklyn,1,1
65,2023,14797.0,1081525.0,19703.0,23079.0,1139104.0,1119401.0,0.9661640466642427,13.893882640150613,9.888526187395968,10.046678392127044,1,Brooklyn,1,1
65,2024,12982.0,1162083.0,18497.0,30415.0,1223977.0,1205480.0,0.9640002322726217,13.965724642414523,9.82536383575455,10.322691186754806,1,Brooklyn,1,1
65,2025,15975.0,1150721.0,16044.0,52338.0,1235078.0,1219034.0,0.9439613661308872,13.95589926040604,9.683090226889943,10.865477963661274,1,Brooklyn,1,1
66,2019,90979.0,990608.0,102943.0,41865.0,1226395.0,1123452.0,0.8817537375873646,13.806074175017253,11.541930715972299,10.642205434638532,0,Brooklyn,1,1
66,2020,1321.0,451928.0,17486.0,7652.0,478387.0,460901.0,0.9805316109099351,13.021278154090647,9.769155839740836,8.942722330560143,0,Brooklyn,1,1
66,2021,1412.0,581045.0,3743.0,7971.0,594171.0,590428.0,0.9841081385029166,13.27258348550256,8.22764270790443,8.983565234427923,1,Brooklyn,1,1
66,2022,4076.0,763765.0,8428.0,12802.0,789071.0,780643.0,0.9783793616288111,13.546015429209614,9.03931477492408,9.45735668770195,1,Brooklyn,1,1
66,2023,9535.0,860051.0,10021.0,11058.0,890665.0,880644.0,0.9766159764899324,13.664746968796958,9.212438170058329,9.310909426897878,1,Brooklyn,1,1
66,2024,7451.0,888721.0,10659.0,19748.0,926579.0,915920.0,0.9703041750371212,13.697538629468761,9.274159884689137,9.890807499378754,1,Brooklyn,1,1
66,2025,7506.0,924625.0,10019.0,49993.0,992143.0,982124.0,0.9414544395616032,13.737143528890169,9.212238569259263,10.819638274609368,1,Brooklyn,1,1
67,2019,34521.0,371641.0,4256.0,1852.0,412270.0,408014.0,0.9108535491429216,12.825683613527648,8.35608503102148,7.524021415206125,0,Brooklyn,1,1
67,2020,4297.0,236385.0,1304.0,890.0,242876.0,241572.0,0.9785281406785554,12.373217110724282,7.1731917424865985,6.7912214627261855,0,Brooklyn,1,1
67,2021,3422.0,286802.0,1067.0,929.0,292220.0,291153.0,0.9850559671375531,12.566547361183986,6.9726062513017535,6.834108738813838,1,Brooklyn,1,1
67,2022,5571.0,342522.0,88.0,458.0,348639.0,348551.0,0.9827026747879076,12.744091168198171,4.477336814478207,6.126869184114185,1,Brooklyn,1,1
67,2023,4285.0,391269.0,66.0,562.0,396182.0,396116.0,0.9877636853850892,12.877150581957709,4.189654742026425,6.331501849893691,1,Brooklyn,1,1
67,2024,4683.0,421088.0,40.0,1558.0,427369.0,427329.0,0.985395327721732,12.950597116949867,3.6888794541139363,7.351158226430694,1,Brooklyn,1,1
67,2025,6609.0,452794.0,53.0,4660.0,464116.0,464063.0,0.9757166591605019,13.023192554899925,3.970291913552122,8.446770727119691,1,Brooklyn,1,1
68,2019,246902.0,2647476.0,501.0,2025130.0,4920009.0,4919508.0,0.5381586939181723,14.789117291260803,6.2166061010848646,14.521144453993067,0,Manhattan,0,1
68,2020,11351.0,1144067.0,494.0,552267.0,1708179.0,1707685.0,0.6699520110559032,13.9501000156405,6.202535517187923,13.221786903968372,0,Manhattan,0,1
68,2021,12468.0,1734211.0,535.0,714753.0,2461967.0,2461432.0,0.7045536906971227,14.366063112887435,6.282266746896006,13.479692307447523,1,Manhattan,0,1
68,2022,24605.0,2598229.0,35.0,975246.0,3598115.0,3598080.0,0.7221154059943081,14.770340617054877,3.5553480614894135,13.79044502584806,1,Manhattan,0,1
68,2023,28014.0,2695038.0,0.0,974891.0,3697943.0,3697943.0,0.7287938186175396,14.806922862411357,0.0,13.790080948858677,1,Manhattan,0,1
68,2024,20548.0,2687073.0,103.0,1078798.0,3786522.0,3786419.0,0.7096607639038364,14.803963055073769,4.634728988229636,13.89135801633424,1,Manhattan,0,1
68,2025,22823.0,2536423.0,90.0,1144578.0,3703914.0,3703824.0,0.6848119673073019,14.74626537873725,4.499809670330265,13.950546568083968,1,Manhattan,0,1
69,2019,141439.0,1199149.0,25916.0,8962.0,1375466.0,1349550.0,0.8885547034196584,13.997122696513934,10.162615817569847,9.100748695346088,0,Bronx,1,1
69,2020,19834.0,1017923.0,8716.0,5608.0,1052081.0,1043365.0,0.9756154365921801,13.833274834724993,9.072915696064511,8.631949428714426,0,Bronx,1,1
69,2021,15419.0,951288.0,6025.0,5045.0,977777.0,971752.0,0.9789411290123406,13.765572134797738,8.703672758358856,8.52615293278771,1,Bronx,1,1
69,2022,16524.0,994306.0,1818.0,1732.0,1014380.0,1012562.0,0.981970486745503,13.809800285346016,7.505492274737424,7.4570320891223805,1,Bronx,1,1
69,2023,9137.0,1112010.0,1070.0,2439.0,1124656.0,1123586.0,0.9896972728389282,13.921679746557984,6.975413927455952,7.79934339821592,1,Bronx,1,1
69,2024,12099.0,1190370.0,456.0,6128.0,1209053.0,1208597.0,0.9849188770119403,13.989774741130494,6.1224928095143865,8.720623711420426,1,Bronx,1,1
69,2025,24648.0,1253524.0,513.0,16607.0,1295292.0,1294779.0,0.9681374195905247,14.041469342787304,6.240275845170769,9.717579572206754,1,Bronx,1,1
70,2019,78055.0,466990.0,6564.0,19995.0,571604.0,565040.0,0.8264724621265751,13.054063123145536,8.789355452209982,9.90323752128092,0,Queens,1,1
70,2020,19550.0,301602.0,2133.0,17772.0,341057.0,338924.0,0.889880917255786,12.616863546393686,7.665284718471351,9.785379464055799,0,Queens,1,1
70,2021,16115.0,359048.0,1159.0,78850.0,455172.0,454013.0,0.7908319805820538,12.791211363268111,7.055312843339752,11.275302592391185,1,Queens,1,1
70,2022,12693.0,441821.0,613.0,150710.0,605837.0,605224.0,0.730012359060447,12.998660101658785,6.418364935936212,11.923112739413723,1,Queens,1,1
70,2023,13264.0,537259.0,502.0,167306.0,718331.0,717829.0,0.7484498397250599,13.194235566342108,6.218600119691729,12.0275797500497,1,Queens,1,1
70,2024,14516.0,568693.0,414.0,154014.0,737637.0,737223.0,0.7713988847336559,13.25109602444474,6.025865973825314,11.944798786354694,1,Queens,1,1
70,2025,14414.0,597475.0,418.0,126691.0,738998.0,738580.0,0.8089509599501746,13.300467720908259,6.035481432524756,11.749506329847764,1,Queens,1,1
71,2019,86430.0,918722.0,17326.0,7013.0,1029491.0,1012165.0,0.907680071925032,13.730738852854298,9.759963542450086,8.85552084853691,0,Brooklyn,1,1
71,2020,12825.0,792654.0,6307.0,4948.0,816734.0,810427.0,0.9780695855394749,13.583142087622106,8.749415406663651,8.506738733512378,0,Brooklyn,1,1
71,2021,11012.0,883637.0,4256.0,3745.0,902650.0,898394.0,0.9835740220883042,13.6918016238026,8.35608503102148,8.22817689595132,1,Brooklyn,1,1
71,2022,17307.0,882667.0,296.0,1042.0,901312.0,901016.0,0.9796352118053397,13.69070328501436,5.69035945432406,6.948897222313312,1,Brooklyn,1,1
71,2023,12487.0,965158.0,271.0,2011.0,979927.0,979656.0,0.9852009276725707,13.780047097488684,5.602118820879701,7.606387389772652,1,Brooklyn,1,1
71,2024,16077.0,1036740.0,133.0,8792.0,1061742.0,1061609.0,0.9765742377843444,13.851591732535223,4.890349128221754,9.081597496083457,1,Brooklyn,1,1
71,2025,27377.0,1045809.0,482.0,24065.0,1097733.0,1097251.0,0.95311738152893,13.860301306551117,6.1779441140506,10.088513781737209,1,Brooklyn,1,1
72,2019,115362.0,1154357.0,18954.0,7644.0,1296317.0,1277363.0,0.9037031759961733,13.959054036960795,9.84977027003014,8.941676305360163,0,Brooklyn,1,1
72,2020,15588.0,1015686.0,6616.0,5841.0,1043731.0,1037115.0,0.9793378747776283,13.83107480423508,8.797246236703527,8.67265729404031,0,Brooklyn,1,1
72,2021,14270.0,1070666.0,4894.0,4902.0,1094732.0,1089838.0,0.9824083946421395,13.883791442715479,8.495765244002618,8.497398564088058,1,Brooklyn,1,1
72,2022,22649.0,1044062.0,258.0,1444.0,1068413.0,1068155.0,0.9774442847714049,13.858629432634565,5.552959584921617,7.275172319452771,1,Brooklyn,1,1
72,2023,14674.0,1144912.0,270.0,2374.0,1162230.0,1161960.0,0.9853282384935799,13.950838336121715,5.598421958998375,7.772331575169614,1,Brooklyn,1,1
72,2024,18380.0,1201864.0,101.0,10387.0,1230732.0,1230631.0,0.9766241871040141,13.999384242917204,4.61512051684126,9.248310303227811,1,Brooklyn,1,1
72,2025,28599.0,1216049.0,528.0,27593.0,1272769.0,1272241.0,0.9558322676285389,14.011117636749017,6.269096283706261,10.225317396349036,1,Brooklyn,1,1
73,2019,37875.0,236025.0,1607.0,562.0,276069.0,274462.0,0.8599551121831073,12.371693010600717,7.382124365737512,6.331501849893691,0,Queens,1,1
73,2020,13073.0,148623.0,474.0,460.0,162630.0,162156.0,0.9165433286464886,11.90916817721625,6.161207321695077,6.131226489483141,0,Queens,1,1
73,2021,16746.0,172158.0,256.0,404.0,189564.0,189308.0,0.9094068924715278,12.056167938787706,5.545177444479562,6.0014148779611505,1,Queens,1,1
73,2022,12001.0,200443.0,147.0,155.0,212746.0,212599.0,0.942821932370331,12.208285196034096,4.990432586778736,5.043425116919247,1,Queens,1,1
73,2023,11308.0,225635.0,113.0,249.0,237305.0,237192.0,0.9512757597220817,12.326673928416762,4.727387818712341,5.517452896464707,1,Queens,1,1
73,2024,9542.0,240580.0,64.0,494.0,250680.0,250616.0,0.9599546716889584,12.390807953548064,4.1588830833596715,6.202535517187923,1,Queens,1,1
73,2025,6062.0,258291.0,74.0,1621.0,266048.0,265974.0,0.971113717882199,12.461842135271318,4.30406509320417,7.390798521735676,1,Queens,1,1
74,2019,165228.0,1683293.0,463178.0,323901.0,2635600.0,2172422.0,0.774846231533284,14.336262551900338,13.045866708430756,12.6881931925273,0,Manhattan,0,1
74,2020,23996.0,1290428.0,142185.0,144701.0,1601310.0,1459125.0,0.8843848196693224,14.0704845042558,11.864884305555252,11.88242482344573,0,Manhattan,0,1
74,2021,17125.0,1387645.0,105608.0,146582.0,1656960.0,1551352.0,0.8944746260036407,14.143118623647016,11.567489404960595,11.895340277813009,1,Manhattan,0,1
74,2022,24029.0,1456718.0,141361.0,102477.0,1724585.0,1583224.0,0.9200959560997054,14.19169651805734,11.859072181105512,11.53739366213744,1,Manhattan,0,1
74,2023,14518.0,1618049.0,157116.0,74913.0,1864596.0,1707480.0,0.9476239838826809,14.296731660443621,11.964739665015754,11.224082719197696,1,Manhattan,0,1
74,2024,14355.0,1695646.0,147654.0,100072.0,1957727.0,1810073.0,0.9367832126107621,14.3435743471325,11.902626977898915,11.513645205894576,1,Manhattan,0,1
74,2025,27795.0,1688706.0,143110.0,160067.0,2019678.0,1876568.0,0.8998906514445519,14.339473113142873,11.871368844304921,11.983347756564651,1,Manhattan,0,1
75,2019,166141.0,1443871.0,374155.0,615164.0,2599331.0,2225176.0,0.6488794594225356,14.182838259264228,12.832425429043427,13.329644177906086,0,Manhattan,0,1
75,2020,23703.0,1098439.0,123413.0,290603.0,1536158.0,1412745.0,0.7775210671423364,13.909400638996392,11.723291733364956,12.579713353533718,0,Manhattan,0,1
75,2021,19525.0,1195044.0,92737.0,313093.0,1620399.0,1527662.0,0.7822699000171504,13.993693562753588,11.437522808921042,12.654255549990157,1,Manhattan,0,1
75,2022,28972.0,1301503.0,104607.0,259616.0,1694698.0,1590091.0,0.818508500456892,14.079030308446756,11.557965749979928,12.466958895194791,1,Manhattan,0,1
75,2023,19575.0,1486151.0,99147.0,212045.0,1816918.0,1717771.0,0.8651624692697688,14.211700114171403,11.504358876304103,12.264553795280245,1,Manhattan,0,1
75,2024,20030.0,1557898.0,89231.0,250939.0,1918098.0,1828867.0,0.8518377771593013,14.258848034720248,11.398983791824563,12.432965160689411,1,Manhattan,0,1
75,2025,38594.0,1498232.0,81998.0,312436.0,1931260.0,1849262.0,0.8101783305989092,14.21979630423191,11.31445013570504,12.65215492718421,1,Manhattan,0,1
76,2019,178847.0,2083817.0,38962.0,16663.0,2318289.0,2279327.0,0.9142246812326621,14.549711866099512,10.57034209114115,9.720945971538624,0,Brooklyn,1,1
76,2020,20484.0,1929384.0,12301.0,14067.0,1976236.0,1963935.0,0.9824072588960429,14.472711338950713,9.417435838868785,9.551586907757695,0,Brooklyn,1,1
76,2021,18722.0,2194212.0,8095.0,11733.0,2232762.0,2224667.0,0.9863103107116705,14.601333542314205,8.999001866111735,9.370160663423624,1,Brooklyn,1,1
76,2022,42050.0,2196978.0,501.0,2718.0,2242247.0,2241746.0,0.9800298517316414,14.602593337661625,6.2166061010848646,7.907651594711089,1,Brooklyn,1,1
76,2023,26445.0,2467938.0,473.0,4707.0,2499563.0,2499090.0,0.9875346626171927,14.718893542135948,6.159095388491933,8.456806041401142,1,Brooklyn,1,1
76,2024,36616.0,2564984.0,219.0,18414.0,2620233.0,2620014.0,0.9789962954396427,14.757462798750787,5.389071729816501,9.82086652384779,1,Brooklyn,1,1
76,2025,61094.0,2718043.0,623.0,52732.0,2832492.0,2831869.0,0.9598053441031347,14.815422694024301,6.434546518787453,10.87297776087786,1,Brooklyn,1,1
77,2019,54516.0,591614.0,9742.0,3708.0,659580.0,649838.0,0.910402284877154,13.290609674177048,9.184201714366488,8.218247926685745,0,Brooklyn,1,1
77,2020,9716.0,580127.0,3466.0,3872.0,597181.0,593715.0,0.9771135982752668,13.271002324070393,8.150756470275551,8.261526448396468,0,Brooklyn,1,1
77,2021,7054.0,639318.0,2290.0,2956.0,651618.0,649328.0,0.9845840622920927,13.368157262153852,7.736307096548285,7.991592282068092,1,Brooklyn,1,1
77,2022,13223.0,598281.0,152.0,566.0,612222.0,612070.0,0.9774715310340321,13.301815822230045,5.0238805208462765,6.338594078203183,1,Brooklyn,1,1
77,2023,8734.0,650284.0,139.0,1129.0,660286.0,660147.0,0.9850593882877602,13.38516446952565,4.9344739331306915,7.029087564149662,1,Brooklyn,1,1
77,2024,10186.0,695937.0,45.0,4366.0,710534.0,710489.0,0.9795183317405336,13.453014417978245,3.8066624897703196,8.38160253710989,1,Brooklyn,1,1
77,2025,15981.0,710523.0,162.0,13801.0,740467.0,740305.0,0.9597706350760835,13.473756597564662,5.087596335232384,9.53249633228804,1,Brooklyn,1,1
78,2019,94698.0,880234.0,12268.0,3900.0,991100.0,978832.0,0.8992697418964644,13.687943060197743,9.414749525234143,8.268731832117737,0,Bronx,1,1
78,2020,23017.0,814107.0,4357.0,3317.0,844798.0,840441.0,0.9686664501136903,13.609847085977382,8.379539026117442,8.106816038947052,0,Bronx,1,1
78,2021,14731.0,813619.0,2902.0,3234.0,834486.0,831584.0,0.978396650248201,13.609247476442826,7.973155433444133,8.081475040137052,1,Bronx,1,1
78,2022,12682.0,842932.0,428.0,1053.0,857095.0,856667.0,0.9839669323085867,13.644641569436265,6.059123195581797,6.959398512133975,1,Bronx,1,1
78,2023,8880.0,954877.0,307.0,1448.0,965512.0,965205.0,0.9892996824508783,13.769337815356456,5.726847747587197,7.277938572945661,1,Bronx,1,1
78,2024,14513.0,1031616.0,176.0,3211.0,1049516.0,1049340.0,0.9831093830407684,13.846637062756603,5.170483995038151,8.074337694089515,1,Bronx,1,1
78,2025,22762.0,1084109.0,253.0,10273.0,1117397.0,1117144.0,0.970429058384595,13.896269009432098,5.53338948872752,9.237274373216264,1,Bronx,1,1
79,2019,361214.0,3861794.0,194.0,2129359.0,6352561.0,6352367.0,0.6079299259630307,15.166642400309737,5.267858159063328,14.571331553427253,0,Manhattan,0,1
79,2020,5525.0,1822456.0,220.0,561557.0,2389758.0,2389538.0,0.7626813216613421,14.415695599912333,5.393627546352362,13.238468561810773,0,Manhattan,0,1
79,2021,12063.0,2463858.0,281.0,766475.0,3242677.0,3242396.0,0.7598880580903752,14.717238972104752,5.638354669333745,13.54955736097606,1,Manhattan,0,1
79,2022,24977.0,3199080.0,24.0,1009813.0,4233894.0,4233870.0,0.7555924012782631,14.978373826433907,3.1780538303479458,13.82527572316049,1,Manhattan,0,1
79,2023,33657.0,3302389.0,2.0,882182.0,4218230.0,4218228.0,0.7828853727204883,15.010156703912926,0.6931471805599453,13.690153662908209,1,Manhattan,0,1
79,2024,19277.0,3171096.0,57.0,916803.0,4107233.0,4107176.0,0.7720867087263852,14.969587827423625,4.04305126783455,13.728647897188567,1,Manhattan,0,1
79,2025,16990.0,2896393.0,32.0,1095675.0,4009090.0,4009058.0,0.7224622342704945,14.878976727700621,3.4657359027997265,13.906881169668825,1,Manhattan,0,1
80,2019,160502.0,2047475.0,31369.0,27469.0,2266815.0,2235446.0,0.9159134239878753,14.53211788462261,10.353575423086568,10.220813375077594,0,Brooklyn,1,1
80,2020,3231.0,1053696.0,5486.0,6570.0,1068983.0,1063497.0,0.9907841771062824,13.867814541433503,8.60995467149755,8.790269111478656,0,Brooklyn,1,1
80,2021,4110.0,1343096.0,2455.0,7762.0,1357423.0,1354968.0,0.9912381694623047,14.110487954707935,7.805882040228621,8.956995311928852,1,Brooklyn,1,1
80,2022,11866.0,1738136.0,2555.0,9493.0,1762050.0,1759495.0,0.9878607214001744,14.368323832609097,7.845807502637805,9.158309963881798,1,Brooklyn,1,1
80,2023,17957.0,1854362.0,3324.0,8062.0,1883705.0,1880381.0,0.9861629106016281,14.433051259554386,8.10892415597534,8.994916943677111,1,Brooklyn,1,1
80,2024,15370.0,1929410.0,3304.0,18607.0,1966691.0,1963387.0,0.9826947005353504,14.472724814663591,8.102889134640868,9.831293132987641,1,Brooklyn,1,1
80,2025,15193.0,1907351.0,1658.0,51686.0,1975888.0,1974230.0,0.9661240078410317,14.461225926376818,7.4133673356952405,10.852942230788715,1,Brooklyn,1,1
81,2019,59940.0,527826.0,9055.0,2978.0,599799.0,590744.0,0.8934936283737118,13.176521962921818,9.111072370317514,7.999007213243955,0,Bronx,1,1
81,2020,6132.0,465618.0,3221.0,2468.0,477439.0,474218.0,0.9818648807088723,13.051120834445909,8.0774471493312,7.811163385025279,0,Bronx,1,1
81,2021,4578.0,532092.0,2114.0,2451.0,541235.0,539121.0,0.986962110546612,13.184571685703537,7.656337166430183,7.804251383528112,1,Bronx,1,1
81,2022,6416.0,545964.0,47.0,570.0,552997.0,552950.0,0.9873659462880912,13.210308318487362,3.8501476017100584,6.345636360828596,1,Bronx,1,1
81,2023,3784.0,621419.0,42.0,931.0,626176.0,626134.0,0.9924696630433741,13.339760851592086,3.7376696182833684,6.836259277277067,1,Bronx,1,1
81,2024,7519.0,654221.0,17.0,2037.0,663794.0,663777.0,0.9856035987989943,13.391200493846362,2.833213344056216,7.619233416226805,1,Bronx,1,1
81,2025,15071.0,705218.0,222.0,6923.0,727434.0,727212.0,0.9697557246030043,13.466262253853955,5.402677381872279,8.842604480678025,1,Bronx,1,1
82,2019,179589.0,1512885.0,262458.0,26346.0,1981278.0,1718820.0,0.8801881523370685,14.229528981950482,12.47784634821245,10.179071739789773,0,Queens,1,1
82,2020,41784.0,1023453.0,52145.0,11667.0,1129049.0,1076904.0,0.9503660493414455,13.838692762169291,10.861783578555313,9.364519622823858,0,Queens,1,1
82,2021,42149.0,1254480.0,20181.0,6421.0,1323231.0,1303050.0,0.9627259122827213,14.042231702054913,9.912496846693715,8.76732914779405,1,Queens,1,1
82,2022,33600.0,1395668.0,23565.0,4163.0,1456996.0,1433431.0,0.973655516031117,14.148883711670665,10.067517839357832,8.333991247194975,1,Queens,1,1
82,2023,35941.0,1543315.0,31960.0,4386.0,1615602.0,1583642.0,0.9745352800696117,14.249443258274075,10.37224039988021,8.386172928977834,1,Queens,1,1
82,2024,38200.0,1658014.0,29499.0,9263.0,1734976.0,1705477.0,0.9721702491443742,14.321131058550051,10.292111643448266,9.133783249254028,1,Queens,1,1
82,2025,36122.0,1810335.0,20802.0,29474.0,1896733.0,1875931.0,0.9650328290326243,14.409022468989216,9.942804414913079,10.291263797773208,1,Queens,1,1
83,2019,49572.0,434676.0,31950.0,8032.0,524230.0,492280.0,0.8829852929227269,12.982356204962736,10.371927459805681,8.99118884193151,0,Queens,1,1
83,2020,7466.0,283047.0,6635.0,2657.0,299805.0,293170.0,0.9654705460995326,12.55336824057451,8.800113946766308,7.884952945759814,0,Queens,1,1
83,2021,7719.0,350393.0,3502.0,1906.0,363520.0,360018.0,0.9732652256276075,12.766810660675878,8.161089512845797,7.552762084214147,1,Queens,1,1
83,2022,6520.0,427577.0,4248.0,1563.0,439908.0,435660.0,0.9814465408805031,12.965889668098905,8.354203562921775,7.354362330421477,1,Queens,1,1
83,2023,7682.0,476938.0,6099.0,1462.0,492181.0,486082.0,0.9811883591657374,13.075141782386831,8.715880102296456,7.2875606403097235,1,Queens,1,1
83,2024,9306.0,529388.0,5309.0,3528.0,547531.0,542222.0,0.9763307280043967,13.179476901347853,8.57715877258367,8.168486417126681,1,Queens,1,1
83,2025,10824.0,599525.0,4730.0,11101.0,626180.0,621450.0,0.9647196073698608,13.303892953998075,8.46168048148598,9.314790473332646,1,Queens,1,1
84,2019,12749.0,87054.0,27.0,35.0,99865.0,99838.0,0.8719525631523067,11.37428389474374,3.295836866004329,3.5553480614894135,0,Staten Island,1,1
84,2020,4886.0,52140.0,22.0,69.0,57117.0,57095.0,0.9132148174095805,10.861687687487493,3.091042453358316,4.23410650459726,0,Staten Island,1,1
84,2021,4998.0,66542.0,35.0,53.0,71628.0,71593.0,0.9294484097607308,11.105588606229269,3.5553480614894135,3.970291913552122,1,Staten Island,1,1
84,2022,10694.0,85079.0,1.0,8.0,95782.0,95781.0,0.8882659400089788,11.35133551560147,0.0,2.0794415416798357,1,Staten Island,1,1
84,2023,19402.0,96706.0,0.0,9.0,116117.0,116117.0,0.8328324018016311,11.479430727086319,0.0,2.1972245773362196,1,Staten Island,1,1
84,2024,18289.0,107616.0,0.0,11.0,125916.0,125916.0,0.8546650147717526,11.586324614539997,0.0,2.3978952727983707,1,Staten Island,1,1
84,2025,18165.0,117371.0,0.0,14.0,135550.0,135550.0,0.8658871265215787,11.673095137122626,0.0,2.6390573296152584,1,Staten Island,1,1
85,2019,56081.0,653881.0,11045.0,5254.0,726261.0,715216.0,0.9142426903201271,13.390680656696574,9.309733115854218,8.566744970245486,0,Brooklyn,1,1
85,2020,5011.0,562253.0,3725.0,3177.0,574166.0,570441.0,0.9856461930331095,13.239707205512085,8.22282213081366,8.063692634269517,0,Brooklyn,1,1
85,2021,4852.0,622912.0,2385.0,2659.0,632808.0,630423.0,0.9880857773272866,13.342160535786165,7.776954403322442,7.88570539124302,1,Brooklyn,1,1
85,2022,8475.0,639543.0,363.0,952.0,649333.0,648970.0,0.9854739048029956,13.368509137771799,5.8944028342648505,6.858565034791365,1,Brooklyn,1,1
85,2023,6705.0,702019.0,230.0,1323.0,710277.0,710047.0,0.9886937061912803,13.461715748168748,5.438079308923196,7.187657164114956,1,Brooklyn,1,1
85,2024,8698.0,749272.0,87.0,5457.0,763514.0,763427.0,0.9814586070442884,13.526857347443864,4.465908118654584,8.604654467186231,1,Brooklyn,1,1
85,2025,13883.0,774609.0,192.0,17342.0,806026.0,805834.0,0.9612513247145194,13.560113664895367,5.2574953720277815,9.760886583937106,1,Brooklyn,1,1
86,2019,43024.0,268723.0,4728.0,2224.0,318699.0,313971.0,0.8558847791675027,12.501436388260773,8.461257559085935,7.707062655370473,0,Queens,1,1
86,2020,21114.0,265629.0,2237.0,1917.0,290897.0,288660.0,0.9202140927042195,12.489855877370966,7.71289096149013,7.558516743045645,0,Queens,1,1
86,2021,11640.0,360927.0,1945.0,2233.0,376745.0,374800.0,0.9629855923159019,12.79643100080011,7.573017256052546,7.711101251840158,1,Queens,1,1
86,2022,18612.0,373610.0,35.0,980.0,393237.0,393202.0,0.9501731934222105,12.830967751573894,3.5553480614894135,6.887552571664617,1,Queens,1,1
86,2023,11880.0,441053.0,112.0,1674.0,454719.0,454607.0,0.9701852369189212,12.996920328613673,4.718498871295094,7.422971251049421,1,Queens,1,1
86,2024,16851.0,500395.0,42.0,3666.0,520954.0,520912.0,0.9606133089658138,13.123153065518578,3.7376696182833684,8.20685642839965,1,Queens,1,1
86,2025,23240.0,556021.0,38.0,8835.0,588134.0,588096.0,0.9454595848296876,13.228561342303632,3.6375861597263857,9.086476384753796,1,Queens,1,1
87,2019,155882.0,1539921.0,330.0,593629.0,2289762.0,2289432.0,0.672621418762383,14.24724167437269,5.799092654460526,13.294009824089407,0,Manhattan,0,1
87,2020,8900.0,783822.0,458.0,135705.0,928885.0,928427.0,0.8442473129282109,13.57193723273855,6.126869184114185,11.818238691127952,0,Manhattan,0,1
87,2021,7080.0,1059111.0,244.0,151492.0,1217927.0,1217683.0,0.8697756312603526,13.872940434954767,5.497168225293202,11.928288097256784,1,Manhattan,0,1
87,2022,16110.0,1461360.0,16.0,225851.0,1703337.0,1703321.0,0.857947503729479,14.194878066950565,2.772588722239781,12.32763076879046,1,Manhattan,0,1
87,2023,21090.0,1489608.0,0.0,195365.0,1706063.0,1706063.0,0.8731260217236996,14.214023556059798,0.0,12.182624882792611,1,Manhattan,0,1
87,2024,16389.0,1486704.0,13.0,224644.0,1727750.0,1727737.0,0.8604920772085103,14.212072147120457,2.5649493574615367,12.32227220592886,1,Manhattan,0,1
87,2025,18046.0,1487473.0,99.0,298927.0,1804545.0,1804446.0,0.8243377745856623,14.212589264976682,4.59511985013459,12.607954675406864,1,Manhattan,0,1
88,2019,65901.0,603177.0,189.0,318413.0,987680.0,987491.0,0.6108177188450326,13.309965964975442,5.241747015059643,12.671104561264606,0,Manhattan,0,1
88,2020,8993.0,255700.0,289.0,71932.0,336914.0,336625.0,0.7595989602673598,12.451760161279278,5.666426688112432,11.183476507285087,0,Manhattan,0,1
88,2021,6349.0,354719.0,143.0,74162.0,435373.0,435230.0,0.81501504951405,12.779081205721221,4.962844630259907,11.214007168592376,1,Manhattan,0,1
88,2022,14352.0,549327.0,3.0,106661.0,670343.0,670340.0,0.8194751916937674,13.216449171590769,1.0986122886681098,11.577410859696617,1,Manhattan,0,1
88,2023,13399.0,613668.0,2.0,102032.0,729101.0,729099.0,0.841679936469533,13.327209344276955,0.6931471805599453,11.533041768555053,1,Manhattan,0,1
88,2024,8403.0,619966.0,6.0,120278.0,748653.0,748647.0,0.8281152532501966,13.3374199168079,1.791759469228055,11.697561009095914,1,Manhattan,0,1
88,2025,13638.0,617975.0,123.0,150000.0,781736.0,781613.0,0.7906406367345477,13.334203282547147,4.812184355372417,11.918390573078392,1,Manhattan,0,1
89,2019,161633.0,1855292.0,29944.0,15567.0,2062436.0,2032492.0,0.9128163850091415,14.433552654034562,10.307084249584264,9.65290856803585,0,Brooklyn,1,1
89,2020,18246.0,1391123.0,9338.0,8644.0,1427351.0,1418013.0,0.9810368452193315,14.145621892589366,9.141847375530883,9.064620717626777,0,Brooklyn,1,1
89,2021,18330.0,1546154.0,6228.0,7744.0,1578456.0,1572228.0,0.9834158913338269,14.25128111507025,8.73681053295389,8.954673628956414,1,Brooklyn,1,1
89,2022,29988.0,1671267.0,758.0,3013.0,1705026.0,1704268.0,0.980636261433061,14.329092579373482,6.630683385642372,8.0106915391303,1,Brooklyn,1,1
89,2023,22569.0,1806825.0,558.0,4209.0,1834161.0,1833603.0,0.9853959663024111,14.407081719284085,6.324358962381311,8.344980368770571,1,Brooklyn,1,1
89,2024,26820.0,1881165.0,224.0,13423.0,1921632.0,1921408.0,0.9790554634934382,14.4474018237343,5.4116460518550396,9.504724932487637,1,Brooklyn,1,1
89,2025,44276.0,1950883.0,603.0,41196.0,2036958.0,2036355.0,0.9580269648465027,14.483792648560481,6.401917196727186,10.626096443245693,1,Brooklyn,1,1
90,2019,173182.0,1633398.0,331.0,1460492.0,3267403.0,3267072.0,0.4999577603432064,14.306173065465744,5.802118375377063,14.194283923218759,0,Manhattan,0,1
90,2020,3849.0,851225.0,316.0,437417.0,1292807.0,1292491.0,0.6585925936815034,13.65443176743897,5.755742213586912,12.98864225249606,0,Manhattan,0,1
90,2021,6429.0,1195800.0,345.0,562836.0,1765410.0,1765065.0,0.6774821323860595,13.994325975428941,5.84354441703136,13.240743568061502,1,Manhattan,0,1
90,2022,13801.0,1592591.0,11.0,659522.0,2265925.0,2265914.0,0.7028470630394622,14.280872807653008,2.3978952727983707,13.399270609188124,1,Manhattan,0,1
90,2023,16177.0,1643876.0,1.0,604387.0,2264441.0,2264440.0,0.7259525533906838,14.31256742596284,0.0,13.31197000021492,1,Manhattan,0,1
90,2024,11195.0,1637441.0,68.0,632952.0,2281656.0,2281588.0,0.7176760221389664,14.308645215308077,4.219507705176107,13.358149868867233,1,Manhattan,0,1
90,2025,12805.0,1564840.0,76.0,673808.0,2251529.0,2251453.0,0.6950356058953929,14.263294140308167,4.330733340286331,13.420700482843442,1,Manhattan,0,1
91,2019,98702.0,1050367.0,20034.0,7854.0,1176957.0,1156923.0,0.90789706834422,13.864650184874012,9.90518610917171,8.968778235137956,0,Brooklyn,1,1
91,2020,13216.0,874703.0,6328.0,5404.0,899651.0,893323.0,0.9791564753174383,13.681639679149407,8.75273950944749,8.59489469908009,0,Brooklyn,1,1
91,2021,11120.0,994255.0,4278.0,4768.0,1014421.0,1010143.0,0.9842715338323386,13.80974899197356,8.361240889642351,8.469682208745185,1,Brooklyn,1,1
91,2022,19671.0,995149.0,360.0,1568.0,1016748.0,1016388.0,0.9791034526184882,13.810647753673225,5.886104031450156,7.357556200910353,1,Brooklyn,1,1
91,2023,12400.0,1087636.0,267.0,2355.0,1102658.0,1102391.0,0.9866154567662472,13.899517091597207,5.58724865840025,7.764296006450518,1,Brooklyn,1,1
91,2024,16693.0,1165670.0,141.0,9387.0,1191891.0,1191750.0,0.9781162156492553,13.968806586967252,4.948759890378168,9.147081032336992,1,Brooklyn,1,1
91,2025,32675.0,1199418.0,442.0,24198.0,1256733.0,1256291.0,0.9547294376860138,13.997346997107687,6.091309882077698,10.094025264101424,1,Brooklyn,1,1
92,2019,199250.0,1097959.0,49495.0,6168.0,1352872.0,1303377.0,0.8423955616832275,13.908963559735128,10.809626933353908,8.727129915243166,0,Queens,1,1
92,2020,61897.0,598972.0,10650.0,3303.0,674822.0,664172.0,0.9018326578055083,13.302970131430735,9.273315171137572,8.10258642539079,0,Queens,1,1
92,2021,74531.0,758550.0,4182.0,3894.0,841157.0,836975.0,0.9062994713103737,13.539163995176239,8.338544879988579,8.267192185932146,1,Queens,1,1
92,2022,66040.0,995468.0,4772.0,1368.0,1067648.0,1062876.0,0.9365796198239493,13.810968257318809,8.470520783217808,7.221105098182496,1,Queens,1,1
92,2023,58966.0,1148473.0,7527.0,1880.0,1216846.0,1209319.0,0.9496857322178847,13.953943791910266,8.926251835034533,7.539027055823995,1,Queens,1,1
92,2024,51652.0,1224703.0,5556.0,3892.0,1285803.0,1280247.0,0.9566146220221566,14.018208923585867,8.622633703874234,8.266678443305896,1,Queens,1,1
92,2025,44182.0,1348132.0,3993.0,13267.0,1409574.0,1405581.0,0.9591279335733764,14.114230488508925,8.292298107063221,9.493035027916918,1,Queens,1,1
93,2019,10019.0,159386.0,15690.0,23408.0,208503.0,192813.0,0.8266351335231545,11.979084212120927,9.660778845727078,10.060833123259906,0,Queens,1,1
93,2020,1385.0,41391.0,528.0,7874.0,51178.0,50650.0,0.8171964461994077,10.630818744876143,6.269096283706261,8.971321471503682,0,Queens,1,1
93,2021,1735.0,111645.0,2730.0,3356.0,119466.0,116736.0,0.9563887746710527,11.62307947346212,7.912056888179006,8.118505067587098,1,Queens,1,1
93,2022,1948.0,161227.0,3743.0,6119.0,173037.0,169294.0,0.952349167720061,11.99056858882567,8.22764270790443,8.71915396346254,1,Queens,1,1
93,2023,2622.0,182719.0,6212.0,7871.0,199424.0,193212.0,0.9456917789785314,12.115704732580165,8.734238184268579,8.97094039814245,1,Queens,1,1
93,2024,2169.0,192429.0,5880.0,18709.0,219187.0,213307.0,0.9021222932205694,12.1674825335062,8.679312040892672,9.836759970485419,1,Queens,1,1
93,2025,2247.0,196764.0,4836.0,24052.0,227899.0,223063.0,0.8821005724840068,12.189760320037868,8.483843211734683,10.08797343215946,1,Queens,1,1
94,2019,42214.0,464227.0,5577.0,1661.0,513679.0,508102.0,0.9136492279109313,13.04812893571521,8.626406276389554,7.415175109613295,0,Bronx,1,1
94,2020,6083.0,427232.0,2264.0,1591.0,437170.0,434906.0,0.9823548077055732,12.965082470189822,7.724888439323074,7.372118028337787,0,Bronx,1,1
94,2021,5292.0,422367.0,1657.0,1469.0,430785.0,429128.0,0.9842447940940698,12.953629883322272,7.4127640174265625,7.292337176173877,1,Bronx,1,1
94,2022,5034.0,424697.0,389.0,454.0,430574.0,430185.0,0.9872426979090392,12.959131252466666,5.963579343618446,6.118097198041348,1,Bronx,1,1
94,2023,2838.0,468495.0,169.0,647.0,472149.0,471980.0,0.9926162125513793,13.057280708245072,5.1298987149230735,6.472346294500901,1,Bronx,1,1
94,2024,4989.0,495170.0,109.0,1318.0,501586.0,501477.0,0.9874231520089655,13.112656416934186,4.6913478822291435,7.183870715062453,1,Bronx,1,1
94,2025,7474.0,511820.0,108.0,4659.0,524061.0,523953.0,0.9768433428189169,13.145728279709061,4.68213122712422,8.446556111816797,1,Bronx,1,1
95,2019,128873.0,1325123.0,179422.0,15524.0,1648942.0,1469520.0,0.9017386629647776,14.097015843282684,12.097495852080463,9.650142492488797,0,Queens,1,1
95,2020,16729.0,815639.0,47903.0,6729.0,887000.0,839097.0,0.9720437565621138,13.61172713409684,10.776933411917968,8.814181823188319,0,Queens,1,1
95,2021,18025.0,1070283.0,32007.0,6016.0,1126331.0,1094324.0,0.9780311863762469,13.883433657449146,10.37370990785957,8.702177865629675,1,Queens,1,1
95,2022,24751.0,1311877.0,33494.0,3749.0,1373871.0,1340377.0,0.9787373253942734,14.086969494091365,10.419121597294424,8.229244416735913,1,Queens,1,1
95,2023,22475.0,1463997.0,39399.0,4796.0,1530667.0,1491268.0,0.9817128778998812,14.196680924320967,10.58149571425327,8.475537516147405,1,Queens,1,1
95,2024,29975.0,1593940.0,31258.0,9509.0,1664682.0,1633424.0,0.975827464271371,14.281719496469522,10.350030622402139,9.159993997539445,1,Queens,1,1
95,2025,35870.0,1721585.0,26064.0,25544.0,1809063.0,1782999.0,0.9655557855052078,14.358755936086366,10.168310330841827,10.148157734394617,1,Queens,1,1
96,2019,3767.0,29200.0,373.0,328.0,33668.0,33295.0,0.8770085598438204,10.281923988256374,5.921578419643816,5.793013608384144,0,Queens,1,1
96,2020,340.0,23738.0,104.0,124.0,24306.0,24202.0,0.980828030741261,10.07483241861645,4.6443908991413725,4.820281565605037,0,Queens,1,1
96,2021,285.0,25785.0,136.0,175.0,26381.0,26245.0,0.9824728519718041,10.157548206485059,4.912654885736052,5.1647859739235145,1,Queens,1,1
96,2022,360.0,28123.0,92.0,94.0,28669.0,28577.0,0.9841130979459005,10.244343025867096,4.5217885770490405,4.543294782270004,1,Queens,1,1
96,2023,298.0,30413.0,47.0,90.0,30848.0,30801.0,0.9874030063958963,10.322625427564935,3.8501476017100584,4.499809670330265,1,Queens,1,1
96,2024,295.0,35391.0,27.0,262.0,35975.0,35948.0,0.9845053966840993,10.474212829509952,3.295836866004329,5.568344503761097,1,Queens,1,1
96,2025,333.0,36999.0,28.0,834.0,38194.0,38166.0,0.9694230466907718,10.518646164234097,3.332204510175204,6.726233402358747,1,Queens,1,1
97,2019,152598.0,1645688.0,165951.0,67045.0,2031282.0,1865331.0,0.8822498527071067,14.313669091826926,12.019447843041384,11.113119314713742,0,Brooklyn,1,1
97,2020,9592.0,997247.0,46571.0,20930.0,1074340.0,1027769.0,0.9703026652876279,13.812753761490377,10.7487333087972,9.948938815440046,0,Brooklyn,1,1
97,2021,7887.0,1134017.0,22206.0,17910.0,1182020.0,1159814.0,0.9777576404492444,13.941276754339126,10.008117801614212,9.793114495054757,1,Brooklyn,1,1
97,2022,22458.0,1332737.0,21391.0,16213.0,1392799.0,1371408.0,0.9718019728629262,14.102745280369943,9.970725551801806,9.69356866855007,1,Brooklyn,1,1
97,2023,20028.0,1444713.0,22072.0,13849.0,1500662.0,1478590.0,0.977088307103389,14.183421243884961,10.002065115897121,9.535968306842717,1,Brooklyn,1,1
97,2024,19335.0,1573786.0,20842.0,24044.0,1638007.0,1617165.0,0.9731758973264942,14.268994739376915,9.944725460552373,10.087640764159053,1,Brooklyn,1,1
97,2025,25552.0,1620875.0,19652.0,52982.0,1719061.0,1699409.0,0.9537874637594599,14.298476684851185,9.885934393288538,10.87770751220792,1,Brooklyn,1,1
98,2019,20755.0,209801.0,2363.0,1606.0,234525.0,232162.0,0.9036836347033537,12.253914741377207,7.767687277186908,7.381501894506707,0,Queens,1,1
98,2020,3106.0,119370.0,747.0,692.0,123915.0,123168.0,0.969164068589244,11.689983192089084,6.616065185132817,6.539585955617669,0,Queens,1,1
98,2021,3421.0,156288.0,527.0,718.0,160954.0,160427.0,0.9742001034738541,11.959455738030321,6.267200548541362,6.576469569048224,1,Queens,1,1
98,2022,3689.0,180377.0,177.0,294.0,184537.0,184360.0,0.978395530483836,12.102804384025788,5.176149732573829,5.683579767338681,1,Queens,1,1
98,2023,3130.0,201252.0,77.0,491.0,204950.0,204873.0,0.9823256358817414,12.212313133119627,4.343805421853684,6.19644412779452,1,Queens,1,1
98,2024,4489.0,212452.0,51.0,1068.0,218060.0,218009.0,0.9745102266420194,12.266471359478407,3.9318256327243257,6.97354301952014,1,Queens,1,1
98,2025,5214.0,232239.0,76.0,2526.0,240055.0,239979.0,0.9677471778780643,12.355522292798783,4.330733340286331,7.8343923029104365,1,Queens,1,1
99,2019,893.0,5232.0,5.0,34.0,6164.0,6159.0,0.8494885533365806,8.562548893137034,1.6094379124341003,3.5263605246161616,0,Staten Island,1,1
99,2020,261.0,2994.0,4.0,79.0,3338.0,3334.0,0.8980203959208158,8.004365564979574,1.3862943611198906,4.3694478524670215,0,Staten Island,1,1
99,2021,176.0,4345.0,18.0,29.0,4568.0,4550.0,0.954945054945055,8.376781037699493,2.8903717578961645,3.367295829986474,1,Staten Island,1,1
99,2022,260.0,4266.0,1.0,15.0,4542.0,4541.0,0.939440651838802,8.358431899031295,0.0,2.70805020110221,1,Staten Island,1,1
99,2023,370.0,4721.0,0.0,10.0,5101.0,5101.0,0.9255048029798079,8.459775920546287,0.0,2.302585092994046,1,Staten Island,1,1
99,2024,396.0,5197.0,0.0,3.0,5596.0,5596.0,0.928699070764832,8.555836815008442,0.0,1.0986122886681098,1,Staten Island,1,1
99,2025,563.0,6162.0,0.0,5.0,6730.0,6730.0,0.9156017830609212,8.726156679156613,0.0,1.6094379124341003,1,Staten Island,1,1
100,2019,175852.0,1525410.0,268.0,1713651.0,3415181.0,3414913.0,0.44669073560585587,14.23777378434832,5.5909869805108565,14.354136740137507,0,Manhattan,0,1
100,2020,7600.0,650784.0,184.0,459085.0,1117653.0,1117469.0,0.5823732022991241,13.385933068898801,5.214935757608986,13.036990657083207,0,Manhattan,0,1
100,2021,9229.0,884519.0,264.0,493766.0,1387778.0,1387514.0,0.6374847388927247,13.69279927341401,5.575949103146316,13.109816999735727,1,Manhattan,0,1
100,2022,13405.0,1321474.0,6.0,633980.0,1968865.0,1968859.0,0.6711877285270301,14.094258338220751,1.791759469228055,13.359772687180461,1,Manhattan,0,1
100,2023,14880.0,1428299.0,0.0,617389.0,2060568.0,2060568.0,0.6931579059754398,14.17199478371745,0.0,13.333254574241009,1,Manhattan,0,1
100,2024,9449.0,1370696.0,66.0,606459.0,1986670.0,1986604.0,0.6899694151426253,14.130829197998246,4.189654742026425,13.31539240409191,1,Manhattan,0,1
100,2025,12752.0,1304276.0,71.0,619719.0,1936818.0,1936747.0,0.6734364374902866,14.081158655514388,4.2626798770413155,13.337021428476964,1,Manhattan,0,1
101,2019,18867.0,157267.0,2416.0,2056.0,180606.0,178190.0,0.8825803917167069,11.965700276827535,7.789868559054706,7.628517626575055,0,Queens,1,1
101,2020,3132.0,97268.0,836.0,967.0,102203.0,101367.0,0.9595627768405891,11.48522533432795,6.728628613084702,6.874198495453294,0,Queens,1,1
101,2021,2849.0,135255.0,339.0,1036.0,139479.0,139140.0,0.9720784821043553,11.814917164602116,5.82600010738045,6.943122422819428,1,Queens,1,1
101,2022,4383.0,167208.0,26.0,465.0,172082.0,172056.0,0.9718231273538848,12.026993825378064,3.258096538021482,6.142037405587356,1,Queens,1,1
101,2023,3635.0,192143.0,78.0,478.0,196334.0,196256.0,0.9790426789499429,12.165995165456911,4.356708826689592,6.169610732491456,1,Queens,1,1
101,2024,6060.0,207306.0,64.0,902.0,214332.0,214268.0,0.9675079806597345,12.241951241565072,4.1588830833596715,6.804614520062624,1,Queens,1,1
101,2025,6243.0,235779.0,68.0,2591.0,244681.0,244613.0,0.9638858114654577,12.37065020459529,4.219507705176107,7.85979918056211,1,Queens,1,1
102,2019,67333.0,511830.0,4410.0,2120.0,585693.0,581283.0,0.8805177512502516,13.145747817637064,8.391629968440892,7.659171367666058,0,Queens,1,1
102,2020,13487.0,358520.0,1472.0,1350.0,374829.0,373357.0,0.9602605549112512,12.789739725471298,7.294377299288821,7.2078598714324755,0,Queens,1,1
102,2021,7721.0,429532.0,1235.0,1121.0,439609.0,438374.0,0.9798300081665428,12.97045152286972,7.118826249062078,7.02197642307216,1,Queens,1,1
102,2022,7603.0,480713.0,305.0,511.0,489132.0,488827.0,0.9834010805458782,13.083025697410694,5.720311776607412,6.236369590203704,1,Queens,1,1
102,2023,4468.0,529014.0,202.0,675.0,534359.0,534157.0,0.9903717446368764,13.178770175518599,5.308267697401205,6.51471269087253,1,Queens,1,1
102,2024,5931.0,563328.0,155.0,1912.0,571326.0,571171.0,0.9862685605536695,13.241617330730708,5.043425116919247,7.555905093611346,1,Queens,1,1
102,2025,6938.0,594077.0,195.0,6750.0,607960.0,607765.0,0.9774781371089154,13.294764219573217,5.272999558563747,8.817297783866575,1,Queens,1,1
104,2019,0.0,0.0,0.0,1.0,1.0,1.0,0.0,0.0,0.0,0.0,0,,0,0
104,2021,1.0,0.0,0.0,0.0,1.0,1.0,0.0,0.0,0.0,0.0,1,,0,0
104,2023,1.0,0.0,0.0,0.0,1.0,1.0,0.0,0.0,0.0,0.0,1,,0,0
104,2025,1.0,0.0,0.0,0.0,1.0,1.0,0.0,0.0,0.0,0.0,1,,0,0
105,2019,23.0,64.0,0.0,115.0,202.0,202.0,0.31683168316831684,4.1588830833596715,0.0,4.74493212836325,0,Manhattan,0,1
105,2020,11.0,12.0,0.0,14.0,37.0,37.0,0.32432432432432434,2.4849066497880004,0.0,2.6390573296152584,0,Manhattan,0,1
105,2021,14.0,20.0,0.0,15.0,49.0,49.0,0.40816326530612246,2.995732273553991,0.0,2.70805020110221,1,Manhattan,0,1
105,2022,11.0,43.0,0.0,13.0,67.0,67.0,0.6417910447761194,3.7612001156935624,0.0,2.5649493574615367,1,Manhattan,0,1
105,2023,6.0,41.0,0.0,10.0,57.0,57.0,0.7192982456140351,3.713572066704308,0.0,2.302585092994046,1,Manhattan,0,1
105,2024,7.0,43.0,0.0,4.0,54.0,54.0,0.7962962962962963,3.7612001156935624,0.0,1.3862943611198906,1,Manhattan,0,1
105,2025,2.0,40.0,0.0,7.0,49.0,49.0,0.8163265306122449,3.6888794541139363,0.0,1.9459101490553132,1,Manhattan,0,1
106,2019,50767.0,538417.0,11805.0,9280.0,610269.0,598464.0,0.8996648085766228,13.19638863185132,9.376278449519614,9.135616825780247,0,Brooklyn,1,1
106,2020,4447.0,277554.0,3069.0,3267.0,288337.0,285268.0,0.9729587615855967,12.533770787832148,8.029107054619736,8.09162741160107,0,Brooklyn,1,1
106,2021,4172.0,340450.0,1979.0,2532.0,349133.0,347154.0,0.9806886857129689,12.738023550911112,7.590346945602565,7.836764783264067,1,Brooklyn,1,1
106,2022,5571.0,445111.0,566.0,2028.0,453276.0,452710.0,0.9832144198272624,13.006078968246088,6.338594078203183,7.614805364711073,1,Brooklyn,1,1
106,2023,4821.0,462233.0,235.0,1796.0,469085.0,468850.0,0.9858867441612456,13.043824371937074,5.459585514144159,7.493317248862145,1,Brooklyn,1,1
106,2024,4205.0,479393.0,132.0,3376.0,487106.0,486974.0,0.9844324337644309,13.080275999290501,4.882801922586371,8.124446855715847,1,Brooklyn,1,1
106,2025,5184.0,535073.0,135.0,10973.0,551365.0,551230.0,0.9706891860022132,13.190158465168011,4.90527477843843,9.3031929889908,1,Brooklyn,1,1
107,2019,225969.0,2177977.0,454.0,1887943.0,4292343.0,4291889.0,0.5074634968425326,14.59390702227236,6.118097198041348,14.450998434553869,0,Manhattan,0,1
107,2020,7860.0,1021915.0,573.0,556021.0,1586369.0,1585796.0,0.644417693070231,13.837188876032545,6.35088571671474,13.228561342303632,0,Manhattan,0,1
107,2021,11979.0,1330705.0,542.0,744180.0,2087406.0,2086864.0,0.6376577486601906,14.101219434945682,6.295266001439646,13.52003822003743,1,Manhattan,0,1
107,2022,23897.0,1824581.0,18.0,917555.0,2766051.0,2766033.0,0.6596381894214567,14.416860929598034,2.8903717578961645,13.72946780261829,1,Manhattan,0,1
107,2023,24206.0,1958944.0,0.0,785306.0,2768456.0,2768456.0,0.7075944136370598,14.487916110504818,0.0,13.573828729725985,1,Manhattan,0,1
107,2024,16462.0,1895453.0,51.0,797644.0,2709610.0,2709559.0,0.6995429883608366,14.45496841806266,3.9318256327243257,13.589417661604696,1,Manhattan,0,1
107,2025,19035.0,1744188.0,95.0,842804.0,2606122.0,2606027.0,0.6692900725894244,14.371799675806395,4.553876891600541,13.64448970698539,1,Manhattan,0,1
108,2019,30635.0,294917.0,8050.0,1643.0,335245.0,327195.0,0.9013493482479866,12.594449239801747,8.99342737041261,7.404279118037268,0,Brooklyn,1,1
108,2020,8410.0,214314.0,2393.0,1379.0,226496.0,224103.0,0.9563191925141564,12.275197508305892,7.780303087908373,7.229113877793302,0,Brooklyn,1,1
108,2021,5842.0,257401.0,1754.0,1524.0,266521.0,264767.0,0.9721793123765424,12.458390459140501,7.469654172932128,7.329093736246592,1,Brooklyn,1,1
108,2022,9984.0,283874.0,300.0,710.0,294868.0,294568.0,0.9636959887020994,12.55628575672442,5.703782474656201,6.565264970035361,1,Brooklyn,1,1
108,2023,8734.0,304143.0,147.0,897.0,313921.0,313774.0,0.9693059335700217,12.625253264524279,4.990432586778736,6.799055862058796,1,Brooklyn,1,1
108,2024,11649.0,324795.0,84.0,2145.0,338673.0,338589.0,0.9592603421847727,12.690949493062499,4.430816798843313,7.6708948313621175,1,Brooklyn,1,1
108,2025,21218.0,357771.0,85.0,4825.0,383899.0,383814.0,0.9321468211164783,12.787648395905551,4.442651256490317,8.481566013773087,1,Brooklyn,1,1
109,2019,14232.0,119533.0,23.0,57.0,133845.0,133822.0,0.8932238346460223,11.69134776285875,3.1354942159291497,4.04305126783455,0,Staten Island,1,1
109,2020,4372.0,79146.0,4.0,38.0,83560.0,83556.0,0.9472210254200776,11.279049527076975,1.3862943611198906,3.6375861597263857,0,Staten Island,1,1
109,2021,4298.0,106466.0,13.0,36.0,110813.0,110800.0,0.960884476534296,11.57558096433457,2.5649493574615367,3.58351893845611,1,Staten Island,1,1
109,2022,9853.0,127940.0,3.0,28.0,137824.0,137821.0,0.9283055557571053,11.759316683004128,1.0986122886681098,3.332204510175204,1,Staten Island,1,1
109,2023,18247.0,143566.0,0.0,22.0,161835.0,161835.0,0.8871134179874564,11.874550138759874,0.0,3.091042453358316,1,Staten Island,1,1
109,2024,19326.0,159224.0,1.0,27.0,178578.0,178577.0,0.891626581250665,11.978067294799056,0.0,3.295836866004329,1,Staten Island,1,1
109,2025,19018.0,175662.0,1.0,53.0,194734.0,194733.0,0.9020659056246245,12.076316973037626,0.0,3.970291913552122,1,Staten Island,1,1
110,2019,25.0,349.0,0.0,0.0,374.0,374.0,0.9331550802139037,5.855071922202427,0.0,0.0,0,Staten Island,1,1
110,2020,12.0,299.0,0.0,0.0,311.0,311.0,0.9614147909967846,5.700443573390687,0.0,0.0,0,Staten Island,1,1
110,2021,12.0,274.0,0.0,1.0,287.0,287.0,0.9547038327526133,5.6131281063880705,0.0,0.0,1,Staten Island,1,1
110,2022,13.0,363.0,0.0,0.0,376.0,376.0,0.9654255319148937,5.8944028342648505,0.0,0.0,1,Staten Island,1,1
110,2023,17.0,346.0,0.0,1.0,364.0,364.0,0.9505494505494505,5.846438775057725,0.0,0.0,1,Staten Island,1,1
110,2024,7.0,493.0,0.0,1.0,501.0,501.0,0.9840319361277445,6.20050917404269,0.0,0.0,1,Staten Island,1,1
110,2025,2.0,496.0,0.0,0.0,498.0,498.0,0.9959839357429718,6.206575926724928,0.0,0.0,1,Staten Island,1,1
111,2019,1398.0,13706.0,168.0,154.0,15426.0,15258.0,0.8982828680036702,9.52558897214577,5.123963979403259,5.0369526024136295,0,Brooklyn,1,1
111,2020,46.0,7295.0,25.0,25.0,7391.0,7366.0,0.9903611186532718,8.894944460956886,3.2188758248682006,3.2188758248682006,0,Brooklyn,1,1
111,2021,44.0,7755.0,22.0,38.0,7859.0,7837.0,0.9895368125558249,8.956093075610639,3.091042453358316,3.6375861597263857,1,Brooklyn,1,1
111,2022,58.0,7281.0,7.0,35.0,7381.0,7374.0,0.9873881204231082,8.893023494394711,1.9459101490553132,3.5553480614894135,1,Brooklyn,1,1
111,2023,67.0,7816.0,4.0,21.0,7908.0,7904.0,0.9888663967611336,8.96392819372262,1.3862943611198906,3.044522437723423,1,Brooklyn,1,1
111,2024,74.0,8907.0,1.0,65.0,9047.0,9046.0,0.9846340924165377,9.09459276343187,0.0,4.174387269895637,1,Brooklyn,1,1
111,2025,89.0,9025.0,3.0,128.0,9245.0,9242.0,0.976520233715646,9.107753783201082,1.0986122886681098,4.852030263919617,1,Brooklyn,1,1
112,2019,168695.0,1992681.0,32086.0,23228.0,2216690.0,2184604.0,0.91214746471214,14.50499152617319,10.376175076911021,10.05311372649194,0,Brooklyn,1,1
112,2020,2092.0,1016204.0,4312.0,5670.0,1028278.0,1023966.0,0.9924196701843616,13.831584674367047,8.369157112588834,8.642944396721798,0,Brooklyn,1,1
112,2021,2461.0,1373541.0,1757.0,6405.0,1384164.0,1382407.0,0.993586548679224,14.13290263481821,7.471363088187097,8.764834214330834,1,Brooklyn,1,1
112,2022,8448.0,1850323.0,2089.0,8468.0,1869328.0,1867239.0,0.9909406348089345,14.43087077640924,7.644440761556566,9.044049632254756,1,Brooklyn,1,1
112,2023,17906.0,2038927.0,1805.0,7056.0,2065694.0,2063889.0,0.9879053573133051,14.527934247052032,7.498315870766981,8.861633597686627,1,Brooklyn,1,1
112,2024,15411.0,2279338.0,1226.0,15367.0,2311342.0,2310116.0,0.9866768595170112,14.639395607893453,7.111512116496157,9.639977632055333,1,Brooklyn,1,1
112,2025,13489.0,2401096.0,1017.0,53764.0,2469366.0,2468349.0,0.9727538528789892,14.691435857744352,6.92461239604856,10.892359377191038,1,Brooklyn,1,1
113,2019,156479.0,1718824.0,221.0,1270822.0,3146346.0,3146125.0,0.5463304859152132,14.357150894015653,5.3981627015177525,14.055174493157141,0,Manhattan,0,1
113,2020,2457.0,768243.0,188.0,350163.0,1121051.0,1120863.0,0.685403122415496,13.551861368333908,5.236441962829949,12.766154039340071,0,Manhattan,0,1
113,2021,6033.0,1053671.0,250.0,424781.0,1484735.0,1484485.0,0.7097889166950154,13.867790815143776,5.521460917862246,12.959329020979267,1,Manhattan,0,1
113,2022,12140.0,1422648.0,7.0,513337.0,1948132.0,1948125.0,0.7302652550529355,14.168030481749872,1.9459101490553132,13.148687828553335,1,Manhattan,0,1
113,2023,14324.0,1515597.0,0.0,512257.0,2042178.0,2042178.0,0.7421473544421691,14.23131997871053,0.0,13.146581731210317,1,Manhattan,0,1
113,2024,9113.0,1478126.0,53.0,565842.0,2053134.0,2053081.0,0.7199550334351154,14.206285627194976,3.970291913552122,13.2460701662717,1,Manhattan,0,1
113,2025,8644.0,1372296.0,20.0,620020.0,2000980.0,2000960.0,0.6858188069726531,14.131995807438932,2.995732273553991,13.33750701456551,1,Manhattan,0,1
114,2019,156339.0,1615032.0,84.0,1061560.0,2833015.0,2832931.0,0.5700922472167519,14.29486532868408,4.430816798843313,13.875250082315132,0,Manhattan,0,1
114,2020,2191.0,707777.0,52.0,265508.0,975528.0,975476.0,0.7255709007704957,13.469884351310425,3.9512437185814275,12.489400251036919,0,Manhattan,0,1
114,2021,5347.0,1060507.0,59.0,330475.0,1396388.0,1396329.0,0.7594965083443802,13.874257653625156,4.07753744390572,12.7082862924476,1,Manhattan,0,1
114,2022,12199.0,1540351.0,8.0,469610.0,2022168.0,2022160.0,0.7617354709815247,14.247520870497443,2.0794415416798357,13.059657841988205,1,Manhattan,0,1
114,2023,15600.0,1614276.0,3.0,497889.0,2127768.0,2127765.0,0.7586721277960677,14.294397116910034,1.0986122886681098,13.118132439596508,1,Manhattan,0,1
114,2024,8906.0,1550823.0,94.0,578779.0,2138602.0,2138508.0,0.7251892440898047,14.254296315723872,4.543294782270004,13.268675991118577,1,Manhattan,0,1
114,2025,7524.0,1437420.0,19.0,648753.0,2093716.0,2093697.0,0.6865463340683967,14.17836039793109,2.9444389791664403,13.382807337729,1,Manhattan,0,1
115,2019,15163.0,139300.0,611.0,168.0,155242.0,154631.0,0.9008542918302281,11.844385159767898,6.415096959171596,5.123963979403259,0,Staten Island,1,1
115,2020,39345.0,114715.0,340.0,329.0,154729.0,154389.0,0.7430257336986443,11.650206070504263,5.8289456176102075,5.796057750765372,0,Staten Island,1,1
115,2021,40159.0,143701.0,351.0,228.0,184439.0,184088.0,0.7806103602624832,11.875490030985144,5.860786223465865,5.429345628954441,1,Staten Island,1,1
115,2022,15432.0,155232.0,2.0,30.0,170696.0,170694.0,0.9094168512074238,11.952676051044943,0.6931471805599453,3.4011973816621555,1,Staten Island,1,1
115,2023,37254.0,179640.0,2.0,14.0,216910.0,216908.0,0.8281852213841813,12.098710127201674,0.6931471805599453,2.6390573296152584,1,Staten Island,1,1
115,2024,39601.0,194140.0,2.0,86.0,233829.0,233827.0,0.8302719531961664,12.176334827266217,0.6931471805599453,4.454347296253507,1,Staten Island,1,1
115,2025,35693.0,208797.0,0.0,298.0,244788.0,244788.0,0.852970733859503,12.249117767071311,0.0,5.697093486505405,1,Staten Island,1,1
116,2019,98562.0,1072324.0,89039.0,96989.0,1356914.0,1267875.0,0.8457647638765651,13.885338813753908,11.396829754978903,11.482352848993164,0,Manhattan,0,1
116,2020,5829.0,818749.0,25664.0,39899.0,890141.0,864477.0,0.9471032774729692,13.615532844556807,10.152844510666242,10.594106539907239,0,Manhattan,0,1
116,2021,4961.0,851343.0,14611.0,42133.0,913048.0,898437.0,0.9475823012631938,13.654570381579713,9.589529948672084,10.648586560603084,1,Manhattan,0,1
116,2022,7913.0,958795.0,12000.0,35645.0,1014353.0,1002353.0,0.9565442513765111,13.77343256667687,9.392661928770137,10.48136416355173,1,Manhattan,0,1
116,2023,6146.0,1035660.0,7491.0,24170.0,1073467.0,1065976.0,0.9715603353171178,13.85054946260879,8.921457578947884,10.09286747369753,1,Manhattan,0,1
116,2024,7585.0,1087402.0,4437.0,36190.0,1135614.0,1131177.0,0.9613013701657654,13.899301922941852,8.39773375137891,10.496538116557788,1,Manhattan,0,1
116,2025,14067.0,1096405.0,4103.0,75439.0,1190014.0,1185911.0,0.9245255335349786,13.907547203779792,8.319473692442186,11.231079661652146,1,Manhattan,0,1
117,2019,27827.0,233549.0,5754.0,1975.0,269105.0,263351.0,0.8868354401540149,12.361147184182702,8.657650544111494,7.5883236773352225,0,Queens,1,1
117,2020,11366.0,247312.0,3070.0,2840.0,264588.0,261518.0,0.9456786913329102,12.4184059763921,8.029432840581244,7.951559331155252,0,Queens,1,1
117,2021,11225.0,316769.0,2549.0,2321.0,332864.0,330315.0,0.9589906604301954,12.665928080599084,7.8434564043761155,7.749753406274437,1,Queens,1,1
117,2022,15434.0,296436.0,30.0,895.0,312795.0,312765.0,0.9477914728310393,12.599586622518583,3.4011973816621555,6.796823718274855,1,Queens,1,1
117,2023,8768.0,347533.0,106.0,1524.0,357931.0,357825.0,0.971237336686928,12.758614903506963,4.663439094112067,7.329093736246592,1,Queens,1,1
117,2024,12507.0,371245.0,23.0,3671.0,387446.0,387423.0,0.9582420248668768,12.824617500994885,3.1354942159291497,8.208219383496834,1,Queens,1,1
117,2025,19728.0,403165.0,23.0,8396.0,431312.0,431289.0,0.934790824713823,12.90710118641592,3.1354942159291497,9.035510680940524,1,Queens,1,1
118,2019,22723.0,207883.0,102.0,376.0,231084.0,230982.0,0.8999965365266558,12.244730700420979,4.624972813284271,5.929589143389895,0,Staten Island,1,1
118,2020,6425.0,127956.0,37.0,189.0,134607.0,134570.0,0.9508508582893661,11.75944173380618,3.6109179126442243,5.241747015059643,0,Staten Island,1,1
118,2021,9909.0,179638.0,84.0,180.0,189811.0,189727.0,0.9468235939007099,12.09869899376183,4.430816798843313,5.19295685089021,1,Staten Island,1,1
118,2022,15770.0,207041.0,2.0,108.0,222921.0,222919.0,0.9287723343456592,12.240672120267552,0.6931471805599453,4.68213122712422,1,Staten Island,1,1
118,2023,28631.0,232257.0,0.0,50.0,260938.0,260938.0,0.8900850010347285,12.3555997961573,0.0,3.912023005428146,1,Staten Island,1,1
118,2024,29875.0,242467.0,1.0,77.0,272420.0,272419.0,0.8900517217962036,12.398620897625388,0.0,4.343805421853684,1,Staten Island,1,1
118,2025,27637.0,254828.0,0.0,207.0,282672.0,282672.0,0.9014971415633667,12.44834408675256,0.0,5.332718793265369,1,Staten Island,1,1
119,2019,83017.0,803695.0,11670.0,4688.0,903070.0,891400.0,0.9016098272380525,13.596975122954632,9.364776725280601,8.452761331256848,0,Bronx,1,1
119,2020,10634.0,685825.0,4678.0,3152.0,704289.0,699611.0,0.980294763804457,13.438377772123145,8.450625947144124,8.05579245097777,0,Bronx,1,1
119,2021,10072.0,651035.0,3803.0,2956.0,667866.0,664063.0,0.9803813794775496,13.386318683186364,8.24354550792826,7.991592282068092,1,Bronx,1,1
119,2022,11588.0,656866.0,704.0,1607.0,670765.0,670061.0,0.9803077630245605,13.395235319282573,6.556778356158042,7.382124365737512,1,Bronx,1,1
119,2023,5635.0,732538.0,617.0,1643.0,740433.0,739816.0,0.9901624187635845,13.504270495660894,6.424869023905388,7.404279118037268,1,Bronx,1,1
119,2024,8040.0,791418.0,503.0,3521.0,803482.0,802979.0,0.9856023632000339,13.58158155217822,6.220590170099739,8.166500319155052,1,Bronx,1,1
119,2025,14311.0,822449.0,707.0,9602.0,847069.0,846362.0,0.9717461322696435,13.62004175362018,6.561030665896573,9.169726689090886,1,Bronx,1,1
120,2019,8131.0,21736.0,680.0,472.0,31019.0,30339.0,0.7164375885823527,9.986725151106183,6.522092798170152,6.156978985585555,0,Manhattan,0,1
120,2020,140.0,17364.0,266.0,226.0,17996.0,17730.0,0.9793570219966159,9.762154376419485,5.583496308781699,5.420534999272286,0,Manhattan,0,1
120,2021,102.0,17828.0,201.0,305.0,18436.0,18235.0,0.9776802851658898,9.788525534066446,5.303304908059076,5.720311776607412,1,Manhattan,0,1
120,2022,272.0,16736.0,89.0,193.0,17290.0,17201.0,0.9729666879832568,9.72531736686465,4.48863636973214,5.262690188904886,1,Manhattan,0,1
120,2023,219.0,21423.0,85.0,177.0,21904.0,21819.0,0.9818506805994776,9.97222039021722,4.442651256490317,5.176149732573829,1,Manhattan,0,1
120,2024,216.0,24659.0,62.0,242.0,25179.0,25117.0,0.9817653382171437,10.112897224395695,4.127134385045092,5.488937726156687,1,Manhattan,0,1
120,2025,258.0,22739.0,59.0,799.0,23855.0,23796.0,0.9555807698772903,10.03183679096379,4.07753744390572,6.683360945766275,1,Manhattan,0,1
121,2019,49847.0,479289.0,10130.0,3460.0,542726.0,532596.0,0.89991100196021,13.08005903474875,9.22325659724273,8.14902386805177,0,Queens,1,1
121,2020,13480.0,305188.0,3369.0,2536.0,324573.0,321204.0,0.9501376072527117,12.628683259139763,8.122371243406553,7.8383433155571165,0,Queens,1,1
121,2021,12307.0,386026.0,2214.0,2400.0,402947.0,400733.0,0.9632997532022569,12.863660003691505,7.7025561132685825,7.783224016336037,1,Queens,1,1
121,2022,14900.0,437510.0,409.0,792.0,453611.0,453202.0,0.9653752631277003,12.988854841661443,6.013715156042802,6.674561391814426,1,Queens,1,1
121,2023,12106.0,489457.0,297.0,1605.0,503465.0,503168.0,0.9727506518697533,13.101051892354597,5.6937321388027,7.380879035564116,1,Queens,1,1
121,2024,13164.0,518579.0,191.0,2818.0,534752.0,534561.0,0.9701025701463444,13.158847657630098,5.25227342804663,7.943782692458625,1,Queens,1,1
121,2025,15118.0,553430.0,225.0,7161.0,575934.0,575709.0,0.9613016298164524,13.22389055520174,5.41610040220442,8.87640491500694,1,Queens,1,1
122,2019,18780.0,221138.0,5536.0,1774.0,247228.0,241692.0,0.9149578802773778,12.306542220010998,8.619027497297505,7.480992162869525,0,Queens,1,1
122,2020,2977.0,181646.0,1990.0,1132.0,187745.0,185755.0,0.9778794648865441,12.109815017038056,7.595889917718538,7.0317412587631285,0,Queens,1,1
122,2021,2804.0,218975.0,1395.0,1102.0,224276.0,222881.0,0.9824749530018261,12.296712847031289,7.240649694255466,7.004881989712859,1,Queens,1,1
122,2022,3972.0,232998.0,425.0,376.0,237771.0,237346.0,0.98168075299352,12.35878514882001,6.052089168924417,5.929589143389895,1,Queens,1,1
122,2023,2698.0,262971.0,301.0,719.0,266689.0,266388.0,0.9871728456236767,12.479799038920445,5.707110264748875,6.577861357721047,1,Queens,1,1
122,2024,5186.0,278099.0,96.0,1325.0,284706.0,284610.0,0.9771230807069323,12.535732444386753,4.564348191467836,7.1891677384203225,1,Queens,1,1
122,2025,7250.0,308140.0,180.0,4840.0,320410.0,320230.0,0.9622458857696031,12.638309504135766,5.19295685089021,8.484669999710677,1,Queens,1,1
123,2019,65487.0,664160.0,10813.0,3589.0,744049.0,733236.0,0.9057929507007294,13.406278363286866,9.288504392945537,8.185628891147607,0,Brooklyn,1,1
123,2020,27331.0,420889.0,3039.0,2268.0,453527.0,450488.0,0.9342956971106888,12.950124419943403,8.019283792916793,7.7266536648476425,0,Brooklyn,1,1
123,2021,13317.0,515559.0,1927.0,2190.0,532993.0,531066.0,0.970800239518252,13.153007027878383,7.563719668414366,7.691656822810547,1,Brooklyn,1,1
123,2022,17246.0,581719.0,153.0,551.0,599669.0,599516.0,0.9703143869387973,13.273742792250081,5.030437921392435,6.311734809152915,1,Brooklyn,1,1
123,2023,16266.0,626449.0,129.0,842.0,643686.0,643557.0,0.973416496130102,13.347822645375834,4.859812404361672,6.7357800142423265,1,Brooklyn,1,1
123,2024,19451.0,657397.0,89.0,2873.0,679810.0,679721.0,0.9671571129919482,13.396043376770143,4.48863636973214,7.96311205897929,1,Brooklyn,1,1
123,2025,49293.0,722099.0,150.0,7322.0,778864.0,778714.0,0.92729679959523,13.48991752758857,5.0106352940962555,8.898638793680181,1,Brooklyn,1,1
124,2019,22359.0,266691.0,3353.0,3056.0,295459.0,292106.0,0.9129939131685073,12.493845963818927,8.117610746466228,8.024862150286411,0,Queens,1,1
124,2020,2123.0,184079.0,818.0,1494.0,188514.0,187696.0,0.9807294774529026,12.123120292273805,6.706862336602747,7.309212365692763,0,Queens,1,1
124,2021,2027.0,240944.0,610.0,1376.0,244957.0,244347.0,0.9860730845887201,12.3923198203266,6.413458957167357,7.226936018493289,1,Queens,1,1
124,2022,4958.0,285073.0,41.0,724.0,290796.0,290755.0,0.980457773727021,12.560500566803325,3.713572066704308,6.584791392385716,1,Queens,1,1
124,2023,2524.0,324752.0,58.0,1195.0,328529.0,328471.0,0.9886778437061415,12.690817093097408,4.060443010546419,7.085901464365611,1,Queens,1,1
124,2024,4490.0,354828.0,29.0,2715.0,362062.0,362033.0,0.9800984993080741,12.779388444003837,3.367295829986474,7.906547232368036,1,Queens,1,1
124,2025,6342.0,374136.0,48.0,5768.0,386294.0,386246.0,0.9686469244988944,12.832374646660627,3.871201010907891,8.660080678964786,1,Queens,1,1
125,2019,95803.0,885308.0,84.0,468939.0,1450134.0,1450050.0,0.6105361884072963,13.69369088604312,4.430816798843313,13.058227975003481,0,Manhattan,0,1
125,2020,2255.0,385879.0,59.0,111083.0,499276.0,499217.0,0.7729684686218619,12.863279127801915,4.07753744390572,11.618032948618156,0,Manhattan,0,1
125,2021,2551.0,547620.0,32.0,145107.0,695310.0,695278.0,0.7876273950851315,13.213336894738978,3.4657359027997265,11.88522668029996,1,Manhattan,0,1
125,2022,5990.0,759252.0,4.0,196421.0,961667.0,961663.0,0.7895198213927332,13.540089017082991,1.3862943611198906,12.188015593830055,1,Manhattan,0,1
125,2023,7803.0,824196.0,10.0,185211.0,1017220.0,1017210.0,0.8102515704721739,13.622163644684104,2.302585092994046,12.129250994678769,1,Manhattan,0,1
125,2024,6142.0,848212.0,26.0,201971.0,1056351.0,1056325.0,0.8029839301351384,13.650885883529247,3.258096538021482,12.215879401720558,1,Manhattan,0,1
125,2025,6688.0,858341.0,17.0,220568.0,1085614.0,1085597.0,0.7906626492151323,13.662756735410808,2.833213344056216,12.303961316349284,1,Manhattan,0,1
126,2019,54176.0,605229.0,7109.0,2219.0,668733.0,661624.0,0.9147627655586859,13.313362177791927,8.869116865929483,7.704811922932594,0,Bronx,1,1
126,2020,8202.0,571593.0,2083.0,1844.0,583722.0,581639.0,0.9827281183001828,13.256182478636761,7.641564441260972,7.519692404116539,0,Bronx,1,1
126,2021,7126.0,585615.0,1645.0,1598.0,595984.0,594339.0,0.9853215084320565,13.280417856055285,7.405495663199472,7.37650812632622,1,Bronx,1,1
126,2022,5721.0,610199.0,241.0,486.0,616647.0,616406.0,0.9899303381213032,13.321540412456415,5.484796933490655,6.186208623900494,1,Bronx,1,1
126,2023,3930.0,673500.0,173.0,696.0,678299.0,678126.0,0.9931782589076367,13.420243274832556,5.153291594497779,6.54534966033442,1,Bronx,1,1
126,2024,5104.0,731570.0,60.0,2313.0,739047.0,738987.0,0.9899632875815136,13.502948188643863,4.0943445622221,7.746300662231439,1,Bronx,1,1
126,2025,9823.0,760853.0,114.0,7530.0,778320.0,778206.0,0.9777012770397555,13.54219545129902,4.736198448394496,8.92665032079394,1,Bronx,1,1
127,2019,72448.0,834859.0,17901.0,8074.0,933282.0,915381.0,0.9120344424889746,13.635018127298704,9.792611856190192,8.996404301412886,0,Manhattan,0,1
127,2020,4540.0,608316.0,5375.0,3571.0,621802.0,616427.0,0.9868419131543557,13.318449762773996,8.589513852995864,8.18060094759445,0,Manhattan,0,1
127,2021,3313.0,656381.0,3467.0,3791.0,666952.0,663485.0,0.9892929003670015,13.394496692014359,8.151044945685024,8.240385115516334,1,Manhattan,0,1
127,2022,4639.0,721055.0,1478.0,2115.0,729287.0,727809.0,0.9907200927715926,13.488470696298052,7.298445101508147,7.656810091480378,1,Manhattan,0,1
127,2023,2922.0,812663.0,946.0,1926.0,818457.0,817511.0,0.9940698045653208,13.60807178845007,6.852242569051878,7.563200592358071,1,Manhattan,0,1
127,2024,3365.0,851696.0,450.0,4161.0,859672.0,859222.0,0.9912409132913264,13.65498493462877,6.1092475827643655,8.333510708982942,1,Manhattan,0,1
127,2025,6277.0,896497.0,453.0,16345.0,919572.0,919119.0,0.9753873002298941,13.706250225674822,6.115892125483034,9.70167731915831,1,Manhattan,0,1
128,2019,5436.0,52939.0,1021.0,712.0,60108.0,59087.0,0.8959500397718618,10.876895586294035,6.928537818164665,6.568077911411976,0,Manhattan,0,1
128,2020,324.0,41542.0,503.0,421.0,42790.0,42287.0,0.9823822924302977,10.634460242636054,6.220590170099739,6.042632833682381,0,Manhattan,0,1
128,2021,328.0,44902.0,397.0,510.0,46137.0,45740.0,0.9816790555312637,10.71223761616816,5.983936280687191,6.234410725718371,1,Manhattan,0,1
128,2022,810.0,51362.0,102.0,207.0,52481.0,52379.0,0.9805838217606293,10.846653878415639,4.624972813284271,5.332718793265369,1,Manhattan,0,1
128,2023,391.0,59955.0,89.0,206.0,60641.0,60552.0,0.9901407055093143,11.001349559813534,4.48863636973214,5.327876168789581,1,Manhattan,0,1
128,2024,426.0,67571.0,27.0,369.0,68393.0,68366.0,0.9883714126905186,11.120934175903928,3.295836866004329,5.910796644040527,1,Manhattan,0,1
128,2025,759.0,72337.0,30.0,1256.0,74382.0,74352.0,0.97289918226813,11.189091033813968,3.4011973816621555,7.135687347028144,1,Manhattan,0,1
129,2019,239859.0,1721294.0,153999.0,41981.0,2157133.0,2003134.0,0.8593004761538668,14.358586891515998,11.94470138786819,10.64497241395799,0,Queens,1,1
129,2020,72316.0,1109384.0,28552.0,11816.0,1222068.0,1193516.0,0.9295091142473163,13.919315464289067,10.259482265169996,9.377209824211215,0,Queens,1,1
129,2021,70643.0,1334125.0,12638.0,10011.0,1427417.0,1414779.0,0.9429918029600383,14.103786204216266,9.444463427333401,9.211439767419483,1,Queens,1,1
129,2022,47586.0,1565894.0,11809.0,7970.0,1633259.0,1621450.0,0.9657368404822844,14.26396746486389,9.376617231601282,8.98343977178426,1,Queens,1,1
129,2023,46269.0,1760444.0,13813.0,7172.0,1827698.0,1813885.0,0.9705378235114134,14.381076607926193,9.53336545669996,8.877939834725023,1,Queens,1,1
129,2024,50200.0,1838978.0,10309.0,15334.0,1914821.0,1904512.0,0.9655901354257679,14.424720540491519,9.240772579096385,9.63782786411884,1,Queens,1,1
129,2025,51223.0,1914539.0,7601.0,46607.0,2019970.0,2012369.0,0.9513856554140916,14.464987420546013,8.936035096566041,10.74950602342493,1,Queens,1,1
130,2019,108295.0,1338033.0,108302.0,16376.0,1571006.0,1462704.0,0.9147667607390149,14.106711183043297,11.592678900039248,9.703572127341126,0,Queens,1,1
130,2020,11907.0,924744.0,28690.0,6929.0,972270.0,943580.0,0.9800377286504589,13.737272221433587,10.26430390897541,8.843470781627381,0,Queens,1,1
130,2021,9935.0,1194963.0,14195.0,6135.0,1225228.0,1211033.0,0.9867303368281459,13.993625780525308,9.560645068907071,8.721765357145012,1,Queens,1,1
130,2022,16454.0,1350204.0,16039.0,4196.0,1386893.0,1370854.0,0.984936397311457,14.115766250109589,9.682778535337379,8.341886969516187,1,Queens,1,1
130,2023,14217.0,1620810.0,17556.0,5946.0,1658529.0,1640973.0,0.9877127777239479,14.298436582250218,9.773151050808124,8.690474003558043,1,Queens,1,1
130,2024,23467.0,1781035.0,14829.0,12224.0,1831555.0,1816726.0,0.9803542196236527,14.392705213959669,9.60434000197507,9.411156511406302,1,Queens,1,1
130,2025,30878.0,1960720.0,17697.0,46188.0,2055483.0,2037786.0,0.9621815048292608,14.488822310690107,9.781150412671185,10.740475303071747,1,Queens,1,1
131,2019,30659.0,323022.0,7354.0,3085.0,364120.0,356766.0,0.9054169960141942,12.685475711340422,8.902999661861218,8.034306936339489,0,Queens,1,1
131,2020,5059.0,210466.0,2604.0,1748.0,219877.0,217273.0,0.9686707506224888,12.25707939886876,7.86480400332846,7.466227556215481,0,Queens,1,1
131,2021,4611.0,274807.0,1978.0,2240.0,283636.0,281658.0,0.9756761746515278,12.523824312077222,7.589841512182657,7.7142311448490855,1,Queens,1,1
131,2022,7298.0,317344.0,222.0,808.0,325672.0,325450.0,0.9750929482255338,12.667741637985852,5.402677381872279,6.694562058521095,1,Queens,1,1
131,2023,5940.0,351267.0,171.0,1486.0,358864.0,358693.0,0.9792970590449214,12.769301897035431,5.14166355650266,7.303843225277705,1,Queens,1,1
131,2024,10169.0,364669.0,142.0,2528.0,377508.0,377366.0,0.9663536195629707,12.80674537181296,4.955827057601261,7.8351837552667485,1,Queens,1,1
131,2025,12979.0,392952.0,283.0,7171.0,413385.0,413102.0,0.951222700446863,12.881442745987439,5.645446897643238,8.877800393882575,1,Queens,1,1
132,2019,424543.0,3612242.0,492.0,2661423.0,6698700.0,6698208.0,0.5392848355858761,15.099839190167268,6.198478716492308,14.794371500122521,0,Queens,1,1
132,2020,28462.0,1275874.0,134.0,613297.0,1917767.0,1917633.0,0.6653379452689853,14.059141991929652,4.897839799950911,13.326604600031917,0,Queens,1,1
132,2021,21972.0,2103257.0,323.0,997851.0,3123403.0,3123080.0,0.6734560113733878,14.558997653590096,5.777652323222656,13.813359245550261,1,Queens,1,1
132,2022,29803.0,3643813.0,342.0,1845326.0,5519284.0,5518942.0,0.6602375962639216,15.108541218811403,5.834810737062605,14.428166513615198,1,Queens,1,1
132,2023,46073.0,4388696.0,151.0,1916083.0,6351003.0,6350852.0,0.6910405092104177,15.294542702202241,5.017279836814924,14.465793555990134,1,Queens,1,1
132,2024,39585.0,4322804.0,201.0,1872168.0,6234758.0,6234557.0,0.6933618539376575,15.279414823736897,5.303304908059076,14.442607675582703,1,Queens,1,1
132,2025,39913.0,4061179.0,150.0,1880283.0,5981525.0,5981375.0,0.6789708052078326,15.216983883510384,5.0106352940962555,14.446932855392234,1,Queens,1,1
133,2019,42405.0,417053.0,6622.0,4689.0,470769.0,464147.0,0.8985364550454921,12.940968591025975,8.798152718107191,8.452974619089586,0,Brooklyn,1,1
133,2020,7136.0,299034.0,1866.0,2072.0,310108.0,308242.0,0.9701273674580362,12.608312558282643,7.531552381407289,7.6362696033793735,0,Brooklyn,1,1
133,2021,5425.0,353733.0,1298.0,1716.0,362172.0,360874.0,0.9802119299256804,12.776297670247729,7.168579897264035,7.447751280047908,1,Brooklyn,1,1
133,2022,8696.0,406050.0,163.0,867.0,415776.0,415613.0,0.9769906138643402,12.914231583710556,5.093750200806762,6.7650389767805414,1,Brooklyn,1,1
133,2023,6618.0,442950.0,92.0,1052.0,450712.0,450620.0,0.9829790067018774,13.001212175840179,4.5217885770490405,6.9584483932976555,1,Brooklyn,1,1
133,2024,7372.0,452088.0,33.0,2858.0,462351.0,462318.0,0.9778723735610554,13.021632130130165,3.4965075614664802,7.957877358489813,1,Brooklyn,1,1
133,2025,10048.0,461078.0,73.0,9450.0,480649.0,480576.0,0.9594278532427754,13.041322505063484,4.290459441148391,9.153770020487789,1,Brooklyn,1,1
134,2019,40470.0,443349.0,51388.0,7452.0,542659.0,491271.0,0.9024530249088588,13.002112549251306,10.847159961151501,8.916237731721479,0,Queens,1,1
134,2020,7545.0,289781.0,11600.0,2976.0,311902.0,300302.0,0.9649652682965815,12.57688074426254,9.358760377094455,7.998335395952982,0,Queens,1,1
134,2021,6963.0,354963.0,7301.0,2648.0,371875.0,364574.0,0.9736377251257632,12.7797688376736,8.895766604056085,7.881559917056899,1,Queens,1,1
134,2022,8911.0,434058.0,8839.0,3341.0,455149.0,446310.0,0.9725482288095718,12.980933444706434,9.086929027060949,8.114025442356757,1,Queens,1,1
134,2023,6639.0,497001.0,8485.0,3430.0,515555.0,507070.0,0.9801427810755912,13.116347317149176,9.046055177668327,8.140315540159985,1,Queens,1,1
134,2024,8785.0,523761.0,6801.0,5328.0,544675.0,537874.0,0.9737615129193826,13.168790752384572,8.824824939175638,8.580731212220226,1,Queens,1,1
134,2025,11176.0,570880.0,5625.0,11302.0,598983.0,593358.0,0.962117305235625,13.254934308933727,8.63497622707262,9.33273498018979,1,Queens,1,1
135,2019,38687.0,403223.0,6384.0,4974.0,453268.0,446884.0,0.9022990306209218,12.907245037763163,8.761550139129644,8.51197962436335,0,Queens,1,1
135,2020,5613.0,242190.0,1996.0,2357.0,252156.0,250160.0,0.9681403901503038,12.397477821057171,7.59890045687141,7.7651449029361315,0,Queens,1,1
135,2021,5711.0,293003.0,1414.0,2475.0,302603.0,301189.0,0.9728210525616805,12.587938126854636,7.254177846456518,7.813995675002791,1,Queens,1,1
135,2022,7453.0,356604.0,376.0,1017.0,365450.0,365074.0,0.9767992242668609,12.784381201398181,5.929589143389895,6.92461239604856,1,Queens,1,1
135,2023,5612.0,401265.0,272.0,1421.0,408570.0,408298.0,0.9827748360266276,12.9023773359052,5.605802066295998,7.259116128097101,1,Queens,1,1
135,2024,7448.0,416434.0,164.0,2098.0,426144.0,425980.0,0.9775904972064416,12.939483264647032,5.099866427824199,7.6487397889562425,1,Queens,1,1
135,2025,9966.0,439268.0,229.0,5707.0,455170.0,454941.0,0.9655493789304547,12.992864984151106,5.43372200355424,8.649448770536708,1,Queens,1,1
136,2019,60665.0,630021.0,12604.0,4070.0,707360.0,694756.0,0.9068234027485909,13.353508431145505,9.441769502877165,8.311398278436641,0,Bronx,1,1
136,2020,7938.0,515442.0,4798.0,3502.0,531680.0,526882.0,0.978287358459769,13.152780063985036,8.47595444339964,8.161089512845797,0,Bronx,1,1
136,2021,6505.0,492842.0,3664.0,3047.0,506058.0,502394.0,0.980987034080821,13.107943914842537,8.20631072579402,8.021912778985708,1,Bronx,1,1
136,2022,6488.0,526666.0,355.0,882.0,534391.0,534036.0,0.9861994322480132,13.174321850511454,5.872117789475416,6.782192056006791,1,Bronx,1,1
136,2023,3288.0,583773.0,245.0,1170.0,588476.0,588231.0,0.9924213446758161,13.277267487617333,5.501258210544727,7.064759027791802,1,Bronx,1,1
136,2024,5559.0,611993.0,153.0,2016.0,619721.0,619568.0,0.9877737391214524,13.324476123520553,5.030437921392435,7.60887062919126,1,Bronx,1,1
136,2025,11652.0,647610.0,202.0,6210.0,665674.0,665472.0,0.9731589007501442,13.381043942297033,5.308267697401205,8.733916174927524,1,Bronx,1,1
137,2019,191088.0,1600195.0,1201.0,991642.0,2784126.0,2782925.0,0.5750047162607688,14.285636054783856,7.0909098220799835,13.807117434034815,0,Manhattan,0,1
137,2020,16261.0,885346.0,1458.0,379867.0,1282932.0,1281474.0,0.690880969883119,13.69373380803692,7.284820912568604,12.847576470438273,0,Manhattan,0,1
137,2021,16112.0,1062760.0,1393.0,465351.0,1545616.0,1544223.0,0.6882166630078687,13.87637985572746,7.239214973779806,13.050547238531715,1,Manhattan,0,1
137,2022,31627.0,1230748.0,15.0,479118.0,1741508.0,1741493.0,0.7067200384957045,14.023132672593736,2.70805020110221,13.079702192610046,1,Manhattan,0,1
137,2023,28560.0,1349126.0,4.0,402632.0,1780322.0,1780318.0,0.7578005727066738,14.114967533348535,1.3862943611198906,12.905778272387366,1,Manhattan,0,1
137,2024,20619.0,1325786.0,18.0,421436.0,1767859.0,1767841.0,0.7499464035509981,14.097516049071583,2.8903717578961645,12.951423206223977,1,Manhattan,0,1
137,2025,30953.0,1237275.0,190.0,474017.0,1742435.0,1742245.0,0.7101613148552586,14.028421938712235,5.247024072160486,13.068998465012983,1,Manhattan,0,1
138,2019,335735.0,3972125.0,589.0,2143893.0,6452342.0,6451753.0,0.6156660058126838,15.194811773944066,6.3784261836515865,14.57813389321103,0,Queens,1,1
138,2020,17629.0,1252149.0,115.0,402037.0,1671930.0,1671815.0,0.7489758137114454,14.040371833145766,4.74493212836325,12.90429940316675,0,Queens,1,1
138,2021,12065.0,2002341.0,188.0,673773.0,2688367.0,2688179.0,0.744868924279224,14.50982755402318,5.236441962829949,13.42064853791396,1,Queens,1,1
138,2022,22416.0,3821648.0,289.0,1072288.0,4916641.0,4916352.0,0.7773340883647062,15.156192301163227,5.666426688112432,13.885305241247549,1,Queens,1,1
138,2023,44589.0,4372744.0,180.0,1282331.0,5699844.0,5699664.0,0.7671932942012021,15.290901287634128,5.19295685089021,14.064190073464978,1,Queens,1,1
138,2024,46415.0,4736122.0,153.0,1261607.0,6044297.0,6044144.0,0.7835885445482437,15.370729215349327,5.030437921392435,14.047896863125402,1,Queens,1,1
138,2025,46766.0,4921420.0,128.0,1225161.0,6193475.0,6193347.0,0.7946301087279625,15.40910766471254,4.852030263919617,14.018582821896414,1,Queens,1,1
139,2019,26720.0,309275.0,5022.0,3195.0,344212.0,339190.0,0.9118045932957929,12.641986127731032,8.52158353971753,8.069342366811636,0,Queens,1,1
139,2020,2836.0,266189.0,1905.0,2098.0,273028.0,271123.0,0.9818016177159444,12.491961861775309,7.552237287560802,7.6487397889562425,0,Queens,1,1
139,2021,3027.0,332225.0,1296.0,2379.0,338927.0,337631.0,0.9839884370807183,12.713567729199708,7.16703787691222,7.774435510302958,1,Queens,1,1
139,2022,5862.0,371906.0,39.0,809.0,378616.0,378577.0,0.9823787498976431,12.826396413152205,3.6635616461296463,6.695798917058491,1,Queens,1,1
139,2023,3283.0,421663.0,22.0,1198.0,426166.0,426144.0,0.9894847750994968,12.951961695785666,3.091042453358316,7.088408778675395,1,Queens,1,1
139,2024,7504.0,451987.0,40.0,2140.0,461671.0,461631.0,0.9791088553411708,13.021408697338813,3.6888794541139363,7.668561108015897,1,Queens,1,1
139,2025,10656.0,497554.0,127.0,5330.0,513667.0,513540.0,0.9688709740234451,13.117459372404019,4.844187086458591,8.58110651715989,1,Queens,1,1
140,2019,178438.0,1613904.0,1488.0,1495479.0,3289309.0,3287821.0,0.4908734386695626,14.294166646489149,7.305188215393037,14.217957114827168,0,Manhattan,0,1
140,2020,13236.0,962724.0,1807.0,570406.0,1548173.0,1546366.0,0.6225718878971731,13.777522045340012,7.499423290592229,13.254103666960981,0,Manhattan,0,1
140,2021,13292.0,1035575.0,2137.0,691432.0,1742436.0,1740299.0,0.5950557921368684,13.850467385973307,7.667158255319148,13.446520088302893,1,Manhattan,0,1
140,2022,25056.0,1265617.0,11.0,790554.0,2081238.0,2081227.0,0.6081109845297991,14.05107030826941,2.3978952727983707,13.580489244494006,1,Manhattan,0,1
140,2023,23311.0,1403755.0,2.0,735966.0,2163034.0,2163032.0,0.6489756046142637,14.154661346916248,0.6931471805599453,13.508939200991787,1,Manhattan,0,1
140,2024,20648.0,1408190.0,21.0,781560.0,2210419.0,2210398.0,0.6370753140384673,14.157815749777932,3.044522437723423,13.569047201328447,1,Manhattan,0,1
140,2025,29270.0,1354928.0,309.0,836603.0,2221110.0,2220801.0,0.610107794439934,14.119258874352777,5.733341276897746,13.637104923926909,1,Manhattan,0,1
141,2019,185041.0,1793418.0,620.0,1949869.0,3928948.0,3928328.0,0.45653468854942864,14.399633854251322,6.429719478039138,14.483272748796107,0,Manhattan,0,1
141,2020,7156.0,918059.0,548.0,681677.0,1607440.0,1606892.0,0.5713258887342771,13.730016937689895,6.306275286948016,13.43231121760024,0,Manhattan,0,1
141,2021,7614.0,1150199.0,587.0,899600.0,2058000.0,2057413.0,0.5590510996090722,13.955445528847397,6.375024819828097,13.709705499067297,1,Manhattan,0,1
141,2022,13762.0,1456937.0,18.0,1019967.0,2490684.0,2490666.0,0.5849588021838336,14.191846844709199,2.8903717578961645,13.83528083179591,1,Manhattan,0,1
141,2023,16573.0,1572135.0,2.0,887465.0,2476175.0,2476173.0,0.6349051540421449,14.267945126146591,0.6931471805599453,13.696124362934345,1,Manhattan,0,1
141,2024,13202.0,1561751.0,30.0,903914.0,2478897.0,2478867.0,0.6300261369407879,14.261318185662958,3.4011973816621555,13.714489502105545,1,Manhattan,0,1
141,2025,15107.0,1520982.0,124.0,948714.0,2484927.0,2484803.0,0.6121137168620611,14.234866736851878,4.820281565605037,13.762862662308029,1,Manhattan,0,1
142,2019,174152.0,1773691.0,334.0,2521612.0,4469789.0,4469455.0,0.3968472666130434,14.388573244041998,5.811140992976701,14.740408937517623,0,Manhattan,0,1
142,2020,4760.0,840151.0,307.0,740760.0,1585978.0,1585671.0,0.5298394181390718,13.641336916569022,5.726847747587197,13.515431965175942,0,Manhattan,0,1
142,2021,6130.0,1115413.0,366.0,979569.0,2101478.0,2101112.0,0.5308679404048904,13.924735297881327,5.902633333401366,13.794867957989798,1,Manhattan,0,1
142,2022,15136.0,1521280.0,24.0,1281544.0,2817984.0,2817960.0,0.5398515237973569,14.235062643713912,3.1780538303479458,14.063576158960787,1,Manhattan,0,1
142,2023,17441.0,1687411.0,1.0,1230965.0,2935818.0,2935817.0,0.5747670920905492,14.33870595959724,0.0,14.023308972593421,1,Manhattan,0,1
142,2024,12629.0,1661404.0,44.0,1281705.0,2955782.0,2955738.0,0.5620944752207402,14.32317358599225,3.784189633918261,14.0637017807792,1,Manhattan,0,1
142,2025,14702.0,1566177.0,112.0,1286358.0,2867349.0,2867237.0,0.5462321391639408,14.26414817596576,4.718498871295094,14.06732552762011,1,Manhattan,0,1
143,2019,136944.0,1316316.0,283.0,978523.0,2432066.0,2431783.0,0.5412966535254173,14.090347483623374,5.645446897643238,13.793799570907376,0,Manhattan,0,1
143,2020,2921.0,710258.0,245.0,314922.0,1028346.0,1028101.0,0.690844576554249,13.473383563292563,5.501258210544727,12.660080268097493,0,Manhattan,0,1
143,2021,3997.0,895238.0,316.0,405537.0,1305088.0,1304772.0,0.6861260051564565,13.70484488369377,5.755742213586912,12.912967393751078,1,Manhattan,0,1
143,2022,11150.0,1139124.0,10.0,474118.0,1624402.0,1624392.0,0.7012617644016962,13.94577010393126,2.302585092994046,13.069211514843191,1,Manhattan,0,1
143,2023,16097.0,1228202.0,3.0,400396.0,1644698.0,1644695.0,0.7467658137223011,14.021061869275394,1.0986122886681098,12.900209336363313,1,Manhattan,0,1
143,2024,10777.0,1209181.0,11.0,444108.0,1664077.0,1664066.0,0.7266424528834794,14.00545382889598,2.3978952727983707,13.003823055078763,1,Manhattan,0,1
143,2025,12871.0,1158000.0,98.0,482680.0,1653649.0,1653551.0,0.7003110276006002,13.962204937115077,4.584967478670572,13.087109187187536,1,Manhattan,0,1
144,2019,193927.0,1931176.0,110.0,815293.0,2940506.0,2940396.0,0.6567741215809028,14.473639701741968,4.700480365792417,13.611302836817504,0,Manhattan,0,1
144,2020,5138.0,835517.0,159.0,189222.0,1030036.0,1029877.0,0.8112784342207856,13.635805973908132,5.0689042022202315,12.150676207909795,0,Manhattan,0,1
144,2021,6427.0,1227528.0,149.0,229182.0,1463286.0,1463137.0,0.838969966585494,14.020512948981287,5.003946305945459,12.342271726707349,1,Manhattan,0,1
144,2022,12734.0,1689624.0,8.0,322315.0,2024681.0,2024673.0,0.8345169812606776,14.34001657693865,2.0794415416798357,12.68328460721078,1,Manhattan,0,1
144,2023,17291.0,1807258.0,3.0,333997.0,2158549.0,2158546.0,0.837257116596079,14.407321337467769,1.0986122886681098,12.71888728988257,1,Manhattan,0,1
144,2024,12713.0,1745181.0,136.0,409420.0,2167450.0,2167314.0,0.8052275766224922,14.372368833167974,4.912654885736052,12.922496802994612,1,Manhattan,0,1
144,2025,13096.0,1644059.0,19.0,490110.0,2147284.0,2147265.0,0.7656525859640054,14.31267874203216,2.9444389791664403,13.102385134688664,1,Manhattan,0,1
145,2019,140215.0,1552062.0,49908.0,72451.0,1814636.0,1764728.0,0.8794907770489276,14.255094927380991,10.817936589530913,11.190665750276072,0,Queens,1,1
145,2020,4967.0,897665.0,7309.0,16930.0,926871.0,919562.0,0.9761875762591321,13.707552226458473,8.896861744480391,9.736842475127181,0,Queens,1,1
145,2021,3849.0,1213951.0,2132.0,14065.0,1233997.0,1231865.0,0.9854578220827769,14.009390887348776,7.664815785285735,9.551444720923957,1,Queens,1,1
145,2022,9777.0,1672316.0,2036.0,19379.0,1703508.0,1701472.0,0.9828642493088338,14.329720049984749,7.618742377670413,9.87194528452625,1,Queens,1,1
145,2023,16634.0,1843874.0,1624.0,16797.0,1878929.0,1877305.0,0.9821920252702677,14.42737935104609,7.392647520721623,9.728955578017002,1,Queens,1,1
145,2024,16180.0,1971367.0,905.0,27007.0,2015459.0,2014554.0,0.9785625006825333,14.494237768700337,6.807934943699926,10.203851370643852,1,Queens,1,1
145,2025,15478.0,2108646.0,998.0,73922.0,2199044.0,2198046.0,0.9593275117991161,14.56155659330959,6.905753276311464,11.210765762226607,1,Queens,1,1
146,2019,61910.0,599867.0,27695.0,72188.0,761660.0,733965.0,0.8172964650902972,13.30446324295993,10.229007170467204,11.187029106081189,0,Queens,1,1
146,2020,8979.0,349485.0,4739.0,20925.0,384128.0,379389.0,0.921178526525545,12.764215921280043,8.463581421967588,9.948699895357676,0,Queens,1,1
146,2021,5949.0,454947.0,2309.0,19144.0,482349.0,480040.0,0.9477272727272728,13.027936207631873,7.744569809354496,9.85974462958821,1,Queens,1,1
146,2022,7778.0,561042.0,2355.0,21275.0,592450.0,590095.0,0.9507655546988197,13.237551048012651,7.764296006450518,9.965287953441575,1,Queens,1,1
146,2023,9004.0,587144.0,1569.0,16916.0,614633.0,613064.0,0.9577205642477784,13.28302538388723,7.358193752733032,9.73601519859238,1,Queens,1,1
146,2024,7566.0,596052.0,894.0,19022.0,623534.0,622640.0,0.9572979570859566,13.298083190563721,6.795705775173514,9.853351483042331,1,Queens,1,1
146,2025,7557.0,624812.0,972.0,37314.0,670655.0,669683.0,0.9329966566270907,13.345206083469144,6.879355804460439,10.527123870331945,1,Queens,1,1
147,2019,52195.0,471925.0,6953.0,2444.0,533517.0,526564.0,0.8962348356515067,13.064575353636934,8.846928500099018,7.8013913202914855,0,Bronx,1,1
147,2020,6920.0,436014.0,2357.0,1943.0,447234.0,444877.0,0.9800776394374175,12.985429631907397,7.7651449029361315,7.57198844937744,0,Bronx,1,1
147,2021,5172.0,428635.0,1764.0,1864.0,437435.0,435671.0,0.9838501988886109,12.968361019910104,7.475339236566737,7.530479995245536,1,Bronx,1,1
147,2022,5497.0,420636.0,218.0,419.0,426770.0,426552.0,0.9861306476115456,12.949523130599362,5.384495062789089,6.037870919922137,1,Bronx,1,1
147,2023,2886.0,462158.0,136.0,656.0,465836.0,465700.0,0.9923942452222461,13.043662102940157,4.912654885736052,6.486160788944089,1,Bronx,1,1
147,2024,4386.0,490796.0,85.0,1946.0,497213.0,497128.0,0.9872628377399785,13.103783841826433,4.442651256490317,7.57353126274595,1,Bronx,1,1
147,2025,8320.0,514286.0,116.0,5986.0,528708.0,528592.0,0.9729356479099192,13.150534809926427,4.7535901911063645,8.697178688412643,1,Bronx,1,1
148,2019,248464.0,2701876.0,163.0,1025766.0,3976269.0,3976106.0,0.6795281614725563,14.809456904517312,5.093750200806762,13.840950208525456,0,Manhattan,0,1
148,2020,3284.0,1138408.0,148.0,232448.0,1374288.0,1374140.0,0.8284512495087837,13.945141353139974,4.997212273764115,12.356421823080856,0,Manhattan,0,1
148,2021,7444.0,1641282.0,159.0,256631.0,1905516.0,1905357.0,0.8614039258784574,14.310988201743422,5.0689042022202315,12.455394534466816,1,Manhattan,0,1
148,2022,15496.0,2382983.0,10.0,388928.0,2787417.0,2787407.0,0.8549103162903731,14.683863622190557,2.302585092994046,12.871149515495027,1,Manhattan,0,1
148,2023,23847.0,2546998.0,0.0,387243.0,2958088.0,2958088.0,0.8610284751501646,14.750425968723752,0.0,12.86680768193756,1,Manhattan,0,1
148,2024,14947.0,2490837.0,76.0,433114.0,2938974.0,2938898.0,0.8475411531805459,14.728129356535272,4.330733340286331,12.978756251778403,1,Manhattan,0,1
148,2025,13809.0,2411499.0,32.0,536712.0,2962052.0,2962020.0,0.8141400125589969,14.695759103811417,3.4657359027997265,13.193216916774663,1,Manhattan,0,1
149,2019,51705.0,514173.0,7629.0,3229.0,576736.0,569107.0,0.9034733362970409,13.150315063683834,8.93971205409023,8.079927770758275,0,Brooklyn,1,1
149,2020,21621.0,327875.0,1834.0,1632.0,352962.0,351128.0,0.9337762867102595,12.700387717169175,7.51425465281641,7.397561535524052,0,Brooklyn,1,1
149,2021,9958.0,402325.0,1234.0,2293.0,415810.0,414576.0,0.9704493265408514,12.905015498686696,7.1180162044653335,7.737616282857904,1,Brooklyn,1,1
149,2022,11872.0,459360.0,94.0,371.0,471697.0,471603.0,0.974039605346022,13.03758949535489,4.543294782270004,5.916202062607435,1,Brooklyn,1,1
149,2023,11513.0,509962.0,74.0,726.0,522275.0,522201.0,0.976562664567858,13.142091492120594,4.30406509320417,6.587550014824796,1,Brooklyn,1,1
149,2024,15886.0,552229.0,36.0,2346.0,570497.0,570461.0,0.9680398835327919,13.221718094303123,3.58351893845611,7.76046702921342,1,Brooklyn,1,1
149,2025,32087.0,597500.0,94.0,5450.0,635131.0,635037.0,0.9408900583745514,13.300509562787802,4.543294782270004,8.60337088765729,1,Brooklyn,1,1
150,2019,28531.0,287068.0,5176.0,1446.0,322221.0,317045.0,0.905448753331546,12.567474400475287,8.551787836180736,7.27655640271871,0,Brooklyn,1,1
150,2020,8293.0,164493.0,1331.0,738.0,174855.0,173524.0,0.947955326064406,12.010623295090662,7.193685818395112,6.6039438246004725,0,Brooklyn,1,1
150,2021,3553.0,185299.0,863.0,865.0,190580.0,189717.0,0.9767126825745716,12.129726015604815,6.760414691083428,6.762729506931879,1,Brooklyn,1,1
150,2022,5928.0,215268.0,355.0,282.0,221833.0,221478.0,0.9719610977162517,12.27963904248709,5.872117789475416,5.641907070938114,1,Brooklyn,1,1
150,2023,4896.0,233873.0,186.0,390.0,239345.0,239159.0,0.9778975493291074,12.362533511963129,5.225746673713202,5.966146739123692,1,Brooklyn,1,1
150,2024,5580.0,248653.0,100.0,1316.0,255649.0,255549.0,0.9730149599489726,12.423813629221922,4.605170185988092,7.182352111885263,1,Brooklyn,1,1
150,2025,13169.0,261412.0,124.0,3330.0,278035.0,277911.0,0.9406320728578573,12.473852985775045,4.820281565605037,8.110727582974489,1,Brooklyn,1,1
151,2019,84694.0,817552.0,637.0,735114.0,1637997.0,1637360.0,0.49931108613866226,13.614069788293298,6.456769655572163,13.507780868208712,0,Manhattan,0,1
151,2020,3769.0,510440.0,830.0,286397.0,801436.0,800606.0,0.637567042964954,13.143028377847912,6.721425700790643,12.56513423915343,0,Manhattan,0,1
151,2021,3813.0,562070.0,970.0,344371.0,911224.0,910254.0,0.617486987148642,13.23938167627962,6.877296071497429,12.749474843576849,1,Manhattan,0,1
151,2022,6940.0,642866.0,20.0,360289.0,1010115.0,1010095.0,0.6364411268247047,13.3736915833681,2.995732273553991,12.794661766156338,1,Manhattan,0,1
151,2023,6920.0,708181.0,24.0,295331.0,1010456.0,1010432.0,0.7008695290727135,13.470454989720551,3.1780538303479458,12.595852040210698,1,Manhattan,0,1
151,2024,6196.0,717645.0,16.0,315069.0,1038926.0,1038910.0,0.6907672464409814,13.483730296790695,2.772588722239781,12.66054694143939,1,Manhattan,0,1
151,2025,9272.0,671522.0,176.0,336311.0,1017281.0,1017105.0,0.6602287866051194,13.417302056880828,5.170483995038151,12.725791606084307,1,Manhattan,0,1
152,2019,57540.0,554249.0,45118.0,81587.0,738494.0,693376.0,0.7993484054827396,13.225369323236967,10.717036558948369,11.30942521453493,0,Manhattan,0,1
152,2020,6276.0,406790.0,12712.0,30196.0,455974.0,443262.0,0.917719091643317,12.91605236075017,9.450301708216552,10.315464744259515,0,Manhattan,0,1
152,2021,7296.0,416639.0,7596.0,31478.0,463009.0,455413.0,0.9148596987789106,12.939975418405796,8.935377071932177,10.357044168111546,1,Manhattan,0,1
152,2022,6733.0,484649.0,7264.0,31999.0,530645.0,523381.0,0.9259965493588801,13.091180196573944,8.890685920281129,10.373459931293572,1,Manhattan,0,1
152,2023,5049.0,529466.0,4618.0,21762.0,560895.0,556277.0,0.9518027888983366,13.179624230441648,8.43771698991444,9.987920608510958,1,Manhattan,0,1
152,2024,3581.0,541149.0,2828.0,29120.0,576678.0,573850.0,0.9430147251023787,13.20144993580511,7.947325027016463,10.279180502310622,1,Manhattan,0,1
152,2025,6972.0,529118.0,2014.0,50057.0,588161.0,586147.0,0.9027052940644582,13.178966748347575,7.607878073278507,10.82091763510371,1,Manhattan,0,1
153,2019,14713.0,217169.0,2876.0,1846.0,236604.0,233728.0,0.9291526903066812,12.288431131257123,7.964155718840937,7.520776415062797,0,Manhattan,0,1
153,2020,1619.0,206680.0,1155.0,880.0,210334.0,209179.0,0.9880532940687162,12.238926982401122,7.051855622955894,6.779921907472252,0,Manhattan,0,1
153,2021,1161.0,192523.0,934.0,813.0,195431.0,194497.0,0.9898507431991239,12.167970906092227,6.839476438228843,6.70073110954781,1,Manhattan,0,1
153,2022,1248.0,192014.0,113.0,324.0,193699.0,193586.0,0.991879578068662,12.165323565018294,4.727387818712341,5.780743515792329,1,Manhattan,0,1
153,2023,781.0,212635.0,73.0,307.0,213796.0,213723.0,0.994909298484487,12.267332359750375,4.290459441148391,5.726847747587197,1,Manhattan,0,1
153,2024,1185.0,227783.0,34.0,688.0,229690.0,229656.0,0.9918443236841189,12.336148700344824,3.5263605246161616,6.5337888379333435,1,Manhattan,0,1
153,2025,2496.0,233108.0,51.0,1988.0,237643.0,237592.0,0.9811273106838614,12.35925714446925,3.9318256327243257,7.59488438721652,1,Manhattan,0,1
154,2019,1967.0,25699.0,402.0,447.0,28515.0,28113.0,0.9141322519830684,10.154207359620441,5.996452088619021,6.102558594613569,0,Brooklyn,1,1
154,2020,315.0,15391.0,68.0,133.0,15907.0,15839.0,0.9717153860723531,9.641538201979953,4.219507705176107,4.890349128221754,0,Brooklyn,1,1
154,2021,231.0,18429.0,93.0,154.0,18907.0,18814.0,0.9795365153609015,9.821680789832037,4.532599493153256,5.0369526024136295,1,Brooklyn,1,1
154,2022,415.0,19443.0,50.0,286.0,20194.0,20144.0,0.9652005559968229,9.875242387095826,3.912023005428146,5.655991810819852,1,Brooklyn,1,1
154,2023,206.0,22352.0,27.0,396.0,22981.0,22954.0,0.9737736342249717,10.014671081496743,3.295836866004329,5.981414211254481,1,Brooklyn,1,1
154,2024,253.0,25519.0,18.0,626.0,26416.0,26398.0,0.9667020228805212,10.147178551737998,2.8903717578961645,6.439350371100098,1,Brooklyn,1,1
154,2025,361.0,21940.0,21.0,687.0,23009.0,22988.0,0.9544109970419349,9.99606673382922,3.044522437723423,6.532334292222349,1,Brooklyn,1,1
155,2019,57015.0,638375.0,12542.0,4719.0,712651.0,700109.0,0.9118223019558384,13.366681163949945,9.436838291102966,8.459352191726387,0,Brooklyn,1,1
155,2020,8745.0,437928.0,3449.0,3059.0,453181.0,449732.0,0.9737532574955752,12.98980979228448,8.145839612936841,8.025843344150903,0,Brooklyn,1,1
155,2021,6719.0,559907.0,2440.0,3101.0,572167.0,569727.0,0.9827636745318372,13.235525977491374,7.799753318287247,8.03947991910045,1,Brooklyn,1,1
155,2022,12559.0,576197.0,196.0,951.0,589903.0,589707.0,0.9770903177340612,13.2642048950935,5.278114659230517,6.85751406254539,1,Brooklyn,1,1
155,2023,8299.0,620272.0,139.0,1171.0,629881.0,629742.0,0.984962095588352,13.33791337049374,4.9344739331306915,7.065613363597717,1,Brooklyn,1,1
155,2024,10177.0,657816.0,83.0,4175.0,672251.0,672168.0,0.9786481950940836,13.396680535943867,4.418840607796598,8.336869637284956,1,Brooklyn,1,1
155,2025,18005.0,678187.0,186.0,10350.0,706728.0,706542.0,0.9598679200953376,13.427178340103053,5.225746673713202,9.244741798693514,1,Brooklyn,1,1
156,2019,34131.0,210133.0,611.0,169.0,245044.0,244433.0,0.8596752484320856,12.255495942562023,6.415096959171596,5.1298987149230735,0,Staten Island,1,1
156,2020,16932.0,187603.0,495.0,222.0,205252.0,204757.0,0.9162226444028776,12.142083306897614,6.20455776256869,5.402677381872279,0,Staten Island,1,1
156,2021,9718.0,233633.0,368.0,84.0,243803.0,243435.0,0.9597346314211186,12.361506787082236,5.908082938168931,4.430816798843313,1,Staten Island,1,1
156,2022,18844.0,244173.0,4.0,58.0,263079.0,263075.0,0.9281497671766606,12.405632269435404,1.3862943611198906,4.060443010546419,1,Staten Island,1,1
156,2023,34068.0,297499.0,0.0,17.0,331584.0,331584.0,0.8972055346458213,12.603166142617635,0.0,2.833213344056216,1,Staten Island,1,1
156,2024,33904.0,317610.0,1.0,41.0,351556.0,351555.0,0.9034432734565004,12.668579494005535,0.0,3.713572066704308,1,Staten Island,1,1
156,2025,34438.0,347190.0,4.0,127.0,381759.0,381755.0,0.9094576364422208,12.757627459510234,1.3862943611198906,4.844187086458591,1,Staten Island,1,1
157,2019,60632.0,582239.0,4868.0,7138.0,654877.0,650009.0,0.895739905139775,13.274636295339702,8.490438454107418,8.873187904050106,0,Queens,1,1
157,2020,5917.0,375167.0,1380.0,3012.0,385476.0,384096.0,0.9767532075314505,12.835126539154421,7.22983877815125,8.010359588919783,0,Queens,1,1
157,2021,3635.0,463890.0,852.0,2093.0,470470.0,469618.0,0.9878028525312063,13.047402734137586,6.747586526829315,7.646353722445999,1,Queens,1,1
157,2022,4359.0,595222.0,649.0,2866.0,603096.0,602447.0,0.9880072437907401,13.29668972418352,6.47543271670409,7.960672608388117,1,Queens,1,1
157,2023,5410.0,706376.0,955.0,2784.0,715525.0,714570.0,0.9885329638803756,13.467902952609784,6.86171134048073,7.931644021454311,1,Queens,1,1
157,2024,6471.0,761591.0,1829.0,6935.0,776826.0,774997.0,0.982701868523362,13.543164945162578,7.511524648390866,8.844336332748933,1,Queens,1,1
157,2025,7606.0,817490.0,2206.0,18997.0,846299.0,844093.0,0.9684833306282602,13.613993949262827,7.698936199813447,9.852036350945049,1,Queens,1,1
158,2019,145967.0,1604598.0,22.0,840940.0,2591527.0,2591505.0,0.6191761158091533,14.288383815884364,3.091042453358316,13.642275592771481,0,Manhattan,0,1
158,2020,1520.0,639108.0,19.0,182516.0,823163.0,823144.0,0.7764230802872888,13.367828733162908,2.9444389791664403,12.114593119394662,0,Manhattan,0,1
158,2021,3943.0,1057071.0,24.0,192963.0,1254001.0,1253977.0,0.84297479140367,13.871012433835844,3.1780538303479458,12.170253739663782,1,Manhattan,0,1
158,2022,9402.0,1472546.0,7.0,297052.0,1779007.0,1779000.0,0.8277380550871276,14.202503433408733,1.9459101490553132,12.601662486634476,1,Manhattan,0,1
158,2023,11981.0,1482323.0,0.0,327847.0,1822151.0,1822151.0,0.8135017350373268,14.209121009808747,0.0,12.700302315123745,1,Manhattan,0,1
158,2024,7989.0,1441150.0,41.0,401787.0,1850967.0,1850926.0,0.7786102739925853,14.18095196394312,3.713572066704308,12.903677376434379,1,Manhattan,0,1
158,2025,6534.0,1367023.0,3.0,447235.0,1820795.0,1820792.0,0.7507848233076595,14.128145940729139,1.0986122886681098,13.010839462518998,1,Manhattan,0,1
159,2019,102866.0,914688.0,22898.0,7809.0,1048261.0,1025363.0,0.8920626158735979,13.726338302502972,10.038804849483757,8.963032193662675,0,Bronx,1,1
159,2020,16345.0,832286.0,10449.0,8772.0,867852.0,857403.0,0.970705724146055,13.63193141073485,9.254261559034111,9.079320109537779,0,Bronx,1,1
159,2021,12670.0,839457.0,5696.0,5593.0,863416.0,857720.0,0.9787075036142331,13.640510533223035,8.647519453091812,8.629271094821588,1,Bronx,1,1
159,2022,14360.0,864370.0,1782.0,1900.0,882412.0,880630.0,0.9815359458569434,13.669756196858037,7.485491608030754,7.549609165154532,1,Bronx,1,1
159,2023,11264.0,986964.0,1136.0,2202.0,1001566.0,1000430.0,0.9865397878912068,13.802388843586286,7.035268599281097,7.697121317282625,1,Bronx,1,1
159,2024,11359.0,1059437.0,601.0,5411.0,1076808.0,1076207.0,0.9844174958906604,13.873248192912174,6.398594934535208,8.596189197642735,1,Bronx,1,1
159,2025,20109.0,1111661.0,587.0,14866.0,1147223.0,1146636.0,0.9694977307532643,13.921365851199486,6.375024819828097,9.60683200528524,1,Bronx,1,1
160,2019,50661.0,441584.0,3941.0,2306.0,498492.0,494551.0,0.8928988112449474,12.998123541404574,8.279189777195004,7.743269700829004,0,Queens,1,1
160,2020,5330.0,296679.0,1130.0,981.0,304120.0,302990.0,0.9791709297336546,12.600406025209786,7.029972911706386,6.8885724595653635,0,Queens,1,1
160,2021,3360.0,367886.0,955.0,1004.0,373205.0,372250.0,0.9882766957689725,12.815528386549829,6.86171134048073,6.911747300251674,1,Queens,1,1
160,2022,3992.0,431068.0,394.0,661.0,436115.0,435721.0,0.9893211481659135,12.974021129262903,5.976350909297934,6.493753839851686,1,Queens,1,1
160,2023,3757.0,475107.0,146.0,817.0,479827.0,479681.0,0.9904644961964305,13.071295320806737,4.983606621708336,6.705639094860003,1,Queens,1,1
160,2024,5609.0,515100.0,131.0,2335.0,523175.0,523044.0,0.9848119852249524,13.152116335553677,4.875197323201151,7.755767170102998,1,Queens,1,1
160,2025,7134.0,554095.0,241.0,7909.0,569379.0,569138.0,0.9735688005369524,13.225091431172785,5.484796933490655,8.975756630519417,1,Queens,1,1
161,2019,371595.0,2943869.0,354.0,3432538.0,6748356.0,6748002.0,0.4362578730711698,14.895235260558263,5.869296913133774,15.048810487211199,0,Manhattan,0,1
161,2020,21323.0,1158366.0,291.0,938598.0,2118578.0,2118287.0,0.546840914380346,13.962520949354115,5.673323267171493,13.752142551507028,0,Manhattan,0,1
161,2021,14975.0,1573100.0,308.0,1079610.0,2667993.0,2667685.0,0.5896873131572881,14.268558752810597,5.730099782973574,13.892110422772973,1,Manhattan,0,1
161,2022,28746.0,2628166.0,10.0,1552267.0,4209189.0,4209179.0,0.6243892217460935,14.781796822497387,2.302585092994046,14.255227001011265,1,Manhattan,0,1
161,2023,31864.0,2910858.0,3.0,1730482.0,4673207.0,4673204.0,0.6228827160123975,14.883958441050149,1.0986122886681098,14.36391054038541,1,Manhattan,0,1
161,2024,22645.0,2804107.0,144.0,1862219.0,4689115.0,4688971.0,0.5980218261106754,14.846595686180306,4.969813299576001,14.437279345370232,1,Manhattan,0,1
161,2025,25070.0,2819208.0,64.0,1946063.0,4790405.0,4790341.0,0.5885192724275787,14.85196655240442,4.1588830833596715,14.481318915304778,1,Manhattan,0,1
162,2019,267045.0,2321151.0,318.0,3030817.0,5619331.0,5619013.0,0.41308873996198264,14.657573741304967,5.762051382780177,14.924342778103735,0,Manhattan,0,1
162,2020,25973.0,940460.0,286.0,824457.0,1791176.0,1790890.0,0.5251355471301978,13.754124396249926,5.655991810819852,13.622480266801894,0,Manhattan,0,1
162,2021,15257.0,1243100.0,307.0,944878.0,2203542.0,2203235.0,0.5642158008564678,14.033118817779807,5.726847747587197,13.758811097612588,1,Manhattan,0,1
162,2022,23637.0,1783579.0,8.0,1275905.0,3083129.0,3083121.0,0.5784978922332273,14.3941325777258,2.0794415416798357,14.05916628870457,1,Manhattan,0,1
162,2023,23357.0,1926061.0,2.0,1329137.0,3278557.0,3278555.0,0.5874725298187768,14.47098754269744,0.6931471805599453,14.100040417408822,1,Manhattan,0,1
162,2024,16933.0,1901077.0,77.0,1381887.0,3299974.0,3299897.0,0.5761019207569206,14.457931125647631,4.343805421853684,14.138960514409604,1,Manhattan,0,1
162,2025,18988.0,1907070.0,76.0,1412255.0,3338389.0,3338313.0,0.5712675833572226,14.461078590778303,4.330733340286331,14.160698275630878,1,Manhattan,0,1
163,2019,188794.0,1887732.0,221.0,2244531.0,4321278.0,4321057.0,0.4368681088909496,14.450886666459306,5.3981627015177525,14.624007148648063,0,Manhattan,0,1
163,2020,9389.0,800404.0,175.0,603526.0,1413494.0,1413319.0,0.5663293283398865,13.592871879180477,5.1647859739235145,13.31054440061326,0,Manhattan,0,1
163,2021,9742.0,1224079.0,193.0,789626.0,2023640.0,2023447.0,0.6049473991658788,14.017699282455292,5.262690188904886,13.579314694624134,1,Manhattan,0,1
163,2022,18071.0,1914995.0,19.0,1101917.0,3035002.0,3034983.0,0.6309738802490821,14.465225569627417,2.9444389791664403,13.912561948254128,1,Manhattan,0,1
163,2023,20271.0,2055397.0,0.0,1086616.0,3162284.0,3162284.0,0.6499722985032338,14.53597957460213,0.0,13.898578837820894,1,Manhattan,0,1
163,2024,14587.0,1982371.0,55.0,1136754.0,3133767.0,3133712.0,0.6325951459483194,14.499804161017165,4.007333185232471,13.943687390484673,1,Manhattan,0,1
163,2025,17050.0,1970489.0,41.0,1153229.0,3140809.0,3140768.0,0.627390816513668,14.493792293262107,3.713572066704308,13.95807639184608,1,Manhattan,0,1
164,2019,242478.0,2543573.0,258.0,1948119.0,4734428.0,4734170.0,0.5372796076186533,14.749080343442499,5.552959584921617,14.48237484961449,0,Manhattan,0,1
164,2020,3671.0,1029642.0,170.0,489737.0,1523220.0,1523050.0,0.6760395259512163,13.844721726972853,5.135798437050262,13.101623791299303,0,Manhattan,0,1
164,2021,6269.0,1565758.0,267.0,619428.0,2191722.0,2191455.0,0.7144832999080519,14.263880609747112,5.58724865840025,13.336551750536655,1,Manhattan,0,1
164,2022,16098.0,2345111.0,21.0,865110.0,3226340.0,3226319.0,0.7268689177976512,14.66784329349706,3.044522437723423,13.670611945458957,1,Manhattan,0,1
164,2023,23109.0,2599138.0,0.0,865513.0,3487760.0,3487760.0,0.7452169874073904,14.770690409559146,0.0,13.671077673705124,1,Manhattan,0,1
164,2024,14460.0,2521551.0,121.0,906418.0,3442550.0,3442429.0,0.7324917957639795,14.740384746350292,4.795790545596741,13.717255847280745,1,Manhattan,0,1
164,2025,14957.0,2423586.0,44.0,941829.0,3380416.0,3380372.0,0.7169583702622079,14.700758819505506,3.784189633918261,13.755579008417758,1,Manhattan,0,1
165,2019,69671.0,665818.0,14040.0,5786.0,755315.0,741275.0,0.8982064685845335,13.408771638903309,9.549665677579801,8.66319648553608,0,Brooklyn,1,1
165,2020,20007.0,455570.0,3513.0,2958.0,482048.0,478535.0,0.9520097798489139,13.029304661152723,8.164225652265827,7.992268643270745,0,Brooklyn,1,1
165,2021,16718.0,558172.0,2675.0,3131.0,580696.0,578021.0,0.9656604171820747,13.232422437593709,7.891704659330107,8.049107721326406,1,Brooklyn,1,1
165,2022,20978.0,625791.0,128.0,1188.0,648085.0,647957.0,0.9657909398308838,13.34677172852194,4.852030263919617,7.080026499922591,1,Brooklyn,1,1
165,2023,18415.0,668907.0,130.0,1370.0,688822.0,688692.0,0.9712716279556028,13.413400315994185,4.867534450455582,7.222566018822171,1,Brooklyn,1,1
165,2024,27010.0,697533.0,49.0,4399.0,728991.0,728942.0,0.9569115238249408,13.455305103386445,3.8918202981106265,8.389132521348719,1,Brooklyn,1,1
165,2025,47240.0,739476.0,144.0,10065.0,796925.0,796781.0,0.9280793593220722,13.513697106245283,4.969813299576001,9.216819338073892,1,Brooklyn,1,1
166,2019,106665.0,1217472.0,235873.0,455738.0,2015748.0,1779875.0,0.6840210688952876,14.012287135727814,12.371048803567602,13.029673361969358,0,Manhattan,0,1
166,2020,4367.0,616092.0,55195.0,153057.0,828711.0,773516.0,0.7964825549827024,13.331151582013309,10.918627648452452,11.938565680015024,0,Manhattan,0,1
166,2021,3886.0,719491.0,33752.0,185401.0,942530.0,908778.0,0.7917126074794945,13.486299296544738,10.426794953804174,12.130276325842603,1,Manhattan,0,1
166,2022,8852.0,929049.0,49245.0,211760.0,1198906.0,1149661.0,0.8081069115156555,13.741916761291987,10.804563118603802,12.263208836900983,1,Manhattan,0,1
166,2023,9343.0,1022620.0,41014.0,166151.0,1239128.0,1198114.0,0.8535247897946272,13.83787851942622,10.621668750815715,12.020652292422467,1,Manhattan,0,1
166,2024,7320.0,1034118.0,32787.0,191310.0,1265535.0,1232748.0,0.8388721782554098,13.84905944746196,10.397787374344784,12.161650427977428,1,Manhattan,0,1
166,2025,11927.0,998566.0,26138.0,239040.0,1275671.0,1249533.0,0.7991513629491979,13.814075528802277,10.171145473156981,12.38438618092659,1,Manhattan,0,1
167,2019,89629.0,798644.0,11633.0,3871.0,903777.0,892144.0,0.8951962911816926,13.59067056851224,9.361601165816767,8.261268150577648,0,Bronx,1,1
167,2020,12880.0,746495.0,4652.0,3591.0,767618.0,762966.0,0.9784118820497899,13.523144198015308,8.445052513638554,8.186185994226083,0,Bronx,1,1
167,2021,10962.0,747595.0,3491.0,3324.0,765372.0,761881.0,0.9812490402044414,13.524616666472694,8.157943507105037,8.10892415597534,1,Bronx,1,1
167,2022,10870.0,731257.0,657.0,998.0,743782.0,743125.0,0.9840296047098402,13.502520250131958,6.48768401848461,6.905753276311464,1,Bronx,1,1
167,2023,7444.0,822250.0,420.0,1602.0,831716.0,831296.0,0.9891181961659866,13.619799764051303,6.040254711277414,7.379008127628304,1,Bronx,1,1
167,2024,11240.0,874536.0,162.0,3853.0,889791.0,889629.0,0.9830345008986893,13.68144873897427,5.087596335232384,8.256607344626158,1,Bronx,1,1
167,2025,18542.0,913600.0,219.0,11579.0,943940.0,943721.0,0.9680827278401137,13.725148117883883,5.389071729816501,9.356948391612272,1,Bronx,1,1
168,2019,128296.0,1177212.0,22571.0,17128.0,1345207.0,1322636.0,0.8900498701078755,13.978659488969418,10.024421175431756,9.748469830269519,0,Bronx,1,1
168,2020,17986.0,1076478.0,7870.0,10491.0,1112825.0,1104955.0,0.9742279097338805,13.889205158977632,8.970813341411448,9.258273025731485,0,Bronx,1,1
168,2021,13086.0,1121848.0,5441.0,8532.0,1148907.0,1143466.0,0.9810943219999545,13.930487883516802,8.601718146485926,9.05157907959124,1,Bronx,1,1
168,2022,13877.0,1178427.0,1989.0,3828.0,1198121.0,1196132.0,0.9851981219464072,13.979691056291697,7.5953872788539725,8.250097752572845,1,Bronx,1,1
168,2023,9889.0,1320566.0,1085.0,3602.0,1335142.0,1334057.0,0.9898872387011949,14.093570990538089,6.98933526597456,8.189244525735901,1,Bronx,1,1
168,2024,12904.0,1454612.0,562.0,10711.0,1478789.0,1478227.0,0.9840247810383655,14.190249756359185,6.331501849893691,9.27902652976463,1,Bronx,1,1
168,2025,23115.0,1589514.0,675.0,29181.0,1642485.0,1641810.0,0.9681473495715095,14.278938867095402,6.51471269087253,10.28127309153755,1,Bronx,1,1
169,2019,128906.0,1044230.0,11907.0,3909.0,1188952.0,1177045.0,0.887162342986037,13.858790329674214,9.384881741451174,8.271036865792954,0,Bronx,1,1
169,2020,32561.0,957612.0,5053.0,3906.0,999132.0,994079.0,0.9633157928092234,13.772197964475705,8.527737405291909,8.270269111436624,0,Bronx,1,1
169,2021,29109.0,932388.0,3806.0,3448.0,968751.0,964945.0,0.9662602531750514,13.74550431604805,8.244334047856094,8.145549631783584,1,Bronx,1,1
169,2022,18924.0,931285.0,851.0,988.0,952048.0,951197.0,0.9790663763657791,13.744320631862267,6.7464121285733745,6.895682697747868,1,Bronx,1,1
169,2023,10070.0,1040221.0,450.0,1468.0,1052209.0,1051759.0,0.9890298062578975,13.85494374854263,6.1092475827643655,7.291656209174461,1,Bronx,1,1
169,2024,10717.0,1107023.0,186.0,3375.0,1121301.0,1121115.0,0.9874303706577826,13.917184988349373,5.225746673713202,8.12415060330663,1,Bronx,1,1
169,2025,17988.0,1148216.0,248.0,11151.0,1177603.0,1177355.0,0.9752504554701004,13.95371999147314,5.5134287461649825,9.319284458965361,1,Bronx,1,1
170,2019,261526.0,2579666.0,866.0,2590163.0,5432221.0,5431355.0,0.47495809056855975,14.763170491153131,6.763884908562435,14.76723136605837,0,Manhattan,0,1
170,2020,13338.0,1225309.0,886.0,745770.0,1985303.0,1984417.0,0.6174654823053823,14.018703615050528,6.786716950605081,13.522172520656335,0,Manhattan,0,1
170,2021,14524.0,1588052.0,866.0,955942.0,2559384.0,2558518.0,0.6206921350563099,14.278018665845032,6.763884908562435,13.770452520737006,1,Manhattan,0,1
170,2022,29814.0,2112571.0,19.0,1196912.0,3339316.0,3339297.0,0.6326394447693632,14.563416247116136,2.9444389791664403,13.995255464711445,1,Manhattan,0,1
170,2023,30938.0,2215748.0,3.0,1106496.0,3353185.0,3353182.0,0.660789661879373,14.61110060197133,1.0986122886681098,13.916708823464448,1,Manhattan,0,1
170,2024,22964.0,2188730.0,68.0,1140492.0,3352254.0,3352186.0,0.6529261801105308,14.598832024904814,4.219507705176107,13.94697030621464,1,Manhattan,0,1
170,2025,28948.0,2109289.0,143.0,1185706.0,3324086.0,3323943.0,0.6345743594279445,14.561861481841527,4.962844630259907,13.985848935735289,1,Manhattan,0,1
171,2019,67627.0,431369.0,4446.0,2309.0,505751.0,501305.0,0.8604921155783405,12.974719151291692,8.399760094524142,7.744569809354496,0,Queens,1,1
171,2020,27614.0,254663.0,1488.0,1566.0,285331.0,283843.0,0.8971966897193167,12.447696381471138,7.305188215393037,7.356279876550748,0,Queens,1,1
171,2021,34713.0,315911.0,698.0,1456.0,352778.0,352080.0,0.897270506703022,12.663215807329866,6.548219102762372,7.283448228756631,1,Queens,1,1
171,2022,22945.0,380335.0,236.0,354.0,403870.0,403634.0,0.9422769142341825,12.848807722287448,5.4638318050256105,5.869296913133774,1,Queens,1,1
171,2023,20121.0,436465.0,144.0,540.0,457270.0,457126.0,0.9548023958383466,12.986463467770884,4.969813299576001,6.29156913955832,1,Queens,1,1
171,2024,17272.0,456215.0,108.0,1170.0,474765.0,474657.0,0.9611466806557156,13.03071946860753,4.68213122712422,7.064759027791802,1,Queens,1,1
171,2025,11322.0,497860.0,172.0,3396.0,512750.0,512578.0,0.9712863213013434,13.1180741919859,5.147494476813453,8.130353547431238,1,Queens,1,1
172,2019,12070.0,105185.0,51.0,60.0,117366.0,117315.0,0.8966031624259473,11.56347598356813,3.9318256327243257,4.0943445622221,0,Staten Island,1,1
172,2020,4139.0,73005.0,8.0,34.0,77186.0,77178.0,0.945930187359092,11.198283210935664,2.0794415416798357,3.5263605246161616,0,Staten Island,1,1
172,2021,4470.0,97978.0,10.0,57.0,102515.0,102505.0,0.9558363006682601,11.492498242655184,2.302585092994046,4.04305126783455,1,Staten Island,1,1
172,2022,9118.0,115159.0,1.0,26.0,124304.0,124303.0,0.9264378172690925,11.654069061117726,0.0,3.258096538021482,1,Staten Island,1,1
172,2023,16568.0,128693.0,2.0,19.0,145282.0,145280.0,0.8858273678414097,11.765185002050636,0.6931471805599453,2.9444389791664403,1,Staten Island,1,1
172,2024,17094.0,143798.0,1.0,70.0,160963.0,160962.0,0.8933661361066587,11.876164815966522,0.0,4.248495242049359,1,Staten Island,1,1
172,2025,15770.0,160962.0,1.0,177.0,176910.0,176909.0,0.9098576104098718,11.988923591263632,0.0,5.176149732573829,1,Staten Island,1,1
173,2019,117892.0,484353.0,16214.0,3407.0,621866.0,605652.0,0.7997216223177667,13.09056925870342,9.693630345547652,8.133587417660966,0,Queens,1,1
173,2020,42267.0,352651.0,3628.0,1434.0,399980.0,396352.0,0.8897419465525593,12.773234178305069,8.196436811235028,7.2682230211595655,0,Queens,1,1
173,2021,35260.0,411135.0,1943.0,1279.0,449617.0,447674.0,0.9183803392647328,12.92667690669813,7.57198844937744,7.153833801578843,1,Queens,1,1
173,2022,25084.0,463955.0,1195.0,519.0,490753.0,489558.0,0.9477018044848619,13.04754284374664,7.085901464365611,6.251903883165888,1,Queens,1,1
173,2023,28159.0,538756.0,814.0,634.0,568363.0,567549.0,0.949267816523331,13.19701805722903,6.70196036600254,6.452048954437226,1,Queens,1,1
173,2024,29418.0,563363.0,405.0,1805.0,594991.0,594586.0,0.9474878318695698,13.241679459566408,6.003887067106539,7.498315870766981,1,Queens,1,1
173,2025,22742.0,627239.0,311.0,7278.0,657570.0,657259.0,0.954325463782162,13.349082927207618,5.739792912179234,8.892611378172106,1,Queens,1,1
174,2019,85828.0,833666.0,17337.0,3194.0,940025.0,922688.0,0.9035188492751612,13.633588121511199,9.760598224985888,8.069029328774958,0,Bronx,1,1
174,2020,16007.0,714041.0,6441.0,4501.0,740990.0,734549.0,0.9720808278276875,13.478695662642274,8.77043908654689,8.412054873292933,0,Bronx,1,1
174,2021,14644.0,786979.0,4068.0,3719.0,809410.0,805342.0,0.9771985069697098,13.575956843434886,8.31090675716845,8.22121009392507,1,Bronx,1,1
174,2022,13506.0,846844.0,392.0,854.0,861596.0,861204.0,0.9833256696438939,13.649271777214166,5.971261839790462,6.74993119378857,1,Bronx,1,1
174,2023,7996.0,935377.0,257.0,1330.0,944960.0,944703.0,0.9901281143385805,13.748704935560248,5.54907608489522,7.1929342212158,1,Bronx,1,1
174,2024,10213.0,994756.0,112.0,2089.0,1007170.0,1007058.0,0.9877842189824221,13.810252759937232,4.718498871295094,7.644440761556566,1,Bronx,1,1
174,2025,18545.0,1063607.0,202.0,7286.0,1089640.0,1089438.0,0.9762896098722461,13.87717651975093,5.308267697401205,8.89370997756851,1,Bronx,1,1
175,2019,19378.0,182998.0,2384.0,1382.0,206142.0,203758.0,0.8981144298628766,12.117230502802087,7.776535028185241,7.231287004327616,0,Queens,1,1
175,2020,2883.0,89394.0,503.0,396.0,93176.0,92673.0,0.9646175261402997,11.400808844815394,6.220590170099739,5.981414211254481,0,Queens,1,1
175,2021,3275.0,110389.0,273.0,555.0,114492.0,114219.0,0.9664679256515991,11.61176577017981,5.60947179518496,6.318968113746434,1,Queens,1,1
175,2022,4270.0,148050.0,36.0,195.0,152551.0,152515.0,0.9707241910631741,11.905305333529737,3.58351893845611,5.272999558563747,1,Queens,1,1
175,2023,3539.0,170800.0,31.0,450.0,174820.0,174789.0,0.9771781977126707,12.048248560336607,3.4339872044851463,6.1092475827643655,1,Queens,1,1
175,2024,3705.0,185711.0,16.0,892.0,190324.0,190308.0,0.9758444206234105,12.131946980912248,2.772588722239781,6.79346613258001,1,Queens,1,1
175,2025,4348.0,197291.0,46.0,2085.0,203770.0,203724.0,0.9684229644028195,12.192435075156792,3.828641396489095,7.642524134232902,1,Queens,1,1
176,2019,7329.0,60580.0,24.0,26.0,67959.0,67935.0,0.8917347464488113,11.011720084581228,3.1780538303479458,3.258096538021482,0,Staten Island,1,1
176,2020,2522.0,44556.0,3.0,24.0,47105.0,47102.0,0.9459470935416755,10.70450210396508,1.0986122886681098,3.1780538303479458,0,Staten Island,1,1
176,2021,3002.0,57483.0,5.0,13.0,60503.0,60498.0,0.9501636417732817,10.95924453089781,1.6094379124341003,2.5649493574615367,1,Staten Island,1,1
176,2022,6055.0,65837.0,2.0,13.0,71907.0,71905.0,0.9156108754606773,11.09493726930676,0.6931471805599453,2.5649493574615367,1,Staten Island,1,1
176,2023,11982.0,71622.0,2.0,6.0,83612.0,83610.0,0.8566200215285253,11.179157568323093,0.6931471805599453,1.791759469228055,1,Staten Island,1,1
176,2024,12436.0,79705.0,0.0,31.0,92172.0,92172.0,0.86474200407933,11.286087598067747,0.0,3.4339872044851463,1,Staten Island,1,1
176,2025,12781.0,87263.0,1.0,76.0,100121.0,100120.0,0.8715840990811027,11.376681826100373,0.0,4.330733340286331,1,Staten Island,1,1
177,2019,88415.0,959161.0,15013.0,6020.0,1068609.0,1053596.0,0.9103688700412682,13.773814222986445,9.616671771412305,8.702842538302868,0,Brooklyn,1,1
177,2020,8986.0,842157.0,5114.0,4845.0,861102.0,855988.0,0.9838420632064936,13.64372173665041,8.539737155851132,8.485702524324866,0,Brooklyn,1,1
177,2021,6865.0,899055.0,3143.0,3970.0,913033.0,909890.0,0.9880919671608656,13.709099490670269,8.052933036797567,8.286521373681236,1,Brooklyn,1,1
177,2022,14837.0,898789.0,365.0,1582.0,915573.0,915208.0,0.9820598159107001,13.708803580678143,5.8998973535824915,7.366445148327599,1,Brooklyn,1,1
177,2023,9871.0,976699.0,231.0,2400.0,989201.0,988970.0,0.9875921413187457,13.791933797579203,5.442417710521793,7.783224016336037,1,Brooklyn,1,1
177,2024,13202.0,1012672.0,101.0,8247.0,1034222.0,1034121.0,0.9792587134387561,13.828102940078654,4.61512051684126,9.017604776833355,1,Brooklyn,1,1
177,2025,21278.0,1030127.0,323.0,26980.0,1078708.0,1078385.0,0.9552497484664568,13.845192653575753,5.777652323222656,10.202851129761747,1,Brooklyn,1,1
178,2019,22581.0,246494.0,3499.0,1462.0,274036.0,270537.0,0.9111286071775765,12.415092931397849,8.160232492367689,7.2875606403097235,0,Brooklyn,1,1
178,2020,3566.0,159545.0,705.0,482.0,164298.0,163593.0,0.9752556649734402,11.980081293076825,6.558197802812269,6.1779441140506,0,Brooklyn,1,1
178,2021,2193.0,190423.0,398.0,525.0,193539.0,193141.0,0.9859273794792406,12.1570031923632,5.986452005284438,6.263398262591624,1,Brooklyn,1,1
178,2022,3138.0,213765.0,50.0,186.0,217139.0,217089.0,0.9846883075604936,12.272632559775422,3.912023005428146,5.225746673713202,1,Brooklyn,1,1
178,2023,2563.0,233844.0,71.0,262.0,236740.0,236669.0,0.9880634979655131,12.362409505352135,4.2626798770413155,5.568344503761097,1,Brooklyn,1,1
178,2024,2946.0,233668.0,38.0,1055.0,237707.0,237669.0,0.9831656631702073,12.361656583466432,3.6375861597263857,6.961296045910167,1,Brooklyn,1,1
178,2025,6086.0,242576.0,31.0,2582.0,251275.0,251244.0,0.9654996736240468,12.399070342321362,3.4339872044851463,7.856319571406588,1,Brooklyn,1,1
179,2019,110666.0,751537.0,37128.0,42515.0,941846.0,904718.0,0.8306864680486075,13.529875721826777,10.522126680921012,10.657612233819894,0,Queens,1,1
179,2020,41032.0,487639.0,8161.0,11928.0,548760.0,540599.0,0.9020345949585552,13.097330656983846,9.007121989469242,9.386643856444575,0,Queens,1,1
179,2021,41413.0,595685.0,3846.0,8527.0,649471.0,645625.0,0.922648596321394,13.297467282839783,8.254788926148725,9.050992878742049,1,Queens,1,1
179,2022,38664.0,707754.0,3472.0,7142.0,757032.0,753560.0,0.9392138648548224,13.46985185467135,8.15248607578024,8.873748128154395,1,Queens,1,1
179,2023,37439.0,781029.0,2704.0,5887.0,827059.0,824355.0,0.9474425459905017,13.568367560014654,7.902487437162855,8.68050180902826,1,Queens,1,1
179,2024,32877.0,831475.0,1295.0,9429.0,875076.0,873781.0,0.9515828336848707,13.630956511017605,7.166265974133638,9.151545325465678,1,Queens,1,1
179,2025,31771.0,874098.0,1172.0,29039.0,936080.0,934908.0,0.9349561668099963,13.680947776498234,7.066466970136958,10.276395033084118,1,Queens,1,1
180,2019,26554.0,330709.0,1916.0,1800.0,360979.0,359063.0,0.9210333562633856,12.70899411359805,7.557994958530806,7.495541943884256,0,Queens,1,1
180,2020,1560.0,235165.0,449.0,777.0,237951.0,237502.0,0.9901600828624602,12.368042674409564,6.1070228877422545,6.655440350367647,0,Queens,1,1
180,2021,1255.0,290597.0,323.0,681.0,292856.0,292533.0,0.9933819432337548,12.579692706596347,5.777652323222656,6.523562306149512,1,Queens,1,1
180,2022,2635.0,325552.0,72.0,413.0,328672.0,328600.0,0.9907242848447961,12.693277482095684,4.276666119016055,6.023447592961033,1,Queens,1,1
180,2023,2285.0,370634.0,96.0,623.0,373638.0,373542.0,0.9922150655080285,12.82297033174452,4.564348191467836,6.434546518787453,1,Queens,1,1
180,2024,2947.0,397812.0,50.0,1846.0,402655.0,402605.0,0.9880950311098968,12.893734810859545,3.912023005428146,7.520776415062797,1,Queens,1,1
180,2025,4422.0,423109.0,47.0,5958.0,433536.0,433489.0,0.9760547557146779,12.955385108048928,3.8501476017100584,8.692490133273228,1,Queens,1,1
181,2019,235139.0,2399779.0,115149.0,66795.0,2816862.0,2701713.0,0.8882434958857585,14.690887207744911,11.653982220886329,11.109383506423912,0,Brooklyn,1,1
181,2020,24612.0,1281108.0,22183.0,17188.0,1345091.0,1322908.0,0.968402942608254,14.063235886458546,10.007081508746234,9.751966744894887,0,Brooklyn,1,1
181,2021,18388.0,1580345.0,9548.0,14370.0,1622651.0,1613103.0,0.979692555280103,14.27315373559767,9.16408698745872,9.57289797907307,1,Brooklyn,1,1
181,2022,21727.0,1983503.0,4915.0,13285.0,2023430.0,2018515.0,0.9826545752694431,14.500375031413322,8.500047032581268,9.494390858193913,1,Brooklyn,1,1
181,2023,19839.0,2186554.0,3065.0,11909.0,2221367.0,2218302.0,0.9856881524697719,14.597837346534492,8.027802848370312,9.385049695767997,1,Brooklyn,1,1
181,2024,18731.0,2304790.0,2407.0,19809.0,2345737.0,2343330.0,0.983553319421507,14.650500123971783,7.786136437783072,9.893891658862682,1,Brooklyn,1,1
181,2025,24335.0,2352871.0,2286.0,45721.0,2425213.0,2422927.0,0.9710862110166752,14.67114684257722,7.734558844354756,10.73031298993552,1,Brooklyn,1,1
182,2019,47614.0,515139.0,16333.0,4576.0,583662.0,567329.0,0.9080075229716795,13.152192046141256,9.70094288005314,8.428580533059634,0,Bronx,1,1
182,2020,5827.0,437938.0,4698.0,3359.0,451822.0,447124.0,0.9794553636127785,12.989832626827665,8.454892165218858,8.119398589612294,0,Bronx,1,1
182,2021,4914.0,482466.0,3378.0,2885.0,493643.0,490265.0,0.9840922766259064,13.086665730957066,8.125039097367745,7.9672801789422,1,Bronx,1,1
182,2022,7113.0,518337.0,272.0,849.0,526571.0,526299.0,0.9848717174077853,13.158380888857325,5.605802066295998,6.744059186311348,1,Bronx,1,1
182,2023,3916.0,575739.0,154.0,1495.0,581304.0,581150.0,0.9906891508216468,13.263409711985872,5.0369526024136295,7.3098814858247865,1,Bronx,1,1
182,2024,7722.0,613553.0,77.0,3883.0,625235.0,625158.0,0.9814366928040591,13.327021928969792,4.343805421853684,8.264363329731667,1,Bronx,1,1
182,2025,18384.0,650752.0,128.0,11659.0,680923.0,680795.0,0.9558707099787748,13.385883896228961,4.852030263919617,9.36383369293329,1,Bronx,1,1
183,2019,20901.0,244537.0,4173.0,1228.0,270839.0,266666.0,0.9170160425401064,12.407121905691303,8.336390480591552,7.113142108707088,0,Bronx,1,1
183,2020,3125.0,197066.0,1217.0,1432.0,202840.0,201623.0,0.9773984118875326,12.191293976992364,7.104144092987527,7.266827347520591,0,Bronx,1,1
183,2021,2859.0,238293.0,999.0,1312.0,243463.0,242464.0,0.9827974462188201,12.381256287917662,6.906754778648554,7.179307969504034,1,Bronx,1,1
183,2022,2730.0,260464.0,59.0,259.0,263512.0,263453.0,0.9886545228181117,12.470219934848291,4.07753744390572,5.556828061699537,1,Bronx,1,1
183,2023,1778.0,296384.0,52.0,360.0,298574.0,298522.0,0.9928380487870241,12.599411189840424,3.9512437185814275,5.886104031450156,1,Bronx,1,1
183,2024,2404.0,305297.0,15.0,834.0,308550.0,308535.0,0.9895052425170564,12.629040352274428,2.70805020110221,6.726233402358747,1,Bronx,1,1
183,2025,4741.0,324230.0,38.0,2581.0,331590.0,331552.0,0.9779159830132227,12.6892084194745,3.6375861597263857,7.855932199718614,1,Bronx,1,1
184,2019,5684.0,43426.0,472.0,202.0,49784.0,49312.0,0.8806375730045425,10.678813619053717,6.156978985585555,5.308267697401205,0,Bronx,1,1
184,2020,1438.0,37368.0,162.0,142.0,39110.0,38948.0,0.9594330902742118,10.528570002181944,5.087596335232384,4.955827057601261,0,Bronx,1,1
184,2021,387.0,37435.0,171.0,150.0,38143.0,37972.0,0.9858580006320447,10.530361374664786,5.14166355650266,5.0106352940962555,1,Bronx,1,1
184,2022,383.0,42169.0,19.0,56.0,42627.0,42608.0,0.9896967705595193,10.649440632919003,2.9444389791664403,4.02535169073515,1,Bronx,1,1
184,2023,202.0,51371.0,13.0,60.0,51646.0,51633.0,0.9949257257955184,10.846829089886597,2.5649493574615367,4.0943445622221,1,Bronx,1,1
184,2024,733.0,57931.0,8.0,159.0,58831.0,58823.0,0.9848358635227717,10.967007926154695,2.0794415416798357,5.0689042022202315,1,Bronx,1,1
184,2025,466.0,63819.0,4.0,535.0,64824.0,64820.0,0.9845572354211664,11.063806230640216,1.3862943611198906,6.282266746896006,1,Bronx,1,1
185,2019,64972.0,616964.0,9637.0,2396.0,693969.0,684332.0,0.9015565544209536,13.332565954345736,9.173365135851288,7.78155595923534,0,Bronx,1,1
185,2020,17313.0,514796.0,4760.0,3514.0,540383.0,535623.0,0.9611163075521402,13.151525984666153,8.468002947225466,8.164510268747042,0,Bronx,1,1
185,2021,14809.0,599307.0,3273.0,2333.0,619722.0,616449.0,0.9721923468121451,13.303529266671738,8.09346227450118,7.75491027202143,1,Bronx,1,1
185,2022,11111.0,639169.0,368.0,640.0,651288.0,650920.0,0.98194709027223,13.367924174135476,5.908082938168931,6.461468176353717,1,Bronx,1,1
185,2023,5513.0,695215.0,143.0,937.0,701808.0,701665.0,0.9908075791153899,13.45197642922529,4.962844630259907,6.842683282238422,1,Bronx,1,1
185,2024,8945.0,745011.0,58.0,1639.0,755653.0,755595.0,0.9859924959799893,13.521154262353365,4.060443010546419,7.40184157874383,1,Bronx,1,1
185,2025,12858.0,786424.0,160.0,5001.0,804443.0,804283.0,0.9777951293263689,13.575251366169343,5.075173815233827,8.517393171418904,1,Bronx,1,1
186,2019,151134.0,1946308.0,300.0,3010803.0,5108545.0,5108245.0,0.38101304851274753,14.481444802585472,5.703782474656201,14.917717378554931,0,Manhattan,0,1
186,2020,4554.0,797384.0,175.0,854244.0,1656357.0,1656182.0,0.48145916330451605,13.589091648516144,5.1647859739235145,13.657972146247868,0,Manhattan,0,1
186,2021,5414.0,1139876.0,298.0,1007909.0,2153497.0,2153199.0,0.529387204805501,13.946430042524758,5.697093486505405,13.82338844576039,1,Manhattan,0,1
186,2022,12247.0,1645941.0,21.0,1277713.0,2935922.0,2935901.0,0.5606255115550558,14.313822815105278,3.044522437723423,14.060582319060018,1,Manhattan,0,1
186,2023,13403.0,1600251.0,1.0,1280750.0,2894405.0,2894404.0,0.5528775526844214,14.285671049906414,0.0,14.062956401801449,1,Manhattan,0,1
186,2024,8963.0,1531556.0,445.0,1324642.0,2865606.0,2865161.0,0.5345444810954777,14.241794770045168,6.09807428216624,14.096652792215677,1,Manhattan,0,1
186,2025,11041.0,1498656.0,61.0,1444064.0,2953822.0,2953761.0,0.5073721265870867,14.220079264424502,4.110873864173311,14.182971918782387,1,Manhattan,0,1
187,2019,24657.0,108132.0,84.0,65.0,132938.0,132854.0,0.8139160281210953,11.591107982023038,4.430816798843313,4.174387269895637,0,Staten Island,1,1
187,2020,12941.0,87425.0,23.0,39.0,100428.0,100405.0,0.8707235695433494,11.378536561931577,3.1354942159291497,3.6635616461296463,0,Staten Island,1,1
187,2021,5855.0,117358.0,23.0,74.0,123310.0,123287.0,0.9519089603932288,11.672984371090195,3.1354942159291497,4.30406509320417,1,Staten Island,1,1
187,2022,11017.0,129035.0,3.0,17.0,140072.0,140069.0,0.9212245393341852,11.76783896437324,1.0986122886681098,2.833213344056216,1,Staten Island,1,1
187,2023,21195.0,151813.0,2.0,10.0,173020.0,173018.0,0.8774404975204892,11.93040477927554,0.6931471805599453,2.302585092994046,1,Staten Island,1,1
187,2024,23548.0,171040.0,0.0,24.0,194612.0,194612.0,0.8788769448954844,12.049652726258872,0.0,3.1780538303479458,1,Staten Island,1,1
187,2025,22673.0,187767.0,2.0,48.0,210490.0,210488.0,0.8920556041199499,12.142957111466094,0.6931471805599453,3.871201010907891,1,Staten Island,1,1
188,2019,162078.0,1667888.0,33948.0,15223.0,1879137.0,1845189.0,0.9039117402065587,14.327068713363444,10.432585221089568,9.630562721059254,0,Brooklyn,1,1
188,2020,18438.0,1306772.0,13145.0,11951.0,1350306.0,1337161.0,0.9772734921224894,14.08307053209444,9.483796737163981,9.388570235866881,0,Brooklyn,1,1
188,2021,18792.0,1503578.0,8560.0,8888.0,1539818.0,1531258.0,0.981923359747345,14.223358159014174,9.054855469135788,9.092457331319466,1,Brooklyn,1,1
188,2022,31691.0,1564963.0,1265.0,3646.0,1601565.0,1600300.0,0.9779185152783852,14.263372739504387,7.142827401161621,8.201385955238608,1,Brooklyn,1,1
188,2023,26157.0,1703979.0,842.0,4693.0,1735671.0,1734829.0,0.9822172675231968,14.348476662351796,6.7357800142423265,8.453827315794417,1,Brooklyn,1,1
188,2024,25621.0,1797601.0,341.0,15377.0,1838940.0,1838599.0,0.9777014998920374,14.401963556150386,5.831882477283517,9.640628165515693,1,Brooklyn,1,1
188,2025,38124.0,1850285.0,606.0,43485.0,1932500.0,1931894.0,0.9577569990900122,14.430850239243455,6.406879986069314,10.680171330023866,1,Brooklyn,1,1
189,2019,84784.0,926941.0,14869.0,15328.0,1041922.0,1027053.0,0.9025249914074541,13.739645196352047,9.607033787697222,9.637436500210642,0,Brooklyn,1,1
189,2020,2603.0,489702.0,3488.0,4460.0,500253.0,496765.0,0.9857820096021258,13.10155232181521,8.15708378502887,8.40290404501411,0,Brooklyn,1,1
189,2021,2862.0,598752.0,2523.0,4677.0,608814.0,606291.0,0.9875653770219252,13.302602767993958,7.833203948641057,8.450412157725886,1,Brooklyn,1,1
189,2022,5863.0,728120.0,1353.0,4347.0,739683.0,738330.0,0.9861714951309035,13.498221148759836,7.210079628170788,8.377241230988792,1,Brooklyn,1,1
189,2023,7428.0,812502.0,599.0,3928.0,824457.0,823858.0,0.9862160712161562,13.60787365472146,6.395261598115449,8.275885669474356,1,Brooklyn,1,1
189,2024,6720.0,875436.0,375.0,7168.0,889699.0,889324.0,0.9843836442061611,13.682477326950934,5.926926025970411,8.877381954654766,1,Brooklyn,1,1
189,2025,8149.0,892871.0,341.0,17944.0,919305.0,918964.0,0.9716060694434168,13.702197392536837,5.831882477283517,9.795011076200044,1,Brooklyn,1,1
190,2019,14266.0,178010.0,5047.0,3413.0,200736.0,195689.0,0.9096576711005728,12.089595007471479,8.526549286340263,8.135346948906706,0,Brooklyn,1,1
190,2020,529.0,87037.0,828.0,838.0,89232.0,88404.0,0.9845368987828605,11.374088594584007,6.71901315438526,6.731018100482083,0,Brooklyn,1,1
190,2021,551.0,115404.0,566.0,1000.0,117521.0,116955.0,0.9867384891624984,11.656194294500482,6.338594078203183,6.907755278982137,1,Brooklyn,1,1
190,2022,1530.0,125139.0,355.0,842.0,127866.0,127511.0,0.9813976833371238,11.737180398470402,5.872117789475416,6.7357800142423265,1,Brooklyn,1,1
190,2023,1461.0,151341.0,216.0,725.0,153743.0,153527.0,0.9857614621532369,11.927290847865113,5.375278407684165,6.586171654854675,1,Brooklyn,1,1
190,2024,1131.0,145241.0,119.0,1300.0,147791.0,147672.0,0.9835378406197519,11.886149710660174,4.77912349311153,7.170119543449628,1,Brooklyn,1,1
190,2025,1487.0,146124.0,123.0,3529.0,151263.0,151140.0,0.9668122270742358,11.892210855295009,4.812184355372417,8.16876982367527,1,Brooklyn,1,1
191,2019,42557.0,487402.0,8805.0,4264.0,543028.0,534223.0,0.9123568247716778,13.09684452357065,9.083075020930307,8.357962965845681,0,Queens,1,1
191,2020,3661.0,390620.0,2858.0,2559.0,399698.0,396840.0,0.9843261767966939,12.875490499390882,7.957877358489813,7.847371836159788,0,Queens,1,1
191,2021,3700.0,495768.0,2118.0,2440.0,504026.0,501908.0,0.9877666823401898,13.113863354346199,7.658227526161352,7.799753318287247,1,Queens,1,1
191,2022,8608.0,557895.0,382.0,1160.0,568045.0,567663.0,0.9827926075858388,13.231926051613858,5.945420608606575,7.05617528410041,1,Queens,1,1
191,2023,6233.0,637609.0,380.0,2036.0,646258.0,645878.0,0.9871972725499243,13.365480521791394,5.940171252720432,7.618742377670413,1,Queens,1,1
191,2024,15284.0,679939.0,188.0,4178.0,699589.0,699401.0,0.972173331179109,13.429758367246123,5.236441962829949,8.33758794211651,1,Queens,1,1
191,2025,21600.0,743993.0,378.0,10330.0,776301.0,775923.0,0.9588490095022315,13.519786905168818,5.934894195619588,9.242807562113684,1,Queens,1,1
192,2019,43675.0,287486.0,5334.0,1458.0,337953.0,332619.0,0.8643102167945909,12.568929442381696,8.58185670474196,7.284820912568604,0,Queens,1,1
192,2020,12511.0,180047.0,1109.0,934.0,194601.0,193492.0,0.9305139230562504,12.100973206899885,7.011213987350367,6.839476438228843,0,Queens,1,1
192,2021,13642.0,209503.0,1219.0,949.0,225313.0,224094.0,0.9348889305380778,12.252493338050872,7.105786129481271,6.855408798609928,1,Queens,1,1
192,2022,10893.0,248037.0,647.0,327.0,259904.0,259257.0,0.9567224800101829,12.421333207567256,6.472346294500901,5.7899601708972535,1,Queens,1,1
192,2023,10433.0,285017.0,138.0,541.0,296129.0,295991.0,0.9629245483815386,12.560304106594657,4.927253685157205,6.293419278846481,1,Queens,1,1
192,2024,10582.0,304641.0,84.0,1020.0,316327.0,316243.0,0.9633130219483119,12.626889313142776,4.430816798843313,6.927557906278317,1,Queens,1,1
192,2025,9024.0,327242.0,83.0,2835.0,339184.0,339101.0,0.9650281184661796,12.698455237331242,4.418840607796598,7.949797216161852,1,Queens,1,1
193,2019,43472.0,281363.0,15207.0,32335.0,372377.0,357170.0,0.7877565305036818,12.547400929587466,9.629511127140459,10.383905513880693,0,Queens,1,1
193,2020,18247.0,214895.0,4054.0,11455.0,248651.0,244597.0,0.878567603036832,12.277904815724286,8.307459327011946,9.346181594887597,0,Queens,1,1
193,2021,8645.0,243908.0,2650.0,8698.0,263901.0,261251.0,0.9336155651078848,12.404546383994097,7.882314918980268,9.070848393157585,1,Queens,1,1
193,2022,9687.0,303525.0,2987.0,7160.0,323359.0,320372.0,0.9474142559274843,12.623219258412176,8.00202481821611,8.87626525995469,1,Queens,1,1
193,2023,9272.0,324698.0,3221.0,6304.0,343495.0,340274.0,0.9542251244585246,12.690650798540092,8.0774471493312,8.748939631537715,1,Queens,1,1
193,2024,10273.0,347576.0,3086.0,7182.0,368117.0,365031.0,0.9521821434343932,12.758738625110496,8.034631032923107,8.879333174786028,1,Queens,1,1
193,2025,10580.0,413885.0,2569.0,20483.0,447517.0,444948.0,0.9301873477350162,12.93334343644228,7.851271997109883,9.927350552800656,1,Queens,1,1
194,2019,2640.0,43899.0,572.0,6202.0,53313.0,52741.0,0.8323505432206443,10.689646819760537,6.349138991379798,8.732627099660395,0,Manhattan,0,1
194,2020,677.0,17275.0,173.0,1427.0,19552.0,19379.0,0.8914288662985707,9.757015648635871,5.153291594497779,7.2633296174768365,0,Manhattan,0,1
194,2021,411.0,23924.0,148.0,1493.0,25976.0,25828.0,0.9262815549016571,10.082637418164447,4.997212273764115,7.30854279753919,1,Manhattan,0,1
194,2022,865.0,28378.0,82.0,1790.0,31115.0,31033.0,0.9144459124158154,10.253369476067258,4.406719247264253,7.489970898834801,1,Manhattan,0,1
194,2023,1007.0,38118.0,70.0,1405.0,40600.0,40530.0,0.9404885270170245,10.548441890494589,4.248495242049359,7.247792581767846,1,Manhattan,0,1
194,2024,1121.0,41101.0,38.0,1772.0,44032.0,43994.0,0.9342410328681183,10.623787731088578,3.6375861597263857,7.4798641311650265,1,Manhattan,0,1
194,2025,796.0,51802.0,39.0,2077.0,54714.0,54675.0,0.9474531321444901,10.855184037540836,3.6635616461296463,7.638679823876112,1,Manhattan,0,1
195,2019,40540.0,462453.0,8937.0,6337.0,518267.0,509330.0,0.9079634029018514,13.044300209149169,9.097955241381392,8.754160749323518,0,Brooklyn,1,1
195,2020,3605.0,272957.0,1749.0,2365.0,280676.0,278927.0,0.9785965503518842,12.517069552603717,7.466799475018602,7.768533300926033,0,Brooklyn,1,1
195,2021,2741.0,347106.0,1175.0,2055.0,353077.0,351902.0,0.9863712056197464,12.757385487785177,7.069023426578259,7.628031126930335,1,Brooklyn,1,1
195,2022,5033.0,380409.0,844.0,2237.0,388523.0,387679.0,0.9812473721816245,12.84900226867949,6.738152494595957,7.71289096149013,1,Brooklyn,1,1
195,2023,5288.0,427728.0,2157.0,4104.0,439277.0,437120.0,0.9785139092240117,12.966242758520611,7.676473646389156,8.319717386850606,1,Brooklyn,1,1
195,2024,5354.0,448769.0,1908.0,8178.0,464209.0,462301.0,0.9707290271922405,13.01426355772119,7.553810852008231,9.009202900924588,1,Brooklyn,1,1
195,2025,6641.0,492091.0,2739.0,16233.0,517704.0,514965.0,0.955581447282825,13.106418937721166,7.915348169263078,9.694801486310846,1,Brooklyn,1,1
196,2019,57382.0,508785.0,51068.0,9075.0,626310.0,575242.0,0.884471231238331,13.139780809441397,10.840913356940241,9.113278659133051,0,Queens,1,1
196,2020,10661.0,357850.0,12135.0,3907.0,384553.0,372418.0,0.9608826641032389,12.787869183166743,9.403849118160702,8.27052509505507,0,Queens,1,1
196,2021,10469.0,451400.0,7425.0,3291.0,472585.0,465160.0,0.9704187806346204,13.020109143365572,8.9126079636709,8.098946748943339,1,Queens,1,1
196,2022,13491.0,511547.0,5816.0,1870.0,532724.0,526908.0,0.9708469030646716,13.145194746760518,8.668368019213355,7.533693709848633,1,Queens,1,1
196,2023,13442.0,556473.0,4649.0,2248.0,576812.0,572163.0,0.9725777444539405,13.229373931000508,8.444407421690585,7.717796211013582,1,Queens,1,1
196,2024,18365.0,594663.0,2586.0,4165.0,619779.0,617193.0,0.9634960215038084,13.29575013751569,7.857867559331803,8.334471554600944,1,Queens,1,1
196,2025,19287.0,651661.0,1721.0,11485.0,684154.0,682433.0,0.9549083939375733,13.387279767043513,7.450660796211539,9.3487971151232,1,Queens,1,1
197,2019,70167.0,832559.0,15885.0,8069.0,926680.0,910795.0,0.9141014168940321,13.632259369196385,9.673130546703616,8.995784837848506,0,Queens,1,1
197,2020,9461.0,598953.0,8185.0,4674.0,621273.0,613088.0,0.9769445821806984,13.302938409912272,9.010058489805235,8.449770515098804,0,Queens,1,1
197,2021,8979.0,755354.0,6333.0,5204.0,775870.0,769537.0,0.9815694372070479,13.5349417925162,8.753529336516431,8.557182839632397,1,Queens,1,1
197,2022,12497.0,871220.0,645.0,3207.0,887569.0,886924.0,0.9822938605788094,13.677649807178522,6.4692503167957724,8.073091199693154,1,Queens,1,1
197,2023,9351.0,975808.0,449.0,4034.0,989642.0,989193.0,0.9864687679755113,13.791021124731579,6.1070228877422545,8.302513718514158,1,Queens,1,1
197,2024,15073.0,1033340.0,327.0,9459.0,1058199.0,1057872.0,0.9768100488527912,13.848306832379357,5.7899601708972535,9.15472194821317,1,Queens,1,1
197,2025,20103.0,1082032.0,480.0,30214.0,1132829.0,1132349.0,0.9555640531320291,13.894351312812605,6.173786103901937,10.31606067210367,1,Queens,1,1
198,2019,197042.0,1311600.0,5434.0,3621.0,1517697.0,1512263.0,0.8673094560932854,14.08675832395263,8.600430789986293,8.19450550976564,0,Queens,1,1
198,2020,18614.0,910429.0,1540.0,2190.0,932773.0,931233.0,0.9776597264057438,13.721671195976924,7.3395376954076745,7.691656822810547,0,Queens,1,1
198,2021,3552.0,1074459.0,1178.0,2301.0,1081490.0,1080312.0,0.9945821207206806,13.887327837054238,7.071573364211532,7.741099090035366,1,Queens,1,1
198,2022,7774.0,1251209.0,405.0,1183.0,1260571.0,1260166.0,0.9928922062648889,14.039620841841943,6.003887067106539,7.075808863978387,1,Queens,1,1
198,2023,10458.0,1374792.0,266.0,1345.0,1386861.0,1386595.0,0.991487781219462,14.133813004912662,5.583496308781699,7.20414929203594,1,Queens,1,1
198,2024,11085.0,1465761.0,158.0,4313.0,1481317.0,1481159.0,0.9896040870696529,14.197885119488733,5.062595033026967,8.369388996647842,1,Queens,1,1
198,2025,10670.0,1564291.0,224.0,19814.0,1594999.0,1594775.0,0.9808850778322961,14.262943244161196,5.4116460518550396,9.894144037532975,1,Queens,1,1
199,2019,16.0,11.0,1.0,13.0,41.0,40.0,0.275,2.3978952727983707,0.0,2.5649493574615367,0,Bronx,1,1
199,2020,1.0,7.0,0.0,10.0,18.0,18.0,0.3888888888888889,1.9459101490553132,0.0,2.302585092994046,0,Bronx,1,1
199,2021,4.0,47.0,0.0,14.0,65.0,65.0,0.7230769230769231,3.8501476017100584,0.0,2.6390573296152584,1,Bronx,1,1
199,2022,0.0,106.0,0.0,12.0,118.0,118.0,0.8983050847457628,4.663439094112067,0.0,2.4849066497880004,1,Bronx,1,1
199,2023,0.0,157.0,0.0,20.0,177.0,177.0,0.8870056497175142,5.056245805348308,0.0,2.995732273553991,1,Bronx,1,1
199,2024,0.0,63.0,1.0,16.0,80.0,79.0,0.7974683544303798,4.143134726391533,0.0,2.772588722239781,1,Bronx,1,1
199,2025,2.0,76.0,0.0,15.0,93.0,93.0,0.8172043010752689,4.330733340286331,0.0,2.70805020110221,1,Bronx,1,1
200,2019,36944.0,389831.0,5803.0,2484.0,435062.0,429259.0,0.9081486934461479,12.873468590856474,8.666130304190608,7.81762544305337,0,Bronx,1,1
200,2020,2581.0,229910.0,1718.0,1239.0,235448.0,233730.0,0.9836563556240107,12.345443206977983,7.4489161025442,7.122059881629142,0,Bronx,1,1
200,2021,1884.0,295799.0,1074.0,1450.0,300207.0,299133.0,0.9888544560446356,12.597435448590511,6.97914527506881,7.27931883541462,1,Bronx,1,1
200,2022,3508.0,379533.0,97.0,585.0,383723.0,383626.0,0.9893307544327027,12.846696828559061,4.574710978503383,6.371611847231857,1,Bronx,1,1
200,2023,2623.0,439935.0,65.0,736.0,443359.0,443294.0,0.9924226359932685,12.994382267708968,4.174387269895637,6.601230118728877,1,Bronx,1,1
200,2024,3545.0,475233.0,38.0,1593.0,480409.0,480371.0,0.9893041003724204,13.071560489063863,3.6375861597263857,7.373374309910049,1,Bronx,1,1
200,2025,6646.0,515082.0,66.0,4253.0,526047.0,525981.0,0.9792787191932788,13.15208139027216,4.189654742026425,8.355379895253634,1,Bronx,1,1
201,2019,9383.0,112476.0,1212.0,435.0,123506.0,122294.0,0.9197180564868268,11.630495144534486,7.10002716662926,6.075346031088684,0,Queens,1,1
201,2020,3406.0,80696.0,727.0,536.0,85365.0,84638.0,0.9534251754531061,11.298444286734671,6.588926477533519,6.284134161070802,0,Queens,1,1
201,2021,6424.0,109694.0,592.0,763.0,117473.0,116881.0,0.9385101085719664,11.60544995014582,6.3835066348840055,6.637258031284457,1,Queens,1,1
201,2022,7168.0,130194.0,9.0,295.0,137666.0,137657.0,0.9457855394204435,11.776780924745445,2.1972245773362196,5.68697535633982,1,Queens,1,1
201,2023,3422.0,148701.0,12.0,459.0,152594.0,152582.0,0.9745644964674732,11.909692857375196,2.4849066497880004,6.129050210060545,1,Queens,1,1
201,2024,4245.0,164457.0,3.0,1217.0,169922.0,169919.0,0.9678552722179391,12.010404416840814,1.0986122886681098,7.104144092987527,1,Queens,1,1
201,2025,6616.0,175429.0,3.0,2651.0,184699.0,184696.0,0.9498256594620349,12.07498968162767,1.0986122886681098,7.8826922062890254,1,Queens,1,1
202,2019,15106.0,116343.0,948.0,3566.0,135963.0,135015.0,0.8617042550827686,11.664298003620168,6.854354502255021,8.179199798423086,0,Manhattan,0,1
202,2020,2425.0,81845.0,312.0,1333.0,85915.0,85603.0,0.9560996694041096,11.312582493578455,5.7430031878094825,7.195187320178709,0,Manhattan,0,1
202,2021,1725.0,105189.0,531.0,1489.0,108934.0,108403.0,0.9703513740394638,11.56351401108104,6.274762021241939,7.305860032684009,1,Manhattan,0,1
202,2022,3176.0,146618.0,112.0,1256.0,151162.0,151050.0,0.9706587222773916,11.895585843980681,4.718498871295094,7.135687347028144,1,Manhattan,0,1
202,2023,2913.0,165009.0,113.0,1410.0,169445.0,169332.0,0.97447027141946,12.013755296849714,4.727387818712341,7.251344983372214,1,Manhattan,0,1
202,2024,2504.0,166059.0,100.0,1976.0,170639.0,170539.0,0.9737303490697142,12.020098425878102,4.605170185988092,7.588829878307813,1,Manhattan,0,1
202,2025,3890.0,163964.0,61.0,5101.0,173016.0,172955.0,0.9480153797230494,12.007402170514885,4.110873864173311,8.537191877922927,1,Manhattan,0,1
203,2019,29675.0,315061.0,4364.0,3422.0,352522.0,348158.0,0.9049368390213639,12.660521549853526,8.381144346952961,8.137980454452139,0,Queens,1,1
203,2020,2706.0,254933.0,1418.0,2213.0,261270.0,259852.0,0.9810699936887152,12.448756044518984,7.257002707092073,7.70210434005105,0,Queens,1,1
203,2021,2174.0,324048.0,724.0,1516.0,328462.0,327738.0,0.9887410065357084,12.688646931949762,6.584791392385716,7.323830566202317,1,Queens,1,1
203,2022,4637.0,364786.0,46.0,902.0,370371.0,370325.0,0.9850428677512996,12.807066159252908,3.828641396489095,6.804614520062624,1,Queens,1,1
203,2023,2821.0,419204.0,31.0,1458.0,423514.0,423483.0,0.9898956982924935,12.946112953928179,3.4339872044851463,7.284820912568604,1,Queens,1,1
203,2024,6543.0,455845.0,37.0,2352.0,464777.0,464740.0,0.9808602659551577,13.029908118432548,3.6109179126442243,7.763021309018518,1,Queens,1,1
203,2025,8276.0,492989.0,139.0,4906.0,506310.0,506171.0,0.9739574175525663,13.108242140402677,4.9344739331306915,8.498214224818435,1,Queens,1,1
204,2019,6251.0,46915.0,13.0,15.0,53194.0,53181.0,0.8821759651003178,10.75609273272415,2.5649493574615367,2.70805020110221,0,Staten Island,1,1
204,2020,2376.0,29496.0,9.0,61.0,31942.0,31933.0,0.9236839632981555,10.29200993991398,2.1972245773362196,4.110873864173311,0,Staten Island,1,1
204,2021,2437.0,40450.0,7.0,40.0,42934.0,42927.0,0.9422973885899317,10.607821922486638,1.9459101490553132,3.6888794541139363,1,Staten Island,1,1
204,2022,4395.0,48927.0,0.0,13.0,53335.0,53335.0,0.9173525827317897,10.798084670325027,0.0,2.5649493574615367,1,Staten Island,1,1
204,2023,6858.0,56827.0,0.0,10.0,63695.0,63695.0,0.8921736400031399,10.947766843877893,0.0,2.302585092994046,1,Staten Island,1,1
204,2024,6198.0,61012.0,1.0,6.0,67217.0,67216.0,0.9077005474886932,11.018825845119824,0.0,1.791759469228055,1,Staten Island,1,1
204,2025,6628.0,66321.0,1.0,16.0,72966.0,72965.0,0.9089426437332968,11.102261868103218,0.0,2.772588722239781,1,Staten Island,1,1
205,2019,61924.0,717809.0,15309.0,7934.0,802976.0,787667.0,0.911310236432401,13.483958795928547,9.63619616973208,8.978912601074276,0,Queens,1,1
205,2020,7401.0,636184.0,5257.0,4890.0,653732.0,648475.0,0.9810463009368133,13.36324310865682,8.567315800819449,8.494947582468917,0,Queens,1,1
205,2021,6795.0,787209.0,3499.0,5311.0,802814.0,799315.0,0.9848545316927619,13.576249057581654,8.160232492367689,8.577535420422398,1,Queens,1,1
205,2022,13678.0,818768.0,172.0,1757.0,834375.0,834203.0,0.9814973094079019,13.615556050422763,5.147494476813453,7.471363088187097,1,Queens,1,1
205,2023,7853.0,924664.0,105.0,2924.0,935546.0,935441.0,0.9884792306516391,13.737185707262512,4.653960350157523,7.980707820869669,1,Queens,1,1
205,2024,18981.0,984775.0,113.0,5009.0,1008878.0,1008765.0,0.9762184453267114,13.800168467665005,4.727387818712341,8.518991573357617,1,Queens,1,1
205,2025,26845.0,1054251.0,327.0,14395.0,1095818.0,1095491.0,0.9623547797289069,13.868341120149974,5.7899601708972535,9.574636203046277,1,Queens,1,1
206,2019,87316.0,362936.0,398.0,247.0,450897.0,450499.0,0.8056310890812188,12.801981789162864,5.986452005284438,5.5093883366279774,0,Staten Island,1,1
206,2020,89659.0,273297.0,129.0,207.0,363292.0,363163.0,0.7525463772465807,12.518314394907504,4.859812404361672,5.332718793265369,0,Staten Island,1,1
206,2021,80929.0,337823.0,112.0,129.0,418993.0,418881.0,0.8064891938283187,12.730277368663794,4.718498871295094,4.859812404361672,1,Staten Island,1,1
206,2022,73051.0,377594.0,24.0,38.0,450707.0,450683.0,0.8378261438749631,12.84157482329673,3.1780538303479458,3.6375861597263857,1,Staten Island,1,1
206,2023,86926.0,451772.0,48.0,28.0,538774.0,538726.0,0.8385932737606873,13.02093290677063,3.871201010907891,3.332204510175204,1,Staten Island,1,1
206,2024,85769.0,489226.0,11.0,41.0,575047.0,575036.0,0.8507745602014483,13.100579829379578,2.3978952727983707,3.713572066704308,1,Staten Island,1,1
206,2025,85820.0,517005.0,12.0,145.0,602982.0,602970.0,0.8574307179461664,13.155807824623684,2.4849066497880004,4.976733742420574,1,Staten Island,1,1
207,2019,525.0,16929.0,160.0,1067.0,18681.0,18521.0,0.9140435181685654,9.73678340663725,5.075173815233827,6.9726062513017535,0,Queens,1,1
207,2020,280.0,56152.0,294.0,470.0,57196.0,56902.0,0.9868194439562757,10.935817578410257,5.683579767338681,6.152732694704104,0,Queens,1,1
207,2021,176.0,48009.0,262.0,710.0,49157.0,48895.0,0.9818795377850495,10.7791437723141,5.568344503761097,6.565264970035361,1,Queens,1,1
207,2022,240.0,44161.0,41.0,873.0,45315.0,45274.0,0.9754163537571233,10.69559732562212,3.713572066704308,6.771935555839602,1,Queens,1,1
207,2023,178.0,39077.0,53.0,511.0,39819.0,39766.0,0.9826736407986723,10.573289337601082,3.970291913552122,6.236369590203704,1,Queens,1,1
207,2024,239.0,43226.0,28.0,688.0,44181.0,44153.0,0.9790048241342604,10.674197445043864,3.332204510175204,6.5337888379333435,1,Queens,1,1
207,2025,255.0,43335.0,22.0,1776.0,45388.0,45366.0,0.9552307895780981,10.676715901568445,3.091042453358316,7.4821189235521155,1,Queens,1,1
208,2019,53405.0,607972.0,7314.0,2570.0,671261.0,663947.0,0.9156935719266749,13.31788410725627,8.897545598709327,7.851661177889265,0,Bronx,1,1
208,2020,6288.0,477125.0,2940.0,2242.0,488595.0,485655.0,0.9824360914641052,13.075533790047531,7.986164860332727,7.715123603632105,0,Bronx,1,1
208,2021,5065.0,578027.0,2028.0,2103.0,587223.0,585195.0,0.9877510915165031,13.267375859366274,7.614805364711073,7.6511201757027,1,Bronx,1,1
208,2022,6378.0,631906.0,95.0,643.0,639022.0,638927.0,0.9890112641976313,13.356495927889755,4.553876891600541,6.466144724237619,1,Bronx,1,1
208,2023,4333.0,714611.0,87.0,962.0,719993.0,719906.0,0.9926448730806522,13.479493617679951,4.465908118654584,6.8690144506657065,1,Bronx,1,1
208,2024,7742.0,762784.0,29.0,2078.0,772633.0,772604.0,0.9872897370451098,13.544730177134456,3.367295829986474,7.639161171659173,1,Bronx,1,1
208,2025,12484.0,803461.0,96.0,6539.0,822580.0,822484.0,0.9768712826024579,13.596683925333924,4.564348191467836,8.785539527561276,1,Bronx,1,1
209,2019,48361.0,574376.0,412.0,175956.0,799105.0,798693.0,0.7191449029852521,13.261039513113424,6.021023349349527,12.07798924276508,0,Manhattan,0,1
209,2020,2206.0,269368.0,432.0,42976.0,314982.0,314550.0,0.8563598791924972,12.503833753423619,6.068425588244111,10.668397099322965,0,Manhattan,0,1
209,2021,3315.0,354978.0,194.0,49952.0,408439.0,408245.0,0.8695219782238607,12.779811094706234,5.267858159063328,10.81881782331516,1,Manhattan,0,1
209,2022,7626.0,508588.0,6.0,70400.0,586620.0,586614.0,0.8669891956209705,13.139393537511706,1.791759469228055,11.161948542146133,1,Manhattan,0,1
209,2023,7358.0,563775.0,0.0,69369.0,640502.0,640502.0,0.8802080243309154,13.242410514713779,0.0,11.147195360822078,1,Manhattan,0,1
209,2024,5068.0,557495.0,6.0,83282.0,645851.0,645845.0,0.8632024711811658,13.231208813666328,1.791759469228055,11.329987718370322,1,Manhattan,0,1
209,2025,7113.0,527234.0,78.0,97764.0,632189.0,632111.0,0.8340845199656389,13.175399751744958,4.356708826689592,11.490311690098642,1,Manhattan,0,1
210,2019,67533.0,679832.0,29592.0,4391.0,781348.0,751756.0,0.9043253396048718,13.429600987804701,10.29525933351229,8.387312270561717,0,Brooklyn,1,1
210,2020,25262.0,470845.0,6810.0,2788.0,505705.0,498895.0,0.9437757443951132,13.062284231788697,8.826147399143558,7.933079771880415,0,Brooklyn,1,1
210,2021,15346.0,563622.0,3050.0,3256.0,585274.0,582224.0,0.968050097556954,13.242139093021262,8.022896869601457,8.08825472712243,1,Brooklyn,1,1
210,2022,18792.0,626046.0,2083.0,1196.0,648117.0,646034.0,0.9690604519266788,13.34717912981065,7.641564441260972,7.086737934510577,1,Brooklyn,1,1
210,2023,18161.0,692336.0,2617.0,1174.0,714288.0,711671.0,0.9728315471615395,13.447826665891919,7.869783902530146,7.068172000388042,1,Brooklyn,1,1
210,2024,26664.0,724855.0,1935.0,3970.0,757424.0,755489.0,0.9594514281478619,13.493726913834145,7.5678626054638825,8.286521373681236,1,Brooklyn,1,1
210,2025,49732.0,785437.0,1752.0,9260.0,846181.0,844429.0,0.9301397749248309,13.573995529769409,7.468513271496337,9.133459327640225,1,Brooklyn,1,1
211,2019,136439.0,1421376.0,38.0,657985.0,2215838.0,2215800.0,0.6414730571351205,14.16713597447088,3.6375861597263857,13.39693741369503,0,Manhattan,0,1
211,2020,966.0,693948.0,30.0,160704.0,855648.0,855618.0,0.8110488559146722,13.450152308727812,3.4011973816621555,11.987319442517256,0,Manhattan,0,1
211,2021,3785.0,1059264.0,45.0,198912.0,1262006.0,1261961.0,0.8393793469053322,13.873084885300212,3.8066624897703196,12.20061779484721,1,Manhattan,0,1
211,2022,8618.0,1418952.0,2.0,281611.0,1709183.0,1709181.0,0.8301941105125789,14.165429128931569,0.6931471805599453,12.548281965003104,1,Manhattan,0,1
211,2023,11430.0,1425093.0,2.0,280922.0,1717447.0,1717445.0,0.8297750437423033,14.169747632713236,0.6931471805599453,12.54583232971223,1,Manhattan,0,1
211,2024,7335.0,1374442.0,118.0,329449.0,1711344.0,1711226.0,0.8031913961101573,14.133558388534508,4.770684624465665,12.705176840975392,1,Manhattan,0,1
211,2025,6350.0,1337179.0,5.0,376643.0,1720177.0,1720172.0,0.7773519159711936,14.106072728947689,1.6094379124341003,12.839053068188003,1,Manhattan,0,1
212,2019,50905.0,536540.0,14291.0,2943.0,604679.0,590388.0,0.9087921841229836,13.192896395589568,9.567385247481795,7.987184748233473,0,Bronx,1,1
212,2020,9448.0,466786.0,4261.0,2395.0,482890.0,478629.0,0.975256409452833,13.053626187513766,8.357259153499912,7.781138509845015,0,Bronx,1,1
212,2021,8828.0,499846.0,2688.0,2137.0,513499.0,510811.0,0.9785341349344474,13.122055329962587,7.89655270164304,7.667158255319148,1,Bronx,1,1
212,2022,7983.0,507603.0,616.0,550.0,516752.0,516136.0,0.9834675356882682,13.13745492497039,6.423246963533519,6.309918278226516,1,Bronx,1,1
212,2023,4839.0,576585.0,402.0,791.0,582617.0,582215.0,0.9903300327198715,13.264878049279895,5.996452088619021,6.673297967767654,1,Bronx,1,1
212,2024,7063.0,615807.0,226.0,2450.0,625546.0,625320.0,0.9847869890616004,13.330688881734984,5.420534999272286,7.803843303538772,1,Bronx,1,1
212,2025,11985.0,663945.0,138.0,8673.0,684741.0,684603.0,0.9698248473933068,13.405954593702566,4.927253685157205,9.067970030684457,1,Bronx,1,1
213,2019,95219.0,951287.0,21120.0,7576.0,1075202.0,1054082.0,0.9024791240150197,13.765571083590821,9.957975737820197,8.932740634865914,0,Bronx,1,1
213,2020,16768.0,936204.0,8678.0,5845.0,967495.0,958817.0,0.976415728966007,13.749588680430307,9.068546366358296,8.67334187390617,0,Bronx,1,1
213,2021,14647.0,1007302.0,7071.0,5487.0,1034507.0,1027436.0,0.9804036455798707,13.822786027434608,8.863757191604241,8.610136937058975,1,Bronx,1,1
213,2022,13536.0,954207.0,292.0,1807.0,969842.0,969550.0,0.9841751327935641,13.768635908025498,5.676753802268282,7.499423290592229,1,Bronx,1,1
213,2023,8446.0,1043453.0,176.0,2486.0,1054561.0,1054385.0,0.9896318707113625,13.85804596375671,5.170483995038151,7.818430272070656,1,Bronx,1,1
213,2024,13388.0,1119205.0,62.0,5147.0,1137802.0,1137740.0,0.9837089317418742,13.928129169800199,4.127134385045092,8.546169299652755,1,Bronx,1,1
213,2025,27310.0,1195960.0,207.0,14328.0,1237805.0,1237598.0,0.9663557956622425,13.99445976811737,5.332718793265369,9.569970943740548,1,Bronx,1,1
214,2019,18140.0,136520.0,112.0,212.0,154984.0,154872.0,0.88150214370577,11.824226403020644,4.718498871295094,5.356586274672012,0,Staten Island,1,1
214,2020,11511.0,104511.0,9.0,150.0,116181.0,116172.0,0.899622972833385,11.55704760800512,2.1972245773362196,5.0106352940962555,0,Staten Island,1,1
214,2021,14804.0,136084.0,18.0,59.0,150965.0,150947.0,0.9015349758524516,11.821027621111574,2.8903717578961645,4.07753744390572,1,Staten Island,1,1
214,2022,25887.0,152213.0,3.0,52.0,178155.0,178152.0,0.8543996138129238,11.933036134691202,1.0986122886681098,3.9512437185814275,1,Staten Island,1,1
214,2023,43920.0,178803.0,0.0,147.0,222870.0,222870.0,0.8022748687575717,12.094039920104283,0.0,4.990432586778736,1,Staten Island,1,1
214,2024,47520.0,195127.0,1.0,121.0,242769.0,242768.0,0.8037591445330521,12.18140590760505,0.0,4.795790545596741,1,Staten Island,1,1
214,2025,51501.0,211433.0,2.0,338.0,263274.0,263272.0,0.8030971770640251,12.261663442411567,0.6931471805599453,5.823045895483019,1,Staten Island,1,1
215,2019,50885.0,585136.0,10698.0,13562.0,660281.0,649583.0,0.9007871203525954,13.279599577827502,9.277812087091196,9.515027043243787,0,Queens,1,1
215,2020,8253.0,508790.0,4368.0,5398.0,526809.0,522441.0,0.9738707337287846,13.139790636726856,8.38206051742474,8.59378379357795,0,Queens,1,1
215,2021,6769.0,621468.0,3414.0,4967.0,636618.0,633204.0,0.981465688782762,13.339839700272659,8.135639903354386,8.51057131510735,1,Queens,1,1
215,2022,10433.0,645419.0,424.0,4252.0,660528.0,660104.0,0.9777535055082229,13.377654997274206,6.049733455231958,8.355144739461839,1,Queens,1,1
215,2023,7260.0,716150.0,352.0,5318.0,729080.0,728728.0,0.9827397876848426,13.48164492120801,5.863631175598097,8.578852571802965,1,Queens,1,1
215,2024,15904.0,745599.0,167.0,8084.0,769754.0,769587.0,0.968830034810879,13.521943201150902,5.117993812416755,8.997642078523512,1,Queens,1,1
215,2025,21732.0,773321.0,369.0,16966.0,812388.0,812019.0,0.9523434796476438,13.558449506571346,5.910796644040527,9.73896662036768,1,Queens,1,1
216,2019,97232.0,1151257.0,10719.0,14549.0,1273757.0,1263038.0,0.9114983080477389,13.956364946880617,9.27977314669152,9.585277541715389,0,Queens,1,1
216,2020,17107.0,805569.0,3279.0,5354.0,831309.0,828030.0,0.9728741712256802,13.59930413901054,8.095293776844649,8.585599224080298,0,Queens,1,1
216,2021,11941.0,1008001.0,2765.0,5854.0,1028561.0,1025796.0,0.982652496207823,13.82347971967645,7.9247959139564355,8.674880467251832,1,Queens,1,1
216,2022,13773.0,1223166.0,819.0,6304.0,1244062.0,1243243.0,0.9838511055360859,14.016953137265613,6.70808408385307,8.748939631537715,1,Queens,1,1
216,2023,11572.0,1500718.0,637.0,6195.0,1519122.0,1518485.0,0.9882995222211612,14.221454218214761,6.456769655572163,8.731497794063243,1,Queens,1,1
216,2024,18330.0,1551724.0,410.0,14243.0,1584707.0,1584297.0,0.9794400923564206,14.254877128859228,6.016157159698354,9.564020836934587,1,Queens,1,1
216,2025,24894.0,1628520.0,455.0,36260.0,1690129.0,1689674.0,0.963807219617512,14.303182184863417,6.12029741895095,10.498470484308841,1,Queens,1,1
217,2019,33064.0,330529.0,4575.0,5683.0,373851.0,369276.0,0.8950730618832526,12.708449680264074,8.428361977709622,8.645234541297121,0,Brooklyn,1,1
217,2020,1398.0,259601.0,1075.0,2063.0,264137.0,263062.0,0.9868434057370505,12.466901115884776,6.980075940561763,7.631916513071252,0,Brooklyn,1,1
217,2021,1628.0,268491.0,681.0,1865.0,272665.0,271984.0,0.9871573327842814,12.50057267281619,6.523562306149512,7.5310163320779155,1,Brooklyn,1,1
217,2022,5117.0,306216.0,228.0,1232.0,312793.0,312565.0,0.9796874250155968,12.632046014269688,5.429345628954441,7.116394144093465,1,Brooklyn,1,1
217,2023,4034.0,362651.0,183.0,1178.0,368046.0,367863.0,0.9858316819033173,12.801196218267421,5.209486152841421,7.071573364211532,1,Brooklyn,1,1
217,2024,2965.0,396409.0,130.0,2656.0,402160.0,402030.0,0.9860184563341045,12.890201785519281,4.867534450455582,7.884576510596324,1,Brooklyn,1,1
217,2025,4388.0,420121.0,95.0,7330.0,431934.0,431839.0,0.9728648871454407,12.948298044006181,4.553876891600541,8.899730794880696,1,Brooklyn,1,1
218,2019,32134.0,378728.0,8340.0,6408.0,425610.0,417270.0,0.9076329474920315,12.84457354831009,9.028818495352793,8.765302488748196,0,Queens,1,1
218,2020,5036.0,320766.0,3339.0,3912.0,333053.0,329714.0,0.9728613283027109,12.67846716432028,8.113426639943654,8.271804031154709,0,Queens,1,1
218,2021,4706.0,404845.0,2330.0,3812.0,415693.0,413363.0,0.9793934145049267,12.911259556784815,7.753623546559746,8.245909264774093,1,Queens,1,1
218,2022,8438.0,431885.0,66.0,1445.0,441834.0,441768.0,0.9776285290016479,12.975914628084048,4.189654742026425,7.275864600546533,1,Queens,1,1
218,2023,5159.0,500512.0,66.0,2633.0,508370.0,508304.0,0.9846705908275363,13.123386853473969,4.189654742026425,7.87587915949631,1,Queens,1,1
218,2024,13240.0,510925.0,56.0,4417.0,528638.0,528582.0,0.9665955329542057,13.143978087376738,4.02535169073515,8.393216011596527,1,Queens,1,1
218,2025,20895.0,528104.0,199.0,9914.0,559112.0,558913.0,0.9448769307566651,13.177048512989384,5.293304824724492,9.20170317858052,1,Queens,1,1
219,2019,30419.0,352940.0,3213.0,8949.0,395521.0,392308.0,0.8996502747840982,12.774053349797224,8.074960359115858,9.099297073182859,0,Queens,1,1
219,2020,2449.0,294042.0,1387.0,3586.0,301464.0,300077.0,0.9798884952862099,12.591477893260565,7.234898420314831,8.184792654165078,0,Queens,1,1
219,2021,2178.0,357230.0,972.0,3771.0,364151.0,363179.0,0.9836196476117838,12.786135111019957,6.879355804460439,8.235095497258357,1,Queens,1,1
219,2022,4306.0,373907.0,93.0,3653.0,381959.0,381866.0,0.9791576102611911,12.83176238237327,4.532599493153256,8.203304026795282,1,Queens,1,1
219,2023,3290.0,429510.0,69.0,3454.0,436323.0,436254.0,0.9845411159553837,12.970400303022483,4.23410650459726,8.147288258706624,1,Queens,1,1
219,2024,6896.0,449756.0,143.0,6342.0,463137.0,462994.0,0.9714078368186196,13.016460492468651,4.962844630259907,8.754949455098293,1,Queens,1,1
219,2025,10309.0,474262.0,223.0,11010.0,495804.0,495581.0,0.9569818051943073,13.069515190587316,5.407171771460119,9.306559229716726,1,Queens,1,1
220,2019,71334.0,749417.0,12540.0,4423.0,837714.0,825174.0,0.9081926963282896,13.527050849898945,9.436678814186912,8.394573477868327,0,Bronx,1,1
220,2020,5172.0,545580.0,3760.0,2603.0,557115.0,553355.0,0.9859493453569589,13.209604727948014,8.23217423638394,7.864419904994565,0,Bronx,1,1
220,2021,4315.0,611808.0,2863.0,2794.0,621780.0,618917.0,0.9885138071825463,13.324173786782131,7.959625305098115,7.935229539816907,1,Bronx,1,1
220,2022,6299.0,700538.0,296.0,1173.0,708306.0,708010.0,0.9894464767446788,13.459603890254337,5.69035945432406,7.067319848653476,1,Bronx,1,1
220,2023,3873.0,785153.0,229.0,1413.0,790668.0,790439.0,0.9933125769350956,13.573633882231738,5.43372200355424,7.253470382684528,1,Bronx,1,1
220,2024,6088.0,821595.0,98.0,2483.0,830264.0,830166.0,0.9896755588641308,13.619002851891501,4.584967478670572,7.817222785508166,1,Bronx,1,1
220,2025,11309.0,895557.0,154.0,7320.0,914340.0,914186.0,0.9796223088080543,13.705201150048516,5.0369526024136295,8.898365606955357,1,Bronx,1,1
221,2019,45048.0,235450.0,231.0,135.0,280864.0,280633.0,0.8389961266137624,12.369253855671701,5.442417710521793,4.90527477843843,0,Staten Island,1,1
221,2020,92006.0,195511.0,43.0,138.0,287698.0,287655.0,0.6796718291008326,12.183371922809341,3.7612001156935624,4.927253685157205,0,Staten Island,1,1
221,2021,89348.0,239245.0,69.0,105.0,328767.0,328698.0,0.7278565735112474,12.385243410455233,4.23410650459726,4.653960350157523,1,Staten Island,1,1
221,2022,45922.0,260048.0,10.0,36.0,306016.0,306006.0,0.8498134023515879,12.468621508342958,2.302585092994046,3.58351893845611,1,Staten Island,1,1
221,2023,78972.0,307165.0,2.0,38.0,386177.0,386175.0,0.7954036382469087,12.63514034147321,0.6931471805599453,3.6375861597263857,1,Staten Island,1,1
221,2024,85419.0,330450.0,2.0,137.0,416008.0,416006.0,0.794339504718682,12.7082106408986,0.6931471805599453,4.919980925828125,1,Staten Island,1,1
221,2025,83855.0,356966.0,3.0,608.0,441432.0,441429.0,0.8086600563170975,12.785395818131102,1.0986122886681098,6.410174881966167,1,Staten Island,1,1
222,2019,25462.0,237197.0,10708.0,4211.0,277578.0,266870.0,0.8888110315884138,12.37664629847092,9.278746404640243,8.345455428161928,0,Brooklyn,1,1
222,2020,8148.0,204955.0,3320.0,2970.0,219393.0,216073.0,0.9485451676053926,12.230545721829095,8.107720061910534,7.996317231796746,0,Brooklyn,1,1
222,2021,9591.0,241928.0,2400.0,3199.0,257118.0,254718.0,0.9497876082569744,12.396395440209615,7.783224016336037,8.070593539949519,1,Brooklyn,1,1
222,2022,14282.0,242276.0,78.0,964.0,257600.0,257522.0,0.9407972911052259,12.39783285113525,4.356708826689592,6.871091294610546,1,Brooklyn,1,1
222,2023,10169.0,269457.0,34.0,1560.0,281220.0,281186.0,0.9582873969543292,12.504164101869994,3.5263605246161616,7.352441100243583,1,Brooklyn,1,1
222,2024,15983.0,287315.0,19.0,5126.0,308443.0,308424.0,0.9315585038777786,12.56833445383768,2.9444389791664403,8.542080906924017,1,Brooklyn,1,1
222,2025,24019.0,306791.0,226.0,9917.0,340953.0,340727.0,0.9004012009614736,12.63392201297325,5.420534999272286,9.202005735186125,1,Brooklyn,1,1
223,2019,142384.0,1160630.0,82072.0,42712.0,1427798.0,1345726.0,0.8624563989994991,13.964473519103523,11.315352189767548,10.662235190180022,0,Queens,1,1
223,2020,35768.0,680731.0,14743.0,10896.0,742138.0,727395.0,0.9358477855910475,13.430922499753555,9.59852367284982,9.296151028389293,0,Queens,1,1
223,2021,35602.0,836264.0,4119.0,8408.0,884393.0,880274.0,0.9500042032367195,13.636699631689522,8.323365694436081,9.036938912556787,1,Queens,1,1
223,2022,33782.0,1002236.0,5244.0,8819.0,1050081.0,1044837.0,0.9592271330360621,13.817744061836477,8.56483984488359,9.08466376388818,1,Queens,1,1
223,2023,34419.0,1084305.0,4812.0,6748.0,1130284.0,1125472.0,0.9634224574223081,13.896449786719586,8.47886807709457,8.817001443665859,1,Queens,1,1
223,2024,32211.0,1155741.0,4334.0,10013.0,1202299.0,1197965.0,0.9647535612476158,13.960252254668951,8.374246182096304,9.211639527707803,1,Queens,1,1
223,2025,29678.0,1207722.0,3830.0,25806.0,1267036.0,1263206.0,0.9560768394070326,14.004246498542031,8.250620082174692,10.158362302011792,1,Queens,1,1
224,2019,61067.0,673275.0,190.0,163150.0,897682.0,897492.0,0.7501738177053389,13.419909143293,5.247024072160486,12.002425302021466,0,Manhattan,0,1
224,2020,704.0,322499.0,203.0,47347.0,370753.0,370550.0,0.8703251922817433,12.683855314437963,5.313205979041787,10.76525873863448,0,Manhattan,0,1
224,2021,2216.0,333152.0,181.0,49756.0,385305.0,385124.0,0.8650512562187763,12.71635412127448,5.198497031265826,10.814886338329856,1,Manhattan,0,1
224,2022,5695.0,510292.0,6.0,58502.0,574495.0,574489.0,0.8882537350584606,13.142738389876463,1.791759469228055,10.976816220669738,1,Manhattan,0,1
224,2023,7421.0,550609.0,1.0,46677.0,604708.0,604707.0,0.9105384921953938,13.21878021736163,0.0,10.751006816983072,1,Manhattan,0,1
224,2024,4424.0,530863.0,4.0,58854.0,594145.0,594141.0,0.8934966615668671,13.1822592631689,1.3862943611198906,10.98281507979237,1,Manhattan,0,1
224,2025,3937.0,478856.0,11.0,85256.0,568060.0,568049.0,0.8429836158500411,13.079155204891105,2.3978952727983707,11.353413773900792,1,Manhattan,0,1
225,2019,188950.0,1960827.0,30355.0,12810.0,2192942.0,2162587.0,0.9067043314326776,14.488876880991077,10.320716527564535,9.45798139489078,0,Brooklyn,1,1
225,2020,9092.0,1432178.0,9460.0,7731.0,1458461.0,1449001.0,0.9883899320980455,14.174706920453893,9.154827662045925,8.952993499320474,0,Brooklyn,1,1
225,2021,8848.0,1612504.0,6175.0,7596.0,1635123.0,1628948.0,0.9899051412322554,14.293298808269142,8.728264161496178,8.935377071932177,1,Brooklyn,1,1
225,2022,22094.0,1740702.0,1452.0,3641.0,1767889.0,1766437.0,0.9854311249141634,14.369799038103201,7.280697195384741,8.200013648175434,1,Brooklyn,1,1
225,2023,24035.0,1862455.0,772.0,4146.0,1891408.0,1890636.0,0.9850944338307321,14.437406067870143,6.648984550024776,8.329899292995725,1,Brooklyn,1,1
225,2024,23390.0,1911681.0,301.0,12745.0,1948117.0,1947816.0,0.9814484530366318,14.463493517669791,5.707110264748875,9.452894316810216,1,Brooklyn,1,1
225,2025,33943.0,1932100.0,527.0,43633.0,2010203.0,2009676.0,0.9613987528337902,14.474118052249475,6.267200548541362,10.683569023781297,1,Brooklyn,1,1
226,2019,134114.0,1338996.0,43364.0,117662.0,1634136.0,1590772.0,0.8417271614033941,14.107430637364889,10.677384882781183,11.675571386404187,0,Queens,1,1
226,2020,12629.0,865103.0,9203.0,36329.0,923264.0,914061.0,0.9464390232161749,13.670603853969643,9.127284796838858,10.500371599375363,0,Queens,1,1
226,2021,11618.0,1058704.0,5328.0,29609.0,1105259.0,1099931.0,0.9625185579822735,13.872556076542903,8.580731212220226,10.29583364815114,1,Queens,1,1
226,2022,17352.0,1239903.0,3539.0,29215.0,1290009.0,1286470.0,0.9638024983093271,14.03054370871497,8.171599480345463,10.282437554988537,1,Queens,1,1
226,2023,19036.0,1373586.0,3021.0,23563.0,1419206.0,1416185.0,0.9699198904097982,14.132935396317771,8.013343181386672,10.067432964124373,1,Queens,1,1
226,2024,19025.0,1430081.0,1528.0,32386.0,1483020.0,1481492.0,0.9652978213854682,14.17324164398856,7.331714969726466,10.385481509633417,1,Queens,1,1
226,2025,22441.0,1513397.0,1453.0,70926.0,1608217.0,1606764.0,0.9418912796154257,14.229867350949064,7.2813856635702825,11.169392358978431,1,Queens,1,1
227,2019,58260.0,494424.0,6350.0,2818.0,561852.0,555502.0,0.8900490007236698,13.111148727636731,8.756210091886738,7.943782692458625,0,Brooklyn,1,1
227,2020,17532.0,339758.0,2693.0,1849.0,361832.0,359139.0,0.9460348221719167,12.735988878461704,7.898411092811599,7.522400231387125,0,Brooklyn,1,1
227,2021,13304.0,406008.0,1702.0,1689.0,422703.0,421001.0,0.9643872579875107,12.914128142823238,7.43955930913332,7.4318919168078,1,Brooklyn,1,1
227,2022,14517.0,490488.0,189.0,450.0,505644.0,505455.0,0.9703890554055257,13.103156092856482,5.241747015059643,6.1092475827643655,1,Brooklyn,1,1
227,2023,14147.0,543513.0,202.0,692.0,558554.0,558352.0,0.9734235750924148,13.205808904300584,5.308267697401205,6.539585955617669,1,Brooklyn,1,1
227,2024,20500.0,565485.0,32.0,1997.0,588014.0,587982.0,0.9617386246517751,13.245439048987574,3.4657359027997265,7.599401333415815,1,Brooklyn,1,1
227,2025,27631.0,615735.0,76.0,7261.0,650703.0,650627.0,0.9463717306536618,13.33057195515013,4.330733340286331,8.890272839380247,1,Brooklyn,1,1
228,2019,84449.0,972630.0,11044.0,7347.0,1075470.0,1064426.0,0.9137600922938748,13.78775902163343,9.309642573050045,8.902047345620277,0,Brooklyn,1,1
228,2020,9641.0,691179.0,3761.0,5020.0,709601.0,705840.0,0.9792290037402244,13.446154114065997,8.232440158470336,8.521185212685776,0,Brooklyn,1,1
228,2021,8323.0,862577.0,3211.0,5348.0,879459.0,876248.0,0.9843982525495065,13.667679699265163,8.074337694089515,8.584477938221834,1,Brooklyn,1,1
228,2022,13568.0,989379.0,660.0,2094.0,1005701.0,1005041.0,0.9844165561404957,13.804832752565654,6.492239835020471,7.646831391430482,1,Brooklyn,1,1
228,2023,12733.0,1087117.0,344.0,2292.0,1102486.0,1102142.0,0.9863674553732641,13.899039796005614,5.840641657373398,7.73718007783463,1,Brooklyn,1,1
228,2024,12420.0,1155121.0,165.0,5301.0,1173007.0,1172842.0,0.9848905479169402,13.959715658355648,5.10594547390058,8.575650760987806,1,Brooklyn,1,1
228,2025,18444.0,1249729.0,200.0,20227.0,1288600.0,1288400.0,0.9699852530270102,14.038437285773966,5.298317366548036,9.914773624553096,1,Brooklyn,1,1
229,2019,190336.0,1674851.0,312.0,1581120.0,3446619.0,3446307.0,0.4859842724400351,14.331234764060673,5.7430031878094825,14.273644014639522,0,Manhattan,0,1
229,2020,8648.0,807199.0,268.0,503785.0,1319900.0,1319632.0,0.611684924281921,13.601325509170422,5.5909869805108565,13.12990486873767,0,Manhattan,0,1
229,2021,8101.0,1053069.0,272.0,681695.0,1743137.0,1742865.0,0.6042171941028135,13.867219316034836,5.605802066295998,13.432337622719313,1,Manhattan,0,1
229,2022,13599.0,1395871.0,18.0,822897.0,2232385.0,2232367.0,0.6252874191385198,14.149029151157885,2.8903717578961645,13.620586319943703,1,Manhattan,0,1
229,2023,16109.0,1480064.0,9.0,710165.0,2206347.0,2206338.0,0.6708237813064,14.207595888048578,2.1972245773362196,13.473252616384308,1,Manhattan,0,1
229,2024,12428.0,1424346.0,14.0,695204.0,2131992.0,2131978.0,0.6680866312879401,14.16922331896789,2.6390573296152584,13.451960606656698,1,Manhattan,0,1
229,2025,12298.0,1341114.0,47.0,699594.0,2053053.0,2053006.0,0.6532440723504949,14.109011169836252,3.8501476017100584,13.458255445760477,1,Manhattan,0,1
230,2019,287904.0,2751995.0,270.0,2879305.0,5919474.0,5919204.0,0.46492653404072576,14.827836661173256,5.598421958998375,14.873059503545463,0,Manhattan,0,1
230,2020,19519.0,1028778.0,163.0,679696.0,1728156.0,1727993.0,0.5953600506483533,13.84388224809999,5.093750200806762,13.42940091836817,0,Manhattan,0,1
230,2021,23773.0,1593178.0,212.0,710741.0,2327904.0,2327692.0,0.6844453647647541,14.281241321507366,5.356586274672012,13.474063366752807,1,Manhattan,0,1
230,2022,34254.0,2834742.0,37.0,1198172.0,4067205.0,4067168.0,0.6969817819180324,14.85746148571175,3.6109179126442243,13.996307619973004,1,Manhattan,0,1
230,2023,38540.0,2912929.0,1.0,1236504.0,4187974.0,4187973.0,0.6955462702362217,14.884669662146422,0.0,14.027798600875698,1,Manhattan,0,1
230,2024,29112.0,2939127.0,107.0,1338996.0,4307342.0,4307235.0,0.6823697801489819,14.893623156444306,4.672828834461906,14.107430637364889,1,Manhattan,0,1
230,2025,32575.0,2897088.0,64.0,1392912.0,4322639.0,4322575.0,0.6702227260371422,14.879216652541434,4.1588830833596715,14.146907077758547,1,Manhattan,0,1
231,2019,277449.0,2842051.0,784.0,1392203.0,4512487.0,4511703.0,0.6299286544349219,14.86003653258725,6.664409020350408,14.146397942577188,0,Manhattan,0,1
231,2020,8273.0,1355866.0,747.0,335775.0,1700661.0,1699914.0,0.7976085849048834,14.119950922540458,6.616065185132817,12.724196571777275,0,Manhattan,0,1
231,2021,11601.0,1872352.0,363.0,389792.0,2274108.0,2273745.0,0.8234661318661504,14.442705952531496,5.8944028342648505,12.873368542499685,1,Manhattan,0,1
231,2022,27009.0,2571984.0,6.0,548278.0,3147277.0,3147271.0,0.8172108471116724,14.760188143480484,1.791759469228055,13.214537736567452,1,Manhattan,0,1
231,2023,28053.0,2758799.0,2.0,500788.0,3287642.0,3287640.0,0.8391426676886764,14.830305998062768,0.6931471805599453,13.123938136819598,1,Manhattan,0,1
231,2024,21295.0,2712868.0,51.0,541144.0,3275358.0,3275307.0,0.82827899796874,14.813516935831519,3.9318256327243257,13.201440696162981,1,Manhattan,0,1
231,2025,27493.0,2650721.0,134.0,609279.0,3287627.0,3287493.0,0.8063046826259402,14.790342236428284,4.897839799950911,13.320031569862223,1,Manhattan,0,1
232,2019,116455.0,1139222.0,595.0,119489.0,1375761.0,1375166.0,0.8284250774088364,13.94585613125113,6.38856140554563,11.690979595907617,0,Manhattan,0,1
232,2020,5218.0,689302.0,936.0,31230.0,726686.0,725750.0,0.9497788494660696,13.443434770363803,6.841615476477592,10.349134450277123,0,Manhattan,0,1
232,2021,6686.0,882617.0,602.0,65999.0,955904.0,955302.0,0.9239141130239442,13.690646636905598,6.400257445308821,11.097394869378626,1,Manhattan,0,1
232,2022,15575.0,991273.0,9.0,50174.0,1057031.0,1057022.0,0.9377978887856638,13.80674525468849,2.1972245773362196,10.823252243221784,1,Manhattan,0,1
232,2023,17897.0,1091912.0,1.0,42966.0,1152776.0,1152775.0,0.9472030535013337,13.90344084595917,0.0,10.668164384234995,1,Manhattan,0,1
232,2024,13855.0,1078133.0,5.0,59565.0,1151558.0,1151553.0,0.9362426219201374,13.890741399464186,1.6094379124341003,10.994823432233462,1,Manhattan,0,1
232,2025,20545.0,1009229.0,125.0,106945.0,1136844.0,1136719.0,0.8878438734638904,13.824697230968363,4.8283137373023015,11.58006996259956,1,Manhattan,0,1
233,2019,173953.0,1524230.0,294.0,1092814.0,2791291.0,2790997.0,0.5461238403337588,14.236999922476828,5.683579767338681,13.90426657884398,0,Manhattan,0,1
233,2020,5824.0,749566.0,287.0,313844.0,1069521.0,1069234.0,0.7010308314176317,13.527249651353653,5.659482215759621,12.656651326150161,0,Manhattan,0,1
233,2021,7233.0,983522.0,314.0,405605.0,1396674.0,1396360.0,0.7043470165286889,13.798895285651051,5.749392985908253,12.913135058599302,1,Manhattan,0,1
233,2022,13315.0,1330966.0,12.0,506848.0,1851141.0,1851129.0,0.7190022953559693,14.101415552347747,2.4849066497880004,13.135966434862146,1,Manhattan,0,1
233,2023,16888.0,1419971.0,0.0,465604.0,1902463.0,1902463.0,0.7463856064480623,14.16614700683369,0.0,13.051090766427754,1,Manhattan,0,1
233,2024,13226.0,1354106.0,20.0,460544.0,1827896.0,1827876.0,0.7408084574664803,14.11865201594847,2.995732273553991,13.040163678430096,1,Manhattan,0,1
233,2025,14304.0,1281072.0,44.0,471268.0,1766688.0,1766644.0,0.7251443980790697,14.06320778538836,3.784189633918261,13.06318221330137,1,Manhattan,0,1
234,2019,328245.0,3043282.0,204.0,2523140.0,5894871.0,5894667.0,0.5162771705339759,14.928447096290904,5.318119993844216,14.741014715580341,0,Manhattan,0,1
234,2020,5977.0,1298827.0,280.0,675209.0,1980293.0,1980013.0,0.6559689254565501,14.076972107414832,5.634789603169249,13.422777551558935,0,Manhattan,0,1
234,2021,8315.0,1775118.0,333.0,815429.0,2599195.0,2598862.0,0.6830366521962306,14.38937745755527,5.808142489980444,13.611469634101548,1,Manhattan,0,1
234,2022,19228.0,2436061.0,9.0,1026718.0,3482016.0,3482007.0,0.6996140444289745,14.705892948549305,2.1972245773362196,13.84187786503169,1,Manhattan,0,1
234,2023,23303.0,2565292.0,4.0,1006825.0,3595424.0,3595420.0,0.7134888274527037,14.757582870263654,1.3862943611198906,13.822312373083202,1,Manhattan,0,1
234,2024,13866.0,2505413.0,86.0,1075326.0,3594691.0,3594605.0,0.6969925763748729,14.733964149170976,4.454347296253507,13.888134429385104,1,Manhattan,0,1
234,2025,15627.0,2526651.0,65.0,1187967.0,3730310.0,3730245.0,0.6773418367962426,14.742405268403516,4.174387269895637,13.98775400074114,1,Manhattan,0,1
235,2019,105387.0,1058888.0,15183.0,5793.0,1185251.0,1170068.0,0.90497988151116,13.872729858839458,9.627931659882188,8.664405571096625,0,Bronx,1,1
235,2020,15559.0,911262.0,6209.0,4441.0,937471.0,931262.0,0.9785237666736106,13.722585730942578,8.733755131364893,8.398634855292102,0,Bronx,1,1
235,2021,11632.0,845937.0,4771.0,4072.0,866412.0,861641.0,0.9817743120394689,13.64820016773037,8.470311205516108,8.311889558230359,1,Bronx,1,1
235,2022,11080.0,842599.0,486.0,1811.0,855976.0,855490.0,0.9849314427988638,13.644246441723595,6.186208623900494,7.501634457883413,1,Bronx,1,1
235,2023,6923.0,934578.0,316.0,2056.0,943873.0,943557.0,0.9904838817368744,13.747850369489273,5.755742213586912,7.628517626575055,1,Bronx,1,1
235,2024,10318.0,988529.0,127.0,3970.0,1002944.0,1002817.0,0.9857521362322338,13.803973258542344,4.844187086458591,8.286521373681236,1,Bronx,1,1
235,2025,20572.0,1034666.0,248.0,11735.0,1067221.0,1066973.0,0.9697208832838319,13.849589227287032,5.5134287461649825,9.370331108285123,1,Bronx,1,1
236,2019,203072.0,1946503.0,13258.0,3278520.0,5441353.0,5428095.0,0.3585978137818148,14.481544987259305,9.492356422801336,15.002902659017975,0,Manhattan,0,1
236,2020,9827.0,989157.0,3751.0,1081637.0,2084372.0,2080621.0,0.4754143114002983,13.804608344214294,8.229777750081887,13.893986192265618,0,Manhattan,0,1
236,2021,10283.0,1267254.0,4302.0,1411390.0,2693229.0,2688927.0,0.47128613011807313,14.052362912770727,8.366835309827675,14.1600855923601,1,Manhattan,0,1
236,2022,17801.0,1614855.0,5648.0,1638826.0,3277130.0,3271482.0,0.4936157374547682,14.2947557273264,8.639056779173078,14.30949068979627,1,Manhattan,0,1
236,2023,18438.0,1771602.0,4758.0,1569040.0,3363838.0,3359080.0,0.5274069090346166,14.387394779953551,8.467582690862903,14.265974525335393,1,Manhattan,0,1
236,2024,14806.0,1723422.0,4127.0,1691891.0,3434246.0,3430119.0,0.502437962064873,14.359822407169943,8.325306029752582,14.341357396269414,1,Manhattan,0,1
236,2025,17619.0,1657639.0,4197.0,1746780.0,3426235.0,3422038.0,0.4844011083453778,14.3209048587628,8.34212526333359,14.373284651020326,1,Manhattan,0,1
237,2019,221996.0,2048324.0,436.0,3626075.0,5896831.0,5896395.0,0.3473858179446933,14.53253245575374,6.077642243349034,15.10366135403228,0,Manhattan,0,1
237,2020,9147.0,1004731.0,439.0,1136690.0,2151007.0,2150568.0,0.4671933182303466,13.820230401955987,6.0844994130751715,13.943631088240133,0,Manhattan,0,1
237,2021,11101.0,1386129.0,473.0,1538832.0,2936535.0,2936062.0,0.4721048125005535,14.142025527993981,6.159095388491933,14.246534245069062,1,Manhattan,0,1
237,2022,17719.0,1835947.0,7.0,1838379.0,3692052.0,3692045.0,0.4972710245947706,14.423070982643514,1.9459101490553132,14.424394763034885,1,Manhattan,0,1
237,2023,18837.0,1946683.0,2.0,1762618.0,3728140.0,3728138.0,0.5221595874401646,14.48163745651206,0.6931471805599453,14.382310761782096,1,Manhattan,0,1
237,2024,15331.0,1925836.0,46.0,1872278.0,3813491.0,3813445.0,0.5050121346971046,14.47087071714356,3.828641396489095,14.442666429267511,1,Manhattan,0,1
237,2025,18089.0,1974254.0,103.0,1998665.0,3991111.0,3991008.0,0.4946755305927725,14.49570116344363,4.634728988229636,14.507990015646909,1,Manhattan,0,1
238,2019,169777.0,1543903.0,806.0,1656163.0,3370649.0,3369843.0,0.4581527982164154,14.249824183759161,6.692083742506628,14.320014039035122,0,Manhattan,0,1
238,2020,5688.0,847476.0,758.0,593887.0,1447809.0,1447051.0,0.5856573127001052,13.650017799251692,6.630683385642372,13.294444344557443,0,Manhattan,0,1
238,2021,5269.0,962347.0,796.0,733283.0,1701695.0,1700899.0,0.5657872689677635,13.77713037146947,6.679599185844383,13.505286990941215,1,Manhattan,0,1
238,2022,11734.0,1144206.0,27.0,821012.0,1976979.0,1976952.0,0.578772777487769,13.950221504641306,3.295836866004329,13.618293004649306,1,Manhattan,0,1
238,2023,12096.0,1229489.0,10.0,717238.0,1958833.0,1958823.0,0.627667226696848,14.022109193872051,2.302585092994046,13.48316300313551,1,Manhattan,0,1
238,2024,9555.0,1239232.0,23.0,769772.0,2018582.0,2018559.0,0.6139191373648232,14.03000239086307,3.1354942159291497,13.553849646086348,1,Manhattan,0,1
238,2025,14164.0,1177325.0,207.0,787311.0,1979007.0,1978800.0,0.5949691732363048,13.978755473870132,5.332718793265369,13.576378620877316,1,Manhattan,0,1
239,2019,174447.0,1783346.0,283.0,2174142.0,4132218.0,4131935.0,0.43160069071754514,14.394001932982594,5.645446897643238,14.592144661917509,0,Manhattan,0,1
239,2020,4826.0,873533.0,224.0,697897.0,1576480.0,1576256.0,0.5541821886800113,13.680301186892438,5.4116460518550396,13.455826806385888,0,Manhattan,0,1
239,2021,4906.0,1107282.0,279.0,922722.0,2035189.0,2034910.0,0.5441429842106039,13.917418921796825,5.631211781821365,13.73508327635166,1,Manhattan,0,1
239,2022,11039.0,1409366.0,26.0,1118242.0,2538673.0,2538647.0,0.5551642272438823,14.158650515843478,3.258096538021482,13.92726836723418,1,Manhattan,0,1
239,2023,14387.0,1537341.0,11.0,1038884.0,2590623.0,2590612.0,0.5934277305903006,14.245564858681002,2.3978952727983707,13.853657618035225,1,Manhattan,0,1
239,2024,9973.0,1528006.0,24.0,1112036.0,2650039.0,2650015.0,0.5766027739465626,14.239474175402464,3.1780538303479458,13.921703127369355,1,Manhattan,0,1
239,2025,11967.0,1433526.0,98.0,1114670.0,2560261.0,2560163.0,0.5599354416105538,14.17564770156696,4.584967478670572,13.92406895494477,1,Manhattan,0,1
240,2019,16303.0,123093.0,1338.0,505.0,141239.0,139901.0,0.8798578995146568,11.720695446217771,7.198931240688173,6.22455842927536,0,Bronx,1,1
240,2020,1020.0,99831.0,485.0,481.0,101817.0,101332.0,0.9851873050961197,11.51123403530925,6.184148890937483,6.175867270105761,0,Bronx,1,1
240,2021,810.0,110680.0,515.0,475.0,112480.0,111965.0,0.9885231992140401,11.614398433900861,6.244166900663736,6.163314804034641,1,Bronx,1,1
240,2022,1193.0,119426.0,61.0,96.0,120776.0,120715.0,0.9893219566748126,11.690452211679249,4.110873864173311,4.564348191467836,1,Bronx,1,1
240,2023,782.0,140927.0,36.0,116.0,141861.0,141825.0,0.993668253128856,11.855997304795142,3.58351893845611,4.7535901911063645,1,Bronx,1,1
240,2024,990.0,159783.0,31.0,288.0,161092.0,161061.0,0.9920651181850355,11.981571923676517,3.4339872044851463,5.662960480135946,1,Bronx,1,1
240,2025,1312.0,179219.0,44.0,1231.0,181806.0,181762.0,0.9860091768356423,12.09636380068824,3.784189633918261,7.115582126184454,1,Bronx,1,1
241,2019,76326.0,878923.0,8464.0,2834.0,966547.0,958083.0,0.9173766782209892,13.686452573285312,9.043577154098081,7.949444420250626,0,Bronx,1,1
241,2020,6329.0,714735.0,3401.0,2353.0,726818.0,723417.0,0.9879986232007265,13.479667123605475,8.131824785007195,7.763446388727362,0,Bronx,1,1
241,2021,5595.0,719696.0,2531.0,2079.0,729901.0,727370.0,0.9894496611078268,13.486584179609116,7.836369760545124,7.639642287858013,1,Bronx,1,1
241,2022,6874.0,752648.0,283.0,907.0,760712.0,760429.0,0.9897676180156201,13.5313529340075,5.645446897643238,6.810142450115136,1,Bronx,1,1
241,2023,3981.0,836832.0,217.0,1250.0,842280.0,842063.0,0.9937878757290132,13.637378612479413,5.37989735354046,7.1308988302963465,1,Bronx,1,1
241,2024,6221.0,885939.0,79.0,2661.0,894900.0,894821.0,0.9900739924521217,13.694403378458569,4.3694478524670215,7.886457270977689,1,Bronx,1,1
241,2025,13038.0,931860.0,193.0,7911.0,953002.0,952809.0,0.9780134318630491,13.744937867792112,5.262690188904886,8.976009475021396,1,Bronx,1,1
242,2019,99507.0,790218.0,26645.0,4884.0,921254.0,894609.0,0.8833110330881984,13.58006413574327,10.190356794730883,8.493719835230594,0,Bronx,1,1
242,2020,31548.0,647973.0,9344.0,4850.0,693715.0,684371.0,0.9468153969119089,13.381604307799666,9.142489705068009,8.48673398393153,0,Bronx,1,1
242,2021,30002.0,730351.0,7154.0,5157.0,772664.0,765510.0,0.9540711421144074,13.501280519484563,8.875426919818963,8.548110294050959,1,Bronx,1,1
242,2022,25309.0,799434.0,353.0,1447.0,826543.0,826190.0,0.9676151974727363,13.591659256253829,5.8664680569332965,7.277247726631484,1,Bronx,1,1
242,2023,14003.0,866748.0,282.0,2094.0,883127.0,882845.0,0.9817669013246946,13.672503556074172,5.641907070938114,7.646831391430482,1,Bronx,1,1
242,2024,17789.0,921707.0,167.0,2664.0,942327.0,942160.0,0.9782913730151991,13.733982664614954,5.117993812416755,7.88758403166028,1,Bronx,1,1
242,2025,28906.0,975696.0,274.0,7541.0,1012417.0,1012143.0,0.963990266197563,13.790906341466853,5.6131281063880705,8.928110078202646,1,Bronx,1,1
243,2019,117395.0,1281717.0,31804.0,14955.0,1445871.0,1414067.0,0.9064047177396828,14.06371114326419,10.367347347021374,9.612800971064049,0,Manhattan,0,1
243,2020,6936.0,967432.0,9583.0,6545.0,990496.0,980913.0,0.9862566812755056,13.782400417178295,9.167745974343763,8.786456678344,0,Manhattan,0,1
243,2021,4698.0,991183.0,5614.0,7511.0,1009006.0,1003392.0,0.9878322729302207,13.806654458221823,8.633018756921828,8.924123891686012,1,Manhattan,0,1
243,2022,6565.0,1096273.0,2883.0,5144.0,1110865.0,1107982.0,0.9894321387892583,13.907426803064176,7.9665866976384025,8.545586265917455,1,Manhattan,0,1
243,2023,5899.0,1220952.0,2292.0,4863.0,1234006.0,1231714.0,0.9912625820604458,14.015141440280791,7.73718007783463,8.489410810403786,1,Manhattan,0,1
243,2024,5090.0,1273903.0,1269.0,9642.0,1289904.0,1288635.0,0.9885677480434724,14.057595974068024,7.1459844677143876,9.173883834965567,1,Manhattan,0,1
243,2025,10054.0,1313456.0,1261.0,35786.0,1360557.0,1359296.0,0.9662766608597392,14.088172389259633,7.13966033596492,10.485312034451807,1,Manhattan,0,1
244,2019,174271.0,1849430.0,153164.0,90812.0,2267677.0,2114513.0,0.874636381994341,14.430388041471344,11.9392645217297,11.416546714447517,0,Manhattan,0,1
244,2020,13104.0,1418356.0,48044.0,35187.0,1514691.0,1466647.0,0.9670738766724372,14.165009012392394,10.77987253667438,10.468431975189615,0,Manhattan,0,1
244,2021,11814.0,1445974.0,30814.0,43728.0,1532330.0,1501516.0,0.9630093851813767,14.184293700902955,10.33572441114172,10.685743908167849,1,Manhattan,0,1
244,2022,16498.0,1564107.0,24380.0,30783.0,1635768.0,1611388.0,0.9706582151536439,14.262825612069491,10.101518403035262,10.33471786853032,1,Manhattan,0,1
244,2023,11494.0,1731317.0,19336.0,21050.0,1783197.0,1763861.0,0.9815495665474774,14.364392948529957,9.869723922383319,9.954655839110528,1,Manhattan,0,1
244,2024,11498.0,1823965.0,14337.0,31600.0,1881400.0,1867063.0,0.9769166867963213,14.416523260835818,9.570598887246268,10.360912399575003,1,Manhattan,0,1
244,2025,20086.0,1852457.0,12832.0,82201.0,1967576.0,1954744.0,0.9476724317864641,14.432023424007136,9.459697330106296,11.316922746420394,1,Manhattan,0,1
245,2019,24057.0,147576.0,55.0,72.0,171760.0,171705.0,0.8594740980169476,11.902098576301416,4.007333185232471,4.276666119016055,0,Staten Island,1,1
245,2020,16749.0,99622.0,25.0,40.0,116436.0,116411.0,0.8557782340156858,11.50913830271565,3.2188758248682006,3.6888794541139363,0,Staten Island,1,1
245,2021,16078.0,124134.0,11.0,39.0,140262.0,140251.0,0.8850845983272847,11.729116906271798,2.3978952727983707,3.6635616461296463,1,Staten Island,1,1
245,2022,22706.0,147223.0,3.0,21.0,169953.0,169950.0,0.8662724330685496,11.899703723071154,1.0986122886681098,3.044522437723423,1,Staten Island,1,1
245,2023,36232.0,170735.0,4.0,14.0,206985.0,206981.0,0.8248824771355825,12.047867925843597,1.3862943611198906,2.6390573296152584,1,Staten Island,1,1
245,2024,38233.0,184105.0,1.0,36.0,222375.0,222374.0,0.8279070394920269,12.123261526005,0.0,3.58351893845611,1,Staten Island,1,1
245,2025,36082.0,197393.0,1.0,104.0,233580.0,233579.0,0.8450802512212142,12.192951944359855,0.0,4.6443908991413725,1,Staten Island,1,1
246,2019,243812.0,2537789.0,143.0,1375688.0,4157432.0,4157289.0,0.6104432479916599,14.746803787472636,4.962844630259907,14.13446452757903,0,Manhattan,0,1
246,2020,3931.0,1073111.0,149.0,339320.0,1416511.0,1416362.0,0.7576530576222745,13.886072464538294,5.003946305945459,12.73469889392167,0,Manhattan,0,1
246,2021,7632.0,1600818.0,135.0,411303.0,2019888.0,2019753.0,0.7925810730321975,14.286025306566254,4.90527477843843,12.92708544813794,1,Manhattan,0,1
246,2022,16306.0,2345977.0,12.0,584593.0,2946888.0,2946876.0,0.7960894859505456,14.66821250422593,2.4849066497880004,13.278671157588278,1,Manhattan,0,1
246,2023,24715.0,2596746.0,1.0,626265.0,3247727.0,3247726.0,0.799558213962631,14.769769680701849,0.0,13.347528883190174,1,Manhattan,0,1
246,2024,17304.0,2569820.0,178.0,697934.0,3285236.0,3285058.0,0.7822753814392318,14.759346415508057,5.181783550292085,13.455879821399895,1,Manhattan,0,1
246,2025,16300.0,2505735.0,45.0,795000.0,3317080.0,3317035.0,0.7554140972283983,14.734092662637527,3.8066624897703196,13.58609739363647,1,Manhattan,0,1
247,2019,103379.0,1163251.0,28342.0,12970.0,1307942.0,1279600.0,0.9090739293529227,13.96672922936696,10.252100082384816,9.47039427731049,0,Bronx,1,1
247,2020,10632.0,961869.0,8017.0,6924.0,987442.0,979425.0,0.9820751971820201,13.776633545739061,8.989319566042951,8.8427489162961,0,Bronx,1,1
247,2021,9916.0,882330.0,5487.0,5998.0,903731.0,898244.0,0.9822832103526437,13.690321414672262,8.610136937058975,8.699181359308954,1,Bronx,1,1
247,2022,10159.0,935853.0,2741.0,3227.0,951980.0,949239.0,0.9858981773820924,13.749213691843833,7.916078096302786,8.079308192051961,1,Bronx,1,1
247,2023,6855.0,1070798.0,2018.0,3374.0,1083045.0,1081027.0,0.990537701648525,13.88391472286417,7.609862200913554,8.123854263105914,1,Bronx,1,1
247,2024,8807.0,1197461.0,1843.0,7357.0,1215468.0,1213625.0,0.9866812236069626,13.995714039887176,7.519149957669823,8.903407519932264,1,Bronx,1,1
247,2025,16342.0,1271051.0,1758.0,18637.0,1307788.0,1306030.0,0.9732173074125403,14.0553546752517,7.471932078245122,9.832904131080666,1,Bronx,1,1
248,2019,49869.0,524584.0,7310.0,2448.0,584211.0,576901.0,0.9093137297387247,13.170360846521657,8.896998552743824,7.803026643632217,0,Bronx,1,1
248,2020,7617.0,479412.0,2646.0,2649.0,492324.0,489678.0,0.9790352027250561,13.080315631958255,7.880804344674901,7.88193748927207,0,Bronx,1,1
248,2021,6773.0,500916.0,1796.0,2403.0,511888.0,510092.0,0.9820110881958549,13.12419370133905,7.493317248862145,7.784473235736469,1,Bronx,1,1
248,2022,5656.0,502841.0,207.0,542.0,509246.0,509039.0,0.9878241156375052,13.12802929573095,5.332718793265369,6.295266001439646,1,Bronx,1,1
248,2023,3651.0,542598.0,133.0,879.0,547261.0,547128.0,0.9917204018072553,13.20412399324367,4.890349128221754,6.778784897685177,1,Bronx,1,1
248,2024,5256.0,570198.0,61.0,2456.0,577971.0,577910.0,0.9866553615614888,13.253738947913345,4.110873864173311,7.806289289267033,1,Bronx,1,1
248,2025,10192.0,606148.0,88.0,7768.0,624196.0,624108.0,0.9712229293647894,13.314879459655964,4.477336814478207,8.957768009971161,1,Bronx,1,1
249,2019,215991.0,2171797.0,111.0,1624905.0,4012804.0,4012693.0,0.5412317862343319,14.591065493421318,4.709530201312334,14.300959910498571,0,Manhattan,0,1
249,2020,2162.0,1102162.0,112.0,456602.0,1561038.0,1560926.0,0.7060949718308235,13.912784263335402,4.718498871295094,13.031567393269729,0,Manhattan,0,1
249,2021,7287.0,1693318.0,148.0,628732.0,2329485.0,2329337.0,0.7269527766913934,14.342200475727447,4.997212273764115,13.351460371755675,1,Manhattan,0,1
249,2022,16452.0,2243652.0,10.0,813887.0,3074001.0,3073991.0,0.7298824232081356,14.623615453384641,2.302585092994046,13.60957681470938,1,Manhattan,0,1
249,2023,19908.0,2303226.0,2.0,832639.0,3155775.0,3155773.0,0.729845270873412,14.649821306858277,0.6931471805599453,13.63235545386627,1,Manhattan,0,1
249,2024,12765.0,2244134.0,109.0,920699.0,3177707.0,3177598.0,0.706235968174703,14.623830258636875,4.6913478822291435,13.73288844314523,1,Manhattan,0,1
249,2025,11200.0,2093105.0,33.0,975669.0,3080007.0,3079974.0,0.6795852822134213,14.554159167393884,3.4965075614664802,13.790878668530214,1,Manhattan,0,1
250,2019,45542.0,482216.0,10457.0,3171.0,541386.0,530929.0,0.9082495022874998,13.086147425431314,9.25502688959859,8.061802274538348,0,Bronx,1,1
250,2020,5788.0,406406.0,3236.0,2483.0,417913.0,414677.0,0.9800543555586637,12.915107938916954,8.082093278178382,7.817222785508166,0,Bronx,1,1
250,2021,5212.0,483053.0,2151.0,2235.0,492651.0,490500.0,0.9848175331294597,13.087881657463582,7.67368812926773,7.711996507047669,1,Bronx,1,1
250,2022,6453.0,498782.0,212.0,653.0,506100.0,505888.0,0.9859534126130685,13.119924405529023,5.356586274672012,6.481577129276431,1,Bronx,1,1
250,2023,4201.0,538054.0,105.0,938.0,543298.0,543193.0,0.9905392742542706,13.195714205854227,4.653960350157523,6.843749949006225,1,Bronx,1,1
250,2024,6255.0,561245.0,28.0,2175.0,569703.0,569675.0,0.9852020889103437,13.23791280931295,3.332204510175204,7.684783943522785,1,Bronx,1,1
250,2025,12503.0,607191.0,105.0,7851.0,627650.0,627545.0,0.9675656725812491,13.31659868281932,4.653960350157523,8.968396191198256,1,Bronx,1,1
251,2019,18296.0,135023.0,149.0,114.0,153582.0,153433.0,0.8800127743053971,11.813200413279553,5.003946305945459,4.736198448394496,0,Staten Island,1,1
251,2020,8350.0,94672.0,11.0,52.0,103085.0,103074.0,0.9184857481033044,11.458173564916475,2.3978952727983707,3.9512437185814275,0,Staten Island,1,1
251,2021,8364.0,126938.0,10.0,40.0,135352.0,135342.0,0.9379054543305109,11.751454057261315,2.302585092994046,3.6888794541139363,1,Staten Island,1,1
251,2022,14993.0,145493.0,2.0,24.0,160512.0,160510.0,0.9064419662326335,11.887883254470728,0.6931471805599453,3.1780538303479458,1,Staten Island,1,1
251,2023,26359.0,171494.0,3.0,27.0,197883.0,197880.0,0.8666565595310289,12.052303559553387,1.0986122886681098,3.295836866004329,1,Staten Island,1,1
251,2024,27675.0,183129.0,0.0,59.0,210863.0,210863.0,0.8684738432062524,12.117946101518326,0.0,4.07753744390572,1,Staten Island,1,1
251,2025,23849.0,200287.0,0.0,152.0,224288.0,224288.0,0.8929902625196177,12.207506616901611,0.0,5.0238805208462765,1,Staten Island,1,1
252,2019,51712.0,260127.0,2227.0,1550.0,315616.0,313389.0,0.8300450877344131,12.468925252277623,7.708410667257367,7.346010209913293,0,Queens,1,1
252,2020,20164.0,171402.0,724.0,894.0,193184.0,192460.0,0.890585056635145,12.051766953689174,6.584791392385716,6.795705775173514,0,Queens,1,1
252,2021,21410.0,218776.0,381.0,803.0,241370.0,240989.0,0.9078256683915034,12.295803654299768,5.942799375126701,6.688354713946762,1,Queens,1,1
252,2022,18971.0,253120.0,105.0,317.0,272513.0,272408.0,0.9291944436286746,12.441618963561426,4.653960350157523,5.75890177387728,1,Queens,1,1
252,2023,15563.0,279400.0,58.0,412.0,295433.0,295375.0,0.9459162082099026,12.540399725804999,4.060443010546419,6.021023349349527,1,Queens,1,1
252,2024,7511.0,296340.0,60.0,1143.0,305054.0,304994.0,0.9716256713246818,12.599262722762726,4.0943445622221,7.04141166379481,1,Queens,1,1
252,2025,5334.0,326349.0,69.0,2925.0,334677.0,334608.0,0.9753173863147324,12.695722639863787,4.23410650459726,7.981049759665957,1,Queens,1,1
253,2019,1280.0,19920.0,917.0,271.0,22388.0,21471.0,0.9277630292021797,9.899479531138589,6.821107472256465,5.602118820879701,0,Queens,1,1
253,2020,470.0,4767.0,51.0,98.0,5386.0,5335.0,0.8935332708528585,8.469472455204826,3.9318256327243257,4.584967478670572,0,Queens,1,1
253,2021,482.0,15990.0,195.0,174.0,16841.0,16646.0,0.9605911330049262,9.679718805828,5.272999558563747,5.159055299214529,1,Queens,1,1
253,2022,354.0,19074.0,430.0,122.0,19980.0,19550.0,0.9756521739130435,9.856081430138858,6.063785208687608,4.804021044733257,1,Queens,1,1
253,2023,285.0,10978.0,374.0,114.0,11751.0,11377.0,0.9649292432099851,9.303648549109834,5.924255797414532,4.736198448394496,1,Queens,1,1
253,2024,221.0,9299.0,390.0,247.0,10157.0,9767.0,0.9520835466366335,9.137662146478197,5.966146739123692,5.5093883366279774,1,Queens,1,1
253,2025,139.0,9211.0,170.0,382.0,9902.0,9732.0,0.946465269214961,9.128153700988236,5.135798437050262,5.945420608606575,1,Queens,1,1
254,2019,94895.0,915578.0,16005.0,5088.0,1031566.0,1015561.0,0.9015489960721217,13.727310838812064,9.680656452403964,8.534640105019959,0,Bronx,1,1
254,2020,14546.0,847323.0,6203.0,5151.0,873223.0,867020.0,0.9772819542801781,13.649837246867115,8.732788324973118,8.546946149565585,0,Bronx,1,1
254,2021,10969.0,927846.0,4581.0,4337.0,947733.0,943152.0,0.9837714387500636,13.740621049721536,8.429672593886743,8.374938143835367,1,Bronx,1,1
254,2022,12524.0,936976.0,197.0,1504.0,951201.0,951004.0,0.985249273399481,13.750412947231904,5.2832037287379885,7.315883504509785,1,Bronx,1,1
254,2023,7598.0,1055154.0,124.0,1985.0,1064861.0,1064737.0,0.9909996553139414,13.869197285803473,4.820281565605037,7.59337419312129,1,Bronx,1,1
254,2024,13182.0,1137934.0,61.0,3766.0,1154943.0,1154882.0,0.985324907652903,13.94472489550149,4.110873864173311,8.233768709217097,1,Bronx,1,1
254,2025,27170.0,1222001.0,213.0,12896.0,1262280.0,1262067.0,0.9682536664059832,14.016000237043949,5.3612921657094255,9.464672464746409,1,Bronx,1,1
255,2019,209165.0,2601534.0,78695.0,60592.0,2949986.0,2871291.0,0.9060502749460086,14.77161182901014,11.273334899985702,11.011918150141575,0,Brooklyn,1,1
255,2020,1164.0,1215215.0,10272.0,10520.0,1237171.0,1226899.0,0.9904768037140792,14.010431573834655,9.237177025929743,9.261033486291701,0,Brooklyn,1,1
255,2021,2067.0,1583805.0,2938.0,12033.0,1600843.0,1597905.0,0.9911759460042994,14.275340737717729,7.9854843567338225,9.395408154438163,1,Brooklyn,1,1
255,2022,8018.0,2175906.0,3822.0,18820.0,2206566.0,2202744.0,0.9878161057299442,14.592955687495476,8.248529124800218,9.842675413139371,1,Brooklyn,1,1
255,2023,22243.0,2343265.0,2758.0,14803.0,2383069.0,2380311.0,0.984436487501003,14.667055813953867,7.922261058353247,9.602585141913492,1,Brooklyn,1,1
255,2024,16007.0,2434003.0,2276.0,31218.0,2483504.0,2481228.0,0.9809670856527494,14.70504778506788,7.730174795246222,10.348750130518358,1,Brooklyn,1,1
255,2025,12027.0,2442827.0,2699.0,82937.0,2540490.0,2537791.0,0.9625800548587334,14.70866653316016,7.900636613018005,11.32583656242037,1,Brooklyn,1,1
256,2019,169302.0,2070431.0,29633.0,48605.0,2317971.0,2288338.0,0.9047749939038726,14.54326735612871,10.296643884176694,10.79148168525517,0,Brooklyn,1,1
256,2020,2604.0,1111227.0,4235.0,10215.0,1128281.0,1124046.0,0.9885956624550952,13.920975368183234,8.351138607086154,9.231612507251722,0,Brooklyn,1,1
256,2021,2936.0,1424113.0,2190.0,12592.0,1441831.0,1439641.0,0.9892139776513728,14.169059721738286,7.691656822810547,9.440816970657185,1,Brooklyn,1,1
256,2022,9976.0,1794857.0,2205.0,15780.0,1822818.0,1820613.0,0.985853116505265,14.400435910992872,7.6984827878809465,9.666498594399865,1,Brooklyn,1,1
256,2023,22579.0,1953789.0,1408.0,11834.0,1989610.0,1988202.0,0.982691396548238,14.485281122130877,7.249925536717988,9.378732023236639,1,Brooklyn,1,1
256,2024,15854.0,2002050.0,1143.0,21824.0,2040871.0,2039728.0,0.9815279292140913,14.509682213570407,7.04141166379481,9.990765560643188,1,Brooklyn,1,1
256,2025,13707.0,2037409.0,533.0,62101.0,2113750.0,2113217.0,0.9641267318973867,14.527189460523065,6.278521424165844,11.036517370851499,1,Brooklyn,1,1
257,2019,34347.0,351455.0,5083.0,3664.0,394549.0,389466.0,0.902402263612228,12.769836959277642,8.533656917446903,8.20631072579402,0,Brooklyn,1,1
257,2020,6598.0,195163.0,1111.0,1286.0,204158.0,203047.0,0.9611715514142046,12.181590385814085,7.01301578963963,7.1592919047975645,0,Brooklyn,1,1
257,2021,5746.0,249303.0,864.0,1381.0,257294.0,256430.0,0.9722068400733144,12.426424303133588,6.761572768804055,7.2305631534092925,1,Brooklyn,1,1
257,2022,5235.0,307078.0,165.0,681.0,313159.0,312994.0,0.9810986792079082,12.634857065959833,5.10594547390058,6.523562306149512,1,Brooklyn,1,1
257,2023,2651.0,327665.0,102.0,735.0,331153.0,331051.0,0.9897719686694799,12.699747023978269,4.624972813284271,6.5998704992128365,1,Brooklyn,1,1
257,2024,3042.0,349152.0,37.0,1764.0,353995.0,353958.0,0.9864221178783924,12.763262636454826,3.6109179126442243,7.475339236566737,1,Brooklyn,1,1
257,2025,4315.0,374054.0,71.0,5504.0,383944.0,383873.0,0.9744212278540038,12.832155451000892,4.2626798770413155,8.61323037961318,1,Brooklyn,1,1
258,2019,54559.0,625939.0,5438.0,3066.0,689002.0,683564.0,0.9156991883715351,13.347008201244796,8.601166625192416,8.028129059431759,0,Queens,1,1
258,2020,7436.0,492395.0,1554.0,2127.0,503512.0,501958.0,0.9809486052617948,13.10703651889482,7.348587530927593,7.6624678152002375,0,Queens,1,1
258,2021,5603.0,595480.0,1091.0,1610.0,603784.0,602693.0,0.9880320494845635,13.297123081990993,6.994849985833071,7.383989457978509,1,Queens,1,1
258,2022,7039.0,652878.0,390.0,565.0,660872.0,660482.0,0.9884871957146447,13.389145560788354,5.966146739123692,6.336825731146441,1,Queens,1,1
258,2023,6142.0,722879.0,199.0,1040.0,730260.0,730061.0,0.9901624658761391,13.490997128905352,5.293304824724492,6.946975992135418,1,Queens,1,1
258,2024,7793.0,764563.0,112.0,3220.0,775688.0,775576.0,0.9858002310540811,13.547059707757832,4.718498871295094,8.077136638538454,1,Queens,1,1
258,2025,10795.0,793775.0,134.0,13174.0,817878.0,817744.0,0.9706888708446654,13.58455532475604,4.897839799950911,9.486000469200638,1,Queens,1,1
259,2019,78559.0,563229.0,7252.0,2431.0,651471.0,644219.0,0.8742818824033443,13.241441573977601,8.889032571874742,7.796057974316123,0,Bronx,1,1
259,2020,22632.0,493148.0,2684.0,2434.0,520898.0,518214.0,0.9516300215740987,13.108564610812728,7.895063498091573,7.797291273547472,0,Bronx,1,1
259,2021,7582.0,580976.0,1736.0,2102.0,592396.0,590660.0,0.9836047810923374,13.272464726891345,7.459338895220296,7.650644551436897,1,Bronx,1,1
259,2022,8238.0,632261.0,58.0,530.0,641087.0,641029.0,0.9863219916727637,13.357057562561964,4.060443010546419,6.272877006546167,1,Bronx,1,1
259,2023,4855.0,719829.0,77.0,954.0,725715.0,725638.0,0.9919946309316767,13.486768962784646,4.343805421853684,6.860663671448287,1,Bronx,1,1
259,2024,6968.0,772675.0,25.0,1988.0,781656.0,781631.0,0.988541907882364,13.557613799315185,3.2188758248682006,7.59488438721652,1,Bronx,1,1
259,2025,14059.0,853453.0,123.0,7134.0,874769.0,874646.0,0.9757696256542647,13.657045752330715,4.812184355372417,8.872627365918836,1,Bronx,1,1
260,2019,95414.0,901853.0,123854.0,41765.0,1162886.0,1039032.0,0.8679742298601005,13.712206814588349,11.726858731529594,10.639813947190007,0,Queens,1,1
260,2020,16087.0,586184.0,20897.0,11974.0,635142.0,614245.0,0.9543162744507485,13.28138901244767,9.947360886980098,9.390492911485298,0,Queens,1,1
260,2021,15926.0,728347.0,7671.0,8737.0,760681.0,753010.0,0.9672474469130556,13.49853286196973,8.945202263959297,9.075322160298095,1,Queens,1,1
260,2022,12341.0,872822.0,10722.0,7131.0,903016.0,892294.0,0.9781775961734586,13.67948691941614,9.280052984387483,8.872206756028303,1,Queens,1,1
260,2023,12098.0,975823.0,13549.0,6575.0,1008045.0,994496.0,0.9812236549971041,13.791036496489868,9.51406802284643,8.791029857045965,1,Queens,1,1
260,2024,11328.0,1036297.0,9686.0,10983.0,1068294.0,1058608.0,0.9789242099058386,13.851164340253519,9.178436822963175,9.304103901788347,1,Queens,1,1
260,2025,13605.0,1116571.0,5314.0,29199.0,1164689.0,1159375.0,0.9630801078167116,13.925772939821323,8.57810012631976,10.281889741094604,1,Queens,1,1
261,2019,89428.0,861898.0,123.0,487964.0,1439413.0,1439290.0,0.598835536966143,13.66689221317799,4.812184355372417,13.097996911622305,0,Manhattan,0,1
261,2020,5355.0,402743.0,169.0,108743.0,517010.0,516841.0,0.779239650105158,12.906053920379177,5.1298987149230735,11.596742579063141,0,Manhattan,0,1
261,2021,2650.0,586496.0,100.0,124795.0,714041.0,713941.0,0.8214908514849266,13.281921126933058,4.605170185988092,11.734427670012312,1,Manhattan,0,1
261,2022,7585.0,849772.0,9.0,195462.0,1052828.0,1052819.0,0.807139688778413,13.65272335719086,2.1972245773362196,12.183121266113066,1,Manhattan,0,1
261,2023,9357.0,896184.0,1.0,192413.0,1097955.0,1097954.0,0.8162309167779342,13.705901028017033,0.0,12.167399382498726,1,Manhattan,0,1
261,2024,6667.0,891827.0,23.0,208631.0,1107148.0,1107125.0,0.8055341537766738,13.701027446563812,3.1354942159291497,12.248322420286952,1,Manhattan,0,1
261,2025,8549.0,897047.0,68.0,223126.0,1128790.0,1128722.0,0.7947457389862163,13.706863536546749,4.219507705176107,12.315491913298715,1,Manhattan,0,1
262,2019,119621.0,1106487.0,342.0,1012614.0,2239064.0,2238722.0,0.4942493976474078,13.91670068964688,5.834810737062605,13.828045664217354,0,Manhattan,0,1
262,2020,2540.0,593513.0,290.0,358787.0,955130.0,954840.0,0.6215837208328097,13.293814396751534,5.66988092298052,12.790484176626329,0,Manhattan,0,1
262,2021,3015.0,685169.0,408.0,442742.0,1131334.0,1130926.0,0.6058477743017668,13.437420802143608,6.0112671744041615,13.000742486594202,1,Manhattan,0,1
262,2022,5906.0,842296.0,124.0,525803.0,1374129.0,1374005.0,0.6130225144741104,13.643886775390362,4.820281565605037,13.17268189685312,1,Manhattan,0,1
262,2023,9851.0,911467.0,74.0,496880.0,1418272.0,1418198.0,0.6426937564430355,13.722810668386229,4.30406509320417,13.116103827233184,1,Manhattan,0,1
262,2024,7333.0,875527.0,55.0,544514.0,1427429.0,1427374.0,0.6133830376621684,13.68258126975279,4.007333185232471,13.207648932686688,1,Manhattan,0,1
262,2025,8544.0,824341.0,100.0,574883.0,1407868.0,1407768.0,0.585565945525115,13.622339558236998,4.605170185988092,13.261921820814107,1,Manhattan,0,1
263,2019,156719.0,1438645.0,4180.0,1538838.0,3138382.0,3134202.0,0.45901476675721603,14.179212256337681,8.338066525518801,14.246538144122567,0,Manhattan,0,1
263,2020,4924.0,809697.0,1791.0,567409.0,1383821.0,1382030.0,0.5858751257208599,13.604415382591387,7.490529402060711,13.248835663056964,0,Manhattan,0,1
263,2021,4004.0,958670.0,1831.0,727313.0,1691818.0,1689987.0,0.5672647186043442,13.77330218620038,7.5126175446745105,13.497112200312602,1,Manhattan,0,1
263,2022,10525.0,1184307.0,1023.0,824780.0,2020635.0,2019612.0,0.5864032299273326,13.984668351356646,6.930494765951626,13.622871963088274,1,Manhattan,0,1
263,2023,12792.0,1298794.0,821.0,708901.0,2021308.0,2020487.0,0.6428123516756109,14.07694669955125,6.710523109452428,13.471471162478311,1,Manhattan,0,1
263,2024,8993.0,1302318.0,626.0,744445.0,2056382.0,2055756.0,0.6334983334598074,14.079656311560345,6.439350371100098,13.520394253293354,1,Manhattan,0,1
263,2025,10624.0,1262111.0,626.0,780798.0,2054159.0,2053533.0,0.6146046837328643,14.048296273841416,6.439350371100098,13.568071752602329,1,Manhattan,0,1
264,2019,16808715.0,2382.0,2522.0,711885.0,17525504.0,17522982.0,0.00013593576709717558,7.775695749915245,7.8328075165248645,13.475671660494928,0,,0,0
264,2020,8484542.0,1.0,582.0,148976.0,8634101.0,8633519.0,1.1582762486536487e-07,0.0,6.366470447731438,11.91154049812831,0,,0,0
264,2021,2354.0,57.0,586.0,212472.0,215469.0,214883.0,0.000265260630203413,4.04305126783455,6.373319789577012,12.266565493958995,1,,0,0
264,2022,38.0,1.0,718.0,448268.0,449025.0,448307.0,2.230614288869012e-06,0.0,6.576469569048224,13.013146546823998,1,,0,0
264,2023,141.0,0.0,446.0,319473.0,320060.0,319614.0,0.0,0.0,6.100318952020064,12.674428042186552,1,,0,0
264,2024,70.0,0.0,518.0,113664.0,114252.0,113734.0,0.0,0.0,6.249975242259483,11.641002006911787,1,,0,0
264,2025,3.0,5.0,523.0,74933.0,75464.0,74941.0,6.671915239988791e-05,1.6094379124341003,6.259581464064923,11.224349659925092,1,,0,0
265,2019,415106.0,10457.0,2455.0,23295.0,451313.0,448858.0,0.02329690013322699,9.25502688959859,7.805882040228621,10.055994024250897,0,,0,0
265,2020,50955.0,9973.0,2147.0,31487.0,94562.0,92415.0,0.10791538170210464,9.207636720401869,7.671826797878781,10.3573300412176,0,,0,0
265,2021,48435.0,12029.0,1679.0,92436.0,154579.0,152900.0,0.07867233485938521,9.395075679994072,7.425953657077541,11.434271792140967,1,,0,0
265,2022,50655.0,10514.0,571.0,54486.0,116226.0,115655.0,0.09090830487224937,9.260462981379394,6.3473892096560105,10.905699066917883,1,,0,0
265,2023,44569.0,10831.0,409.0,14012.0,69821.0,69412.0,0.15603930156168963,9.290167671835738,6.013715156042802,9.547669384317377,1,,0,0
265,2024,31148.0,9428.0,264.0,9246.0,50086.0,49822.0,0.18923367187186382,9.151439264056021,5.575949103146316,9.13194630454817,1,,0,0
265,2025,33571.0,10365.0,254.0,9160.0,53350.0,53096.0,0.19521244538194968,9.24619002486988,5.537334267018537,9.122601457668177,1,,0,0
