date,AAR,BT,Bus,CBD Entries,CRZ Entries,LIRR,MNR,SIR,Subway
2020-03-01,19922,690074,984908,,,86790,55825,1636,2212965
2020-03-02,30338,766591,2209066,,,321569,180701,17140,5329915
2020-03-03,32767,773392,2228608,,,319727,190648,17453,5481103
2020-03-04,34297,794316,2177165,,,311662,192689,17136,5498809
2020-03-05,33209,816054,2244515,,,307597,194386,17203,5496453
2020-03-06,30970,830505,2066743,,,289171,205056,15285,5189447
2020-03-07,18117,722378,1249085,,,106058,75838,2445,2814637
2020-03-08,19477,669603,957163,,,81565,60800,1672,2120656
2020-03-09,29609,754118,2124770,,,277001,183953,16122,4973513
2020-03-10,31315,747295,2111989,,,259324,179050,15805,4867818
2020-03-11,32198,757001,2112967,,,245798,175074,15340,4697122
2020-03-12,30814,772233,1938424,,,197178,169547,14169,4149505
2020-03-13,26640,751270,1715737,,,158582,167176,11769,3484996
2020-03-14,13394,544028,993287,,,44885,39701,2135,1670665
2020-03-15,12480,461936,711555,,,33407,32641,1368,1157711
2020-03-16,21145,615758,1237309,,,119333,153262,5741,2178555
2020-03-17,18173,561066,1094949,,,83578,147391,4573,1788786
2020-03-18,15942,545521,1059502,,,74883,146118,4133,1625280
2020-03-19,14116,487894,933602,,,59538,144466,3452,1422112
2020-03-20,12744,483475,868602,,,50021,145160,3124,1309125
2020-03-21,6467,327396,411491,,,12438,23700,1044,619618
2020-03-22,4824,237248,73517,,,8891,20830,641,408723
2020-03-23,9902,307988,59321,,,30564,139285,1639,709499
2020-03-24,9133,336568,60334,,,29785,139194,1727,741587
2020-03-25,9512,318687,51769,,,26143,138239,1572,690032
2020-03-26,8795,331502,49970,,,23809,138668,1563,680360
2020-03-27,8409,337501,45514,,,20355,138903,1495,656817
2020-03-28,4491,203924,19745,,,5279,19088,600,332393
2020-03-29,3374,167032,14307,,,4358,18152,419,263700
2020-03-30,8084,292157,33659,,,19741,137762,1140,545215
2020-03-31,7672,285703,32211,,,16194,137464,1043,508106
2020-04-01,8151,289625,29373,,,10548,9300,720,513481
2020-04-02,7077,287703,26788,,,10057,9492,882,485586
2020-04-03,7794,288361,24418,,,9657,9770,843,483357
2020-04-04,4375,207438,13168,,,3727,4451,425,282278
2020-04-05,2763,178015,9748,,,2969,3601,300,227303
2020-04-06,7093,284125,22418,,,10127,9832,819,445454
2020-04-07,7041,284087,21623,,,9312,9589,732,434986
2020-04-08,6950,275495,20361,,,9039,9292,721,427485
2020-04-09,6243,257761,18734,,,8413,8931,690,404635
2020-04-10,5378,267101,17135,,,8247,9573,672,400275
2020-04-11,4235,217170,9718,,,2749,4179,406,257061
2020-04-12,2525,185082,7041,,,2245,3281,294,198399
2020-04-13,6205,241674,14408,,,8192,8824,649,363312
2020-04-14,6585,302390,17937,,,8816,9592,791,430155
2020-04-15,6928,290010,16895,,,8596,9492,792,419059
2020-04-16,6563,295000,16632,,,8462,9528,790,420223
2020-04-17,7048,323119,16350,,,8271,9989,738,432368
2020-04-18,4202,215953,8115,,,2449,3965,339,254453
2020-04-19,2742,236862,6929,,,2159,3884,340,224411
2020-04-20,7050,316291,16522,,,8912,10063,770,437852
2020-04-21,6613,301581,15231,,,8264,9374,753,422107
2020-04-22,7496,340320,16487,,,8674,9694,793,458781
2020-04-23,6969,328530,15786,,,8425,9527,780,453520
2020-04-24,7040,330440,14237,,,7821,9722,688,443956
2020-04-25,4719,301092,8832,,,2869,4987,449,295387
2020-04-26,2506,197375,5498,,,1903,3495,309,218787
2020-04-27,6922,326068,15283,,,8828,10243,812,462888
2020-04-28,7542,372121,16380,,,9167,10531,826,489247
2020-04-29,7844,348833,15406,,,9100,10165,790,477799
2020-04-30,7253,344704,14062,,,9335,9971,764,465869
2020-05-01,8332,379886,14893,,,6200,9206,763,494549
2020-05-02,5493,345806,8912,,,3959,5908,489,325865
2020-05-03,3263,303778,6404,,,3314,4839,334,258865
2020-05-04,8287,381469,16315,,,11158,10764,897,511866
2020-05-05,8445,393984,16377,,,13265,10604,894,522085
2020-05-06,8832,378599,15677,,,14489,10107,822,508824
2020-05-07,8509,417360,16130,,,16139,11247,930,535073
2020-05-08,8656,414244,14571,,,15714,11242,811,526054
2020-05-09,5055,315809,7594,,,7651,6017,489,316883
2020-05-10,3962,355358,6367,,,7990,5878,406,271947
2020-05-11,7636,390499,15176,,,18349,11434,829,520873
2020-05-12,8271,416060,15989,,,19018,11488,914,553372
2020-05-13,9437,435051,16170,,,19356,11931,956,565377
2020-05-14,8855,444415,15905,,,19310,12131,923,567392
2020-05-15,9473,484177,15481,,,20092,12936,976,587808
2020-05-16,5947,411404,8742,,,11075,8100,485,360844
2020-05-17,3577,336478,6504,,,8793,6168,337,287418
2020-05-18,8969,431981,17206,,,22113,13141,1036,595469
2020-05-19,9290,455808,17296,,,21599,12777,1067,610884
2020-05-20,10224,465004,17674,,,22224,12753,1044,623749
2020-05-21,9731,502922,17565,,,22585,13294,1069,629298
2020-05-22,9782,542006,16453,,,22830,14711,1046,633883
2020-05-23,5550,334555,7186,,,10983,7613,420,335830
2020-05-24,4117,394315,6642,,,11871,8977,361,320015
2020-05-25,5428,383110,7996,,,19321,12982,441,393918
2020-05-26,9875,506197,17819,,,26691,14937,1173,656766
2020-05-27,11088,516570,17911,,,26483,14432,1240,674465
2020-05-28,10030,503174,17535,,,25175,14161,1191,658057
2020-05-29,10185,517166,16378,,,25070,15697,1094,657259
2020-05-30,6143,461626,9112,,,15557,11003,18,426737
2020-05-31,4216,426968,6724,,,13554,9390,2,344426
2020-06-01,10760,511968,17833,,,34339,16184,1358,687162
2020-06-02,11206,497721,16576,,,33769,16294,1516,693760
2020-06-03,11962,500559,17830,,,32523,15649,1323,681714
2020-06-04,12000,562094,18538,,,29771,17149,1346,726672
2020-06-05,11698,555332,16863,,,33482,18065,1249,703576
2020-06-06,6591,473661,8912,,,18090,12179,9,464198
2020-06-07,4650,466227,7579,,,16797,11231,95,377990
2020-06-08,11957,556739,25663,,,42630,20140,1596,804542
2020-06-09,12869,589581,26247,,,42274,19543,1662,842306
2020-06-10,13616,586815,26735,,,43083,20517,1767,857015
2020-06-11,12514,566200,24284,,,40961,19525,1576,818297
2020-06-12,13224,664835,24459,,,45072,24165,1656,896658
2020-06-13,7794,543506,12115,,,25355,16675,17,545316
2020-06-14,5195,487268,8731,,,20859,13794,7,430439
2020-06-15,12953,584897,27057,,,47545,22841,1813,897112
2020-06-16,12939,601457,28049,,,46876,22555,1874,932671
2020-06-17,14595,614357,27924,,,47166,24167,1857,948461
2020-06-18,13808,631766,27516,,,47851,24081,1936,942382
2020-06-19,13868,694039,25578,,,50201,27772,1751,986929
2020-06-20,8185,577260,11899,,,28959,18559,22,576075
2020-06-21,6328,566717,9072,,,27094,16719,,449497
2020-06-22,13314,638159,30863,,,53878,25367,2027,1000046
2020-06-23,15069,647403,32305,,,52898,24909,2219,1050786
2020-06-24,15155,651692,32504,,,52354,25277,2194,1068333
2020-06-25,14854,680113,32393,,,53444,25644,2210,1078796
2020-06-26,15048,723614,30480,,,55647,29700,2115,1102382
2020-06-27,8541,541589,12942,,,26773,17932,686,615398
2020-06-28,5748,540549,10167,,,25680,15918,590,535898
2020-06-29,14705,669113,33264,,,63309,28163,2317,1100769
2020-06-30,15291,658682,33996,,,57955,27077,2386,1113124
2020-07-01,16451,677917,32921,,,56505,27770,2305,1120537
2020-07-02,15981,769172,32730,,,64261,31948,2365,1170483
2020-07-03,10915,610636,16862,,,56181,32049,1138,851877
2020-07-04,8391,488652,10769,,,38388,22085,690,591605
2020-07-05,6280,575881,9832,,,34569,19136,528,533692
2020-07-06,14886,652916,31548,,,63862,30556,2222,1084956
2020-07-07,16003,650942,33595,,,61756,30507,2403,1157185
2020-07-08,16980,658258,34242,,,63048,30174,2454,1172279
2020-07-09,17017,714635,34762,,,65483,31913,2571,1211280
2020-07-10,15738,618046,25544,,,55929,29683,2117,1030632
2020-07-11,8453,535729,12872,,,30059,18683,812,692977
2020-07-12,7395,617036,10966,,,34905,19859,731,628187
2020-07-13,15928,658044,33302,,,66384,31876,2504,1175700
2020-07-14,17081,693968,35391,,,66321,31921,2669,1241080
2020-07-15,18149,700896,34701,,,66549,32603,2751,1248413
2020-07-16,17230,713530,34199,,,66732,33258,2756,1249128
2020-07-17,16401,711817,29696,,,64806,35414,2427,1207265
2020-07-18,9785,649967,14335,,,41235,24071,786,778936
2020-07-19,7052,609862,9845,,,36429,18675,504,584994
2020-07-20,15957,672293,30196,,,67721,32279,2428,1156735
2020-07-21,16831,691059,32482,,,67594,33213,2725,1241819
2020-07-22,17582,683364,33863,,,65348,32485,2716,1233668
2020-07-23,17056,688709,33999,,,65637,32975,2632,1233795
2020-07-24,17311,719421,29987,,,65889,36639,2511,1218138
2020-07-25,10350,671119,14777,,,43340,25173,799,816604
2020-07-26,7429,609707,9711,,,36164,20170,542,606910
2020-07-27,16607,693677,32072,,,70114,31568,2626,1203503
2020-07-28,16892,681857,33753,,,66687,31677,2635,1241770
2020-07-29,18216,714559,35257,,,69995,33733,2778,1296102
2020-07-30,17333,717003,33982,,,68958,34122,2746,1270172
2020-07-31,17654,747216,29917,,,67648,38040,2429,1258539
2020-08-01,10685,695946,16087,,,44405,26261,904,842468
2020-08-02,7431,561396,9874,,,30502,17885,615,590060
2020-08-03,17594,715550,36945,,,70779,32884,2955,1272996
2020-08-04,14924,507501,29426,,,36835,22286,1499,1027187
2020-08-05,18299,740063,38283,,,58005,26598,2824,1348202
2020-08-06,19117,739952,37059,,,66671,28283,3125,1334694
2020-08-07,17502,735101,32170,,,65969,32882,2741,1283894
2020-08-08,10613,630411,15143,,,41729,23513,806,833287
2020-08-09,8287,649493,11534,,,37616,20503,649,662993
2020-08-10,18178,720799,34883,,,73548,33500,2995,1275268
2020-08-11,18546,716441,36426,,,72436,33509,3164,1319814
2020-08-12,19346,696198,36053,,,68345,33736,3124,1298963
2020-08-13,18608,713144,34723,,,69223,33822,2971,1291277
2020-08-14,18113,777169,32713,,,72916,39342,3012,1355786
2020-08-15,11487,699313,15522,,,46806,27677,974,860789
2020-08-16,7902,537419,8603,,,29858,18164,529,554451
2020-08-17,17377,701456,34768,,,74453,35362,3058,1304485
2020-08-18,19274,729923,36646,,,74213,34361,2951,1369617
2020-08-19,19915,710695,34181,,,70104,34377,2783,1292148
2020-08-20,19344,775926,35059,,,75643,37078,2960,1410489
2020-08-21,19035,792319,31342,,,76062,41110,2769,1387463
2020-08-22,11456,708443,13705,,,49095,27784,871,882522
2020-08-23,8297,641684,9698,,,37891,22496,633,671560
2020-08-24,17643,710872,34021,,,75145,35904,2756,1307345
2020-08-25,18682,715798,34993,,,73331,35689,2845,1346490
2020-08-26,20659,748927,35975,,,76583,36621,3012,1407639
2020-08-27,19271,739049,33969,,,73060,35551,2856,1358272
2020-08-28,18845,787675,31956,,,76114,41222,2716,1388583
2020-08-29,9814,555413,14035,,,37641,22234,798,773667
2020-08-30,9752,706101,16027,,,45147,26520,825,748061
2020-08-31,18185,711594,787291,,,78122,37727,3184,1397264
2020-09-01,18929,704251,947758,,,76483,36035,3217,1469274
2020-09-02,19990,703330,972213,,,77585,36159,3192,1487969
2020-09-03,19992,758827,1022623,,,82554,39920,3327,1529185
2020-09-04,20223,817722,1030811,,,88345,47152,3148,1568385
2020-09-05,12118,694277,715922,,,50550,34621,21,1013725
2020-09-06,10160,655687,559273,,,44727,28565,191,819409
2020-09-07,9261,611390,615802,,,80050,27326,1210,870964
2020-09-08,19806,726886,1039401,,,90603,42963,3496,1555816
2020-09-09,21801,719499,1072887,,,86063,41954,3586,1610076
2020-09-10,20181,697793,997030,,,82142,39296,3403,1543662
2020-09-11,20809,781923,1070920,,,88582,47781,3442,1690334
2020-09-12,12349,693696,752875,,,44546,32400,29,1083698
2020-09-13,9315,611591,557231,,,36686,24009,4,796740
2020-09-14,19888,697572,1065601,,,89498,41286,3515,1604381
2020-09-15,20763,711338,1091806,,,87025,41288,3696,1678078
2020-09-16,22070,711372,1097389,,,87034,41417,3496,1686909
2020-09-17,21005,740052,1094592,,,86854,42339,3617,1692368
2020-09-18,20702,781132,1083295,,,90657,48213,3367,1725443
2020-09-19,12246,697698,752437,,,46777,34608,1001,1136947
2020-09-20,9269,615409,558863,,,38973,26328,760,827605
2020-09-21,19488,686709,1058256,,,89706,41901,3497,1624139
2020-09-22,21103,704257,1095678,,,87376,41389,3821,1698504
2020-09-23,22501,727921,1119904,,,88998,42506,3710,1735333
2020-09-24,21554,747851,1107707,,,89129,42969,3816,1722364
2020-09-25,21233,796850,1110956,,,92506,49819,3708,1761591
2020-09-26,12128,718420,755197,,,47169,35771,32,1120143
2020-09-27,9491,636532,576684,,,39994,28480,5,846179
2020-09-28,17678,658998,985185,,,89664,43237,3371,1489240
2020-09-29,20517,688012,1057135,,,88444,40515,3632,1661264
2020-09-30,21424,717050,1101663,,,89223,41967,3704,1740820
2020-10-01,22309,759870,1159859,,,86082,42390,4003,1809958
2020-10-02,21626,776683,1115793,,,87291,48883,3589,1790612
2020-10-03,12759,705741,777674,,,45018,36907,33,1168040
2020-10-04,10010,617011,570608,,,34976,27667,761,852830
2020-10-05,19971,681284,1102675,,,88694,42257,3587,1678792
2020-10-06,21475,698860,1137217,,,87748,43803,3866,1758454
2020-10-07,23027,710155,1123231,,,87119,43534,3791,1770617
2020-10-08,21964,738395,1126770,,,87959,44802,3913,1798005
2020-10-09,21274,782600,1117172,,,78663,52686,3700,1808079
2020-10-10,12627,716866,771088,,,44528,41409,1430,1170227
2020-10-11,9470,603801,564051,,,34593,28784,1049,848469
2020-10-12,15722,598916,767564,,,76776,39838,2237,1284655
2020-10-13,20909,667518,1063680,,,76552,42205,3670,1715183
2020-10-14,23169,719962,1162256,,,89173,45148,3956,1838682
2020-10-15,22834,757151,1152434,,,90288,46249,4069,1853753
2020-10-16,20776,715224,974110,,,83798,47291,3366,1671320
2020-10-17,11831,691236,778070,,,43768,37764,1588,1209473
2020-10-18,9998,655748,583350,,,34682,30690,1074,896812
2020-10-19,20812,683334,1105134,,,89186,44368,3570,1719153
2020-10-20,21936,688694,1119283,,,86591,42741,3859,1780231
2020-10-21,22959,704874,1140385,,,86210,44102,3848,1812949
2020-10-22,22391,738372,1140210,,,88686,45770,3927,1825208
2020-10-23,21766,769176,1123540,,,89931,51765,3680,1842588
2020-10-24,12916,699927,775122,,,43618,38673,,1185612
2020-10-25,10074,632680,572347,,,33678,28321,,885001
2020-10-26,20817,663499,1061566,,,86745,43557,3429,1690651
2020-10-27,21870,688233,1143906,,,87401,43340,3642,1815242
2020-10-28,23258,700135,1119450,,,86652,43289,3676,1819352
2020-10-29,20925,677257,987440,,,81794,41157,3539,1705072
2020-10-30,21243,718742,1030639,,,84254,47967,3270,1768018
2020-10-31,12816,643982,747636,,,41538,34077,20,1174059
2020-11-01,10180,573521,510820,,,29495,22602,3,786675
2020-11-02,21127,671888,1072262,,,87198,40609,3535,1747908
2020-11-03,20416,625256,1027710,,,82140,39749,3184,1602912
2020-11-04,22174,656967,1089354,,,81551,38818,3448,1690489
2020-11-05,22937,714654,1130774,,,86987,41550,3793,1793796
2020-11-06,22659,749668,1120729,,,89499,48138,3546,1837314
2020-11-07,13409,687679,752851,,,46368,35870,35,1246321
2020-11-08,10474,633243,587220,,,38485,27961,846,927670
2020-11-09,21444,675604,1111203,,,91681,42627,3561,1752614
2020-11-10,23138,699076,1151911,,,91532,43083,3848,1836902
2020-11-11,20263,622409,969123,,,83306,40073,3050,1614812
2020-11-12,22059,680988,1054132,,,86189,40381,3546,1776666
2020-11-13,22054,716046,1061680,,,86252,45127,3332,1816693
2020-11-14,12928,635637,755951,,,41422,31397,14,1215477
2020-11-15,9763,514867,528421,,,30948,20946,697,820858
2020-11-16,21851,658968,1079560,,,89463,41961,3532,1741750
2020-11-17,22524,664732,1092416,,,86965,40078,3584,1788847
2020-11-18,23390,678350,1065597,,,84069,39693,3495,1787688
2020-11-19,21780,698169,1056928,,,84662,40122,3529,1757535
2020-11-20,22945,736628,1079029,,,87402,44683,3473,1800423
2020-11-21,13193,645448,750801,,,39204,27716,19,1157957
2020-11-22,10694,517830,542124,,,31019,20269,92,817963
2020-11-23,21297,660835,1005225,,,87693,40668,3223,1646525
2020-11-24,22814,716305,1068789,,,89805,41772,3405,1735702
2020-11-25,21450,739563,1037242,,,93444,46209,3166,1688227
2020-11-26,12151,476637,444391,,,72572,20393,847,652276
2020-11-27,12395,579048,815993,,,77273,25009,2046,1263473
2020-11-28,10808,561092,689580,,,37770,24688,1203,1032823
2020-11-29,9360,548733,548548,,,32628,21898,826,826974
2020-11-30,19751,574662,849277,,,80033,37026,3035,1459131
2020-12-01,21693,855711,1068627,,,73589,35225,3432,1706348
2020-12-02,22712,748924,1026056,,,73631,35615,3277,1699968
2020-12-03,22941,769462,1070197,,,75093,37013,3325,1736045
2020-12-04,21960,777856,1024641,,,72062,39228,3121,1701628
2020-12-05,10151,573714,617332,,,33528,19727,996,1000240
2020-12-06,9904,591731,547330,,,35055,19652,885,878393
2020-12-07,21424,731655,1032813,,,77787,36890,3209,1656627
2020-12-08,22177,746111,1034410,,,75033,36403,3185,1540893
2020-12-09,22459,752016,1018247,,,74734,35917,3233,1701926
2020-12-10,22845,786581,1075970,,,76847,37600,3346,1761336
2020-12-11,22751,823997,1064457,,,79717,42420,3278,1786290
2020-12-12,12307,673151,703892,,,41791,24118,20,1091352
2020-12-13,10208,660776,582389,,,39293,22669,80,911439
2020-12-14,21333,725902,955525,,,75008,36057,2979,1584089
2020-12-15,23432,821393,1088287,,,78446,38322,3353,1783388
2020-12-16,19296,632195,853797,,,68092,33572,2899,1569079
2020-12-17,9940,298209,523854,,,21417,12527,1613,1079818
2020-12-18,17537,738425,943587,,,74908,41287,3063,1735664
2020-12-19,11589,653358,670787,,,41101,24217,25,1112827
2020-12-20,9585,556415,516593,,,32597,18767,736,821265
2020-12-21,21647,779140,1028489,,,81225,39814,3244,1716035
2020-12-22,22820,821140,1046799,,,82001,39579,3254,1760948
2020-12-23,23305,867193,1048565,,,84404,42100,3201,1772537
2020-12-24,15928,762357,822916,,,75759,38899,2176,1312480
2020-12-25,8611,477472,314171,,,51348,14435,631,485208
2020-12-26,9094,595107,559111,,,36047,22076,1014,879170
2020-12-27,9457,596095,474033,,,34432,20470,901,760350
2020-12-28,18820,745278,922336,,,81566,41012,3027,1510168
2020-12-29,19717,761890,930711,,,78904,39416,3097,1555198
2020-12-30,20922,801993,948194,,,79298,40962,2990,1582486
2020-12-31,17167,706032,792993,,,75157,39947,2162,1274984
2021-01-01,5960,446899,378288,,,28977,14988,805,613692
2021-01-02,10450,626033,608686,,,28879,23139,1194,988418
2021-01-03,9745,497567,413820,,,20819,15546,728,653187
2021-01-04,20612,689950,964597,,,71078,35679,3260,1557977
2021-01-05,21641,710475,990479,,,70424,35805,3392,1597518
2021-01-06,22795,744816,996123,,,70289,35857,3260,1613629
2021-01-07,21571,738699,989097,,,69695,36344,3149,1611099
2021-01-08,21641,756595,982175,,,68649,39102,3017,1619242
2021-01-09,12023,632270,643475,,,26962,22332,806,990412
2021-01-10,9467,565726,501437,,,23751,18076,593,763097
2021-01-11,21089,709963,966517,,,72285,36015,3123,1568207
2021-01-12,21623,732786,997279,,,71403,36563,3297,1640428
2021-01-13,22720,740020,996646,,,70591,36488,3160,1641652
2021-01-14,21950,755924,1017757,,,70937,37403,3234,1647396
2021-01-15,21819,790866,981817,,,70180,41025,2978,1627120
2021-01-16,11654,632549,645625,,,27116,22548,1099,991500
2021-01-17,9880,582016,504031,,,24223,20269,910,797654
2021-01-18,14124,691017,766926,,,68674,22337,2141,1276978
2021-01-19,21049,738221,1013616,,,72565,36885,3328,1635915
2021-01-20,19281,714588,921371,,,67925,35263,2963,1575075
2021-01-21,19925,762233,1007042,,,71225,37003,3258,1652842
2021-01-22,20375,789504,1018584,,,71317,40981,3174,1672001
2021-01-23,10536,641840,619673,,,27942,22216,1114,997551
2021-01-24,8317,561859,458203,,,23974,17881,821,741139
2021-01-25,19991,729490,978987,,,73131,36509,3226,1592468
2021-01-26,18115,655013,911579,,,68237,34574,2965,1550953
2021-01-27,19841,742279,1004792,,,70353,35635,3098,1660278
2021-01-28,20139,770803,950205,,,70023,37015,3208,1646806
2021-01-29,19047,782378,812264,,,65128,37760,2646,1511680
2021-01-30,10284,654176,566837,,,26642,21229,811,942615
2021-01-31,8616,574927,427945,,,23091,17531,620,722853
2021-02-01,12202,157422,337228,,,8611,12093,954,583230
2021-02-02,8155,312589,543073,,,22756,22258,1517,1005985
2021-02-03,16869,658681,949695,,,69068,36347,3057,1702598
2021-02-04,20328,744332,1033791,,,71341,37590,3381,1785833
2021-02-05,20136,768269,1001775,,,68866,40322,3115,1741015
2021-02-06,12020,691034,715717,,,29248,25168,1280,1148477
2021-02-07,7115,340934,367095,,,17110,14068,736,652521
2021-02-08,17786,703137,964007,,,70984,36921,3075,1639753
2021-02-09,19386,684228,992290,,,69548,34582,3123,1666467
2021-02-10,22169,771226,1052021,,,71257,36580,3284,1750121
2021-02-11,20144,757548,1005348,,,70196,37230,3148,1714656
2021-02-12,20165,806177,965421,,,72130,42228,2823,1706430
2021-02-13,11669,668385,656637,,,29284,25456,1198,1092063
2021-02-14,7835,552596,479319,,,23392,20489,863,858014
2021-02-15,11437,643715,726412,,,65652,21792,1764,1218593
2021-02-16,19126,728390,963223,,,72718,36234,3211,1627528
2021-02-17,22336,826880,1061711,,,74219,39205,3349,1733160
2021-02-18,15843,457873,725951,,,57987,31747,2521,1381886
2021-02-19,14172,609824,809308,,,64121,38307,2707,1566021
2021-02-20,10578,658685,679240,,,30920,25729,1381,1110589
2021-02-21,9195,606743,516715,,,25208,19844,956,836095
2021-02-22,19015,693705,927414,,,69741,35468,3079,1582054
2021-02-23,20852,762056,1040398,,,73492,37505,3406,1730198
2021-02-24,23223,799814,1099351,,,74777,39124,3546,1806306
2021-02-25,22138,816902,1069420,,,75030,39397,3543,1798165
2021-02-26,21911,853307,1065376,,,76696,44410,3359,1822812
2021-02-27,11319,683410,635820,,,28849,24256,1324,1072932
2021-02-28,8910,621280,491545,,,23778,20086,972,810071
2021-03-01,20359,749977,1020837,,,74430,36339,3333,1696274
2021-03-02,20640,765693,1024511,,,75335,36611,3472,1749511
2021-03-03,22823,800979,1119137,,,78770,39651,3569,1846431
2021-03-04,21727,809641,1078036,,,78642,39730,3456,1808744
2021-03-05,21842,848562,1041408,,,79104,45027,3270,1825915
2021-03-06,11951,729902,696719,,,37158,27276,3,1167884
2021-03-07,9843,663948,525930,,,29306,21547,58,894119
2021-03-08,20685,770032,1039763,,,79355,39763,3344,1719586
2021-03-09,22200,793851,1101988,,,79269,40944,3602,1834068
2021-03-10,22774,807054,1104610,,,78069,41488,3625,1849077
2021-03-11,22617,839112,1107502,,,80398,42543,3682,1881902
2021-03-12,21724,875441,1092388,,,82399,48553,3507,1914465
2021-03-13,11932,778578,730218,,,38465,31500,,1257372
2021-03-14,9732,674893,531754,,,30405,22347,,923968
2021-03-15,19986,777009,1023990,,,79331,39529,3264,1730024
2021-03-16,20903,790665,1062179,,,77672,40038,3394,1798288
2021-03-17,22323,811451,1103979,,,81431,41682,3465,1866414
2021-03-18,20264,802401,1019472,,,76532,39884,3283,1771092
2021-03-19,20357,866162,1083647,,,80041,46605,3331,1906749
2021-03-20,12558,789944,768908,,,41743,33068,,1307403
2021-03-21,10358,737403,579358,,,34693,26380,,1013386
2021-03-22,20427,790925,1095241,,,84171,43281,3646,1801438
2021-03-23,21590,812727,1133504,,,83106,41654,3727,1879574
2021-03-24,21651,796805,1075968,,,79590,40301,3578,1828084
2021-03-25,21763,850151,1127964,,,83556,44105,3747,1925768
2021-03-26,20805,868437,1091753,,,84436,49529,3536,1938246
2021-03-27,12900,843498,781981,,,47484,38301,,1374266
2021-03-28,9104,603133,459949,,,28347,21000,,807247
2021-03-29,18543,765733,1002597,,,86467,44240,3378,1742162
2021-03-30,21019,844533,1079381,,,91258,46574,3806,1881537
2021-03-31,20374,835543,995873,,,84850,43954,3526,1808546
2021-04-01,20490,858814,1030209,,,77285,38466,3434,1841815
2021-04-02,18839,847596,958085,,,79770,49308,3070,1757698
2021-04-03,12735,781573,750682,,,47662,37706,1503,1318461
2021-04-04,11632,751492,519812,,,40868,30673,1066,950194
2021-04-05,19970,834568,1088750,,,87048,46156,3431,1818703
2021-04-06,21695,842891,1155101,,,85757,45178,3873,1942198
2021-04-07,23469,861139,1172362,,,85479,45747,3809,1985370
2021-04-08,22579,880644,1177833,,,86715,47059,3893,2013413
2021-04-09,21978,897983,1144311,,,87051,52445,3686,2026724
2021-04-10,12713,824102,790023,,,45962,36629,1500,1391245
2021-04-11,9742,668094,504407,,,32034,22933,1020,899646
2021-04-12,21192,795751,1087799,,,83124,43563,3418,1845836
2021-04-13,22728,834987,1196355,,,87182,46150,3877,2012153
2021-04-14,23462,855217,1199954,,,86698,47970,3810,2018126
2021-04-15,21198,824792,1083083,,,81762,44175,3593,1906733
2021-04-16,21632,892319,1157507,,,87190,54355,3591,2078856
2021-04-17,13313,814841,803352,,,49901,39789,,1425036
2021-04-18,10865,755021,607333,,,38263,30983,,1082503
2021-04-19,21274,818994,1147977,,,87167,45925,3634,1911326
2021-04-20,23528,863148,1223642,,,90034,49100,4135,2082495
2021-04-21,22379,830908,1139762,,,83533,45253,3788,1965922
2021-04-22,21832,874377,1166357,,,86606,46790,3837,2040232
2021-04-23,22035,923361,1184193,,,92834,56155,3737,2121350
2021-04-24,13351,856875,809163,,,51570,43227,,1520057
2021-04-25,9777,697476,540989,,,34054,23855,,985027
2021-04-26,21083,829098,1156913,,,89303,46752,3761,1955370
2021-04-27,22603,842367,1198299,,,89028,47310,4020,2041698
2021-04-28,24412,891506,1227777,,,92150,50011,4027,2135793
2021-04-29,22201,875558,1166096,,,88705,47785,3881,2028524
2021-04-30,22322,925495,1185321,,,93530,57364,3699,2159476
2021-05-01,13263,851688,818655,,,51067,41395,,1515211
2021-05-02,11541,811745,620063,,,41827,32683,,1153471
2021-05-03,21492,830922,1165505,,,91084,45800,3744,1971010
2021-05-04,22962,853754,1227250,,,93107,49415,4181,2120071
2021-05-05,23236,844607,1158445,,,91994,48351,3851,2074543
2021-05-06,23792,908361,1258536,,,94244,52748,4168,2199943
2021-05-07,22730,939468,1222741,,,101637,61477,3827,2238033
2021-05-08,13339,856180,779188,,,56309,42664,,1444674
2021-05-09,13897,856813,576000,,,54074,37795,856,1107878
2021-05-10,20751,847057,1149109,,,96813,50090,3850,1990039
2021-05-11,22751,875781,1231886,,,97358,51588,4227,2148322
2021-05-12,23946,890320,1238990,,,98930,53548,4193,2182277
2021-05-13,23439,921006,1182347,,,103047,55558,4112,2163052
2021-05-14,22437,950053,1220112,,,104885,63394,3963,2266974
2021-05-15,13516,893665,844096,,,63079,49401,11,1637231
2021-05-16,11062,815930,621750,,,49166,36227,14,1201904
2021-05-17,20779,812362,1157960,,,98458,52803,3990,2022584
2021-05-18,22367,840817,1215676,,,100430,54920,4321,2150049
2021-05-19,23784,918384,1253578,,,104762,56851,4367,2257549
2021-05-20,23659,934700,1243965,,,106604,57425,4441,2269471
2021-05-21,22520,968479,1221591,,,110077,67283,4264,2331876
2021-05-22,13397,913273,839877,,,66293,51249,1787,1645268
2021-05-23,11765,887792,645466,,,58005,40613,1358,1268928
2021-05-24,21563,872507,1192453,,,105528,55179,4252,2118877
2021-05-25,22854,905301,1253998,,,110871,58737,4683,2270945
2021-05-26,23594,923924,1241052,,,114548,59613,4429,2275882
2021-05-27,23450,973897,1246269,,,117293,62852,4619,2352019
2021-05-28,21520,934622,1135369,,,112780,66048,4047,2232599
2021-05-29,11734,746640,648192,,,54774,38894,1332,1370135
2021-05-30,10028,665576,484864,,,43418,30072,956,1065176
2021-05-31,10380,757928,702801,,,102292,43039,1651,1389651
2021-06-01,22308,910608,1230127,,,114759,94923,4705,2258831
2021-06-02,24325,913501,1249102,,,112503,90821,4772,2343745
2021-06-03,23026,898343,1143159,,,102751,84815,4419,2233917
2021-06-04,22743,933507,1160335,,,104564,88908,4308,2310032
2021-06-05,14636,949213,874545,,,72827,62687,,1792204
2021-06-06,12514,924262,654780,,,61866,51469,,1363344
2021-06-07,21511,900055,1200737,,,112097,89412,4348,2223265
2021-06-08,22948,881384,1175335,,,108346,87986,4561,2265591
2021-06-09,23868,911424,1259005,,,107918,90641,4586,2386026
2021-06-10,23498,954252,1276901,,,113236,91323,4801,2473818
2021-06-11,23324,971852,1221484,,,118259,94566,4371,2468258
2021-06-12,14450,921587,849178,,,68188,61468,,1775538
2021-06-13,12047,889307,647385,,,59186,51712,,1379959
2021-06-14,21568,872138,1176722,,,115254,91064,4205,2223186
2021-06-15,23460,920824,1277203,,,117580,96688,4925,2469785
2021-06-16,24788,949017,1288040,,,119205,94690,4745,2519444
2021-06-17,23292,976995,1281552,,,121580,98435,4989,2552497
2021-06-18,22491,992677,1235675,,,122848,104304,4549,2572013
2021-06-19,13949,955520,841519,,,76508,66134,,1784312
2021-06-20,13189,953899,652557,,,76969,60876,,1389352
2021-06-21,20512,929097,1191844,,,123918,95740,4601,2264368
2021-06-22,22293,899940,1172110,,,116165,97637,4648,2354873
2021-06-23,24223,950036,1264095,,,121867,101864,5027,2547416
2021-06-24,22842,981805,1248843,,,121542,100509,5045,2552639
2021-06-25,22400,991962,1214123,,,126722,100537,4712,2582713
2021-06-26,13520,952815,841585,,,76560,66738,1682,1854179
2021-06-27,11883,902209,656004,,,75058,62411,1436,1559967
2021-06-28,20503,927751,1152019,,,122263,101482,4564,2252362
2021-06-29,21612,933165,1169268,,,119355,97829,4717,2343739
2021-06-30,23001,948951,1139886,,,119358,99455,4476,2346388
2021-07-01,22011,936649,1104516,,,114363,90018,4598,2292461
2021-07-02,21489,922888,1121116,,,116542,94252,4258,2296044
2021-07-03,12676,779202,738089,,,63827,57381,1768,1541988
2021-07-04,12816,775329,615001,,,70165,63948,1815,1468510
2021-07-05,10303,840026,770321,,,78370,59711,2005,1495709
2021-07-06,22648,906534,1181416,,,127893,100494,4690,2302002
2021-07-07,23637,929636,1234617,,,122603,99137,5028,2437064
2021-07-08,22941,904145,1164513,,,116274,93197,4785,2364250
2021-07-09,20632,891652,1115969,,,109420,88347,4325,2318387
2021-07-10,14518,928279,855908,,,72964,64429,2204,1781717
2021-07-11,11725,831831,635511,,,62559,53178,1549,1365854
2021-07-12,20623,868819,1171521,,,120503,99023,4563,2245412
2021-07-13,22286,898686,1239045,,,123373,105314,5117,2457526
2021-07-14,23662,922118,1260044,,,120455,101843,5018,2517615
2021-07-15,23772,974213,1275846,,,125587,105171,5209,2581582
2021-07-16,21730,986778,1219118,,,123465,104331,4626,2536569
2021-07-17,13228,899370,795347,,,73001,64513,,1717480
2021-07-18,11313,840618,640618,,,67362,56174,,1405344
2021-07-19,20276,900042,1208792,,,126653,103403,4717,2327756
2021-07-20,22213,927426,1217802,,,125809,107009,5015,2462002
2021-07-21,22865,917932,1225595,,,121530,104862,4934,2504568
2021-07-22,23122,966822,1279778,,,127275,102275,5187,2582151
2021-07-23,22314,988320,1219255,,,130474,101070,4713,2552330
2021-07-24,14042,952994,856250,,,84852,68579,,1852402
2021-07-25,11419,866473,625645,,,66417,53090,,1364830
2021-07-26,19910,910160,1219135,,,129875,101260,4714,2318455
2021-07-27,22609,922003,1267804,,,128262,102950,5132,2487947
2021-07-28,23145,935188,1276296,,,126767,99976,5004,2534756
2021-07-29,22164,921330,1186642,,,120318,94716,4743,2428764
2021-07-30,22127,991877,1235623,,,131905,103531,4812,2557677
2021-07-31,13932,956181,857333,,,85371,67121,,1841007
2021-08-01,11627,871374,629963,,,66030,51978,,1351294
2021-08-02,19824,906502,1208484,,,126151,102349,4799,2333923
2021-08-03,22828,907760,1262043,,,123949,103249,5262,2483802
2021-08-04,23611,923926,1257876,,,123700,99332,5016,2529002
2021-08-05,22610,959300,1259332,,,119999,98290,5097,2529190
2021-08-06,22179,982889,1222343,,,123238,101218,4500,2519444
2021-08-07,14108,926001,836715,,,76835,67267,,1780458
2021-08-08,11934,845442,598574,,,61066,54265,,1333885
2021-08-09,20540,894251,1183050,,,109865,95599,4845,2289434
2021-08-10,23079,908343,1245670,,,122544,95330,5037,2442194
2021-08-11,23338,934364,1246306,,,119708,94737,4928,2475949
2021-08-12,22427,968699,1223666,,,119717,90818,4764,2448589
2021-08-13,21336,982039,1189426,,,123849,91861,4522,2430102
2021-08-14,13157,907113,811826,,,75664,57650,,1718222
2021-08-15,12395,920539,661705,,,72983,54362,,1430620
2021-08-16,20087,914067,1170216,,,123942,100258,4769,2287627
2021-08-17,22245,912824,1209633,,,120737,103616,5081,2427611
2021-08-18,22715,921094,1210760,,,117216,97853,4878,2445638
2021-08-19,21838,942417,1194375,,,117409,93036,4871,2439624
2021-08-20,21451,973262,1183308,,,124627,99533,4590,2456334
2021-08-21,13046,944121,822340,,,72843,61997,1409,1715030
2021-08-22,7979,490927,369246,,,27528,16121,560,745240
2021-08-23,18809,824488,1032792,,,110003,84223,4062,2052669
2021-08-24,22679,946414,1234884,,,130591,98325,5041,2462365
2021-08-25,23351,960229,1236342,,,127392,93307,5165,2498255
2021-08-26,22068,973060,1222996,,,122067,91039,4995,2480137
2021-08-27,21211,977573,1147249,,,119665,90532,4392,2388210
2021-08-28,12760,892823,776489,,,68988,56208,1661,1659434
2021-08-29,11558,888164,630281,,,68832,54068,2076,1398566
2021-08-30,19224,914180,1182908,,,131574,97092,4695,2321000
2021-08-31,22724,939263,1246463,,,133641,99949,5390,2532584
2021-09-01,20878,813871,1086148,,,118437,90598,4551,2294448
2021-09-02,21179,854132,1188941,,,105647,37898,2620,1661558
2021-09-03,22585,1018830,1221668,,,139807,97937,4450,2390392
2021-09-04,13382,930187,834456,,,84764,57137,2104,1777639
2021-09-05,11931,834523,618622,,,71004,45169,1541,1415352
2021-09-06,10077,815200,733947,,,77906,51338,1966,1521388
2021-09-07,21143,905491,1102372,,,137623,113742,4795,2233674
2021-09-08,22354,899077,1192895,,,135722,110925,5228,2529619
2021-09-09,23653,914235,1249341,,,139547,111708,5378,2702713
2021-09-10,23037,999007,1322430,,,150895,113495,5377,2840443
2021-09-11,13070,913939,870791,,,82235,65329,2182,1983091
2021-09-12,12239,906691,694561,,,77028,58979,1679,1589976
2021-09-13,21898,916302,1441516,,,147829,122504,6133,2852796
2021-09-14,23132,911375,1511145,,,144904,120532,6672,3011275
2021-09-15,23966,908014,1503627,,,139927,116413,6410,2987334
2021-09-16,20826,867301,1210069,,,127995,107680,5308,2534545
2021-09-17,23282,985494,1456201,,,142120,119349,6131,3028545
2021-09-18,14054,951954,871175,,,77267,76288,2582,2014848
2021-09-19,12612,917099,674024,,,69397,64139,1897,1596823
2021-09-20,21889,898321,1481676,,,148068,122101,6548,2883211
2021-09-21,22399,863190,1505803,,,142672,123923,6998,3018312
2021-09-22,23157,875747,1506211,,,139853,120056,6812,3021113
2021-09-23,23031,918503,1483075,,,140127,115473,6724,3016106
2021-09-24,21941,989979,1469705,,,142827,116730,6294,3121747
2021-09-25,13909,956397,872490,,,88460,81282,2719,2129492
2021-09-26,12034,893367,657257,,,80069,64937,2238,1614677
2021-09-27,21209,884188,1489441,,,146154,121534,6715,2873368
2021-09-28,21727,834083,1457421,,,141188,118253,6827,2927715
2021-09-29,23323,889846,1513184,,,137483,120032,6789,3063720
2021-09-30,23555,956940,1516081,,,144838,121842,7104,3146861
2021-10-01,23098,989671,1492942,,,140003,116182,6325,3162881
2021-10-02,14145,926150,883902,,,86563,80946,2562,2063660
2021-10-03,12936,889871,673253,,,74851,66758,1904,1575738
2021-10-04,21794,875071,1419155,,,152598,121256,6591,2864349
2021-10-05,23644,890303,1499767,,,150226,124670,7027,3091160
2021-10-06,24677,917233,1532668,,,149640,123097,6972,3140986
2021-10-07,24571,954572,1523168,,,150072,121407,7298,3190747
2021-10-08,23356,1004577,1473912,,,153755,123609,6660,3168473
2021-10-09,13634,921868,856308,,,84631,81969,47,2052699
2021-10-10,11794,808169,601821,,,65636,59049,166,1499385
2021-10-11,16917,881347,1045865,,,131714,114458,3883,2263615
2021-10-12,23848,913860,1514608,,,154602,128194,7292,3102879
2021-10-13,24396,911369,1511356,,,151319,124790,7198,3157457
2021-10-14,24144,956231,1527543,,,154572,126815,7386,3240686
2021-10-15,23251,994225,1491099,,,150932,124654,6786,3227068
2021-10-16,13307,898875,856990,,,83415,74913,2369,2042027
2021-10-17,12564,893975,663944,,,74826,69729,1853,1629991
2021-10-18,21454,893483,1461843,,,153681,127381,6810,2982883
2021-10-19,23403,902734,1510722,,,153382,129993,7250,3178208
2021-10-20,24474,919558,1525608,,,155242,131127,7148,3234327
2021-10-21,24007,952092,1476434,,,149850,127259,7498,3267697
2021-10-22,22843,989555,1471199,,,145810,126554,6297,3225816
2021-10-23,13556,917178,847596,,,74720,82865,2243,2077488
2021-10-24,12314,885844,659283,,,69611,68154,1908,1599927
2021-10-25,21724,887055,1461023,,,158330,125755,7026,2994936
2021-10-26,21220,741160,1233660,,,130109,104517,5278,2702635
2021-10-27,24144,917505,1503535,,,155865,129881,7054,3300580
2021-10-28,24814,963255,1515489,,,159574,132170,7605,3365971
2021-10-29,22477,966866,1426938,,,153317,122632,6597,3251779
2021-10-30,12642,857403,819620,,,76471,69281,2177,2044310
2021-10-31,12233,826860,656203,,,68674,66300,1910,1746769
2021-11-01,21387,901444,1448304,,,158356,131251,6783,3034306
2021-11-02,22016,856142,1258180,,,147832,129297,5679,2848222
2021-11-03,23349,904407,1507287,,,154203,130954,7371,3293732
2021-11-04,24009,934194,1486942,,,151353,126533,7210,3284315
2021-11-05,23009,969158,1457014,,,150227,121824,6769,3293438
2021-11-06,13672,912929,864499,,,84943,80784,2410,2195864
2021-11-07,10647,781453,614513,,,81181,72175,2978,1888985
2021-11-08,22136,892575,1461178,,,159723,131127,6921,3065533
2021-11-09,24504,901654,1518264,,,157181,134070,7677,3279457
2021-11-10,24608,929094,1514453,,,159254,134400,7445,3351992
2021-11-11,19846,898489,1198235,,,143386,122940,5493,2922235
2021-11-12,21598,922666,1350608,,,141671,117650,6082,3158682
2021-11-13,13124,871491,815114,,,80829,74296,2286,2169863
2021-11-14,12460,860520,657129,,,72488,62856,1772,1703136
2021-11-15,22208,893554,1437414,,,160952,132234,6792,3110969
2021-11-16,23694,905537,1492110,,,161362,137235,7472,3340844
2021-11-17,24396,918450,1501740,,,158372,131113,7453,3369069
2021-11-18,24071,962396,1505488,,,157433,132632,7511,3412249
2021-11-19,22662,990357,1429787,,,151795,127093,6842,3316999
2021-11-20,13195,917658,861772,,,94412,82894,2367,2135731
2021-11-21,12774,844106,674551,,,80467,66859,1827,1674206
2021-11-22,21441,905019,1418226,,,156874,127776,6896,3130363
2021-11-23,22574,992816,1424890,,,162241,136562,7194,3286591
2021-11-24,21002,995900,1343391,,,165349,139391,6589,3085289
2021-11-25,15459,863147,509782,,,125417,69945,1990,1357198
2021-11-26,11077,792098,843588,,,128452,108747,3205,2089772
2021-11-27,10620,853201,750986,,,83676,76112,2216,1880422
2021-11-28,10481,828107,592081,,,75197,65128,1669,1465745
2021-11-29,21124,903634,1381661,,,166154,132498,6692,2996015
2021-11-30,22469,900452,1432539,,,166738,136630,7124,3207209
2021-12-01,23347,902552,1463384,,,163163,136126,7266,3326469
2021-12-02,22540,926424,1449142,,,154723,127508,7290,3358843
2021-12-03,22518,943940,1419078,,,144500,119424,6442,3374097
2021-12-04,13317,867401,864764,,,91477,81392,56,2318147
2021-12-05,12541,820683,665129,,,72716,60526,193,1737352
2021-12-06,21761,868619,1394230,,,154970,127260,6687,3135869
2021-12-07,23262,886247,1453136,,,153749,131033,7367,3367790
2021-12-08,22691,892613,1430106,,,156218,130222,6948,3378727
2021-12-09,22743,931194,1436883,,,154367,126159,7222,3433600
2021-12-10,22237,965370,1404176,,,152524,127711,6331,3417451
2021-12-11,13396,866259,786137,,,91894,81068,2291,2266265
2021-12-12,12189,830347,627007,,,80874,66471,1833,1829872
2021-12-13,21617,877362,1333718,,,153387,129698,6769,3120850
2021-12-14,23042,897872,1378221,,,154939,131812,7124,3274170
2021-12-15,23732,924242,1436154,,,153128,129761,6908,3242168
2021-12-16,23623,951943,1438193,,,152710,126131,7043,3219799
2021-12-17,22539,971958,1375383,,,146111,121037,6404,3112088
2021-12-18,12312,835445,786073,,,74306,66097,1987,1880969
2021-12-19,12238,786107,636393,,,65698,56292,1694,1579809
2021-12-20,20318,859924,1277654,,,132078,102695,5979,2716451
2021-12-21,21656,869653,1299476,,,124376,97141,5772,2697325
2021-12-22,21673,881278,1252621,,,117678,92941,5594,2634565
2021-12-23,19335,902401,1166953,,,118388,97238,5000,2486489
2021-12-24,12009,740855,746809,,,97408,81055,2289,1575449
2021-12-25,9021,584049,329549,,,39466,31575,1008,810937
2021-12-26,8744,675064,518897,,,56467,51478,1746,1284738
2021-12-27,14952,746815,890096,,,108463,89427,4026,2007649
2021-12-28,16736,766806,953933,,,109904,89719,4372,2168419
2021-12-29,16859,771050,921562,,,105898,92605,3996,2167077
2021-12-30,16177,807146,928012,,,110101,90827,3944,2198415
2021-12-31,11498,630015,699749,,,96699,85232,2270,1627589
2022-01-01,4904,499757,350845,,,33980,30341,1262,1027918
2022-01-02,8383,626163,475096,,,49155,42587,1571,1219735
2022-01-03,16437,694958,1000002,,,102961,83990,4515,2168229
2022-01-04,17909,735904,1082360,,,104247,81978,4795,2289352
2022-01-05,18861,711791,1078511,,,98251,77579,4659,2267942
2022-01-06,18672,782852,1146904,,,103562,82567,4909,2391176
2022-01-07,14203,562835,880997,,,90207,73067,3628,2121941
2022-01-08,9126,643474,631341,,,51707,46428,1672,1486065
2022-01-09,7916,569609,475438,,,43383,35309,1210,1102472
2022-01-10,18268,765513,1147341,,,116463,90220,4954,2347323
2022-01-11,17388,756288,1040581,,,104378,81438,4655,2266378
2022-01-12,19679,787829,1179931,,,111022,86050,5024,2459224
2022-01-13,19918,824338,1218552,,,112519,87672,5132,2524197
2022-01-14,18878,869815,1186647,,,109199,88634,4774,2522972
2022-01-15,9510,705503,573037,,,53410,45309,1449,1434676
2022-01-16,8545,623464,456257,,,43578,38025,1140,1165626
2022-01-17,8760,651716,694066,,,98738,44075,2190,1600048
2022-01-18,19389,818509,1222195,,,125615,100364,5381,2541044
2022-01-19,21111,832838,1286788,,,121249,96281,5598,2642129
2022-01-20,18616,769646,1181953,,,112595,88196,5031,2545486
2022-01-21,19079,867194,1151816,,,113474,91079,4748,2565781
2022-01-22,10455,737812,655490,,,59412,53737,1642,1583650
2022-01-23,9446,687231,529115,,,48672,43647,1245,1245716
2022-01-24,19472,795086,1244112,,,127750,100520,5188,2536827
2022-01-25,21233,820013,1308979,,,124499,98859,5625,2701246
2022-01-26,21033,837062,1266798,,,118625,96253,5197,2711803
2022-01-27,20934,872809,1275573,,,119039,95748,5271,2724979
2022-01-28,20115,869982,1208092,,,120912,96409,4994,2703403
2022-01-29,5353,175153,271959,,,8142,22016,852,999347
2022-01-30,5974,508250,460299,,,47852,45002,1233,1262477
2022-01-31,18400,780818,1139164,,,132248,109718,4968,2575762
2022-02-01,20357,807457,1127084,,,135255,111424,4993,2635083
2022-02-02,22427,850217,1314898,,,140059,110996,5830,2940152
2022-02-03,22325,856424,1304726,,,126901,104093,5750,2914198
2022-02-04,18557,783827,1176367,,,117899,94290,5072,2725725
2022-02-05,11377,777501,726750,,,61201,61496,1835,1792780
2022-02-06,10621,746914,558211,,,51472,48395,1388,1323892
2022-02-07,21120,812233,1297024,,,136455,111297,5711,2784230
2022-02-08,22667,854542,1387432,,,141653,119190,6254,3016648
2022-02-09,23863,871206,1421706,,,143673,115341,6297,3088775
2022-02-10,23341,909096,1423775,,,143062,115707,6362,3112489
2022-02-11,22608,942501,1348189,,,131038,110674,5570,3015472
2022-02-12,13376,870106,820629,,,71709,71813,2295,2026308
2022-02-13,10013,657087,510307,,,50534,46395,1322,1349864
2022-02-14,20812,866856,1272100,,,142507,113260,5803,2907825
2022-02-15,21922,878210,1340123,,,146607,119034,6447,3030742
2022-02-16,23513,879005,1406714,,,140431,115325,6337,3100639
2022-02-17,23713,914714,1408571,,,141226,115718,6527,3109956
2022-02-18,21470,951358,1285978,,,129403,112030,5677,2953785
2022-02-19,12171,815513,723602,,,64696,66545,2108,1792136
2022-02-20,11017,771043,571789,,,55015,54863,1517,1477125
2022-02-21,12500,818941,873961,,,109882,63892,2781,1942267
2022-02-22,19233,850497,1143526,,,135406,112764,5767,2669508
2022-02-23,23807,895786,1247209,,,140229,119188,6116,2894245
2022-02-24,21868,915117,1196924,,,132496,110395,5879,2858146
2022-02-25,18740,797593,1027563,,,114658,90953,4544,2575630
2022-02-26,12226,849716,775358,,,71783,61573,2012,1824833
2022-02-27,11337,804598,604646,,,62913,51604,1523,1403227
2022-02-28,21929,862259,1362855,,,134902,118572,6170,2915786
2022-03-01,22944,876569,1435834,,,165769,150787,6655,3138181
2022-03-02,24289,899781,1463263,,,159238,140945,6680,3208166
2022-03-03,23800,926783,1434851,,,152883,132506,6674,3207495
2022-03-04,22821,961106,1363159,,,145518,125143,5807,3077537
2022-03-05,13269,867876,812774,,,69010,70427,2116,1955535
2022-03-06,12557,789754,600501,,,53034,52874,1550,1444501
2022-03-07,22465,864299,1395540,,,153907,129784,6161,2980920
2022-03-08,24076,897362,1456451,,,158652,138811,6923,3244473
2022-03-09,23477,835746,1338822,,,153393,129056,6200,3113559
2022-03-10,24515,948773,1476288,,,163931,140107,6914,3339363
2022-03-11,23736,990070,1419371,,,158985,135371,6150,3195956
2022-03-12,10655,671669,637601,,,51679,59927,1748,1663893
2022-03-13,11491,794706,590753,,,59964,57548,1524,1479406
2022-03-14,22480,882934,1406578,,,159962,134093,6416,3008800
2022-03-15,24272,909941,1454522,,,171406,146786,7287,3275906
2022-03-16,25305,917605,1476356,,,168768,145085,7009,3332335
2022-03-17,22946,893127,1350810,,,166884,135727,6768,3175784
2022-03-18,24019,981768,1402806,,,163169,137528,6288,3275433
2022-03-19,12877,875244,820933,,,74087,73974,2050,2001839
2022-03-20,12736,881977,628693,,,67551,63818,1722,1656673
2022-03-21,22229,883735,1418900,,,165487,134182,6367,3034759
2022-03-22,23948,894131,1471299,,,168328,144765,7082,3276940
2022-03-23,24574,894741,1438665,,,161202,138873,6540,3275708
2022-03-24,22998,904173,1373850,,,162392,134129,6513,3212181
2022-03-25,23274,970985,1397899,,,158528,133368,6075,3218970
2022-03-26,13208,877816,783499,,,71809,73933,2154,2024596
2022-03-27,11809,832550,628313,,,64950,58044,1602,1534056
2022-03-28,22114,871384,1336330,,,153222,130886,6096,2989874
2022-03-29,23981,889455,1430099,,,163218,143870,6900,3291883
2022-03-30,24620,916351,1465351,,,164882,143216,6920,3336073
2022-03-31,24308,944890,1450363,,,164074,139602,6890,3323135
2022-04-01,24017,976037,1411421,,,145251,120557,5972,3237107
2022-04-02,14382,896424,879513,,,77205,80471,2484,2128435
2022-04-03,12947,792710,607152,,,58819,53761,1419,1463932
2022-04-04,23746,902607,1447820,,,159541,135920,6676,3127667
2022-04-05,24873,908321,1484961,,,170140,150671,7089,3356454
2022-04-06,25103,893879,1403198,,,163830,142810,6569,3311547
2022-04-07,24107,904982,1379678,,,161276,140249,6636,3307076
2022-04-08,24488,1001814,1443367,,,160905,140791,6342,3347754
2022-04-09,13969,900306,868945,,,81562,86611,66,2190396
2022-04-10,13935,852451,667662,,,63204,66112,13,1707748
2022-04-11,23569,904713,1433226,,,161131,140224,6354,3205728
2022-04-12,25286,939901,1496004,,,172294,149369,7099,3078069
2022-04-13,25847,953204,1495891,,,163448,147043,6593,3220964
2022-04-14,25073,986192,1438990,,,162946,144335,6381,3297697
2022-04-15,20908,976485,1137728,,,166068,140217,4728,2761532
2022-04-16,13413,887976,830874,,,89011,83725,2133,1986306
2022-04-17,14704,847553,596619,,,71258,71704,1640,1512633
2022-04-18,20245,904416,1145261,,,154315,139151,5209,2676254
2022-04-19,22359,898329,1189960,,,168354,151518,5841,2962130
2022-04-20,24212,945766,1265823,,,171730,155674,6097,3098046
2022-04-21,23239,923401,1231047,,,165823,147535,5738,3033422
2022-04-22,22298,938923,1217380,,,157943,145606,5340,2985684
2022-04-23,13459,910229,844146,,,79436,89804,59,2109188
2022-04-24,12927,877831,648591,,,64842,67580,3,1655860
2022-04-25,22370,887314,1415638,,,159569,138979,6322,3026541
2022-04-26,23800,901009,1453452,,,172171,153893,7024,3281657
2022-04-27,25229,938124,1500437,,,172613,153109,6903,3432282
2022-04-28,24321,972482,1468093,,,167300,146321,6765,3404938
2022-04-29,23421,1005265,1429909,,,164944,136881,5900,3257634
2022-04-30,14223,945852,884540,,,82887,82838,2123,2108746
2022-05-01,12976,862097,676070,,,64630,62502,2694,1683953
2022-05-02,21695,886528,1176867,,,146394,126784,5425,2732825
2022-05-03,24680,933396,1500109,,,177868,155261,7400,3402882
2022-05-04,25462,925182,1465639,,,168539,147078,6747,3364902
2022-05-05,25903,986486,1523580,,,174640,150087,7061,3502522
2022-05-06,23411,957636,1353750,,,154325,129417,5729,3190556
2022-05-07,13033,843628,706551,,,72948,68612,1523,1842808
2022-05-08,15375,893775,630228,,,73703,73027,1449,1582133
2022-05-09,22008,920508,1428758,,,163741,140940,6564,3114506
2022-05-10,24148,936853,1504314,,,175823,158627,7176,3412902
2022-05-11,25548,951909,1514922,,,178061,156792,7159,3440378
2022-05-12,25158,984799,1495220,,,169543,149204,6866,3430104
2022-05-13,23539,1001973,1410923,,,164843,140065,6050,3252002
2022-05-14,13580,921216,840921,,,89636,86652,69,2149046
2022-05-15,13379,911186,692876,,,76052,69705,5,1760359
2022-05-16,22187,901887,1396300,,,163431,140702,5996,3080043
2022-05-17,24353,954976,1519740,,,182683,162082,7259,3536021
2022-05-18,25365,985992,1511142,,,182181,161135,6816,3605606
2022-05-19,24271,986913,1426027,,,172517,149985,6790,3467327
2022-05-20,23767,1015453,1396732,,,175666,146403,6040,3271914
2022-05-21,14985,986370,883795,,,94322,92552,2530,2324245
2022-05-22,13279,922608,683500,,,78635,72063,1863,1760638
2022-05-23,22696,947348,1431781,,,170546,151349,6356,3111755
2022-05-24,24560,945831,1488152,,,182570,163943,7023,3378506
2022-05-25,25418,963168,1493506,,,178124,158814,6862,3426530
2022-05-26,24866,1005411,1464696,,,176469,148011,6549,3341059
2022-05-27,22894,979279,1353398,,,167840,135294,5737,3031130
2022-05-28,12805,835815,788135,,,91250,77192,2191,1872775
2022-05-29,14490,893856,701173,,,84784,76982,2276,1755236
2022-05-30,10771,841659,755616,,,80533,68206,2251,1694970
2022-05-31,23778,971866,1426470,,,184088,163018,6634,3176109
2022-06-01,25586,947288,1465383,,,178742,159050,7084,3381297
2022-06-02,24764,962810,1433303,,,170537,151492,6783,3351902
2022-06-03,24838,1005636,1431042,,,174500,153744,6178,3283271
2022-06-04,14409,959738,904623,,,93431,92199,1844,2178024
2022-06-05,13955,887504,691644,,,75675,74005,1361,1724983
2022-06-06,22794,895917,1411725,,,167062,148152,6552,3092181
2022-06-07,25256,944223,1440940,,,185736,163756,7169,3392224
2022-06-08,26058,962199,1496144,,,181126,162417,7114,3492805
2022-06-09,25135,978649,1333103,,,179521,157460,6430,3297157
2022-06-10,25437,1031830,1435660,,,187819,159223,6304,3376125
2022-06-11,14776,964587,870550,,,117891,95108,1835,2231451
2022-06-12,13440,886355,626471,,,80792,74580,1209,1674607
2022-06-13,23697,947035,1440429,,,174264,150375,6608,3168681
2022-06-14,25372,957954,1493761,,,191198,174340,7276,3494822
2022-06-15,26904,979083,1478668,,,192593,169462,7153,3526802
2022-06-16,25856,997575,1397317,,,190212,162513,6720,3409624
2022-06-17,24338,1040063,1397243,,,187179,148590,6036,3247379
2022-06-18,15136,990282,884050,,,106091,94130,2613,2186635
2022-06-19,15622,948850,693231,,,90581,80654,1903,1725762
2022-06-20,15440,945254,1077190,,,167670,138080,4009,2460659
2022-06-21,25299,955506,1408052,,,190339,172400,7183,3339793
2022-06-22,25774,940715,1361456,,,178850,164196,6910,3357113
2022-06-23,25286,1007745,1382605,,,188546,169144,6716,3407485
2022-06-24,24414,1038953,1331442,,,187818,161647,6066,3296412
2022-06-25,15274,997542,888953,,,106000,102466,50,2286963
2022-06-26,14574,965214,696910,,,102452,99103,618,2011977
2022-06-27,22331,931830,1279403,,,171627,149284,6260,2932598
2022-06-28,24179,964114,1328144,,,199956,174878,6903,3248338
2022-06-29,25392,982600,1325530,,,191855,169146,6792,3249261
2022-06-30,24651,1016153,1300241,,,191868,158265,6407,3151572
2022-07-01,23983,1002264,1221837,,,151245,117791,5291,2827549
2022-07-02,12878,826242,827668,,,84481,75179,2042,1847093
2022-07-03,14822,847916,703282,,,86602,73949,1909,1654774
2022-07-04,10976,774919,689986,,,85709,72464,2148,1608084
2022-07-05,22800,929050,1246208,,,169990,150170,5935,2802814
2022-07-06,25372,921175,1330990,,,173648,153543,6448,3066462
2022-07-07,25119,950059,1333373,,,173393,151105,6463,3115604
2022-07-08,24108,952918,1249434,,,163715,134620,5625,2902322
2022-07-09,14546,920380,885289,,,92765,89757,2563,2061419
2022-07-10,14147,923563,707984,,,82276,71195,2016,1681041
2022-07-11,23255,917153,1312895,,,167475,148113,6163,2876587
2022-07-12,24697,916624,1350346,,,180172,164494,6780,3148320
2022-07-13,25800,947694,1365172,,,178413,166187,6536,3229387
2022-07-14,25312,981268,1355975,,,174794,159599,6413,3203104
2022-07-15,24177,997636,1291217,,,171615,148858,5527,3021651
2022-07-16,15226,942248,859537,,,101758,98156,64,2093206
2022-07-17,13868,902737,701796,,,82028,80166,7,1674922
2022-07-18,22670,880836,1209240,,,162178,132779,5543,2720012
2022-07-19,24933,935755,1372407,,,180693,160294,6593,3169016
2022-07-20,25590,948736,1357383,,,180707,156988,6167,3190942
2022-07-21,24308,957980,1302978,,,173070,150414,6166,3109097
2022-07-22,23926,996410,1267907,,,174861,138068,5322,2942752
2022-07-23,14503,949126,862976,,,99341,86245,32,2028696
2022-07-24,12751,911373,674189,,,82656,68265,6,1596195
2022-07-25,22355,896490,1220826,,,163454,140432,5692,2727722
2022-07-26,24990,945428,1360570,,,186182,162994,6479,3175001
2022-07-27,25759,961077,1369023,,,185332,161241,6667,3232796
2022-07-28,24413,977651,1332113,,,173264,156936,6421,3151913
2022-07-29,23697,983238,1260714,,,166723,147568,5532,2932846
2022-07-30,15068,957931,893846,,,89426,96840,56,2074421
2022-07-31,14046,932337,693700,,,77991,78953,3,1649097
2022-08-01,22892,907827,1240007,,,151752,138431,5673,2739262
2022-08-02,24865,922437,1346324,,,173023,158236,6452,3070101
2022-08-03,26785,950670,1367848,,,173751,158305,6170,3124038
2022-08-04,25326,980062,1323229,,,174491,147770,5409,3049076
2022-08-05,23824,979699,1260961,,,161323,129376,4754,2822155
2022-08-06,14893,947549,865676,,,95704,84495,33,1999580
2022-08-07,14367,884982,670866,,,78449,66242,153,1542311
2022-08-08,22965,929797,1276524,,,165363,137457,5496,2705428
2022-08-09,25056,925908,1308034,,,173284,151624,5935,3013784
2022-08-10,26098,952184,1347916,,,178656,147931,6117,3134434
2022-08-11,25553,970557,1315101,,,171390,146019,5842,3093548
2022-08-12,24849,1000198,1273620,,,175220,137578,5422,2963913
2022-08-13,15889,956654,878499,,,103227,89569,1632,2089217
2022-08-14,14492,934389,692644,,,88242,72900,1339,1677803
2022-08-15,23199,924732,1234308,,,161519,144170,5395,2768347
2022-08-16,24994,923202,1288800,,,173651,157888,6228,3045892
2022-08-17,25904,938763,1284966,,,172248,155815,6080,3074027
2022-08-18,25701,986106,1283965,,,181136,150643,5834,3077928
2022-08-19,24141,999070,1239929,,,164682,141791,5132,2918737
2022-08-20,15903,955696,875371,,,96552,97718,1699,2038622
2022-08-21,14617,920731,692309,,,84669,81666,1272,1619422
2022-08-22,21887,887585,1144254,,,160918,141482,5185,2622885
2022-08-23,24448,924807,1261782,,,173898,155953,5903,2992615
2022-08-24,25654,950511,1288092,,,177790,151169,6036,3020710
2022-08-25,24964,984695,1310134,,,177178,142659,6122,3090901
2022-08-26,23417,971687,1217448,,,171765,133306,4969,2863653
2022-08-27,15575,980598,874084,,,103192,90006,2214,2066542
2022-08-28,14506,943031,681823,,,86867,76296,1816,1651689
2022-08-29,22503,930336,1263000,,,180588,140540,5705,2836374
2022-08-30,24300,937492,1326293,,,195986,152025,6228,3091873
2022-08-31,25541,976058,1342568,,,197154,149499,6261,3144027
2022-09-01,25382,1001466,1338287,,,186311,140082,6189,3114667
2022-09-02,24696,1009748,1250956,,,185153,138009,5307,2925306
2022-09-03,15863,927053,867750,,,116405,94997,2455,2116811
2022-09-04,15428,904281,701646,,,97728,77386,1894,1802349
2022-09-05,9722,803633,682671,,,93198,74585,1977,1691887
2022-09-06,24963,896024,1231759,,,190260,164255,6016,3063503
2022-09-07,26773,942846,1412342,,,203983,179628,6698,3444556
2022-09-08,27121,969986,1517502,,,199489,178788,7185,3644407
2022-09-09,25627,1012814,1492297,,,189930,161197,6432,3481756
2022-09-10,15345,985186,914744,,,103789,98043,1948,2356865
2022-09-11,14467,864946,659929,,,82638,72789,1275,1737251
2022-09-12,24947,928870,1519324,,,187548,163430,6863,3382150
2022-09-13,26317,924596,1557686,,,200171,180183,7552,3618354
2022-09-14,28124,958550,1590666,,,202713,181619,7740,3741978
2022-09-15,27391,985596,1573907,,,197284,175672,7725,3747731
2022-09-16,26025,1018958,1501956,,,184424,155750,6797,3502358
2022-09-17,15828,973972,916215,,,99403,101734,2693,2350888
2022-09-18,15588,952111,712161,,,86329,79158,1944,1844317
2022-09-19,24491,913368,1490926,,,187831,164392,7155,3369999
2022-09-20,26148,933900,1554448,,,203873,188771,7962,3767024
2022-09-21,27479,949862,1543632,,,204572,188361,8112,3878782
2022-09-22,26136,942560,1433737,,,190703,174952,7883,3732919
2022-09-23,25738,1006255,1413234,,,190670,168866,6902,3626482
2022-09-24,15593,969371,860948,,,98192,115822,1975,2377091
2022-09-25,14770,881947,660871,,,81212,87366,1582,1759832
2022-09-26,21532,875706,1206954,,,177235,153930,5848,2812853
2022-09-27,24344,889945,1290217,,,192275,176941,6744,3204114
2022-09-28,27423,934551,1541900,,,201525,179234,7903,3712354
2022-09-29,26857,963946,1503472,,,194288,173138,7738,3707751
2022-09-30,26614,1001614,1477082,,,181549,164028,6623,3503239
2022-10-01,13718,823414,758826,,,72081,80394,1855,2032983
2022-10-02,13897,796062,591909,,,61918,68450,1302,1621851
2022-10-03,25390,884279,1426633,,,173268,153913,6824,3370048
2022-10-04,25282,837110,1354099,,,181887,166868,6825,3397689
2022-10-05,24305,819307,1206674,,,176091,158117,6012,3077346
2022-10-06,28527,985944,1554806,,,203783,182247,7907,3848909
2022-10-07,26725,1022910,1480214,,,204261,166955,6865,3591080
2022-10-08,15448,968165,888506,,,114687,110122,1975,2397249
2022-10-09,14776,913948,691656,,,97984,88783,2200,1917721
2022-10-10,17806,847978,1034288,,,163310,152488,4220,2556722
2022-10-11,26435,903121,1521587,,,203885,192887,7841,3649405
2022-10-12,28193,949567,1554226,,,203866,185488,7820,3776129
2022-10-13,26422,938635,1463795,,,195360,173174,7593,3682799
2022-10-14,26877,1004461,1468602,,,186594,170188,6877,3578772
2022-10-15,15945,967900,914771,,,100804,108230,1897,2363501
2022-10-16,15338,901946,705073,,,80395,85438,1385,1773903
2022-10-17,24045,864001,1430672,,,182855,170716,6952,3314497
2022-10-18,26135,898424,1510826,,,199026,191540,7917,3693627
2022-10-19,28002,942343,1545140,,,202921,185202,7934,3814404
2022-10-20,27649,974568,1532692,,,201886,180234,7784,3810901
2022-10-21,26385,1001944,1452280,,,185797,166539,6848,3570334
2022-10-22,15832,974020,916539,,,97921,122863,90,2430406
2022-10-23,14434,874757,668183,,,76024,83665,19,1740520
2022-10-24,24643,890995,1432728,,,182390,161772,6929,3357840
2022-10-25,27080,907328,1512725,,,200671,183507,7864,3712582
2022-10-26,27891,935935,1539557,,,201843,181254,7978,3794534
2022-10-27,28035,975470,1543031,,,196789,179032,7848,3892985
2022-10-28,26237,996162,1455834,,,179633,159109,6647,3624748
2022-10-29,15778,952084,912721,,,86888,102975,42,2440601
2022-10-30,15324,905820,711004,,,69358,80576,5,1875953
2022-10-31,24178,865933,1394453,,,177547,157055,6759,3410892
2022-11-01,26993,915166,1501329,,,196102,178425,7756,3706707
2022-11-02,28493,923006,1549724,,,198277,181158,7788,3788123
2022-11-03,28364,945430,1521975,,,197940,178498,7676,3802455
2022-11-04,27340,979007,1459619,,,180084,161378,6813,3586358
2022-11-05,16790,943182,918127,,,96845,110793,2628,2449943
2022-11-06,13926,776918,648085,,,92648,94517,3122,2116063
2022-11-07,26193,905434,1478731,,,190295,168401,7365,3456868
2022-11-08,25939,892069,1356894,,,201028,183142,6463,3431700
2022-11-09,28589,925217,1517250,,,199030,180581,7722,3772030
2022-11-10,28385,980730,1516812,,,203722,180584,7749,3802230
2022-11-11,20634,873263,1077574,,,172756,154511,4558,2994708
2022-11-12,15153,891655,893837,,,94911,106101,2262,2431419
2022-11-13,15544,862586,662034,,,76869,76460,1658,1794024
2022-11-14,25728,893380,1441705,,,181582,165573,7135,3401075
2022-11-15,28155,907032,1483782,,,196179,182790,7776,3713627
2022-11-16,28574,916270,1484607,,,194893,179233,7589,3751773
2022-11-17,28778,966718,1493119,,,193797,178147,7633,3797815
2022-11-18,27236,985239,1412974,,,183576,161777,6546,3539202
2022-11-19,16076,932718,864766,,,97654,101076,1630,2323449
2022-11-20,15556,833468,645986,,,74524,74870,1079,1721187
2022-11-21,25766,900276,1393031,,,185570,166517,7017,3363626
2022-11-22,27957,986860,1447618,,,200264,183771,7462,3548882
2022-11-23,25032,987510,1358016,,,210438,184135,6862,3263998
2022-11-24,18369,861586,515903,,,90771,90057,2006,1382266
2022-11-25,12834,768844,842892,,,163354,148368,3361,2058658
2022-11-26,12576,855586,781665,,,105304,106685,2286,1999608
2022-11-27,13063,817212,562073,,,79973,76680,1408,1476228
2022-11-28,24969,908669,1397963,,,186710,163694,7120,3265971
2022-11-29,27009,894717,1455294,,,192494,181370,7510,3596894
2022-11-30,26469,861393,1356729,,,189152,177367,7204,3568413
2022-12-01,27018,935192,1459934,,,181825,166856,7538,3770495
2022-12-02,27007,936922,1395642,,,172860,152746,6576,3600504
2022-12-03,15540,818524,760109,,,87730,89976,1467,2291687
2022-12-04,15763,806711,681713,,,81381,80173,1266,1990479
2022-12-05,26409,877396,1429308,,,183238,164873,7013,3481640
2022-12-06,27305,881978,1414979,,,195892,178862,7447,3753299
2022-12-07,27941,902541,1442871,,,194436,178345,7526,3835333
2022-12-08,28292,951837,1480877,,,192958,182314,7541,3931499
2022-12-09,26213,967823,1386473,,,185104,165147,6379,3710928
2022-12-10,16232,902924,869320,,,112142,119858,1873,2663493
2022-12-11,14949,780359,618870,,,77607,74273,1103,1865579
2022-12-12,25771,879951,1384864,,,182973,163516,6838,3466978
2022-12-13,28234,911982,1437228,,,197613,183214,7570,3763568
2022-12-14,29081,944777,1435020,,,196921,183484,7400,3777173
2022-12-15,27034,935757,1363160,,,191261,173709,7001,3726154
2022-12-16,24074,920830,1221634,,,170615,151244,5823,3270016
2022-12-17,16788,936674,884283,,,114272,123286,2071,2577771
2022-12-18,16036,845630,668994,,,87146,87425,1487,1967199
2022-12-19,25529,890263,1352455,,,178278,159383,6591,3381411
2022-12-20,27148,927027,1398728,,,191991,173346,7046,3586084
2022-12-21,28480,957512,1393290,,,191684,168379,6993,3563236
2022-12-22,25244,940403,1269330,,,177675,147366,5728,3187083
2022-12-23,20359,816096,1057686,,,163716,138857,4523,2738016
2022-12-24,12759,748638,497129,,,61701,60373,1304,1411469
2022-12-25,13709,732924,321245,,,51896,47454,1005,1008452
2022-12-26,9327,767127,644828,,,87401,89137,2214,1812842
2022-12-27,21363,885227,1027687,,,178880,156503,5228,2729514
2022-12-28,23571,895059,1088279,,,182226,163499,5407,2947028
2022-12-29,23200,919855,1099513,,,189075,167129,5597,3039432
2022-12-30,22951,930119,1087122,,,193989,176215,5338,3063480
2022-12-31,14090,688653,651474,,,81590,81198,1847,1927101
2023-01-01,11476,739832,475226,,,67722,66309,1771,1675507
2023-01-02,10136,695181,739507,,,76247,72403,2671,1938154
2023-01-03,24868,818603,1268913,,,179109,167136,6853,3175777
2023-01-04,26848,843875,1391449,,,182834,170847,7282,3413052
2023-01-05,26808,864461,1378698,,,175278,166642,7042,3428520
2023-01-06,25824,878051,1319595,,,161259,142524,6050,3229858
2023-01-07,14828,811276,806981,,,87215,85244,2297,2116138
2023-01-08,15157,742022,628612,,,68647,64893,1529,1610764
2023-01-09,24923,832659,1353638,,,173594,157335,6629,3145743
2023-01-10,27309,863402,1412543,,,196817,179530,7414,3469177
2023-01-11,27991,867649,1421914,,,188904,174349,7166,3508962
2023-01-12,27119,885122,1364715,,,188850,168701,7150,3472709
2023-01-13,26085,926298,1345748,,,167475,147885,6042,3270020
2023-01-14,15407,820548,785952,,,84718,83565,2059,2072387
2023-01-15,15198,760062,621041,,,72479,70493,1510,1705804
2023-01-16,14617,815207,884152,,,82416,75892,3140,2172218
2023-01-17,27214,874293,1399573,,,193345,183674,7492,3451604
2023-01-18,29223,881030,1449590,,,198264,182209,7488,3603344
2023-01-19,26737,865972,1327804,,,179752,170122,6925,3492226
2023-01-20,26548,918497,1383181,,,173943,150003,6192,3375887
2023-01-21,15580,829548,823236,,,88435,84763,2058,2137169
2023-01-22,14721,746681,611151,,,64883,61728,1479,1593386
2023-01-23,25087,812462,1281037,,,172927,155439,6210,3135214
2023-01-24,27701,867402,1410676,,,196319,182127,7335,3566756
2023-01-25,26738,818572,1342717,,,188247,171748,6937,3511071
2023-01-26,27061,894362,1408545,,,190219,173696,7093,3629029
2023-01-27,26826,923980,1341589,,,178881,149763,6051,3335372
2023-01-28,15577,844952,861680,,,98609,89845,2333,2248107
2023-01-29,15371,767359,647923,,,73109,65422,1694,1637398
2023-01-30,25676,855064,1371537,,,180476,159176,6624,3223530
2023-01-31,27308,856512,1365926,,,198755,183484,7593,3654404
2023-02-01,28492,872149,1460146,,,184043,169846,7588,3682758
2023-02-02,27917,898391,1478477,,,187799,169864,7457,3699932
2023-02-03,26238,891051,1246821,,,158579,135908,5819,3189550
2023-02-04,13439,739636,598818,,,69433,64032,1555,1742435
2023-02-05,15413,761094,650623,,,69379,62639,1522,1625375
2023-02-06,26639,852589,1431232,,,181320,157813,7068,3372445
2023-02-07,28688,871447,1491417,,,201438,183389,7736,3738539
2023-02-08,29653,888483,1513135,,,197370,180852,7647,3780682
2023-02-09,28515,912777,1462622,,,193326,172507,7403,3754859
2023-02-10,28094,951629,1422781,,,179637,154760,6477,3539529
2023-02-11,16638,868299,865782,,,94434,88281,1615,2333625
2023-02-12,16305,751947,659496,,,67457,63383,1227,1746099
2023-02-13,25900,858301,1381524,,,180002,159741,6188,3303337
2023-02-14,29001,901909,1480867,,,200327,179811,7557,3812943
2023-02-15,29119,908598,1499155,,,197344,181992,7491,3762817
2023-02-16,28364,919686,1461093,,,189802,172189,7318,3683782
2023-02-17,26759,940247,1315466,,,172113,150151,5892,3253165
2023-02-18,15612,863499,822505,,,91478,93213,1266,2271106
2023-02-19,16165,787041,639980,,,75448,75064,959,1824136
2023-02-20,14818,812364,929439,,,90371,79984,1547,2238557
2023-02-21,27224,867500,1273578,,,194967,174283,6525,3325542
2023-02-22,27895,873583,1305744,,,193753,171187,6538,3454362
2023-02-23,27336,910017,1328927,,,188438,167193,6695,3498367
2023-02-24,26077,931517,1246797,,,179793,153058,5551,3246699
2023-02-25,15461,834300,800947,,,86403,81742,1396,2043635
2023-02-26,15891,810038,676041,,,74226,67702,1095,1625191
2023-02-27,26730,858126,1423292,,,180277,160346,6752,3337916
2023-02-28,26116,754778,1349173,,,177532,139326,6690,3412079
2023-03-01,29449,905202,1511792,,,192142,176661,7403,3780713
2023-03-02,28978,938334,1493623,,,195243,176678,7434,3765925
2023-03-03,27298,937815,1417670,,,172623,150603,6167,3481830
2023-03-04,16263,847470,870341,,,96720,84352,1449,2173217
2023-03-05,16956,833993,712408,,,81079,72918,1215,1772121
2023-03-06,27550,879007,1460599,,,185896,163314,6849,3427019
2023-03-07,28417,890482,1490272,,,205559,186615,7607,3773780
2023-03-08,30476,921778,1514182,,,203258,186940,7452,3842861
2023-03-09,29847,947895,1515155,,,201711,186197,7211,3827656
2023-03-10,28209,968598,1408909,,,182873,160550,6135,3502339
2023-03-11,15493,844597,821990,,,78979,88667,1796,2230530
2023-03-12,16644,835281,686039,,,75970,70403,1547,1773585
2023-03-13,26027,856102,1377045,,,179787,157310,6358,3352388
2023-03-14,26262,778145,1360497,,,189402,159031,6866,3577250
2023-03-15,29687,920214,1493605,,,205092,187128,7473,3912366
2023-03-16,30151,979778,1522248,,,209838,187573,7562,3949788
2023-03-17,28094,968504,1408472,,,199191,171443,6790,3661519
2023-03-18,16828,926819,921569,,,102021,101788,1839,2417873
2023-03-19,16471,882846,661736,,,82032,72936,1247,1894476
2023-03-20,26951,899348,1444823,,,191367,167256,6895,3442589
2023-03-21,29466,922043,1511670,,,213026,189925,7850,3801084
2023-03-22,29999,923517,1509096,,,202826,184321,7589,3797399
2023-03-23,29189,937995,1466839,,,200870,177877,7208,3774396
2023-03-24,27883,962444,1420346,,,188352,159574,6133,3534300
2023-03-25,15556,833067,784068,,,89101,82702,1765,2153554
2023-03-26,16878,874244,724870,,,83054,81819,1648,1939984
2023-03-27,26394,888364,1426226,,,192461,166543,6675,3397258
2023-03-28,28923,898266,1490842,,,207837,189294,7541,3765920
2023-03-29,29771,926369,1521968,,,208736,187520,7825,3872948
2023-03-30,29363,961724,1486845,,,200601,187344,7512,3860289
2023-03-31,28599,981946,1423686,,,184342,158879,6426,3573735
2023-04-01,16428,859055,842213,,,82140,88096,1520,2283533
2023-04-02,17660,861110,716880,,,76059,79027,1319,1949665
2023-04-03,27387,905182,1475017,,,182947,162370,7076,3597785
2023-04-04,29698,916790,1519740,,,200063,188769,7633,3906882
2023-04-05,29462,942019,1432322,,,205060,185283,7163,3799965
2023-04-06,27061,917991,1264311,,,193340,169192,6122,3421271
2023-04-07,23831,903596,1150222,,,187800,159262,4925,3130675
2023-04-08,16256,875057,882727,,,108740,99273,2393,2393347
2023-04-09,19026,906826,654259,,,98030,85620,1916,1855826
2023-04-10,24135,925671,1236634,,,191412,170713,6121,3142740
2023-04-11,27777,898409,1316710,,,210828,193831,7081,3537843
2023-04-12,28326,893905,1311418,,,207802,191574,6863,3576687
2023-04-13,28451,942469,1311906,,,200072,183658,6668,3628304
2023-04-14,27514,992290,1294357,,,190858,173790,5869,3471420
2023-04-15,16804,918597,890050,,,99793,103902,1743,2365464
2023-04-16,16835,884284,728462,,,80318,85026,1309,1864753
2023-04-17,27611,900400,1438043,,,188445,167759,6926,3418834
2023-04-18,29658,933048,1526133,,,207882,194548,7879,3862133
2023-04-19,30829,956628,1530452,,,206116,195085,7889,3927706
2023-04-20,30106,1018712,1520258,,,208664,189699,7577,4002433
2023-04-21,27777,998040,1310737,,,195442,174727,6005,3492257
2023-04-22,16865,933795,893014,,,106134,106032,1715,2506140
2023-04-23,15947,883222,673668,,,87793,79003,1326,1923243
2023-04-24,27254,915193,1466762,,,196593,173997,7020,3561262
2023-04-25,29504,930969,1529162,,,216767,192115,7806,3956922
2023-04-26,30191,950826,1531476,,,216097,191885,7758,3994837
2023-04-27,29969,985725,1506783,,,216674,184365,7564,3999831
2023-04-28,28306,1000104,1424078,,,195436,160861,6441,3703088
2023-04-29,15688,834977,715608,,,85167,77009,1871,2179978
2023-04-30,15451,788424,578075,,,75065,65334,1355,1744098
2023-05-01,27445,926155,1465598,,,188566,167178,6960,3664755
2023-05-02,29472,919816,1498566,,,211550,197217,7749,3961858
2023-05-03,30850,944262,1533714,,,209450,195363,7862,4030601
2023-05-04,30449,970445,1497427,,,206323,189538,7417,3985001
2023-05-05,28952,1015003,1450598,,,200675,170610,6514,3759375
2023-05-06,18349,979269,934630,,,111525,103318,2584,2563102
2023-05-07,17822,905666,705419,,,92076,83007,2705,2033790
2023-05-08,27771,938331,1460932,,,198056,180789,7196,3563340
2023-05-09,29923,958452,1524892,,,221290,205069,7827,3925555
2023-05-10,31360,985250,1528140,,,221747,203414,7998,4014009
2023-05-11,30899,1020419,1535264,,,210683,201006,7619,4015942
2023-05-12,29397,1047377,1436385,,,201367,185027,6629,3723192
2023-05-13,18340,1011144,918257,,,113810,109940,1973,2487178
2023-05-14,20222,983677,690606,,,102178,101088,1654,1926966
2023-05-15,25892,951297,1440741,,,201209,184909,6956,3553443
2023-05-16,29747,968611,1519397,,,227489,207484,7930,4002015
2023-05-17,30423,989383,1518546,,,223059,206630,7118,4104786
2023-05-18,29842,1012638,1492657,,,218955,198433,7530,4082154
2023-05-19,28381,1027639,1431269,,,208310,181114,6362,3789929
2023-05-20,16570,891497,760830,,,102957,95625,1970,2314672
2023-05-21,17545,962612,727850,,,103484,91335,1919,2132724
2023-05-22,27038,946119,1446015,,,203122,186008,6935,3571748
2023-05-23,29538,957083,1500973,,,219619,214621,7928,3929003
2023-05-24,30495,987191,1499943,,,219886,208487,7667,3960264
2023-05-25,29311,1011009,1459601,,,215946,201855,7183,3859385
2023-05-26,27037,997340,1370252,,,207347,187188,5747,3496511
2023-05-27,16731,928210,848442,,,116439,120011,2913,2375741
2023-05-28,17527,908353,707787,,,102985,102009,2426,2029088
2023-05-29,12121,838833,758893,,,99456,86149,2520,1952779
2023-05-30,27645,963187,1438285,,,227623,205661,7398,3714864
2023-05-31,30078,975279,1480801,,,229227,211998,7691,3911382
2023-06-01,30088,1009838,1457503,,,210483,191410,7152,3894167
2023-06-02,29570,1014684,1399462,,,202543,170399,6470,3626490
2023-06-03,18118,961080,899212,,,115723,102668,1837,2411704
2023-06-04,18429,934091,714218,,,103120,88859,1573,1988330
2023-06-05,27920,942164,1432156,,,200806,183510,6892,3544106
2023-06-06,29999,948843,1474317,,,218376,213292,7795,3929131
2023-06-07,31147,945356,1390834,,,212982,202951,7334,3743889
2023-06-08,27689,935501,1216291,,,189487,176985,5503,3268529
2023-06-09,25845,1009368,1256670,,,214001,185677,5482,3425232
2023-06-10,17996,994069,892936,,,139304,117616,1978,2608756
2023-06-11,17958,979587,695200,,,106971,98115,1582,2075651
2023-06-12,27520,942514,1394575,,,202015,185343,6744,3479404
2023-06-13,30441,975618,1500122,,,233588,212364,7850,3968160
2023-06-14,30661,976395,1434687,,,235667,207746,7234,3893073
2023-06-15,31298,1032651,1475300,,,228608,206188,7390,3928393
2023-06-16,28693,1028981,1300751,,,214883,177916,5960,3395938
2023-06-17,17967,1002673,872453,,,138654,111460,2632,2399521
2023-06-18,19384,974352,707615,,,119996,95597,2029,1977582
2023-06-19,17494,967279,1075747,,,196645,168591,4094,2636887
2023-06-20,29482,982510,1434258,,,235806,224371,7540,3782810
2023-06-21,31019,1002707,1430476,,,242162,221141,7551,3902298
2023-06-22,29220,1016955,1367709,,,233588,208969,6956,3782472
2023-06-23,28619,1026311,1282954,,,222283,188373,6167,3470575
2023-06-24,16937,954162,844674,,,128075,109217,2551,2467994
2023-06-25,17103,950896,689020,,,123527,113238,2248,2222704
2023-06-26,26823,966376,1314743,,,218393,185070,6516,3341322
2023-06-27,29246,973069,1391914,,,231738,209234,7633,3744227
2023-06-28,29092,991652,1305832,,,233457,207293,6762,3634270
2023-06-29,28876,1041647,1307649,,,233625,200724,6946,3653631
2023-06-30,28028,1047133,1248822,,,219673,178064,5817,3259767
2023-07-01,17093,959822,859295,,,120270,99597,2745,2239529
2023-07-02,16717,835292,668297,,,92780,74415,1988,1783757
2023-07-03,23795,863548,1117930,,,149641,128417,4718,2662052
2023-07-04,13059,717501,631937,,,96458,84010,2305,1791179
2023-07-05,28774,966845,1296583,,,211448,189434,6472,3318379
2023-07-06,29894,963279,1333630,,,209335,186822,6608,3494806
2023-07-07,28609,980680,1273900,,,197892,171597,5868,3292266
2023-07-08,17879,951872,867047,,,120931,107854,2695,2308794
2023-07-09,16695,872162,651953,,,95243,83783,1914,1776607
2023-07-10,27354,929061,1307297,,,196506,171497,6175,3208730
2023-07-11,30085,957146,1381701,,,221923,200151,7149,3613670
2023-07-12,31015,982757,1383484,,,218097,199169,6901,3696737
2023-07-13,29980,995972,1359302,,,218715,190952,6888,3648007
2023-07-14,28489,991539,1231624,,,198119,163840,5588,3209393
2023-07-15,18043,986294,889709,,,124007,107124,2409,2326054
2023-07-16,16496,820005,583645,,,89763,72406,1559,1599858
2023-07-17,27637,968319,1310810,,,205378,182216,6345,3282092
2023-07-18,29105,947817,1313665,,,225299,204203,6766,3584819
2023-07-19,30527,974843,1342781,,,224202,203857,6938,3679343
2023-07-20,29745,1008154,1333607,,,224327,197400,6858,3711017
2023-07-21,27485,1004083,1211839,,,201177,176892,5389,3227154
2023-07-22,18283,1008471,894490,,,133328,93215,2117,2459990
2023-07-23,18021,991418,723774,,,116485,94729,1511,1984503
2023-07-24,27222,952072,1302964,,,206025,180716,6175,3255379
2023-07-25,29285,944312,1307716,,,226651,211053,7050,3630414
2023-07-26,30501,981362,1382345,,,226363,210315,7298,3758378
2023-07-27,28692,977139,1313385,,,219460,187729,6788,3580012
2023-07-28,27522,1029826,1246295,,,205845,170128,5631,3266199
2023-07-29,16747,961474,856921,,,120457,100508,2314,2251524
2023-07-30,17450,993750,705279,,,116784,91861,2077,1952433
2023-07-31,26682,975380,1283835,,,205976,185348,6161,3204920
2023-08-01,29354,959997,1357252,,,221518,199547,7060,3598379
2023-08-02,30380,970610,1359233,,,219641,201003,6913,3640307
2023-08-03,30483,1000263,1350472,,,220565,197044,6753,3609076
2023-08-04,28128,993082,1241122,,,193528,171533,5593,3228510
2023-08-05,18835,974419,879423,,,122596,114660,2838,2364364
2023-08-06,18805,959846,715130,,,107399,96010,2171,1910841
2023-08-07,27174,905952,1208443,,,191530,163799,5884,3041001
2023-08-08,29435,937561,1339073,,,218555,193867,7035,3510047
2023-08-09,30849,963902,1369095,,,224241,192028,6858,3613062
2023-08-10,29758,960916,1262073,,,208782,178768,6333,3429304
2023-08-11,29109,1022642,1275618,,,206947,171116,6119,3311714
2023-08-12,18390,973522,844749,,,131586,109269,2835,2366787
2023-08-13,18071,968282,690541,,,112932,93730,2196,1953558
2023-08-14,27185,943570,1246445,,,201352,168873,6051,3092801
2023-08-15,29122,927808,1273782,,,212116,187441,6680,3385996
2023-08-16,30763,960221,1300953,,,217398,190267,6652,3447648
2023-08-17,30045,978905,1275993,,,212321,180631,6360,3385056
2023-08-18,27468,1003717,1208502,,,208639,174410,5361,3182516
2023-08-19,19246,987283,856814,,,144076,124069,2665,2358962
2023-08-20,18004,962550,689829,,,101351,94332,2065,1870625
2023-08-21,26325,933844,1199440,,,198534,170102,5857,2971166
2023-08-22,28913,932713,1263459,,,213724,194321,6463,3352769
2023-08-23,30187,958369,1272485,,,215258,192053,6566,3412842
2023-08-24,28689,963101,1201155,,,204439,176827,6191,3297927
2023-08-25,26511,956698,1143010,,,191119,153854,4891,3034255
2023-08-26,18024,958115,844428,,,122930,100194,2700,2281885
2023-08-27,18022,946702,702984,,,106913,85878,2088,1909806
2023-08-28,26613,936061,1240688,,,215843,170897,6179,3121505
2023-08-29,28250,934319,1284953,,,235092,189077,6677,3401088
2023-08-30,29450,964068,1267435,,,230912,180304,6639,3462970
2023-08-31,29312,1021542,1315113,,,229477,176676,6537,3450532
2023-09-01,28920,1029684,1225370,,,202450,152974,5372,3196284
2023-09-02,18536,943312,842591,,,132551,107230,2633,2307416
2023-09-03,19598,942979,692079,,,119566,90729,2185,2013506
2023-09-04,12292,858764,686326,,,114475,87538,2188,1879819
2023-09-05,29869,973978,1349438,,,239334,218899,6739,3483755
2023-09-06,32290,968041,1395521,,,238477,211126,6909,3712071
2023-09-07,31704,985607,1441437,,,226937,206910,7044,3867746
2023-09-08,30083,1020080,1365283,,,225125,183785,6257,3609701
2023-09-09,17897,956282,840378,,,125177,102373,2575,2425515
2023-09-10,17916,873853,626222,,,96835,81850,1623,1822230
2023-09-11,29057,915527,1400268,,,213280,191592,7182,3596538
2023-09-12,31779,959651,1519571,,,241196,221092,8031,4014480
2023-09-13,31900,940261,1482320,,,229765,210001,7787,3938516
2023-09-14,32717,993640,1517040,,,232039,206374,7847,4045169
2023-09-15,30957,1026636,1398937,,,225904,192398,6429,3694845
2023-09-16,18923,976614,881354,,,117997,115065,2864,2446139
2023-09-17,18330,906081,666392,,,107302,96229,2197,1988003
2023-09-18,28341,880290,1294777,,,215151,192103,7010,3539047
2023-09-19,31109,938743,1480863,,,241135,224426,8652,4140301
2023-09-20,32181,962794,1478618,,,242203,219540,8671,4179861
2023-09-21,31455,983182,1478606,,,232409,211375,8554,4139288
2023-09-22,30086,1024575,1403811,,,223821,194197,7175,3840412
2023-09-23,15680,806230,682092,,,96073,86985,2012,2116140
2023-09-24,15255,750320,562224,,,83669,75103,1863,1701656
2023-09-25,24609,816113,1035021,,,194611,175651,5320,2885921
2023-09-26,30558,913826,1393963,,,235620,214987,7655,3946624
2023-09-27,32758,947790,1463309,,,232823,212978,7877,4074930
2023-09-28,31804,969705,1433729,,,227819,201304,7587,4051444
2023-09-29,29054,830295,1053306,,,188008,128570,5183,2467295
2023-09-30,16536,867826,789587,,,104842,100703,1936,2205573
2023-10-01,18586,901140,669243,,,94222,92724,1984,1995361
2023-10-02,28672,935087,1390842,,,208901,183892,7289,3649389
2023-10-03,32295,941175,1471939,,,235305,214111,7953,4008201
2023-10-04,33186,953731,1467384,,,231999,209399,7928,4026878
2023-10-05,32414,977772,1457151,,,233470,207356,7814,4030304
2023-10-06,30643,1004758,1325428,,,225040,193065,6284,3639729
2023-10-07,16919,845459,720734,,,105975,95026,2010,2199478
2023-10-08,18471,899451,654443,,,98315,105952,2722,2044534
2023-10-09,21655,909254,1023375,,,206491,189567,4576,2833654
2023-10-10,31970,939835,1423532,,,239967,220445,8356,3954925
2023-10-11,33382,954481,1451764,,,236033,214437,8630,4056504
2023-10-12,32865,993406,1436967,,,248974,215284,8255,4104598
2023-10-13,31134,1006573,1322576,,,226873,193658,6429,3560964
2023-10-14,17155,876531,717223,,,110177,96158,2298,2219786
2023-10-15,18455,914805,689581,,,102493,100633,2148,2013096
2023-10-16,29453,929946,1381665,,,228147,203627,7735,3661144
2023-10-17,31921,948433,1439468,,,243917,222110,8354,4021342
2023-10-18,33615,953178,1440292,,,236072,213952,8356,4074460
2023-10-19,32909,990784,1440111,,,234999,212946,8148,4121563
2023-10-20,29766,965899,1232782,,,222385,192383,6272,3616336
2023-10-21,17530,910190,793917,,,113139,101963,2464,2438387
2023-10-22,18954,931564,678536,,,98471,93659,2021,1983271
2023-10-23,29261,929345,1375311,,,221569,199199,7615,3667240
2023-10-24,31757,937091,1431006,,,241544,218201,8176,4040571
2023-10-25,32821,951107,1443766,,,237292,217420,8368,4120011
2023-10-26,32549,989646,1431016,,,242021,215171,8147,4142420
2023-10-27,31164,1031620,1348576,,,229895,203068,6705,3853546
2023-10-28,20126,1023178,874941,,,124172,139276,2995,2743759
2023-10-29,18145,874635,589929,,,86843,80705,1766,1834459
2023-10-30,29075,897401,1314380,,,225140,197550,7287,3623778
2023-10-31,30712,877390,1334020,,,224816,203951,7789,4016482
2023-11-01,32374,931361,1369637,,,226067,208249,8010,4043524
2023-11-02,32242,957528,1380510,,,231370,206350,7997,4082807
2023-11-03,31816,984731,1307247,,,218703,193580,6755,3808235
2023-11-04,19920,948635,832986,,,122433,123922,2582,2588115
2023-11-05,16889,794306,614666,,,109258,109891,3407,2310457
2023-11-06,30167,927692,1349481,,,225898,198934,7474,3686141
2023-11-07,30843,895625,1270763,,,238656,215344,6785,3655078
2023-11-08,33515,941982,1401268,,,238727,213738,8306,4066029
2023-11-09,32982,984726,1376822,,,235844,210130,7929,4020939
2023-11-10,25506,979328,1250528,,,224512,200669,5596,3611367
2023-11-11,18654,942845,817146,,,122170,118398,2712,2588540
2023-11-12,19187,894864,642431,,,99171,91623,1958,1947270
2023-11-13,30479,911380,1320693,,,225204,194691,7353,3597029
2023-11-14,33027,926140,1382768,,,235487,214218,8271,3991767
2023-11-15,34166,946469,1389217,,,235718,214486,8322,4036442
2023-11-16,34102,982627,1391273,,,235070,207671,8010,4048862
2023-11-17,31496,1004113,1303240,,,227909,201231,6792,3741391
2023-11-18,19452,949904,831053,,,124053,120273,2630,2477547
2023-11-19,19835,870740,657965,,,100792,100924,2058,1943926
2023-11-20,30889,929887,1300978,,,228502,203599,7426,3647283
2023-11-21,32139,982079,1254277,,,236079,213162,7467,3774952
2023-11-22,28409,989611,1160847,,,254968,220030,6524,3378351
2023-11-23,21741,901251,471662,,,116969,107690,2257,1628385
2023-11-24,15381,822045,807221,,,215833,197178,3718,2457591
2023-11-25,14245,869749,696466,,,124716,117682,2454,2123590
2023-11-26,16900,867663,566395,,,101486,95729,1834,1686490
2023-11-27,29418,925515,1253990,,,228127,200017,7294,3523494
2023-11-28,31716,918691,1279327,,,234794,216450,7835,3916476
2023-11-29,32809,919642,1268990,,,234738,212929,7851,4032882
2023-11-30,32650,950509,1340370,,,236142,210592,7737,4072271
2023-12-01,31284,951594,1226677,,,185151,164628,6432,3723171
2023-12-02,19675,906791,826725,,,126374,125483,2618,2748170
2023-12-03,18450,780908,553618,,,87340,76999,1633,1827959
2023-12-04,30841,904209,1312507,,,223257,201080,7559,3709458
2023-12-05,33235,918842,1346216,,,243329,224065,7964,3991835
2023-12-06,33502,941055,1350594,,,230920,211076,7951,4116059
2023-12-07,32511,965045,1314833,,,231114,204586,7424,4088438
2023-12-08,31875,976366,1261796,,,225208,198539,6435,3863961
2023-12-09,20580,947836,828894,,,156237,147745,3181,2922085
2023-12-10,17542,782143,539117,,,90884,82225,1648,1838048
2023-12-11,29271,898311,1213923,,,219022,191110,6949,3642743
2023-12-12,33458,940173,1309303,,,236348,219393,7655,4051574
2023-12-13,34323,964293,1314167,,,238451,215546,7859,4067457
2023-12-14,33406,993921,1296909,,,236516,213415,7414,4122091
2023-12-15,32517,1016256,1246465,,,235800,208572,6540,3845234
2023-12-16,20483,976161,814457,,,149340,149013,3085,2866544
2023-12-17,18445,812194,569005,,,96415,88502,1787,1954707
2023-12-18,28309,813192,1082334,,,201289,174850,5381,3314782
2023-12-19,32542,951055,1275002,,,244031,213625,7555,3912934
2023-12-20,33205,968890,1245547,,,236060,206420,7363,3838407
2023-12-21,31713,981368,1200899,,,229252,199411,6860,3675448
2023-12-22,29324,984185,1110555,,,231036,206169,5878,3372318
2023-12-23,17627,880249,708808,,,139904,130053,2700,2244175
2023-12-24,20241,795756,549448,,,92540,77874,1912,1657096
2023-12-25,14750,750568,381879,,,80587,65350,1668,1273729
2023-12-26,20706,870326,906670,,,219149,192910,5158,2668642
2023-12-27,25945,884586,955890,,,220010,186541,5373,2912007
2023-12-28,26462,891277,969231,,,218546,193235,5395,3064841
2023-12-29,26892,912592,1007697,,,237781,210361,5784,3198885
2023-12-30,16983,836447,720564,,,121688,121647,2780,2440211
2023-12-31,20005,674200,548344,,,99817,89554,2029,1934651
2024-01-01,9165,733254,455965,,,82811,73957,2018,1648734
2024-01-02,25961,833562,1091104,,,209680,184978,7107,3290639
2024-01-03,31304,860670,1212761,,,217373,194441,7565,3555082
2024-01-04,31233,871863,1242971,,,212217,190588,7450,3560703
2024-01-05,30480,891156,1185046,,,199441,173362,5963,3263064
2024-01-06,15850,724404,684686,,,92741,82890,2070,1942458
2024-01-07,13723,568828,502518,,,72971,57280,1533,1472438
2024-01-08,28890,848891,1226783,,,208960,184150,7001,3303727
2024-01-09,30430,784130,1135694,,,213699,188888,6944,3353192
2024-01-10,31338,848541,1248493,,,217461,191221,7216,3557166
2024-01-11,32790,925357,1293940,,,229117,199799,7337,3688916
2024-01-12,31096,934166,1228696,,,207670,182896,6286,3365791
2024-01-13,17168,822986,755670,,,101558,97439,2210,2167383
2024-01-14,18588,752646,588809,,,85521,78197,1745,1743556
2024-01-15,16502,820151,783032,,,91887,80498,3017,2169917
2024-01-16,29826,716475,1078860,,,205716,178389,5414,3235935
2024-01-17,32054,867429,1193111,,,217173,199986,6891,3616923
2024-01-18,32318,900897,1235693,,,217911,197257,7014,3655850
2024-01-19,27175,797009,1109408,,,191999,171490,5330,3176408
2024-01-20,15487,761763,677335,,,96128,82817,1926,2024041
2024-01-21,17147,721445,548497,,,78041,66955,1482,1576126
2024-01-22,30092,845081,1210644,,,209302,185181,6558,3305387
2024-01-23,33111,868625,1264199,,,233311,205300,7194,3652488
2024-01-24,33082,870903,1247798,,,223928,201969,7027,3666907
2024-01-25,32517,894518,1256481,,,223766,199560,6845,3681867
2024-01-26,31329,917534,1193175,,,213749,184511,5681,3380816
2024-01-27,19099,856146,801262,,,117555,102600,2409,2283244
2024-01-28,17473,715214,535857,,,75177,66794,1455,1549077
2024-01-29,29367,842719,1211703,,,214890,187702,6755,3297571
2024-01-30,32782,872485,1284597,,,230931,207896,7744,3717520
2024-01-31,33417,886952,1325692,,,228148,204353,7651,3808584
2024-02-01,33540,916087,1337508,,,214275,189621,7465,3814682
2024-02-02,32175,921659,1239617,,,200395,174044,6207,3457807
2024-02-03,20070,849004,808103,,,113576,102310,2357,2324038
2024-02-04,20480,793254,626299,,,86327,77083,1746,1742107
2024-02-05,31372,859195,1297578,,,218879,190181,7053,3481777
2024-02-06,33618,884477,1346868,,,233524,208252,7709,3857533
2024-02-07,34799,900800,1341486,,,229426,202871,7655,3900992
2024-02-08,34386,941702,1350925,,,232069,198010,7442,3903673
2024-02-09,32233,957789,1268268,,,218909,185475,6121,3547321
2024-02-10,20462,880000,795892,,,118074,99942,2596,2385448
2024-02-11,20610,762790,628400,,,83832,73614,1769,1774698
2024-02-12,30323,892930,1254403,,,212628,185118,6132,3374596
2024-02-13,23271,482279,724893,,,166803,134355,3641,2273584
2024-02-14,32796,913181,1282121,,,230505,201686,7645,3963628
2024-02-15,33402,952529,1305830,,,228885,202704,7500,3874860
2024-02-16,32442,966657,1225865,,,210552,186547,6269,3504536
2024-02-17,17545,772481,680638,,,95271,92423,2038,2178047
2024-02-18,18975,797397,604537,,,89877,81659,1720,1850840
2024-02-19,17585,817600,842548,,,96569,85973,3007,2244741
2024-02-20,32208,899285,1201850,,,233827,207099,7023,3490990
2024-02-21,33590,896387,1222440,,,230058,201074,7112,3591484
2024-02-22,32702,928655,1212903,,,225465,195315,6674,3588173
2024-02-23,30262,920820,1126271,,,208527,182348,5479,3219121
2024-02-24,19456,869440,788962,,,114816,98942,2407,2308808
2024-02-25,19822,825580,608010,,,88104,78248,1800,1740477
2024-02-26,30867,877847,1275320,,,217914,187542,6969,3439079
2024-02-27,33571,897691,1332209,,,233207,208042,7659,3802458
2024-02-28,33664,893814,1290829,,,228110,199671,7428,3784177
2024-02-29,33637,962146,1334777,,,232010,204828,7295,3905888
2024-03-01,33416,973371,1276428,,,181633,157348,6220,3573658
2024-03-02,19380,826820,689029,,,98266,85586,2084,2094029
2024-03-03,21351,860095,686787,,,93906,85095,1981,1961510
2024-03-04,32231,891094,1319592,,,219565,188845,7229,3539671
2024-03-05,34277,872846,1263377,,,236999,204515,7344,3819514
2024-03-06,35207,894426,1273337,,,225080,198040,7555,3865589
2024-03-07,34235,946074,1334827,,,226926,197659,7414,3893731
2024-03-08,34613,992246,1291469,,,226372,192899,6588,3685219
2024-03-09,19661,860563,747405,,,113368,97183,2174,2128635
2024-03-10,20080,821120,630566,,,90567,77768,1750,1803578
2024-03-11,31600,873234,1270081,,,218755,188108,6854,3497588
2024-03-12,34978,915856,1370319,,,239002,213584,7820,3988438
2024-03-13,36469,942026,1377062,,,237603,212582,8100,4024943
2024-03-14,36111,974694,1368263,,,240124,211962,7658,4049186
2024-03-15,33266,991245,1275542,,,227481,199285,6558,3643013
2024-03-16,20796,927686,838318,,,138156,129667,3108,2553056
2024-03-17,20237,865840,625861,,,103993,86964,2078,1972170
2024-03-18,31905,899570,1296423,,,221451,190770,7072,3482565
2024-03-19,34899,913930,1336910,,,242771,210028,7795,3869116
2024-03-20,35998,931986,1334002,,,234446,206030,7700,3886104
2024-03-21,35097,951848,1317112,,,228782,200037,7292,3862248
2024-03-22,33549,980093,1251225,,,225175,187489,6299,3581959
2024-03-23,17633,736622,587004,,,95770,77331,1766,1863863
2024-03-24,22334,864706,653413,,,95973,80451,1890,1912946
2024-03-25,31947,906615,1281676,,,224068,192720,7032,3583716
2024-03-26,34874,919136,1355991,,,239790,211566,7754,3969793
2024-03-27,35627,948272,1342695,,,241268,207744,7628,4014011
2024-03-28,34416,958838,1223847,,,239840,200583,6780,3910547
2024-03-29,30293,970592,1096254,,,241583,198343,5092,3372535
2024-03-30,19891,909745,801723,,,135355,111061,2748,2526569
2024-03-31,23316,936601,606411,,,121273,98458,2096,1936295
2024-04-01,30083,921607,1168598,,,208291,180107,6053,3321989
2024-04-02,34415,894314,1247638,,,234615,206753,7289,3900061
2024-04-03,34971,856109,1162660,,,222764,195001,6815,3890305
2024-04-04,34712,961556,1339531,,,232730,201745,7180,4100733
2024-04-05,34503,986253,1263607,,,225107,202580,6309,3800800
2024-04-06,21444,931595,822825,,,128106,117095,2555,2477127
2024-04-07,21759,878338,651153,,,101624,94103,2033,1899641
2024-04-08,31777,883899,1258402,,,220359,194106,6873,3506719
2024-04-09,36151,970225,1366571,,,251964,228390,7937,4042674
2024-04-10,35534,950832,1245909,,,235585,216591,7115,3791945
2024-04-11,35354,968131,1315916,,,241215,205013,7326,4000485
2024-04-12,33701,984025,1240823,,,225168,191755,6265,3668439
2024-04-13,21606,934171,824356,,,120351,110542,2609,2535112
2024-04-14,21766,900793,664358,,,103711,93633,2145,2068885
2024-04-15,32975,938045,1319005,,,233386,203835,7374,3704177
2024-04-16,35869,946250,1370151,,,243835,220030,8017,4033514
2024-04-17,35970,946559,1347870,,,243323,214829,7805,4021256
2024-04-18,34816,960125,1303010,,,230634,203859,7271,3966226
2024-04-19,33749,1005000,1278086,,,223518,205809,6252,3705782
2024-04-20,21228,952549,830016,,,125999,123804,2793,2537525
2024-04-21,20807,876733,651681,,,101817,98834,2017,1918237
2024-04-22,29919,906928,1146285,,,229680,206229,6171,3219677
2024-04-23,31727,873846,1176798,,,238274,221191,7063,3522218
2024-04-24,32658,884275,1180243,,,233010,215927,6847,3608010
2024-04-25,32999,966560,1191480,,,242243,217219,6820,3723894
2024-04-26,31859,960070,1143792,,,229885,198590,5647,3431590
2024-04-27,20591,915285,801494,,,123192,109447,2479,2506779
2024-04-28,21057,884153,649572,,,100214,91619,1965,2084950
2024-04-29,30504,870512,1161990,,,225362,201385,6385,3323706
2024-04-30,32717,876200,1193514,,,240862,218592,6886,3638986
2024-05-01,35701,959302,1350660,,,230682,205030,7757,4032791
2024-05-02,36244,985377,1349838,,,235003,210951,7475,4061242
2024-05-03,34860,1009380,1285012,,,226880,204190,6516,3780888
2024-05-04,22523,954647,849249,,,123516,122719,2769,2563658
2024-05-05,20709,823309,578132,,,99491,87988,2571,1889174
2024-05-06,33424,934306,1295794,,,229643,200506,6869,3652105
2024-05-07,36309,959055,1375535,,,250953,227303,7966,4098321
2024-05-08,36981,973565,1350511,,,244202,221059,7623,4087477
2024-05-09,35927,1004630,1354139,,,247959,218370,7344,4086528
2024-05-10,34539,1006475,1212090,,,228020,195091,5894,3677268
2024-05-11,22810,1007785,845713,,,134051,117308,3078,2648580
2024-05-12,24531,933869,559614,,,114118,98717,1755,1858872
2024-05-13,31980,957789,1264180,,,244216,209794,7137,3703066
2024-05-14,35800,968597,1343633,,,260745,226656,7698,4116655
2024-05-15,36951,947214,1288427,,,248434,219840,7856,4114615
2024-05-16,35940,990185,1306481,,,243988,215601,7590,4105026
2024-05-17,34945,1028502,1270674,,,241980,215838,6569,3816914
2024-05-18,21562,972936,792454,,,131709,130279,2855,2691368
2024-05-19,22305,942844,657256,,,112130,106408,2228,2121485
2024-05-20,32417,961239,1291703,,,236846,216450,7160,3682061
2024-05-21,35819,966865,1349876,,,252506,234587,7775,4029557
2024-05-22,36940,996779,1357841,,,258544,233098,8086,4104021
2024-05-23,34785,1016554,1275297,,,250848,215083,7442,3863099
2024-05-24,33663,1039719,1243655,,,250907,209130,6663,3583244
2024-05-25,20733,928412,805680,,,135961,120036,3031,2347159
2024-05-26,22762,908474,652393,,,120709,101017,2710,2019012
2024-05-27,12673,745291,594031,,,99975,81042,2123,1667890
2024-05-28,34485,972840,1300611,,,257078,227311,7609,3825781
2024-05-29,36435,959947,1309889,,,254749,227379,8090,4006764
2024-05-30,35372,1002919,1301028,,,253843,219887,7550,3979959
2024-05-31,35020,1025661,1257526,,,245017,211027,6644,3688627
2024-06-01,22726,1003362,848601,,,128555,110948,2980,2446153
2024-06-02,22640,944876,651637,,,114504,92567,2339,1978037
2024-06-03,33679,951379,1294956,,,225413,197640,7168,3611491
2024-06-04,36865,964701,1327963,,,255090,233237,7800,3979793
2024-06-05,37800,990705,1338427,,,264512,230173,7942,4051943
2024-06-06,35234,993746,1207899,,,245631,219447,7059,3774324
2024-06-07,35464,1040780,1254339,,,252098,214062,6393,3752412
2024-06-08,23371,1002254,842779,,,159020,135138,3150,2673220
2024-06-09,22435,966063,680981,,,132945,107497,2492,2134551
2024-06-10,32970,964238,1355986,,,240121,211542,7701,3702212
2024-06-11,36206,955762,1390440,,,259101,230796,8500,3995425
2024-06-12,36693,952603,1355294,,,256255,224305,8138,3977760
2024-06-13,35363,969399,1310210,,,254575,221855,7675,3936941
2024-06-14,34757,1017050,1212740,,,247019,204586,5973,3517062
2024-06-15,23580,1033025,851502,,,142102,122409,3104,2431810
2024-06-16,24200,1001387,653946,,,130133,109303,2245,1897201
2024-06-17,31993,961183,1172762,,,242993,215241,6466,3325104
2024-06-18,36105,993635,1314338,,,260538,242116,7713,3920839
2024-06-19,26431,973450,1068172,,,232540,206582,4527,3046320
2024-06-20,36445,1025738,1275626,,,255683,227113,7217,3857797
2024-06-21,34695,1027492,1191812,,,244215,211543,6166,3500365
2024-06-22,21970,981220,793674,,,133102,119962,2743,2385207
2024-06-23,21789,957537,648887,,,118067,103892,2061,1908786
2024-06-24,33300,980166,1227231,,,246269,213904,6820,3467845
2024-06-25,36669,1006891,1269567,,,271783,232410,7685,3831447
2024-06-26,36344,1027462,1267408,,,264126,226518,7314,3901100
2024-06-27,35155,1037346,1214263,,,255215,227648,7170,3776811
2024-06-28,34111,1042093,1141168,,,255739,211914,6305,3522732
2024-06-29,21904,981000,780229,,,138769,119738,2948,2454997
2024-06-30,20851,888565,583751,,,126526,108244,2268,2002269
2024-07-01,32979,959030,1156904,,,216906,185943,6947,3273546
2024-07-02,35200,956076,1216755,,,234535,207844,7431,3542073
2024-07-03,36949,1007199,1198766,,,237577,205176,6758,3409357
2024-07-04,17646,755272,643119,,,117030,101274,2939,1992244
2024-07-05,28776,857429,1001854,,,207314,183222,4563,2700734
2024-07-06,19730,860697,758425,,,119417,110386,2688,2100877
2024-07-07,22640,912740,642652,,,120316,105041,2167,1804572
2024-07-08,33105,949660,1176713,,,226613,199454,6499,3228784
2024-07-09,35500,956804,1236657,,,249970,219843,7176,3605032
2024-07-10,37417,961413,1252733,,,249781,210993,7393,3691835
2024-07-11,35691,997744,1233678,,,246250,209174,6914,3688029
2024-07-12,34090,983536,1120310,,,231084,191828,5586,3261074
2024-07-13,20949,916511,743154,,,123988,107166,2700,2203283
2024-07-14,22682,950803,633752,,,119283,97038,2160,1869670
2024-07-15,32763,954918,1160722,,,233209,202008,6398,3259800
2024-07-16,35468,948164,1209152,,,249559,220620,6828,3594150
2024-07-17,36547,960518,1210515,,,248424,214137,6845,3651756
2024-07-18,36119,1010443,1218605,,,241785,211370,7085,3637826
2024-07-19,34718,1022607,1207102,,,243438,206922,6480,3372874
2024-07-20,19961,984535,803868,,,131910,125050,2688,2269647
2024-07-21,21664,966494,659004,,,126169,111438,2080,1877704
2024-07-22,32431,942623,1168226,,,231813,215087,6510,3235343
2024-07-23,35110,932660,1211237,,,247915,229841,7177,3606656
2024-07-24,36652,952083,1220410,,,249158,224862,7260,3656472
2024-07-25,35373,995084,1220056,,,255367,214281,6850,3638351
2024-07-26,34431,1016330,1154709,,,247475,201321,5946,3288849
2024-07-27,22582,986456,809660,,,138344,125101,2991,2306948
2024-07-28,22027,954855,645704,,,121226,99516,2214,1851383
2024-07-29,32067,932158,1147023,,,233537,200999,6240,3202281
2024-07-30,34911,941243,1228387,,,251398,220120,7217,3590241
2024-07-31,35765,963202,1213507,,,248316,213562,7018,3576343
2024-08-01,35878,1016033,1208275,,,229131,194439,6902,3544663
2024-08-02,34487,995583,1111340,,,215453,181008,5784,3153955
2024-08-03,22133,945280,741482,,,123922,109769,2852,2200373
2024-08-04,22186,891954,588249,,,108959,92383,2099,1752861
2024-08-05,33112,963223,1154644,,,234345,192078,6375,3222601
2024-08-06,35331,905339,1130325,,,234650,207212,6974,3462581
2024-08-07,36667,928763,1117450,,,239223,202867,6593,3511253
2024-08-08,35509,948381,1108956,,,230083,196259,6466,3490217
2024-08-09,32193,914501,1039488,,,215973,170622,5202,3041276
2024-08-10,22199,956186,777613,,,133623,119101,3156,2356405
2024-08-11,22996,932245,614435,,,121004,103975,2552,1918748
2024-08-12,33127,932729,1106072,,,231099,191415,6337,3169180
2024-08-13,35503,914295,1158412,,,242459,205674,7002,3491612
2024-08-14,37606,970112,1182980,,,242186,202330,7028,3544668
2024-08-15,36343,1006980,1182864,,,241573,196106,6528,3495671
2024-08-16,34676,1013229,1123673,,,235035,185953,5596,3198733
2024-08-17,22797,962245,767022,,,135948,112928,2880,2256233
2024-08-18,20897,860623,578595,,,106004,82177,1953,1713050
2024-08-19,31668,939487,1090594,,,224656,183503,5870,3076559
2024-08-20,34985,960477,1164259,,,250304,211051,6877,3475888
2024-08-21,36401,966702,1159036,,,247076,204853,6910,3498651
2024-08-22,34997,993618,1140225,,,245912,199777,6458,3427911
2024-08-23,33653,1008033,1095768,,,235738,196218,5827,3209666
2024-08-24,22523,982981,776019,,,146684,119252,3025,2332624
2024-08-25,22347,954450,629302,,,130885,101267,2309,1905818
2024-08-26,31233,943802,1104199,,,244138,186630,5896,3113498
2024-08-27,34997,957321,1177841,,,261771,201834,6713,3477101
2024-08-28,36079,980250,1203770,,,257194,195873,6656,3516674
2024-08-29,35044,1001235,1203629,,,261935,192714,6446,3438760
2024-08-30,33968,1012878,1132406,,,255954,195334,5287,3152242
2024-08-31,21518,931420,771634,,,149890,119313,2471,2158004
2024-09-01,22880,903778,658803,,,120499,95622,2149,1969350
2024-09-02,14939,861398,629636,,,134118,95598,2571,2007446
2024-09-03,35977,967455,1323572,,,263763,220831,7337,3629404
2024-09-04,38623,943233,1372412,,,271660,225508,7588,3868854
2024-09-05,37475,974389,1434726,,,262639,220098,7475,4033322
2024-09-06,36478,1008024,1397369,,,258126,202757,6606,3794952
2024-09-07,21477,919901,841695,,,137291,105974,2874,2479639
2024-09-08,23760,921697,724969,,,120584,98767,2280,2101048
2024-09-09,35327,938320,1458059,,,247296,214384,7724,3811344
2024-09-10,38230,959320,1510358,,,263027,233290,8495,4182405
2024-09-11,39031,929727,1489570,,,263710,228252,9107,4214707
2024-09-12,38778,993520,1515496,,,263539,228985,8174,4232214
2024-09-13,37297,1024954,1442741,,,254945,219747,6989,3911412
2024-09-14,24473,1010708,913017,,,145099,136864,3402,2706474
2024-09-15,24154,954266,705080,,,128174,118303,2605,2161737
2024-09-16,35319,942442,1473843,,,254618,215601,7734,3821428
2024-09-17,38667,953515,1536675,,,268678,232809,8503,4189311
2024-09-18,39300,971180,1539412,,,281624,229697,8603,4232888
2024-09-19,38515,1006254,1547727,,,272725,226944,8367,4255184
2024-09-20,36687,1029142,1471585,,,270065,215673,7029,3933048
2024-09-21,23611,988882,950423,,,160150,133469,3736,2744632
2024-09-22,23164,945072,737715,,,131192,102752,2560,2131910
2024-09-23,34543,931098,1457916,,,250701,218237,7994,3898806
2024-09-24,37488,936254,1500066,,,270524,240779,8938,4323708
2024-09-25,37829,945383,1487149,,,267471,236202,8904,4335945
2024-09-26,37117,970082,1467648,,,264141,228971,8216,4295723
2024-09-27,35968,1015362,1438524,,,258258,221034,6992,3945383
2024-09-28,22142,925863,863284,,,134408,132177,2928,2557982
2024-09-29,22340,867370,664367,,,117572,102805,2782,1959363
2024-09-30,34701,929271,1486507,,,256547,217897,7845,3849138
2024-10-01,38299,926619,1546620,,,247737,218836,9716,4179363
2024-10-02,38330,945685,1504660,,,258854,227124,9543,4068073
2024-10-03,35952,930814,1333760,,,246586,217197,7273,3627528
2024-10-04,35371,951311,1313232,,,251723,215328,6361,3506654
2024-10-05,23775,970842,953356,,,142657,148928,4086,2710146
2024-10-06,23677,916583,737760,,,111257,105906,2534,2065294
2024-10-07,35754,921480,1478576,,,250063,220335,8833,3847055
2024-10-08,39100,950149,1554839,,,275934,235974,10259,4256950
2024-10-09,39877,962957,1555422,,,275026,234694,9926,4313211
2024-10-10,38911,995629,1534201,,,272428,233710,9495,4329161
2024-10-11,37027,1026778,1435476,,,257460,224122,7977,3868564
2024-10-12,23525,961732,940999,,,149093,144234,3409,2587128
2024-10-13,23354,915669,744866,,,127619,120235,3574,2153429
2024-10-14,26827,915402,1076828,,,240501,225263,5124,3066851
2024-10-15,38788,960559,1487706,,,270652,249266,9369,4284818
2024-10-16,39579,955971,1495298,,,279608,236091,9783,4357117
2024-10-17,37093,946905,1496057,,,277906,237000,9362,4309633
2024-10-18,36732,998473,1443165,,,272133,229999,8258,4030998
2024-10-19,24053,985303,930951,,,156212,147214,3588,2752350
2024-10-20,24069,943247,733271,,,127452,122789,2606,2176476
2024-10-21,35133,942132,1471964,,,247857,219983,8975,3842315
2024-10-22,38656,937004,1528809,,,268294,237771,9628,4218881
2024-10-23,39211,934747,1537563,,,257031,233881,9629,4276606
2024-10-24,36754,936511,1484054,,,260193,232459,9653,4304831
2024-10-25,36635,988880,1376080,,,262815,223941,8083,4019790
2024-10-26,24066,992081,960099,,,143111,148103,3423,2828539
2024-10-27,23888,922563,740417,,,120849,115917,2556,2208683
2024-10-28,35666,931469,1473020,,,253923,229873,8936,3983168
2024-10-29,38621,944545,1514830,,,272526,249585,9803,4378791
2024-10-30,40468,975195,1533630,,,267007,246035,9878,4417951
2024-10-31,37639,957578,1423507,,,257756,221856,8741,4340272
2024-11-01,37306,991957,1290003,,,213535,185052,6363,3780874
2024-11-02,24481,945493,924453,,,138761,134522,3273,2817106
2024-11-03,21758,794485,647668,,,132720,123028,4095,2602870
2024-11-04,36716,912585,1450761,,,243884,216014,7765,3949699
2024-11-05,36106,862543,1321929,,,244078,213516,6691,3640246
2024-11-06,40044,933303,1490566,,,256311,221461,8324,4113411
2024-11-07,39248,964142,1499670,,,259228,226007,8177,4232190
2024-11-08,38062,996532,1428851,,,245087,213611,7038,3971878
2024-11-09,24198,929261,920210,,,133329,134651,3270,2770474
2024-11-10,23972,873934,713083,,,105256,103048,2321,2117144
2024-11-11,28032,869107,1173328,,,236005,206579,5534,3277617
2024-11-12,39828,927474,1487306,,,264372,234752,8595,4263199
2024-11-13,41143,939051,1496105,,,257349,229455,8342,4331024
2024-11-14,40039,965409,1476496,,,251765,217969,8022,4296568
2024-11-15,39068,991883,1386340,,,247886,214139,6829,3986526
2024-11-16,24556,925881,919983,,,137240,132742,3013,2789132
2024-11-17,24320,868401,719084,,,118405,101707,2403,2101806
2024-11-18,36682,912553,1442803,,,246602,214015,7739,3900958
2024-11-19,39803,930306,1504152,,,260621,235198,8396,4277932
2024-11-20,41321,959174,1508975,,,261795,232558,8694,4298945
2024-11-21,38930,932654,1352576,,,247779,217248,7755,4217744
2024-11-22,37694,968176,1304306,,,240803,205229,6493,3854860
2024-11-23,23654,928381,903100,,,144950,134514,3057,2720244
2024-11-24,24470,850067,712523,,,115037,104157,2333,2075015
2024-11-25,37257,930619,1440435,,,259180,221649,8190,3914213
2024-11-26,39718,985462,1412275,,,263231,233673,8100,4030009
2024-11-27,35540,1011962,1370366,,,284694,243529,7495,3710430
2024-11-28,26674,872215,462819,,,115895,103402,2095,1513447
2024-11-29,19887,833275,910730,,,243219,219251,4139,2677499
2024-11-30,19542,896098,787685,,,148820,135368,2916,2319981
2024-12-01,22046,898099,629660,,,116806,103768,2006,1893492
2024-12-02,36224,939767,1371135,,,240375,209021,7622,3813795
2024-12-03,40193,947535,1455281,,,266544,234201,8289,4240442
2024-12-04,41858,951063,1446527,,,254632,224379,8265,4374883
2024-12-05,39358,956993,1401376,,,254255,215246,7971,4354863
2024-12-06,38598,992202,1340421,,,242555,206009,6812,4121085
2024-12-07,24071,922341,883693,,,149946,139193,2926,3017208
2024-12-08,24671,854879,708798,,,122147,107390,2395,2348950
2024-12-09,36847,904158,1369917,,,243001,211638,7292,3941361
2024-12-10,40973,939890,1444209,,,265077,234161,8214,4374063
2024-12-11,39455,908825,1353141,,,253052,222538,7923,4255328
2024-12-12,41074,998457,1431599,,,269149,236210,8108,4527892
2024-12-13,39020,1018065,1347451,,,248254,222096,6931,4178812
2024-12-14,25602,952890,882335,,,161398,159083,3452,3123454
2024-12-15,24831,871064,694080,,,120386,108880,2376,2337436
2024-12-16,37015,898674,1277624,,,239706,206160,7096,3866550
2024-12-17,40830,951799,1457557,,,266960,237348,8439,4341385
2024-12-18,41792,970284,1430923,,,266741,229302,8068,4292792
2024-12-19,40565,1000668,1431183,,,267033,227613,7861,4255466
2024-12-20,38582,991204,1296068,,,247250,213269,6493,3842344
2024-12-21,23289,902693,788267,,,147327,138248,2973,2645323
2024-12-22,23526,833463,607735,,,121379,110023,2330,2061173
2024-12-23,33496,942818,1087369,,,253495,210375,5776,3216875
2024-12-24,29443,894279,906044,,,211807,173267,4272,2546394
2024-12-25,18972,749496,417229,,,87185,66693,1848,1378374
2024-12-26,25211,872652,982867,,,240534,203127,5222,2852679
2024-12-27,30638,909970,1058666,,,254609,225114,5656,3161486
2024-12-28,19881,815989,726217,,,139519,119418,2757,2268511
2024-12-29,22149,813671,664694,,,127153,107415,2629,2122120
2024-12-30,31713,900106,1111524,,,248532,209077,6159,3316046
2024-12-31,31482,822039,985813,,,223942,186037,4926,2874166
2025-01-01,12417,680486,496604,,,90318,74690,2040,1779501
2025-01-02,31265,834692,1208636,,,210914,165475,6548,3377364
2025-01-03,35900,850636,1234565,,,203652,163577,6243,3413456
2025-01-04,21999,791790,781198,,,117004,100579,2673,2315791
2025-01-05,23665,729102,626644,474551,417890,96683,79761,2039,1791537
2025-01-06,35840,796514,1270655,494915,437698,229503,202575,6888,3437198
2025-01-07,38048,846978,1315134,529634,469821,245930,220945,7410,3784051
2025-01-08,39406,856981,1329939,542412,479247,239444,209550,7799,3834806
2025-01-09,38431,873408,1306116,553214,489135,229804,198894,6845,3757580
2025-01-10,38183,902970,1326845,556459,492600,226639,189644,6232,3561095
2025-01-11,21718,775008,814312,520145,460372,121021,96491,2397,2333104
2025-01-12,23573,751235,667294,480261,420030,98780,82736,1748,1832507
2025-01-13,37067,850931,1366764,522542,460607,232624,202056,7013,3565093
2025-01-14,39810,869282,1395685,547385,481826,252417,218691,7600,3901919
2025-01-15,40471,877344,1391070,561608,497584,237904,211912,7739,3927198
2025-01-16,39239,904987,1394686,575713,513344,244145,210063,7319,3919882
2025-01-17,38857,935757,1356698,573957,508351,231166,197835,6235,3604425
2025-01-18,23229,830805,831369,526690,464644,122763,103091,2244,2336087
2025-01-19,20610,608391,586622,399484,352565,87352,75906,1709,1828934
2025-01-20,17801,706001,797268,428175,375494,96444,78479,2849,2216281
2025-01-21,35218,844346,1252532,549720,487435,240724,212861,6563,3624134
2025-01-22,37701,845278,1289449,559666,497768,239508,209338,6840,3745833
2025-01-23,38358,886799,1361328,581646,516809,242403,209534,6992,3870712
2025-01-24,37509,905789,1318449,574846,509786,234056,195169,5802,3584146
2025-01-25,22654,816805,868042,550554,492129,130818,103192,2559,2486799
2025-01-26,23439,750444,689249,492995,431926,100305,82565,1964,1882291
2025-01-27,36731,853170,1385882,528877,466181,239834,200074,6779,3612704
2025-01-28,39676,874166,1479059,553013,488692,260461,218807,7596,4057100
2025-01-29,39355,862094,1295961,563827,498937,246641,213599,6678,3735444
2025-01-30,39342,913838,1470801,589219,522538,243926,210602,7370,4088389
2025-01-31,75450,904420,1358908,571207,505016,225159,190971,6031,3624121
2025-02-01,47702,818559,895648,539605,479554,114523,94588,2563,2483263
2025-02-02,24063,752428,678873,496048,434613,132846,72681,1875,1848424
2025-02-03,38076,848713,1432408,531887,466399,223504,183417,7289,3695940
2025-02-04,40893,873398,1495880,556635,495393,259976,219042,8018,4150390
2025-02-05,41896,892163,1520952,572999,506354,248050,213793,8108,4182058
2025-02-06,37073,801999,1369499,541083,480986,229479,182951,6686,3885191
2025-02-07,39874,942213,1443307,583245,515515,236121,197152,6441,3861700
2025-02-08,23849,783842,817924,505573,447300,113264,96754,2681,2538395
2025-02-09,20935,612435,571270,423383,370794,83513,69578,1839,1850257
2025-02-10,37718,875734,1429999,535204,469934,234725,198962,6972,3746029
2025-02-11,40378,865810,1492601,545412,481261,247848,215260,7709,4111749
2025-02-12,38659,831747,1400354,546966,483102,235576,205325,6682,3940993
2025-02-13,39932,915759,1467576,579674,511719,243915,205656,7310,4098104
2025-02-14,40125,985525,1392764,600664,533624,233715,198806,6065,3855445
2025-02-15,21226,761009,748078,507992,450300,105976,91906,2390,2355977
2025-02-16,20949,669880,588331,456663,401965,93199,71059,1674,1809213
2025-02-17,21581,788209,911285,478275,414453,101826,84372,3045,2458343
2025-02-18,38691,883917,1279762,552516,486106,243993,210850,6826,3698061
2025-02-19,40363,889255,1318256,556395,492804,243335,207633,6951,3830039
2025-02-20,37671,887540,1300291,567313,504613,241345,203840,6768,3822211
2025-02-21,37660,918000,1231306,572942,505296,228844,191570,5592,3481093
2025-02-22,24126,856224,871144,547786,484591,116852,101509,2428,2492096
2025-02-23,24345,812302,698394,506040,441386,105060,85701,1885,1905750
2025-02-24,37883,872577,1454401,534172,468446,234816,201187,6915,3722403
2025-02-25,41177,897388,1517387,557580,489948,258241,220142,7891,4094456
2025-02-26,42667,927095,1532417,578328,509920,254446,217753,8103,4202962
2025-02-27,40994,942667,1491904,591045,521067,249988,213554,7617,4123434
2025-02-28,40313,981859,1444353,588989,518463,241045,202576,6564,3867670
2025-03-01,25348,890866,947470,557335,492535,124608,104535,2847,2655494
2025-03-02,24730,797986,685236,505319,440009,90230,75153,1887,1943509
2025-03-03,38493,879963,1446066,539800,473220,227656,190695,7226,3783633
2025-03-04,42252,894951,1530724,563736,496134,257066,222055,7997,4178706
2025-03-05,41857,891406,1464569,563880,499816,246143,211791,7738,4139402
2025-03-06,41928,950398,1506745,592139,521249,248999,214413,7537,4177390
2025-03-07,40968,972404,1436637,591133,523770,243527,203928,6389,3877969
2025-03-08,25318,888491,946022,557011,492920,124078,110319,2614,2662053
2025-03-09,25436,814195,717213,505972,441854,104989,86431,1898,1991779
2025-03-10,38272,907327,1480720,546535,480608,249300,209606,7331,3849712
2025-03-11,42531,916601,1547477,567866,503968,261433,228328,8162,4220071
2025-03-12,43034,929995,1558707,583170,515887,259006,226656,7992,4273439
2025-03-13,41922,961852,1545407,598216,527771,262786,224898,7723,4265918
2025-03-14,40590,985018,1461424,599204,527511,258621,213317,6547,3926685
2025-03-15,25703,914293,957923,571554,506043,142839,119626,2900,2686698
2025-03-16,24499,839409,682090,499751,443664,113968,88439,2114,2111229
2025-03-17,37228,880331,1386978,531847,466563,246824,210355,7185,3751313
2025-03-18,42071,921714,1544388,566074,501213,264924,230580,7913,4232297
2025-03-19,43453,939086,1558820,578088,508370,260031,225253,8090,4274997
2025-03-20,41308,953667,1509884,592129,521956,261511,220117,7492,4191910
2025-03-21,40163,975048,1436059,587811,518927,248037,208980,6422,3873120
2025-03-22,25458,913756,961713,563278,496127,140466,117875,3089,2653512
2025-03-23,25724,867282,736298,521146,453188,105102,91061,2143,2007695
2025-03-24,37607,877499,1354459,534647,469230,242261,204177,6849,3650582
2025-03-25,42011,917614,1536843,563311,494496,265289,228951,8132,4214256
2025-03-26,42958,928230,1532389,574849,505041,265709,223047,7952,4237196
2025-03-27,42147,973696,1524578,592112,521457,261311,231056,7726,4263378
2025-03-28,40495,983409,1439850,594099,521515,246718,209792,6472,3878481
2025-03-29,27168,938810,993714,571180,504591,148404,136492,3110,2887283
2025-03-30,25162,872549,726124,512458,442499,115125,95708,1926,2055899
2025-03-31,35803,905432,1276763,542248,472319,244921,209348,6372,3414357
2025-04-01,42115,940353,1536805,574765,503362,257703,226059,7891,4247056
2025-04-02,43403,939753,1543145,582257,511842,258088,227068,8005,4320984
2025-04-03,43300,972326,1515578,599173,529341,257460,226170,7699,4286943
2025-04-04,41478,984269,1465455,596123,528688,260319,208594,6568,3990036
2025-04-05,25947,887812,915296,560449,499636,128321,110701,2723,2658935
2025-04-06,25576,874481,742341,518166,452789,115809,87900,2049,2059867
2025-04-07,39237,897227,1424204,548089,481752,244565,207119,7069,3848628
2025-04-08,42949,924243,1536222,568509,501321,263712,228166,8014,4324220
2025-04-09,44074,953471,1548648,585774,517277,262570,226464,8147,4343794
2025-04-10,43061,967534,1524644,595541,527664,263157,220604,7667,4299477
2025-04-11,40728,974076,1396300,587965,520242,247547,210055,6310,3864826
2025-04-12,25806,889346,842497,547463,484258,122395,111344,2092,2528127
2025-04-13,25731,829487,734980,507105,443646,108197,102506,1844,2180093
2025-04-14,35872,876586,1309503,523285,459677,246154,224282,6681,3598255
2025-04-15,40080,929248,1368277,557724,497077,270809,239573,7232,3997927
2025-04-16,40487,953357,1368776,585075,515168,262626,236314,7174,4059487
2025-04-17,40017,999371,1364437,596243,527358,275186,233477,6960,4077460
2025-04-18,36191,961407,1218484,565946,498479,260413,224930,5534,3551334
2025-04-19,26086,930835,942925,556677,491853,152672,134808,3316,2880379
2025-04-20,28290,917009,682601,520381,454215,124079,110984,2284,2100218
2025-04-21,35874,952531,1424279,553116,484304,258848,220681,7174,3806992
2025-04-22,41427,955091,1534439,571632,505174,270985,237443,8048,4307321
2025-04-23,43714,977457,1547077,589635,520755,273441,236130,8204,4402438
2025-04-24,42722,1003124,1542577,601402,538173,269508,237334,8126,4419648
2025-04-25,41123,1021430,1477842,604563,540167,256108,225725,6775,4124744
2025-04-26,24813,926498,937070,571111,511520,128572,112915,2947,2696077
2025-04-27,26217,940981,763308,545298,480205,116980,104529,2308,2329464
2025-04-28,38772,948022,1490933,555769,491503,252796,219281,7535,3946503
2025-04-29,42717,959501,1556823,578955,511123,275022,236516,8166,4350681
2025-04-30,44071,985425,1562345,596109,527609,274421,235657,8233,4406705
2025-05-01,42862,1001289,1544986,603047,536725,255295,217184,8065,4440098
2025-05-02,41919,1022746,1481552,612115,541649,241602,208851,7035,4120612
2025-05-03,26948,966765,997122,585030,518920,133711,122132,3171,2896423
2025-05-04,25492,857229,704772,517540,461843,110229,96550,2965,2175053
2025-05-05,39989,925086,1374815,563368,497467,245700,209710,7248,3924272
2025-05-06,42573,943342,1474148,581190,515890,259823,230786,7802,4289517
2025-05-07,44564,989240,1534698,594746,527186,265244,237348,8339,4438683
2025-05-08,44027,1009991,1519593,613194,546625,267298,228124,7976,4380539
2025-05-09,41254,1006355,1331879,604005,536945,253493,207842,6262,3893760
2025-05-10,27783,1011526,971181,595494,525743,156932,132365,3309,2895080
2025-05-11,31380,991991,727298,570347,497206,137582,118279,2398,2177273
2025-05-12,37902,973174,1454909,569158,500550,267260,225151,7463,3950681
2025-05-13,42501,955146,1499466,584027,517598,273175,236762,7899,4101901
2025-05-14,43850,952819,1410385,582744,521406,268675,231338,7815,4325655
2025-05-15,43184,1029707,1490616,619201,548622,269831,233021,8217,4226351
2025-05-16,41634,1059003,1290844,627406,555978,273352,234569,6109,3917793
2025-05-17,26202,1000935,758100,598384,533116,147850,141007,2161,2806907
2025-05-18,27587,982949,735919,567796,498434,128018,118803,2779,2348810
2025-05-19,39503,982764,1383215,577706,508135,261500,226926,7084,3859712
2025-05-20,43311,991236,1526811,594230,524091,285050,255638,7694,4288364
2025-05-21,43061,980696,1435870,599643,532201,277010,239556,7997,4359486
2025-05-22,41619,998261,1360223,595992,530563,262440,226023,7259,4177436
2025-05-23,39780,1031719,1350033,594017,524190,276688,222482,6449,3867945
2025-05-24,24931,913459,892650,532950,468696,150831,123603,3341,2613079
2025-05-25,26605,900233,734847,512342,443567,134252,114432,2743,2265268
2025-05-26,18515,840714,796572,463543,399174,130049,108449,3307,2225230
2025-05-27,41019,970362,1458610,574207,504691,281318,243011,7983,4131820
2025-05-28,43951,960376,1439867,585014,517078,273219,241099,7971,4319577
2025-05-29,42557,990565,1451583,603540,534290,272341,233835,7730,4330609
2025-05-30,42154,1015385,1417061,601404,533129,267632,220334,6788,4013939
2025-05-31,25399,910906,928331,563611,498973,145270,116390,2743,2703804
2025-06-01,27401,910180,757386,537110,471081,121796,99548,2520,2216471
2025-06-02,37700,896736,1433260,536609,475683,232864,207612,7190,3825105
2025-06-03,42931,926194,1504149,563793,500569,263483,245856,8081,4277676
2025-06-04,45757,1017096,1542346,597848,527257,282470,245882,8434,4453078
2025-06-05,43649,1030065,1435569,610503,539708,276354,239951,7400,4209248
2025-06-06,41920,1041083,1387859,588357,518370,275908,232473,6642,3971366
2025-06-07,26651,953498,914494,560695,496566,142141,128292,2939,2746462
2025-06-08,27726,968131,756088,547858,479586,135005,125365,2486,2419073
2025-06-09,40161,961646,1419682,561829,492176,255303,222549,7392,3894637
2025-06-10,42936,954511,1443471,572615,506704,275576,239058,7558,4242094
2025-06-11,46251,1003515,1533682,593244,525009,282392,244814,8316,4389844
2025-06-12,45320,1034603,1518029,613180,542010,282071,241736,7676,4389106
2025-06-13,42554,1038680,1440700,600724,529728,271326,223767,6646,4016599
2025-06-14,27033,920854,848789,548137,484827,137307,117635,2812,2648754
2025-06-15,28137,926691,708559,523431,456312,128639,107802,2227,2060343
2025-06-16,39076,953519,1422102,551055,483183,259549,233061,7310,3881697
2025-06-17,43724,963515,1462892,574699,506016,278874,252443,7787,4244501
2025-06-18,45681,1022007,1488512,594075,524562,287437,258760,7816,4352533
2025-06-19,30585,986519,1166095,569203,499929,151719,128671,4879,3312985
2025-06-20,42403,1045862,1402524,590494,520330,275003,238453,6535,3917085
2025-06-21,28166,1012175,976504,564325,498572,157226,137237,3008,2750049
2025-06-22,27873,958088,720311,540947,472985,124808,106241,1961,2036654
2025-06-23,38543,1004985,1364226,560860,493387,267072,220195,6749,3675099
2025-06-24,41227,1002946,1358019,576576,508897,274554,228175,6962,3857783
2025-06-25,43104,1022469,1365564,588529,518042,275835,234020,7305,4044532
2025-06-26,42597,1043189,1430075,598642,530476,284518,237407,7544,4176259
2025-06-27,41129,1035138,1309638,597400,527598,269267,236144,6180,3745156
2025-06-28,26021,979613,915611,562919,496660,140546,133369,3356,2779328
2025-06-29,27283,977389,747156,531999,462437,140810,128084,2965,2443017
2025-06-30,38466,978738,1322280,552156,484319,265402,226634,7013,3570724
2025-07-01,41983,962753,1352948,552919,486400,245375,212691,7169,3827420
2025-07-02,44290,989748,1398660,560964,493313,267728,213549,7241,3850919
2025-07-03,42904,1033884,1348055,559318,487405,266204,208213,6320,3599213
2025-07-04,23960,823510,777322,370595,344431,141707,107177,3278,2325024
2025-07-05,23179,869114,865914,473374,417488,147313,108845,3032,2279010
2025-07-06,26944,928952,739870,495165,427051,146359,106648,2336,1991884
2025-07-07,39214,941314,1345304,539785,472168,248037,211317,6657,3494924
2025-07-08,42288,954114,1411193,562596,496160,262625,241553,7104,3921235
2025-07-09,45132,985054,1451732,575949,511140,266421,236794,7633,4071286
2025-07-10,43008,991161,1393906,584824,519365,263195,229112,7343,4019506
2025-07-11,42338,1015625,1338079,585622,518022,272902,225186,6312,3752472
2025-07-12,27698,977883,960786,548482,489791,149285,135356,3333,2696784
2025-07-13,27530,947683,750701,512419,460304,132047,115440,2436,2144413
2025-07-14,39010,949245,1339218,551976,488753,257985,218295,6862,3605195
2025-07-15,42917,964769,1440912,568443,505180,273821,240472,7585,4039160
2025-07-16,44891,984544,1448849,582827,517696,274639,239169,7572,4117704
2025-07-17,43352,1012349,1405028,598461,529651,272814,230292,7131,4029813
2025-07-18,42209,1034137,1335124,591287,522779,278160,223832,6115,3739145
2025-07-19,28090,991761,936694,555768,492020,168171,133834,3241,2655440
2025-07-20,27099,957647,753370,526015,460599,140696,107317,2433,2111747
2025-07-21,39272,970671,1361375,552298,485347,267689,224453,6941,3671940
2025-07-22,43313,962297,1433292,566171,500828,295419,245466,7645,4085230
2025-07-23,44930,981504,1431350,583481,515261,298419,240979,7619,4124410
2025-07-24,43574,1016811,1422129,592456,526974,277559,236538,7277,4079094
2025-07-25,40952,1015431,1280081,588419,518744,262297,222755,5508,3656150
2025-07-26,27624,1015567,922083,563385,499170,159323,137302,3040,2790923
2025-07-27,25966,925287,704038,523954,457180,127073,112224,2128,2149759
2025-07-28,38491,975543,1355899,557783,490341,262687,227711,6780,3664264
2025-07-29,42045,970476,1391706,574356,506126,275947,240606,7230,3942701
2025-07-30,43086,978621,1381553,580299,511770,272520,241950,7350,3995693
2025-07-31,42155,958049,1310912,572629,506462,260275,229384,7004,3718979
2025-08-01,41345,1010258,1318643,579089,508733,225675,174071,5983,3597962
2025-08-02,28936,992084,924525,541316,476734,151706,125916,3134,2661432
2025-08-03,27902,937381,766036,508382,443041,131196,102414,2438,2109148
2025-08-04,39688,963338,1367299,541255,472834,253148,207908,6910,3603453
2025-08-05,44101,957256,1424105,563946,494700,272605,227260,7688,3990441
2025-08-06,44869,975465,1415758,572039,503937,273051,222043,7627,3994828
2025-08-07,43838,1004118,1408353,586245,514904,265143,214868,7256,3944318
2025-08-08,41991,1019042,1326591,578625,508787,260507,212368,6315,3654469
2025-08-09,28414,985098,922892,534173,470918,153113,131416,2595,2671051
2025-08-10,27679,964503,736132,516631,448299,136708,116733,2109,2201175
2025-08-11,38985,959647,1325167,544096,474195,254512,211894,6657,3541477
2025-08-12,43664,966304,1393854,557546,491063,272560,225090,7367,3891327
2025-08-13,44349,971639,1355986,569361,500378,267156,221321,7233,3880241
2025-08-14,43367,1012190,1364955,585499,513978,264290,210265,6878,3823077
2025-08-15,41588,1028472,1308147,575069,503939,258243,203201,5990,3551008
2025-08-16,28833,990201,912705,540124,471921,153433,120490,2433,2568833
2025-08-17,27882,960971,725657,514796,444245,125268,101391,1642,2015821
2025-08-18,38413,949948,1264049,535621,466129,246904,200323,6475,3376936
2025-08-19,41917,954649,1340712,551588,483349,269818,217321,7134,3788813
2025-08-20,42821,941839,1265037,555592,487739,255602,208647,6673,3712709
2025-08-21,41317,993364,1296398,572855,503544,268214,218083,6538,3790576
2025-08-22,40155,1022733,1287328,576344,505286,264414,217013,6102,3640772
2025-08-23,27407,1006389,925878,553608,487215,166882,133514,3351,2669472
2025-08-24,26911,962150,739780,528050,458481,149695,109360,2459,2154935
2025-08-25,37653,970575,1287007,540962,469466,275475,207511,6329,3499592
2025-08-26,41461,964498,1381193,554316,484927,294008,222383,7249,3934641
2025-08-27,43498,985440,1392630,565997,495649,294556,220687,7311,3959633
2025-08-28,42332,1019765,1363724,574538,503521,293877,212908,6992,3844830
2025-08-29,40464,1027183,1289424,574985,500850,284378,205508,5796,3559792
2025-08-30,27458,963358,895879,532571,465081,174467,129878,3039,2575973
2025-08-31,28459,956024,705740,524543,451084,152591,113092,2401,2197950
2025-09-01,17488,853219,673370,470708,405009,140632,100886,2399,2092253
2025-09-02,41991,971199,1346568,564878,494239,277073,228222,7277,3842843
2025-09-03,46061,960254,1438356,572264,503384,293705,238831,7483,4101293
2025-09-04,45376,966487,1469632,584644,518054,289721,232772,7709,4258378
2025-09-05,43782,1005336,1437614,594321,526170,279193,225330,6830,4020205
2025-09-06,27218,917387,846107,560115,499423,141330,117043,2213,2589586
2025-09-07,28255,862573,684550,523680,460258,122696,99960,1425,2058463
2025-09-08,41777,945027,1497567,559406,492346,266996,226542,7574,4051429
2025-09-09,45766,954339,1551093,575700,507897,278353,249487,8282,4433601
2025-09-10,46875,963539,1540037,590074,523856,277619,244711,8093,4472327
2025-09-11,45113,986086,1550699,590188,524119,284101,239089,8324,4499093
2025-09-12,44800,1034050,1477001,607463,539715,280104,230142,6806,4196585
2025-09-13,29120,996581,965501,588396,524411,152575,144805,2491,2916067
2025-09-14,29323,961790,759804,558337,488963,128586,117465,1733,2260774
2025-09-15,41693,953354,1508135,563416,495828,271084,228659,7707,4046573
2025-09-16,46067,964074,1561603,580138,512773,286694,246166,8395,4425430
2025-09-17,46498,961549,1527852,589690,522265,286428,242860,8106,4446829
2025-09-18,46174,1006303,1550224,603572,538345,281845,239470,7949,4488401
2025-09-19,44232,1042086,1480671,608394,539919,286808,231477,6987,4177680
2025-09-20,28263,1000287,949447,588932,525352,162463,137816,2721,2907031
2025-09-21,28507,951666,730328,556640,486871,138648,119583,1826,2305677
2025-09-22,40106,942647,1398995,545829,478490,277694,235311,7385,3931188
2025-09-23,39820,900181,1278886,521957,461632,292843,251491,7547,3913543
2025-09-24,41928,921997,1312722,556653,490813,301441,246884,7537,4031358
2025-09-25,43591,966221,1444408,578090,512347,298380,243174,7834,4423394
2025-09-26,43185,1043628,1455644,602233,531409,306735,240853,6937,4199816
2025-09-27,27542,997436,933791,597376,531438,181410,145805,3051,2911538
2025-09-28,28439,932462,742362,550478,487271,149259,114310,2589,2213509
2025-09-29,41836,950405,1482688,556266,489589,278761,232338,7641,4061628
2025-09-30,45235,961539,1534316,570885,505841,286693,257916,8347,4440014
2025-10-01,46020,943997,1473098,560691,498305,259808,243325,8212,4339922
2025-10-02,40497,913797,1261553,553064,490442,257417,236427,6807,3815531
2025-10-03,44933,1008171,1434440,598480,529663,265055,225487,6890,4066815
2025-10-04,29130,965808,718806,583919,518442,143110,136719,2113,2104373
2025-10-05,29332,936413,702569,551355,483443,120574,109130,1940,2193758
2025-10-06,42251,929249,1396894,551459,486155,261527,226803,7519,3927545
2025-10-07,44898,900999,1404064,557894,497959,278786,254323,8179,4212383
2025-10-08,45158,913834,1395842,575970,515826,269959,249146,7903,4237976
2025-10-09,46236,1010954,1452407,602517,537602,291108,250000,7996,4452806
2025-10-10,44822,1042761,1368369,608468,540792,285283,245256,6790,4043304
2025-10-11,28513,962632,859727,579599,516572,155564,145487,2926,2732324
2025-10-12,23732,761450,592660,503174,445752,105833,98164,1968,1968515
2025-10-13,27812,778635,891300,482865,424539,226891,203344,3548,2788416
2025-10-14,42716,917366,1409939,561387,500773,280029,250229,7739,4190034
2025-10-15,46081,960851,1443106,579030,516539,283734,250634,7915,4328358
2025-10-16,46342,997185,1429707,603395,537918,289634,249181,7794,4462590
2025-10-17,44786,1021890,1364083,608143,540006,269171,240862,6689,4113843
2025-10-18,28890,980808,903291,584687,521611,154085,156049,42,2931765
2025-10-19,29387,951447,727587,554532,494717,128355,125200,1,2264572
2025-10-20,40468,927388,1220586,550195,482547,264955,232341,6134,3601800
2025-10-21,46279,952108,1472383,571945,505504,285947,252266,8052,4461061
2025-10-22,47380,960587,1467664,582822,516920,275757,243232,8324,4523614
2025-10-23,46401,990734,1461341,599125,532687,286021,247800,7887,4559508
2025-10-24,44360,1014462,1410451,603680,538058,274534,240961,6741,4276483
2025-10-25,29197,985797,900658,590403,525430,155774,157311,71,2949713
2025-10-26,29588,919543,828951,549762,482960,126937,119440,4,2286150
2025-10-27,41385,933494,1402134,553465,488623,266942,232879,7507,4127115
2025-10-28,45787,943247,1455220,572705,509358,283192,251648,8079,4530266
2025-10-29,47416,960281,1469294,587348,523719,281041,248483,8220,4602493
2025-10-30,44144,889125,1227694,566504,511435,267015,233660,7567,4324588
2025-10-31,43132,983811,1317185,596286,532586,277129,238548,6460,4432080
2025-11-01,28093,983673,898965,621678,557583,144681,136951,3055,3100676
2025-11-02,25958,817612,650701,515320,471290,139969,126613,4004,2832239
2025-11-03,43099,940016,1391623,555643,488655,255395,220572,7712,4161669
2025-11-04,43413,904786,1328396,546060,484039,272769,239630,6902,4115365
2025-11-05,47577,952224,1446631,583951,516723,278711,241336,8275,4481565
2025-11-06,46597,982260,1380841,597423,532580,277537,237999,7819,4476845
2025-11-07,44889,999735,1278966,600352,533038,271989,227739,6673,4143987
2025-11-08,28928,951693,904574,582779,520741,146648,144272,98,2998303
2025-11-09,28414,859442,664738,526073,463682,108466,102557,6,2170348
2025-11-10,42668,918164,1330157,550681,485465,261926,224338,7111,4042262
2025-11-11,37343,862673,1138614,536744,476517,261323,231128,5848,3805525
2025-11-12,48814,947918,1416400,578898,516005,277019,241668,8127,4490139
2025-11-13,48365,973866,1393834,594706,530783,278935,240393,7775,4514518
2025-11-14,45674,999518,1358720,605783,540060,266627,228051,6632,4202637
2025-11-15,29345,944176,901107,583136,521944,147186,134636,2601,2916948
2025-11-16,29190,875912,698030,533624,476770,122244,104396,1930,2244614
2025-11-17,43573,920434,1345238,554857,489233,265144,224332,7340,4073219
2025-11-18,47836,939249,1412746,571751,508767,276957,244622,7946,4478041
2025-11-19,49261,946470,1324616,580388,518999,285721,242379,7984,4485722
2025-11-20,48100,989094,1351795,600338,538095,281238,242044,7966,4507934
2025-11-21,46310,1007336,1308473,603007,538403,265950,227894,6706,4136195
2025-11-22,28732,932418,843858,578855,518407,154859,136221,2501,2789019
2025-11-23,29629,859248,677274,525804,464531,124945,111766,1919,2214468
2025-11-24,43753,931195,1325785,550340,483667,278824,235318,7369,4093423
2025-11-25,46923,984962,1323388,562668,497669,287401,245330,7701,4220008
2025-11-26,42124,1002049,1236618,562332,495541,303778,255782,7074,3810090
2025-11-27,31998,915340,495496,456868,390555,136991,118294,2356,1828134
2025-11-28,23232,840279,841444,486749,425942,155678,137068,3865,2812012
2025-11-29,23215,892563,774221,525836,468381,157271,140888,2407,2451340
2025-11-30,25621,873262,586972,509436,448883,130384,108842,1743,1870396
2025-12-01,43282,952445,1303042,556158,491036,249607,216228,7223,4006207
2025-12-02,44343,865367,1222943,546464,488126,265911,223297,7245,4133004
2025-12-03,48995,949475,1388939,579624,517549,275589,240102,8244,4602770
2025-12-04,47977,975181,1357434,599786,537385,279292,234324,7743,4625030
2025-12-05,45693,979717,1244763,604868,540791,257408,214457,6250,4245175
2025-12-06,29625,907338,862636,581765,524790,161891,143742,2750,3167060
2025-12-07,30064,859180,677370,539911,481678,132179,108943,2085,2417625
2025-12-08,44073,919722,1280746,561060,496401,262078,221975,7173,4146910
2025-12-09,47915,942527,1343371,581751,520020,280939,245102,7619,4498157
2025-12-10,48763,950985,1356535,586136,527414,278314,243313,7932,4570883
2025-12-11,47771,985569,1354523,607456,547305,282861,244157,7601,4654787
2025-12-12,46724,1010112,1310865,616249,554757,271356,232325,6359,4342252
2025-12-13,29814,949108,895773,594199,534734,183250,160206,2636,3223814
2025-12-14,25999,678234,551669,449076,401521,116119,106009,1816,2275321
2025-12-15,41911,897956,1250173,533152,474945,257524,221439,6631,4071120
2025-12-16,46871,938269,1353494,562004,503860,275666,243838,7147,4478870
2025-12-17,49815,970077,1383795,580318,518555,286645,245310,7365,4493497
2025-12-18,49193,997713,1378737,595447,532889,294530,245278,7371,4499832
2025-12-19,44942,962046,1167980,588777,528541,269600,221112,5598,3888599
2025-12-20,30138,934838,813781,572755,513236,173942,155827,2583,2981831
2025-12-21,31036,879883,627619,526287,463899,152661,127045,2119,2390530
2025-12-22,42652,939496,1158803,535367,471375,268354,229496,6935,3869528
2025-12-23,41705,930944,1107930,530039,466947,268202,223698,6345,3602331
2025-12-24,35738,949981,883076,507082,441284,244530,195155,4540,2853461
2025-12-25,22310,755953,390603,399158,345557,96125,69421,1826,1511985
2025-12-26,27702,761332,793491,424593,374368,238777,204111,4070,2695535
2025-12-27,16279,562069,542506,367528,331518,130835,114446,2424,2219293
2025-12-28,22732,754479,579178,448419,397417,133665,114540,2302,2180348
2025-12-29,37707,851122,1024260,492004,433252,257839,214568,5571,3297161
2025-12-30,40464,898686,1084547,519563,461093,265344,222329,5681,3554107
2025-12-31,38585,851446,959612,492015,431667,245088,203486,4790,3084643
2026-01-01,14441,661315,474380,414347,370115,99745,77813,2172,2016827
2026-01-02,33207,812469,986192,477673,422514,192703,163155,4632,3120979
2026-01-03,24956,804417,758640,484717,436646,167213,132196,2650,2478271
2026-01-04,27839,749343,626317,455429,401858,90083,73729,1894,1934593
2026-01-05,42609,853613,1282373,503303,442505,219975,177390,7098,3650793
2026-01-06,45834,871458,1334624,512978,452822,245492,197811,7542,3973013
2026-01-07,47258,877731,1348234,525856,465160,250828,207994,7722,4074540
2026-01-08,46662,902305,1347632,542750,483602,251655,212710,7519,4096415
2026-01-09,44891,915619,1272247,544083,481409,239792,197505,6262,3763800
2026-01-10,26074,806027,774842,523158,471322,114420,97875,2374,2395364
2026-01-11,28246,780896,664557,486241,433463,99745,84855,2004,1978534
2026-01-12,42819,874778,1330401,519170,457853,237811,200032,7131,3770308
2026-01-13,46618,891825,1396832,539320,477444,258513,220239,7876,4108806
2026-01-14,48298,896921,1399486,544363,481637,259501,223140,7634,4123499
2026-01-15,45600,916418,1376769,563735,500848,255079,220178,7425,4122446
2026-01-16,44701,952643,1290497,565698,503285,241834,208331,6148,3777244
2026-01-17,25898,775085,751576,502163,446702,112583,102013,2423,2366112
2026-01-18,25820,625913,550614,418797,368812,83410,82259,1675,1892975
2026-01-19,25086,828004,899734,477378,417360,105820,86326,2949,2453300
2026-01-20,45009,875173,1273059,534874,472791,253778,219701,6924,3877447
2026-01-21,47748,877676,1338722,549164,487363,257748,225265,7303,4025339
2026-01-22,47855,914247,1396482,567215,503469,265608,228722,7295,4121459
2026-01-23,45077,933065,1298807,566911,505217,248622,209654,6001,3776980
2026-01-24,23866,818220,655805,531327,476905,114512,90911,2011,2221402
2026-01-25,8401,168610,196889,130520,117548,30577,27652,773,819623
2026-01-26,15007,314954,489976,218341,195624,53590,42911,2064,1755760
2026-01-27,36154,739147,1068310,423228,379199,246235,209031,6955,4059702
2026-01-28,43338,817588,1165329,456237,409984,268629,223385,7816,4332658
2026-01-29,42979,857981,1161323,478975,429851,270439,225215,7886,4395790
2026-01-30,43571,878482,1057360,487562,439608,245174,206477,6312,3957935
2026-01-31,25626,756025,690215,475698,433913,116643,96472,2460,2581424
2026-02-01,23002,680960,524589,432357,383455,80871,69254,1714,1981353
2026-02-02,43047,834932,1173735,473082,417821,217203,182299,7471,3985895
2026-02-03,48235,859259,1245949,498185,442166,263234,219849,8295,4397644
2026-02-04,49579,871814,1302237,512286,456353,263388,225121,8564,4439787
2026-02-05,47826,898988,1334014,529097,471518,265748,225067,8178,4432406
2026-02-06,46859,911531,1261942,531210,472074,252754,210906,6749,4020646
2026-02-07,23563,758697,650789,497694,444578,102769,89754,2120,2358946
2026-02-08,22967,685621,481220,445061,393433,80029,70025,1562,1769698
2026-02-09,42126,863170,1219415,500310,441513,243351,201329,7152,3807229
2026-02-10,47006,867843,1337815,517401,459086,262988,225826,8435,4283901
2026-02-11,50053,894697,1358378,533806,474161,268664,226961,8433,4377163
2026-02-12,47865,922239,1326128,549799,493259,265892,226582,7654,4266487
2026-02-13,47055,960871,1241227,556350,499558,256378,215551,6677,4034457
2026-02-14,29123,851409,802553,539296,484983,125137,110510,2882,2839785
2026-02-15,28498,800112,629233,481655,427501,112300,93826,2304,2247495
2026-02-16,24970,792379,834155,447596,388725,101152,86277,3053,2560717
2026-02-17,45265,885324,1170513,517470,456955,260663,223936,7110,3797796
2026-02-18,47110,865910,1220537,515741,455907,269864,224093,7243,3974070
2026-02-19,46003,908186,1259788,542602,480431,273447,228261,7484,4052265
2026-02-20,43085,885347,1088131,541498,482316,251262,203096,5737,3550862
2026-02-21,29438,894417,839959,546495,486573,142725,113589,2860,2710824
2026-02-22,21783,493463,438165,320479,283668,65623,60366,1558,1439320
2026-02-23,14355,113642,202460,72207,64167,0,16152,316,830660
2026-02-24,25054,622501,963843,400780,357642,90520,108743,2363,3487403
2026-02-25,42319,799927,1230769,476478,427038,250926,212973,7126,4139212
2026-02-26,45069,904170,1330375,530665,472716,272009,231970,8132,4373179
2026-02-27,47326,935612,1288410,538656,481460,257875,218043,7157,4070331
2026-02-28,30477,874002,866582,530402,473196,150484,120082,3099,2839556
2026-03-01,27986,783123,632277,477632,419642,102690,80318,2306,2092624
2026-03-02,44302,872174,1302247,510740,454857,228349,189527,7606,3977302
2026-03-03,47579,854906,1291843,521002,461876,255481,216028,8211,4204675
2026-03-04,50528,912572,1391677,548145,486527,267999,230841,8652,4389363
2026-03-05,47969,912659,1269711,546439,487749,263845,223892,7909,4249962
2026-03-06,47619,959491,1302863,558541,496364,252224,213668,6895,4001475
2026-03-07,30093,888546,858706,540531,489047,122719,112304,3041,2773292
2026-03-08,31053,826545,665659,493231,432634,106218,90561,2307,2118735
2026-03-09,45175,906718,1328707,523063,463520,256980,216978,8061,4017877
2026-03-10,49773,926447,1412694,538416,478297,286451,242120,9144,4429117
2026-03-11,50810,929885,1404358,550433,489648,276278,240805,8969,4423114
2026-03-12,48958,937084,1317907,554284,493187,280281,236207,8261,4360259
2026-03-13,47270,984218,1310749,568430,503943,276610,224651,6966,4099078
2026-03-14,30899,911435,885009,558583,497376,152848,124704,3333,2883522
2026-03-15,29818,851494,643762,494287,442610,117786,95218,2453,2284838
2026-03-16,43491,858980,1238844,514619,453639,249381,208691,7268,3857027
2026-03-17,48561,910899,1356227,531029,470372,279541,242645,8718,4469055
2026-03-18,50031,948429,1402034,563908,500263,281676,244436,8489,4510854
2026-03-19,48465,975040,1397394,565763,501442,281063,242630,8237,4482768
2026-03-20,45320,967383,1209923,553450,487502,268288,228693,6313,3784106
2026-03-21,29424,916706,890063,545885,482835,137175,123117,2809,2811993
2026-03-22,29741,878557,687957,513845,448119,123518,102101,2056,2121729
2026-03-23,43326,875747,1259485,516795,456061,255362,213572,7474,3888821
2026-03-24,48170,915023,1400840,538178,476651,285995,239664,8554,4385137
2026-03-25,49877,930286,1412694,547873,485265,279314,240153,8487,4402186
2026-03-26,49422,969427,1358425,566379,502463,304253,241015,8566,4431640
2026-03-27,46350,974683,1271472,570395,505648,264326,221909,6767,4019397
2026-03-28,29859,919497,863605,554555,491446,150533,124691,2596,2929313
2026-03-29,31135,858515,687814,511214,448838,121016,97853,2068,2203483
2026-03-30,43437,900924,1306714,526624,462480,270783,222861,7836,3998954
2026-03-31,47728,915291,1373765,538926,473538,283190,246489,8594,4383952
2026-04-01,49070,943619,1317645,544652,479587,251388,215767,7908,4232503
2026-04-02,45303,908227,1175688,538787,477842,254880,215928,6981,3900255
2026-04-03,41964,892868,1108898,525428,466620,257779,224159,5621,3586174
2026-04-04,29151,894521,869566,537099,474918,153371,145498,3374,2951308
2026-04-05,32321,847545,572940,494605,432261,117368,106661,2079,1988198
2026-04-06,40038,912482,1193708,528729,462878,248376,214677,6834,3665272
2026-04-07,45336,880048,1260764,541576,478428,271051,239713,7633,4088429
2026-04-08,46167,869214,1234992,531511,473021,273134,242421,7527,4081273
2026-04-09,45482,906459,1241877,559291,498130,283722,242312,7418,4113539
2026-04-10,45710,966012,1228428,575680,508412,275636,229974,6499,3921201
2026-04-11,30588,945844,906426,565169,503197,162641,136538,3018,2931621
2026-04-12,30388,894197,707266,530464,463820,126689,102484,1887,2190707
2026-04-13,44761,918865,1350682,536861,471574,255307,222790,7838,3982381
2026-04-14,50417,942597,1434905,556123,490417,284780,250019,8694,4446516
2026-04-15,51392,963179,1421298,569096,506174,280305,253123,8521,4492478
2026-04-16,49769,989437,1404775,591083,522798,283310,250075,8578,4499619
2026-04-17,47673,1008691,1329978,590563,523633,265678,240167,7185,4185097
2026-04-18,31586,971767,930278,582910,517240,153460,150443,2856,3060136
2026-04-19,29257,851711,641158,519606,456626,105273,98969,1684,2105104
2026-04-20,44061,929617,1368164,547842,481671,262373,223303,7745,4099614
2026-04-21,48934,927914,1419301,560326,495459,281884,246155,8459,4441919
2026-04-22,49769,938516,1406217,574135,508497,282919,247815,8336,4486292
2026-04-23,50202,992296,1436949,595042,527768,299239,256200,8595,4580490
2026-04-24,47478,1014159,1361415,595181,526695,279397,245042,7257,4268055
2026-04-25,28666,880842,755222,548308,490788,125261,111587,2358,2685935
2026-04-26,29409,893407,686858,521300,462260,117184,112778,2186,2340921
2026-04-27,44090,920097,1376245,539100,474521,259203,224358,7833,4057416
2026-04-28,49732,929442,1424485,561700,496800,287935,247855,8465,4441195
2026-04-29,49723,946469,1404674,561946,500895,280165,247914,8448,4483678
2026-04-30,48639,974328,1386584,591474,526718,283918,244080,8214,4462639
2026-05-01,49319,1007808,1340995,585851,520687,226626,192666,7182,4237281
2026-05-02,31739,949645,887316,569560,508275,138590,128983,3176,2970388
2026-05-03,30612,866478,656144,504622,451271,122910,108466,3650,2394703
2026-05-04,45147,925966,1360336,546207,479183,256730,218344,7850,4101660
2026-05-05,51610,963255,1432999,570496,502482,290796,250585,8672,4507946
2026-05-06,50966,950775,1391501,576453,510809,285219,249208,8293,4441571
2026-05-07,50729,987051,1417365,587279,521518,285975,251818,8322,4494867
2026-05-08,49494,1017369,1342338,593658,527029,276333,232579,7193,4170075
2026-05-09,31054,940770,820348,568921,506270,137761,116969,2464,2711116
2026-05-10,35968,953852,672266,544966,480366,137794,121213,2083,2196587
2026-05-11,42301,932149,1344799,555231,488320,263999,230010,7726,4041257
2026-05-12,50279,959909,1434966,566186,503756,290981,253326,8664,4547855
2026-05-13,50881,982460,1421212,581596,518618,290840,253866,8388,4577163
2026-05-14,49115,1009104,1411049,600065,534276,265552,248764,8285,4593266
2026-05-15,47759,1048440,1360005,608804,540915,249226,239234,7174,4280781
2026-05-16,31979,1003777,896034,584606,526460,0,151901,3780,3267749
2026-05-17,31872,993705,734521,556070,492602,0,115691,2392,2494895
2026-05-18,44080,985033,1381933,561219,493426,0,238270,7869,4118450
2026-05-19,49749,990399,1420860,574541,508892,73727,259833,8492,4481231
2026-05-20,49845,992093,1381453,574880,509938,283643,257684,8421,4465109
2026-05-21,48234,1001257,1354536,581914,517247,291733,256261,8134,4386711
2026-05-22,45010,993236,1315743,562750,498509,277277,249076,7114,3968143
2026-05-23,26704,825666,759826,498274,442731,129759,109220,2754,2407533
2026-05-24,27226,749491,593641,460864,402986,109255,92631,1975,2019466
2026-05-25,19932,766774,738673,441476,384058,123020,96589,2548,2202485
2026-05-26,47170,962378,1373013,552569,484532,295809,249759,8093,4245059
2026-05-27,49611,967290,1311016,549917,479740,287968,255084,7753,4137026
2026-05-28,49039,997406,1386126,576900,510091,288181,256116,8209,4436107
2026-05-29,47455,1021725,1342145,583901,517384,279994,237163,7138,4149318
2026-05-30,30862,955164,888581,559318,500194,151376,133947,3572,2847715
2026-05-31,31072,945884,706183,525792,461775,135098,115060,2850,2332810
2026-06-01,44592,954022,1319799,548865,480401,246736,208674,7490,3993141
2026-06-02,49072,959786,1375447,558389,494435,281041,254711,8443,4416745
2026-06-03,52543,983674,1398633,580252,512591,297303,263220,8638,4572985
2026-06-04,49595,1014600,1314353,593585,525925,297659,263279,7925,4360644
2026-06-05,48875,1027514,1296884,577687,516741,304864,257298,7080,4210912
2026-06-06,33253,1009350,889166,570187,510666,174105,151814,3490,2996706
2026-06-07,32358,968490,715273,533184,471104,146397,125278,2427,2380599
2026-06-08,44684,956924,1324988,546854,482945,277546,243895,8351,4149454
2026-06-09,50773,983570,1406924,572809,503962,301369,265526,8315,4421836
2026-06-10,51301,976080,1380828,578118,513601,309723,270949,8305,4488039
2026-06-11,49390,1026866,1367245,603660,535712,309671,263374,8075,4437556
2026-06-12,47646,1030875,1280324,589516,524734,293948,241623,6701,4048553
2026-06-13,32378,992562,887668,551648,487438,187256,163592,2720,3118473
2026-06-14,31473,986514,671724,534629,468075,159492,139018,2271,2573599
2026-06-15,44868,969842,1316122,543096,477131,277711,237724,7375,3963133
2026-06-16,49671,974956,1378130,549181,481173,298772,264681,8292,4317100
2026-06-17,51543,1004750,1374012,575713,508399,315054,277410,8327,4439031
2026-06-18,47359,1023361,1310412,548344,491736,369482,302486,12722,4523724
2026-06-19,35856,1012218,1111190,560471,491807,199163,157783,5171,3466629
2026-06-20,32352,1015693,882313,548799,479838,190009,155739,3518,2827329
2026-06-21,33359,998190,686718,527633,457970,162443,136916,2403,2177481
2026-06-22,41956,943342,1190956,528950,462649,270691,230712,6760,3602239
2026-06-23,48602,962667,1316593,561466,495828,293879,254818,7774,4155494
2026-06-24,50964,1010956,1371918,576364,508053,315916,270920,8466,4387873
2026-06-25,48192,1027552,1322672,573588,506894,310453,262488,7916,4204764
2026-06-26,47175,1039292,1271526,580133,513095,301469,247743,6777,3986159
2026-06-27,29663,952190,812531,541943,479896,168142,137873,78,2818312
2026-06-28,31336,963336,688636,525808,457373,164525,136578,1,2549648
2026-06-29,42739,972256,1251596,539321,471199,283773,249141,7287,3745775
2026-06-30,47633,971864,1290491,545544,477639,298430,266082,7989,3987718
2026-07-01,47767,988638,1261008,554330,486542,257177,218659,7524,3909449
2026-07-02,44020,1005335,1161301,546335,479859,258869,201910,6172,3458650
2026-07-03,28205,877555,835827,471923,410491,150445,113475,3038,2481295
2026-07-04,23983,757737,647352,359891,340111,134722,107434,2582,2177193
2026-07-05,27588,886006,632762,461906,405269,142128,121353,2984,1957166
2026-07-06,41267,880340,1087830,510641,447296,236324,198102,6676,3320874
2026-07-07,47542,932317,1289149,540519,474803,281907,237252,8173,4002280
2026-07-08,50246,969337,1337812,551935,488810,296974,250032,8100,4185110
2026-07-09,48078,974347,1265705,567356,500501,294310,243000,7359,4042730
2026-07-10,46412,1008367,1239400,575504,506252,283056,228928,6400,3775250
2026-07-11,31338,953678,838093,546133,484228,168212,138398,2553,2706059
2026-07-12,31609,981168,728292,529687,460239,152075,121389,2249,2291444
2026-07-13,43978,963378,1288541,545468,475336,272616,228661,7045,3772466
2026-07-14,48997,956909,1342166,556285,489075,292089,250764,7723,4093194
2026-07-15,48893,967915,1293893,568829,502720,292645,249947,7472,4068674
2026-07-16,47560,1000137,1293085,586991,519579,294452,248344,7176,4049737
2026-07-17,46480,1022117,1234941,570382,506327,288091,242336,6199,3810472
2026-07-18,27774,839209,690254,520496,464617,141586,117696,2316,2311444
2026-07-19,31016,932742,708994,511529,443860,171137,143933,2629,2422430
2026-07-20,43644,988519,1288268,550925,480326,274617,241945,7218,3808408
2026-07-21,46776,884510,1248139,536656,474482,276051,239219,7626,3959879
2026-07-22,49122,969552,1366949,567473,502104,295494,268615,7903,4269739
2026-07-23,48039,989548,1330665,573989,508533,308345,257452,7599,4157818
2026-07-24,46835,1032790,1269797,571206,502726,291462,239547,6277,3842835
2026-07-25,32376,999425,880606,548894,485576,156523,146262,3615,2909191
2026-07-26,31152,980870,707062,520670,458528,142256,128651,2745,2363599
2026-07-27,42912,958865,1271561,536248,467178,274132,231226,7194,3774943
2026-07-28,46203,911562,1264217,540814,477158,281389,244423,7152,3938329
2026-07-29,47913,959956,1313254,564799,497539,297471,255792,7824,4161938
2026-07-30,48152,998336,1302924,577055,512570,302729,254015,7335,4148768
2026-07-31,47708,1038503,1276200,575028,505718,294625,241529,6244,3862605
2026-08-01,31614,976749,853513,529116,475141,162069,132095,3588,2868502
2026-08-02,31869,933455,697907,508338,451451,136558,105884,2481,2244243
2026-08-03,42943,890425,1119150,512232,450788,225023,189267,6006,3478756
2026-08-04,50558,961037,1337214,544194,480293,280298,244115,7686,4128139
2026-08-05,50772,965615,1313744,553834,488826,289978,246272,7554,4119465
2026-08-06,48678,992627,1321886,572662,505642,284418,235750,7147,4049187
2026-08-07,46808,991140,1193518,558217,492552,269316,217413,6119,3591285
2026-08-08,31599,952809,841493,524089,469726,161480,138373,2530,2746651
2026-08-09,31394,958457,706989,,,159674,126269,2077,2246636
2026-08-10,43746,955172,1231170,,,260435,212148,6679,3545751
2026-08-11,48713,935030,1304309,,,277812,241631,7478,3933720
2026-08-12,50164,968135,1326582,,,290800,246279,7651,4016984
2026-08-13,48678,991728,1293946,,,287374,240475,7351,3957495
