date,prcp_mm,snow_mm,snwd_mm,tmax_c,tmin_c,awnd_ms,wsf5_ms
2019-01-01,1.5,0.0,0.0,14.4,3.9,,
2019-01-02,0.0,0.0,0.0,4.4,1.7,,
2019-01-03,0.0,0.0,0.0,6.7,2.8,,
2019-01-04,0.0,0.0,0.0,8.3,1.7,,
2019-01-05,12.7,0.0,0.0,8.3,5.0,,
2019-01-06,0.0,0.0,0.0,9.4,-0.5,,
2019-01-07,0.0,0.0,0.0,1.1,-3.8,,
2019-01-08,4.3,0.0,0.0,7.2,1.1,,
2019-01-09,1.5,0.0,0.0,7.2,1.1,,
2019-01-10,0.0,0.0,0.0,1.1,-2.1,,
2019-01-11,0.0,0.0,0.0,-1.0,-6.0,,
2019-01-12,0.0,0.0,0.0,1.1,-6.6,,
2019-01-13,0.0,0.0,0.0,0.6,-3.8,,
2019-01-14,0.0,0.0,0.0,0.0,-5.5,,
2019-01-15,0.0,0.0,0.0,2.2,-3.8,,
2019-01-16,0.0,0.0,0.0,3.9,-1.0,,
2019-01-17,0.0,0.0,0.0,0.6,-4.3,,
2019-01-18,1.3,13.0,30.0,3.9,-1.6,,
2019-01-19,7.4,5.0,0.0,2.8,0.0,,
2019-01-20,22.4,0.0,0.0,5.6,-9.9,,
2019-01-21,0.0,0.0,0.0,-9.9,-15.5,,
2019-01-22,0.0,0.0,0.0,-0.5,-10.5,,
2019-01-23,0.0,0.0,0.0,11.1,-0.5,,
2019-01-24,33.8,0.0,0.0,15.0,1.7,,
2019-01-25,0.0,0.0,0.0,4.4,-2.1,,
2019-01-26,0.0,0.0,0.0,1.7,-4.3,,
2019-01-27,0.0,0.0,0.0,9.4,0.0,,
2019-01-28,0.0,0.0,0.0,3.3,-3.8,,
2019-01-29,5.8,0.0,0.0,6.1,-3.8,,
2019-01-30,0.3,10.0,0.0,1.7,-14.3,,
2019-01-31,0.0,0.0,0.0,-8.8,-16.6,,
2019-02-01,0.0,0.0,0.0,-6.0,-11.6,,
2019-02-02,0.0,0.0,0.0,1.1,-8.8,,
2019-02-03,0.0,0.0,0.0,11.7,0.6,,
2019-02-04,0.0,0.0,0.0,16.1,5.0,,
2019-02-05,0.0,0.0,0.0,18.3,6.7,,
2019-02-06,11.4,0.0,0.0,7.8,1.7,,
2019-02-07,1.8,0.0,0.0,6.7,3.9,,
2019-02-08,9.4,0.0,0.0,12.8,0.0,,
2019-02-09,0.0,0.0,0.0,0.0,-4.9,,
2019-02-10,0.0,0.0,0.0,1.7,-4.9,,
2019-02-11,0.0,0.0,0.0,3.3,-1.0,,
2019-02-12,19.1,30.0,0.0,2.2,-3.2,,
2019-02-13,2.0,0.0,30.0,5.0,0.6,,
2019-02-14,0.0,0.0,0.0,7.8,0.6,,
2019-02-15,0.0,0.0,0.0,15.0,5.6,,
2019-02-16,0.0,0.0,0.0,8.3,0.0,,
2019-02-17,1.0,0.0,0.0,3.3,-3.2,,
2019-02-18,2.3,0.0,0.0,5.6,-3.2,,
2019-02-19,0.0,0.0,0.0,2.2,-4.9,,
2019-02-20,14.5,33.0,0.0,0.6,-3.2,,
2019-02-21,2.5,0.0,30.0,11.1,0.6,,
2019-02-22,0.0,0.0,0.0,6.7,2.2,,
2019-02-23,0.3,0.0,0.0,5.6,0.0,,
2019-02-24,14.7,0.0,0.0,8.3,2.2,,
2019-02-25,0.0,0.0,0.0,6.1,-2.1,,
2019-02-26,0.0,0.0,0.0,2.2,-3.8,,
2019-02-27,0.0,0.0,0.0,-0.5,-4.9,,
2019-02-28,0.8,3.0,0.0,2.8,-2.7,,
2019-03-01,2.8,36.0,30.0,1.7,-3.2,,
2019-03-02,13.5,102.0,100.0,5.0,-0.5,,
2019-03-03,13.2,76.0,30.0,5.6,0.6,,
2019-03-04,7.4,51.0,100.0,3.3,-2.1,,
2019-03-05,0.0,0.0,50.0,0.0,-6.6,,
2019-03-06,0.0,0.0,30.0,-3.2,-7.1,,
2019-03-07,0.0,0.0,30.0,0.0,-7.7,,
2019-03-08,0.0,0.0,0.0,3.9,-4.3,,
2019-03-09,0.0,0.0,0.0,9.4,1.1,,
2019-03-10,13.7,0.0,0.0,6.1,1.7,,
2019-03-11,0.0,0.0,0.0,11.7,3.9,4.1,11.6
2019-03-12,0.0,0.0,0.0,6.7,1.1,4.0,13.4
2019-03-13,0.0,0.0,0.0,9.4,0.0,1.1,6.7
2019-03-14,0.0,0.0,0.0,13.9,5.6,1.3,8.5
2019-03-15,9.9,0.0,0.0,23.9,9.4,1.0,10.3
2019-03-16,0.0,0.0,0.0,14.4,2.8,4.5,14.8
2019-03-17,0.0,0.0,0.0,7.2,1.1,2.8,9.8
2019-03-18,0.0,0.0,0.0,7.8,0.0,0.9,8.5
2019-03-19,0.0,0.0,0.0,10.6,1.7,1.4,8.1
2019-03-20,0.0,0.0,0.0,11.7,2.8,1.3,8.9
2019-03-21,19.1,0.0,0.0,7.8,5.0,3.5,11.2
2019-03-22,17.3,0.0,0.0,9.4,3.3,4.8,17.4
2019-03-23,0.0,0.0,0.0,8.9,1.7,4.4,16.1
2019-03-24,0.0,0.0,0.0,15.6,3.3,2.0,10.3
2019-03-25,0.0,0.0,0.0,13.3,5.6,1.9,7.6
2019-03-26,0.0,0.0,0.0,9.4,0.6,3.5,11.2
2019-03-27,0.0,0.0,0.0,8.3,1.1,1.8,9.4
2019-03-28,0.0,0.0,0.0,11.7,2.8,0.7,7.6
2019-03-29,0.0,0.0,0.0,15.0,9.4,0.9,7.2
2019-03-30,0.0,0.0,0.0,21.1,11.1,1.5,8.5
2019-03-31,1.5,0.0,0.0,18.3,3.9,2.6,12.5
2019-04-01,0.0,0.0,0.0,7.8,0.6,3.2,13.0
2019-04-02,0.0,0.0,0.0,11.1,3.9,2.0,9.4
2019-04-03,0.0,0.0,0.0,19.4,5.0,3.3,17.0
2019-04-04,0.0,0.0,0.0,15.6,6.7,3.0,12.1
2019-04-05,5.1,0.0,0.0,7.2,3.3,2.6,9.8
2019-04-06,0.0,0.0,0.0,20.0,3.9,1.5,8.5
2019-04-07,0.0,0.0,0.0,18.9,10.6,0.7,8.9
2019-04-08,6.6,0.0,0.0,26.1,9.4,1.6,10.3
2019-04-09,0.8,0.0,0.0,10.6,7.8,1.3,7.6
2019-04-10,0.0,0.0,0.0,15.6,7.2,2.9,11.2
2019-04-11,0.0,0.0,0.0,12.8,4.4,1.4,9.8
2019-04-12,16.0,0.0,0.0,20.0,7.8,1.7,7.2
2019-04-13,6.1,0.0,0.0,25.0,15.0,1.3,9.8
2019-04-14,0.3,0.0,0.0,22.8,15.6,0.7,7.2
2019-04-15,24.4,0.0,0.0,18.3,7.8,3.8,17.4
2019-04-16,0.0,0.0,0.0,18.9,6.7,4.2,13.9
2019-04-17,0.3,0.0,0.0,17.2,8.9,1.4,7.2
2019-04-18,0.0,0.0,0.0,16.7,10.6,1.6,8.9
2019-04-19,0.3,0.0,0.0,26.7,14.4,1.5,8.1
2019-04-20,17.8,0.0,0.0,17.8,12.8,1.7,
2019-04-21,0.0,0.0,0.0,18.9,11.7,1.5,8.5
2019-04-22,6.1,0.0,0.0,17.8,11.1,2.0,8.9
2019-04-23,2.0,0.0,0.0,25.0,13.3,0.9,7.2
2019-04-24,0.0,0.0,0.0,20.6,12.8,2.6,10.7
2019-04-25,0.5,0.0,0.0,18.9,8.9,1.5,7.2
2019-04-26,26.2,0.0,0.0,15.0,10.6,2.2,10.3
2019-04-27,1.8,0.0,0.0,14.4,8.3,3.1,15.2
2019-04-28,0.3,0.0,0.0,11.7,7.2,1.7,8.9
2019-04-29,0.3,0.0,0.0,15.6,5.0,1.2,7.2
2019-04-30,1.0,0.0,0.0,15.6,8.9,0.9,6.3
2019-05-01,0.0,0.0,0.0,13.3,10.0,1.1,7.2
2019-05-02,0.3,0.0,0.0,25.6,10.0,1.2,9.4
2019-05-03,1.5,0.0,0.0,13.3,10.0,1.1,5.8
2019-05-04,2.8,0.0,0.0,21.7,11.7,0.5,4.9
2019-05-05,33.3,0.0,0.0,14.4,10.6,3.2,11.6
2019-05-06,0.0,0.0,0.0,23.3,10.6,1.8,8.5
2019-05-07,2.8,0.0,0.0,21.1,11.1,0.6,6.7
2019-05-08,0.0,0.0,0.0,21.7,12.8,2.0,7.6
2019-05-09,0.0,0.0,0.0,16.1,11.7,2.5,11.2
2019-05-10,1.0,0.0,0.0,22.8,13.3,0.7,9.4
2019-05-11,1.0,0.0,0.0,20.6,13.3,1.4,7.6
2019-05-12,33.5,0.0,0.0,15.0,6.1,3.8,13.9
2019-05-13,17.8,0.0,0.0,8.9,5.6,2.5,10.3
2019-05-14,7.6,0.0,0.0,11.1,6.7,1.0,5.8
2019-05-15,0.3,0.0,0.0,20.6,6.7,1.7,8.9
2019-05-16,3.0,0.0,0.0,22.8,11.1,1.2,8.5
2019-05-17,0.8,0.0,0.0,24.4,15.6,2.2,9.4
2019-05-18,0.0,0.0,0.0,23.9,13.3,1.2,7.2
2019-05-19,1.5,0.0,0.0,24.4,15.6,1.3,9.8
2019-05-20,0.0,0.0,0.0,29.4,18.9,2.4,14.3
2019-05-21,0.0,0.0,0.0,21.7,13.3,2.6,13.0
2019-05-22,0.0,0.0,0.0,23.3,12.2,1.9,7.6
2019-05-23,12.2,0.0,0.0,22.2,12.8,1.8,8.9
2019-05-24,0.0,0.0,0.0,22.8,16.1,3.4,14.3
2019-05-25,0.0,0.0,0.0,21.7,12.8,1.8,9.8
2019-05-26,5.1,0.0,0.0,30.0,15.0,1.9,8.5
2019-05-27,0.0,0.0,0.0,26.7,17.8,1.6,7.6
2019-05-28,4.3,0.0,0.0,21.7,16.7,1.9,8.1
2019-05-29,20.3,0.0,0.0,21.1,13.3,2.1,8.1
2019-05-30,24.1,0.0,0.0,21.1,13.9,0.9,6.7
2019-05-31,0.0,0.0,0.0,26.7,17.2,1.2,6.7
2019-06-01,0.0,0.0,0.0,26.7,17.2,1.2,7.2
2019-06-02,21.8,0.0,0.0,27.2,16.1,1.7,11.2
2019-06-03,0.0,0.0,0.0,21.1,14.4,2.4,10.7
2019-06-04,0.0,0.0,0.0,21.1,12.2,1.7,10.3
2019-06-05,0.0,0.0,0.0,27.2,17.8,2.0,11.6
2019-06-06,1.0,0.0,0.0,28.3,20.0,2.1,9.4
2019-06-07,0.0,0.0,0.0,27.2,18.9,1.0,5.8
2019-06-08,0.0,0.0,0.0,27.2,17.2,2.8,11.2
2019-06-09,0.0,0.0,0.0,25.6,15.6,2.9,8.9
2019-06-10,15.7,0.0,0.0,21.1,15.6,3.0,8.9
2019-06-11,11.4,0.0,0.0,25.0,17.2,2.8,11.6
2019-06-12,0.0,0.0,0.0,23.3,15.0,1.8,8.9
2019-06-13,15.2,0.0,0.0,18.3,12.8,2.6,13.9
2019-06-14,0.0,0.0,0.0,22.8,14.4,2.7,11.6
2019-06-15,0.0,0.0,0.0,27.2,15.6,2.0,11.2
2019-06-16,1.0,0.0,0.0,26.7,18.3,2.3,10.3
2019-06-17,0.0,0.0,0.0,24.4,20.6,0.6,7.6
2019-06-18,20.1,0.0,0.0,22.8,19.4,0.8,6.3
2019-06-19,2.8,0.0,0.0,21.7,18.9,1.3,5.8
2019-06-20,10.7,0.0,0.0,25.6,18.3,1.4,6.3
2019-06-21,13.5,0.0,0.0,25.0,18.3,2.3,11.2
2019-06-22,0.0,0.0,0.0,26.1,16.1,2.5,10.7
2019-06-23,0.0,0.0,0.0,28.3,17.8,2.1,8.9
2019-06-24,0.0,0.0,0.0,28.9,19.4,0.8,7.6
2019-06-25,21.8,0.0,0.0,28.9,22.2,0.9,5.4
2019-06-26,0.0,0.0,0.0,30.6,22.2,1.4,6.7
2019-06-27,0.0,0.0,0.0,31.7,21.7,1.2,8.5
2019-06-28,0.0,0.0,0.0,31.7,22.8,1.1,6.7
2019-06-29,2.0,0.0,0.0,32.8,22.2,2.1,9.8
2019-06-30,1.5,0.0,0.0,28.3,20.6,2.3,16.5
2019-07-01,0.0,0.0,0.0,29.4,18.3,2.0,6.7
2019-07-02,0.5,0.0,0.0,29.4,21.7,1.1,6.3
2019-07-03,0.0,0.0,0.0,30.6,23.9,0.8,5.8
2019-07-04,0.0,0.0,0.0,32.2,23.3,1.2,9.4
2019-07-05,0.0,0.0,0.0,30.0,22.2,1.3,7.6
2019-07-06,0.0,0.0,0.0,32.2,24.4,1.5,7.6
2019-07-07,0.0,0.0,0.0,30.0,22.2,2.2,10.3
2019-07-08,1.0,0.0,0.0,25.6,20.0,1.2,4.9
2019-07-09,0.0,0.0,0.0,30.6,20.6,1.2,6.3
2019-07-10,0.0,0.0,0.0,31.1,23.3,1.1,8.1
2019-07-11,20.1,0.0,0.0,30.6,22.8,2.0,9.4
2019-07-12,0.0,0.0,0.0,30.6,22.2,2.3,9.4
2019-07-13,0.0,0.0,0.0,29.4,21.1,1.7,8.5
2019-07-14,0.0,0.0,0.0,31.7,24.4,2.2,9.8
2019-07-15,0.0,0.0,0.0,29.4,20.0,1.3,6.7
2019-07-16,0.0,0.0,0.0,32.8,22.2,1.3,8.1
2019-07-17,46.2,0.0,0.0,33.9,22.8,1.6,12.1
2019-07-18,13.0,0.0,0.0,26.1,21.7,2.2,8.9
2019-07-19,0.0,0.0,0.0,32.8,21.7,1.6,9.4
2019-07-20,0.0,0.0,0.0,35.0,27.8,1.9,9.4
2019-07-21,0.0,0.0,0.0,35.0,26.7,2.0,9.4
2019-07-22,42.2,0.0,0.0,32.2,22.2,1.2,11.2
2019-07-23,13.5,0.0,0.0,23.3,19.4,1.8,7.6
2019-07-24,0.5,0.0,0.0,28.3,19.4,1.3,6.7
2019-07-25,0.0,0.0,0.0,28.9,21.1,0.8,6.3
2019-07-26,0.0,0.0,0.0,31.1,20.6,0.7,5.8
2019-07-27,0.0,0.0,0.0,29.4,22.2,1.3,8.5
2019-07-28,0.3,0.0,0.0,31.1,21.7,2.4,11.2
2019-07-29,0.0,0.0,0.0,32.2,22.8,2.0,7.6
2019-07-30,0.3,0.0,0.0,33.3,25.6,1.5,8.5
2019-07-31,9.1,0.0,0.0,30.6,21.1,1.3,9.4
2019-08-01,0.0,0.0,0.0,30.6,21.1,1.0,6.3
2019-08-02,0.0,0.0,0.0,28.9,22.8,1.6,7.2
2019-08-03,5.3,0.0,0.0,30.0,20.0,1.6,11.6
2019-08-04,0.0,0.0,0.0,30.6,20.6,1.2,8.5
2019-08-05,0.0,0.0,0.0,27.8,21.1,2.0,9.8
2019-08-06,1.0,0.0,0.0,26.1,21.7,1.4,6.3
2019-08-07,30.0,0.0,0.0,28.9,20.6,1.2,10.3
2019-08-08,5.1,0.0,0.0,28.9,19.4,2.1,13.4
2019-08-09,2.0,0.0,0.0,28.3,20.0,1.6,10.3
2019-08-10,0.0,0.0,0.0,27.2,18.9,2.3,11.6
2019-08-11,0.0,0.0,0.0,26.7,17.2,1.4,9.4
2019-08-12,0.0,0.0,0.0,29.4,20.0,1.6,7.6
2019-08-13,1.8,0.0,0.0,26.1,21.7,1.6,8.1
2019-08-14,0.0,0.0,0.0,28.9,22.8,1.6,6.7
2019-08-15,0.0,0.0,0.0,29.4,21.1,1.8,7.6
2019-08-16,0.0,0.0,0.0,26.1,20.0,1.2,9.8
2019-08-17,0.0,0.0,0.0,30.6,22.8,1.5,7.6
2019-08-18,16.3,0.0,0.0,32.2,21.1,1.0,10.7
2019-08-19,0.0,0.0,0.0,32.2,22.2,1.3,8.9
2019-08-20,0.0,0.0,0.0,31.1,23.9,1.3,6.7
2019-08-21,2.5,0.0,0.0,30.6,23.3,1.3,8.5
2019-08-22,25.7,0.0,0.0,32.2,21.7,1.7,16.1
2019-08-23,2.3,0.0,0.0,23.3,18.3,1.5,5.8
2019-08-24,0.0,0.0,0.0,24.4,17.8,2.3,9.4
2019-08-25,0.0,0.0,0.0,25.0,17.2,4.0,11.6
2019-08-26,0.0,0.0,0.0,23.3,16.1,2.8,9.4
2019-08-27,0.0,0.0,0.0,23.9,16.7,1.4,6.3
2019-08-28,2.0,0.0,0.0,23.3,19.4,1.7,6.7
2019-08-29,0.0,0.0,0.0,27.2,18.3,1.8,9.8
2019-08-30,0.0,0.0,0.0,30.0,19.4,1.8,10.3
2019-08-31,0.0,0.0,0.0,27.2,20.6,2.6,8.5
2019-09-01,0.0,0.0,0.0,25.6,17.2,2.0,6.7
2019-09-02,7.6,0.0,0.0,23.3,20.6,1.1,7.6
2019-09-03,0.0,0.0,0.0,27.8,19.4,1.5,6.3
2019-09-04,0.0,0.0,0.0,30.6,20.0,1.7,8.5
2019-09-05,0.0,0.0,0.0,23.3,18.3,2.3,10.7
2019-09-06,8.1,0.0,0.0,19.4,14.4,3.7,13.0
2019-09-07,0.5,0.0,0.0,23.9,13.3,2.0,10.3
2019-09-08,0.0,0.0,0.0,25.0,17.2,1.0,6.7
2019-09-09,0.0,0.0,0.0,25.6,17.8,2.0,6.7
2019-09-10,0.3,0.0,0.0,24.4,18.9,1.3,9.4
2019-09-11,0.0,0.0,0.0,31.1,20.6,2.3,9.4
2019-09-12,4.3,0.0,0.0,27.2,16.1,2.2,8.5
2019-09-13,0.0,0.0,0.0,22.2,13.9,2.9,9.4
2019-09-14,0.0,0.0,0.0,23.3,16.1,1.3,8.1
2019-09-15,0.0,0.0,0.0,27.8,20.0,1.0,6.3
2019-09-16,0.0,0.0,0.0,25.0,20.0,0.9,6.7
2019-09-17,0.0,0.0,0.0,24.4,16.7,2.5,9.8
2019-09-18,0.0,0.0,0.0,20.6,13.9,2.9,8.1
2019-09-19,0.0,0.0,0.0,21.1,11.1,1.3,5.8
2019-09-20,0.0,0.0,0.0,25.6,13.3,2.1,7.6
2019-09-21,0.0,0.0,0.0,28.9,16.1,1.2,5.8
2019-09-22,0.0,0.0,0.0,30.0,19.4,1.6,7.6
2019-09-23,2.8,0.0,0.0,31.7,21.1,2.4,9.8
2019-09-24,0.0,0.0,0.0,24.4,17.2,2.6,10.3
2019-09-25,0.0,0.0,0.0,26.1,14.4,1.5,6.7
2019-09-26,0.5,0.0,0.0,28.3,17.2,1.6,11.2
2019-09-27,0.0,0.0,0.0,24.4,15.0,1.6,7.6
2019-09-28,0.0,0.0,0.0,27.8,18.3,1.3,6.7
2019-09-29,0.0,0.0,0.0,26.7,18.3,2.8,10.7
2019-09-30,0.0,0.0,0.0,21.7,15.6,3.1,9.4
2019-10-01,0.0,0.0,0.0,27.2,17.2,1.7,10.7
2019-10-02,0.8,0.0,0.0,33.9,17.2,2.9,9.8
2019-10-03,8.6,0.0,0.0,17.2,11.7,2.8,10.3
2019-10-04,0.0,0.0,0.0,18.9,10.0,3.1,12.5
2019-10-05,0.0,0.0,0.0,16.1,7.2,2.2,9.8
2019-10-06,0.3,0.0,0.0,21.1,13.9,1.3,8.5
2019-10-07,5.1,0.0,0.0,26.1,15.0,1.8,9.8
2019-10-08,0.5,0.0,0.0,17.8,13.9,3.5,11.6
2019-10-09,13.7,0.0,0.0,15.0,10.6,4.7,11.6
2019-10-10,0.0,0.0,0.0,21.7,11.7,4.3,12.5
2019-10-11,0.0,0.0,0.0,17.8,12.8,4.1,13.0
2019-10-12,0.0,0.0,0.0,19.4,12.8,1.6,7.2
2019-10-13,0.0,0.0,0.0,19.4,11.7,0.9,5.4
2019-10-14,0.0,0.0,0.0,22.2,14.4,1.8,10.3
2019-10-15,0.0,0.0,0.0,17.8,10.6,1.3,5.8
2019-10-16,46.5,0.0,0.0,18.9,11.1,2.9,17.4
2019-10-17,0.0,0.0,0.0,13.9,10.6,5.2,18.3
2019-10-18,0.0,0.0,0.0,14.4,8.3,3.9,13.9
2019-10-19,0.0,0.0,0.0,15.6,6.1,1.2,5.8
2019-10-20,13.7,0.0,0.0,15.0,9.4,2.0,8.5
2019-10-21,0.0,0.0,0.0,19.4,10.6,1.8,8.1
2019-10-22,14.5,0.0,0.0,17.2,12.8,2.0,9.8
2019-10-23,0.3,0.0,0.0,18.3,12.2,2.8,10.3
2019-10-24,0.0,0.0,0.0,19.4,10.0,1.4,9.4
2019-10-25,0.0,0.0,0.0,18.3,11.1,1.3,7.6
2019-10-26,0.3,0.0,0.0,17.2,11.1,1.5,7.6
2019-10-27,35.1,0.0,0.0,19.4,12.8,2.2,11.2
2019-10-28,0.0,0.0,0.0,17.2,12.8,1.6,8.1
2019-10-29,1.8,0.0,0.0,15.0,12.2,1.8,6.3
2019-10-30,1.5,0.0,0.0,17.2,14.4,1.4,6.7
2019-10-31,13.7,0.0,0.0,21.7,15.6,2.3,12.5
2019-11-01,2.8,0.0,0.0,21.7,5.6,4.2,15.7
2019-11-02,0.0,0.0,0.0,11.7,4.4,1.7,7.6
2019-11-03,0.0,0.0,0.0,12.2,5.6,2.2,8.1
2019-11-04,0.0,0.0,0.0,13.3,5.0,1.4,9.4
2019-11-05,0.0,0.0,0.0,16.1,10.6,1.3,8.1
2019-11-06,0.0,0.0,0.0,12.2,7.2,2.2,8.1
2019-11-07,2.5,0.0,0.0,13.9,5.0,2.1,8.5
2019-11-08,0.0,0.0,0.0,5.0,-1.6,3.4,13.4
2019-11-09,0.0,0.0,0.0,5.0,-2.7,1.4,9.4
2019-11-10,0.0,0.0,0.0,10.6,3.3,1.7,9.4
2019-11-11,0.0,0.0,0.0,16.7,7.8,1.1,9.8
2019-11-12,1.0,0.0,0.0,13.9,-3.8,4.2,13.0
2019-11-13,0.0,0.0,0.0,1.1,-4.9,2.4,13.0
2019-11-14,0.0,0.0,0.0,7.2,-2.1,1.9,8.9
2019-11-15,0.0,0.0,0.0,10.6,2.8,1.9,8.1
2019-11-16,0.0,0.0,0.0,5.6,-0.5,4.6,14.3
2019-11-17,0.0,0.0,0.0,6.1,-1.0,4.7,12.5
2019-11-18,12.2,0.0,0.0,5.6,2.8,2.7,10.3
2019-11-19,4.6,0.0,0.0,8.9,4.4,2.0,7.2
2019-11-20,0.0,0.0,0.0,9.4,4.4,2.3,11.2
2019-11-21,0.0,0.0,0.0,11.7,3.9,2.0,8.5
2019-11-22,1.8,0.0,0.0,11.7,3.3,3.3,15.2
2019-11-23,0.8,0.0,0.0,7.2,1.1,1.9,8.1
2019-11-24,22.9,0.0,0.0,7.8,4.4,3.6,13.0
2019-11-25,0.0,0.0,0.0,11.7,3.9,2.3,8.5
2019-11-26,0.0,0.0,0.0,16.1,6.7,1.9,8.1
2019-11-27,1.0,0.0,0.0,15.0,9.4,1.9,15.7
2019-11-28,0.0,0.0,0.0,11.7,2.8,5.1,16.5
2019-11-29,0.0,0.0,0.0,4.4,-1.0,2.8,10.7
2019-11-30,0.0,0.0,0.0,6.1,-0.5,1.9,7.6
2019-12-01,15.7,0.0,0.0,3.9,-1.0,4.4,15.7
2019-12-02,12.2,33.0,0.0,2.8,-0.5,3.8,13.4
2019-12-03,0.5,8.0,30.0,2.2,-1.0,3.2,13.4
2019-12-04,0.0,0.0,0.0,3.9,0.0,2.4,8.9
2019-12-05,0.0,0.0,0.0,5.6,2.2,4.2,14.8
2019-12-06,0.0,0.0,0.0,10.0,1.1,3.3,13.4
2019-12-07,0.0,0.0,0.0,3.3,-1.0,3.1,10.3
2019-12-08,0.0,0.0,0.0,7.8,-2.1,1.2,8.5
2019-12-09,39.9,0.0,0.0,12.8,5.6,2.0,10.7
2019-12-10,3.3,0.0,0.0,14.4,3.9,3.1,12.5
2019-12-11,6.6,5.0,0.0,4.4,-0.5,2.8,13.0
2019-12-12,0.0,0.0,0.0,2.2,-3.2,2.1,8.9
2019-12-13,20.6,0.0,0.0,8.9,0.6,2.6,8.1
2019-12-14,29.5,0.0,0.0,13.3,7.2,2.7,13.4
2019-12-15,0.0,0.0,0.0,9.4,2.8,4.3,17.4
2019-12-16,2.5,0.0,0.0,2.8,0.6,1.7,8.9
2019-12-17,22.9,0.0,0.0,1.7,0.0,3.9,11.6
2019-12-18,0.8,18.0,0.0,2.2,-6.0,4.0,13.9
2019-12-19,0.0,0.0,0.0,-3.8,-8.8,4.7,14.3
2019-12-20,0.0,0.0,0.0,0.6,-5.5,2.7,8.1
2019-12-21,0.0,0.0,0.0,1.7,-4.9,1.3,8.9
2019-12-22,0.0,0.0,0.0,7.8,-1.0,2.1,9.4
2019-12-23,0.0,0.0,0.0,13.9,5.0,2.1,9.4
2019-12-24,0.0,0.0,0.0,8.3,2.2,2.6,9.4
2019-12-25,0.0,0.0,0.0,8.3,0.0,1.6,6.3
2019-12-26,0.0,0.0,0.0,7.8,2.2,2.6,7.6
2019-12-27,0.0,0.0,0.0,12.2,7.8,2.0,9.4
2019-12-28,0.0,0.0,0.0,10.6,6.1,1.8,8.1
2019-12-29,6.4,0.0,0.0,6.7,3.9,2.2,5.8
2019-12-30,18.8,0.0,0.0,5.0,2.8,5.7,17.4
2019-12-31,0.5,0.0,0.0,7.2,2.2,2.3,10.7
2020-01-01,0.0,0.0,0.0,5.0,1.1,3.8,13.0
2020-01-02,0.0,0.0,0.0,9.4,0.6,2.4,9.8
2020-01-03,3.8,0.0,0.0,9.4,6.7,1.5,6.7
2020-01-04,6.9,0.0,0.0,10.6,5.0,2.0,10.7
2020-01-05,0.0,0.0,0.0,5.6,1.7,5.1,19.2
2020-01-06,1.0,5.0,0.0,7.2,0.0,2.7,10.3
2020-01-07,0.0,0.0,0.0,7.2,2.2,2.3,12.1
2020-01-08,0.0,0.0,0.0,5.6,-2.1,4.3,15.7
2020-01-09,0.0,0.0,0.0,1.1,-4.9,2.0,11.6
2020-01-10,0.0,0.0,0.0,12.8,0.6,2.8,11.2
2020-01-11,0.0,0.0,0.0,20.6,10.6,2.4,13.0
2020-01-12,1.3,0.0,0.0,20.0,6.1,3.9,15.2
2020-01-13,0.0,0.0,0.0,7.8,2.8,2.0,8.1
2020-01-14,1.8,0.0,0.0,7.8,3.9,1.7,6.3
2020-01-15,0.0,0.0,0.0,10.0,5.0,2.3,8.9
2020-01-16,2.8,0.0,0.0,9.4,0.6,4.6,17.9
2020-01-17,0.0,0.0,0.0,0.6,-6.0,4.8,18.8
2020-01-18,9.4,53.0,0.0,2.8,-6.6,2.2,11.6
2020-01-19,0.0,0.0,30.0,6.1,-2.7,4.0,12.1
2020-01-20,0.0,0.0,0.0,-0.5,-6.6,3.5,13.0
2020-01-21,0.0,0.0,0.0,0.6,-6.6,1.9,8.5
2020-01-22,0.0,0.0,0.0,3.3,-3.8,,
2020-01-23,0.0,0.0,0.0,8.3,0.6,,
2020-01-24,0.0,0.0,0.0,10.6,2.8,,
2020-01-25,21.6,0.0,0.0,10.6,3.3,,
2020-01-26,0.0,0.0,0.0,7.8,3.3,,
2020-01-27,0.0,0.0,0.0,7.2,2.8,2.8,7.6
2020-01-28,0.0,0.0,0.0,6.1,2.8,3.8,12.5
2020-01-29,0.0,0.0,0.0,5.0,-0.5,3.0,10.7
2020-01-30,0.0,0.0,0.0,3.3,-3.8,1.9,7.6
2020-01-31,0.5,0.0,0.0,6.7,0.6,1.7,4.9
2020-02-01,0.0,0.0,0.0,6.1,2.8,0.9,4.5
2020-02-02,1.8,0.0,0.0,7.2,1.7,2.2,12.1
2020-02-03,0.0,0.0,0.0,13.9,2.8,2.5,8.1
2020-02-04,0.0,0.0,0.0,16.1,6.1,1.5,6.7
2020-02-05,0.0,0.0,0.0,12.8,3.9,2.6,8.9
2020-02-06,13.0,0.0,0.0,5.0,1.7,3.1,8.5
2020-02-07,6.4,0.0,0.0,13.3,0.6,4.3,20.6
2020-02-08,0.0,0.0,0.0,5.0,-1.0,3.3,12.5
2020-02-09,0.0,0.0,0.0,6.7,-0.5,2.6,8.9
2020-02-10,9.4,0.0,0.0,8.3,5.6,2.8,10.3
2020-02-11,7.1,0.0,0.0,8.9,6.1,1.6,9.4
2020-02-12,3.3,0.0,0.0,7.8,2.8,2.4,12.1
2020-02-13,9.9,0.0,0.0,6.7,2.8,1.9,11.2
2020-02-14,0.0,0.0,0.0,4.4,-7.7,3.3,14.3
2020-02-15,0.0,0.0,0.0,-0.5,-9.9,2.2,10.7
2020-02-16,0.0,0.0,0.0,6.7,-1.0,2.5,10.3
2020-02-17,0.0,0.0,0.0,10.6,3.3,2.3,12.1
2020-02-18,0.0,0.0,0.0,8.3,3.3,2.8,9.4
2020-02-19,0.0,0.0,0.0,8.9,0.0,3.3,12.1
2020-02-20,0.0,0.0,0.0,1.7,-3.2,2.6,9.8
2020-02-21,0.0,0.0,0.0,1.7,-6.6,2.4,9.4
2020-02-22,0.0,0.0,0.0,10.0,-1.0,2.8,10.3
2020-02-23,0.0,0.0,0.0,13.3,3.9,2.0,8.9
2020-02-24,0.0,0.0,0.0,16.7,5.0,1.3,6.7
2020-02-25,3.6,0.0,0.0,11.7,7.8,1.7,7.6
2020-02-26,0.0,0.0,0.0,8.9,6.1,3.2,10.3
2020-02-27,10.2,0.0,0.0,6.1,-0.5,5.7,19.7
2020-02-28,0.0,0.0,0.0,5.6,-1.6,4.4,15.2
2020-02-29,0.0,0.0,0.0,1.7,-3.8,3.9,13.4
2020-03-01,0.0,0.0,0.0,6.7,-3.8,2.7,11.2
2020-03-02,0.0,0.0,0.0,14.4,4.4,2.9,10.3
2020-03-03,6.6,0.0,0.0,15.0,9.4,2.7,14.3
2020-03-04,0.0,0.0,0.0,13.3,7.2,4.6,15.7
2020-03-05,0.0,0.0,0.0,10.6,3.9,2.4,10.3
2020-03-06,9.4,0.0,0.0,7.2,2.8,3.4,13.0
2020-03-07,0.0,0.0,0.0,8.9,2.2,3.4,12.5
2020-03-08,0.0,0.0,0.0,15.0,1.7,3.0,10.3
2020-03-09,0.0,0.0,0.0,22.2,8.3,3.3,12.5
2020-03-10,0.0,0.0,0.0,18.3,12.2,3.4,12.1
2020-03-11,0.0,0.0,0.0,13.9,6.1,2.1,11.6
2020-03-12,0.8,0.0,0.0,10.0,6.1,2.3,7.2
2020-03-13,6.6,0.0,0.0,21.1,7.2,3.9,14.8
2020-03-14,0.0,0.0,0.0,13.9,6.1,3.3,13.4
2020-03-15,0.0,0.0,0.0,12.2,4.4,2.8,9.8
2020-03-16,0.0,0.0,0.0,7.2,0.6,4.0,11.6
2020-03-17,4.1,0.0,0.0,12.2,5.0,1.9,9.4
2020-03-18,0.0,0.0,0.0,12.2,5.0,2.0,8.5
2020-03-19,23.6,0.0,0.0,11.1,5.0,2.1,9.4
2020-03-20,0.0,0.0,0.0,25.0,8.3,2.6,15.2
2020-03-21,0.0,0.0,0.0,18.3,4.4,3.5,10.3
2020-03-22,0.0,0.0,0.0,7.2,0.6,4.5,11.2
2020-03-23,29.5,0.0,0.0,5.0,2.2,4.1,13.9
2020-03-24,0.0,0.0,0.0,12.8,2.2,3.0,8.9
2020-03-25,0.3,0.0,0.0,7.2,4.4,4.4,14.8
2020-03-26,0.0,0.0,0.0,15.6,3.3,2.0,8.9
2020-03-27,0.0,0.0,0.0,20.6,10.0,2.2,8.9
2020-03-28,11.4,0.0,0.0,12.2,6.7,3.3,11.2
2020-03-29,1.3,0.0,0.0,8.3,6.7,5.2,13.0
2020-03-30,1.0,0.0,0.0,11.1,5.0,2.1,7.2
2020-03-31,1.5,0.0,0.0,9.4,5.0,3.0,9.4
2020-04-01,0.0,0.0,0.0,13.3,3.3,3.4,10.3
2020-04-02,0.0,0.0,0.0,14.4,3.3,4.2,15.7
2020-04-03,3.3,0.0,0.0,11.1,7.2,3.9,11.2
2020-04-04,0.5,0.0,0.0,16.7,7.8,1.9,10.3
2020-04-05,0.0,0.0,0.0,18.3,8.3,1.1,7.2
2020-04-06,1.8,0.0,0.0,18.9,9.4,2.6,8.5
2020-04-07,0.0,0.0,0.0,20.0,11.1,1.7,9.4
2020-04-08,5.1,0.0,0.0,17.8,9.4,1.7,7.2
2020-04-09,3.0,0.0,0.0,15.0,6.1,3.5,17.4
2020-04-10,0.3,0.0,0.0,9.4,2.8,4.5,17.4
2020-04-11,0.0,0.0,0.0,13.3,3.3,4.0,11.6
2020-04-12,0.0,0.0,0.0,17.2,6.7,2.6,11.2
2020-04-13,48.8,0.0,0.0,19.4,11.7,3.5,17.0
2020-04-14,0.0,0.0,0.0,15.6,8.3,2.8,10.7
2020-04-15,0.0,0.0,0.0,12.2,5.6,2.8,11.2
2020-04-16,0.0,0.0,0.0,10.0,3.3,4.1,13.4
2020-04-17,1.8,0.0,0.0,10.6,2.2,2.4,9.8
2020-04-18,5.6,0.0,0.0,7.8,5.0,2.6,8.9
2020-04-19,0.0,0.0,0.0,17.2,4.4,3.3,11.6
2020-04-20,0.0,0.0,0.0,13.9,8.9,2.1,9.4
2020-04-21,4.6,0.0,0.0,16.1,3.9,3.2,16.1
2020-04-22,0.0,0.0,0.0,10.6,2.2,3.6,13.9
2020-04-23,3.3,0.0,0.0,11.1,4.4,1.7,6.7
2020-04-24,12.2,0.0,0.0,9.4,5.6,3.2,12.5
2020-04-25,0.0,0.0,0.0,18.3,6.7,1.5,8.9
2020-04-26,5.6,0.0,0.0,10.6,5.6,4.7,17.9
2020-04-27,0.0,0.0,0.0,10.0,3.9,3.3,10.7
2020-04-28,0.0,0.0,0.0,19.4,5.0,1.7,8.9
2020-04-29,0.3,0.0,0.0,15.0,8.3,3.0,10.3
2020-04-30,18.0,0.0,0.0,15.6,9.4,4.1,16.1
2020-05-01,5.3,0.0,0.0,18.9,11.7,1.7,10.3
2020-05-02,0.0,0.0,0.0,22.8,10.6,2.7,10.3
2020-05-03,1.0,0.0,0.0,26.7,12.2,2.5,9.4
2020-05-04,0.0,0.0,0.0,23.9,10.0,2.6,16.5
2020-05-05,0.0,0.0,0.0,17.2,7.8,3.0,9.8
2020-05-06,1.5,0.0,0.0,11.1,7.2,2.5,8.9
2020-05-07,0.0,0.0,0.0,19.4,7.8,2.7,10.3
2020-05-08,11.4,0.0,0.0,13.9,2.2,1.9,11.6
2020-05-09,0.8,0.0,0.0,8.9,1.1,4.0,16.1
2020-05-10,0.0,0.0,0.0,17.8,3.9,3.3,13.0
2020-05-11,1.3,0.0,0.0,16.1,6.7,2.6,16.1
2020-05-12,0.0,0.0,0.0,15.0,6.1,3.5,13.0
2020-05-13,0.0,0.0,0.0,17.8,5.0,2.4,10.3
2020-05-14,0.0,0.0,0.0,19.4,8.3,1.0,8.5
2020-05-15,1.8,0.0,0.0,28.9,15.6,2.2,10.3
2020-05-16,0.3,0.0,0.0,25.0,15.0,1.7,8.9
2020-05-17,0.0,0.0,0.0,20.6,12.8,1.4,7.2
2020-05-18,0.0,0.0,0.0,21.1,12.2,,
2020-05-19,0.0,0.0,0.0,20.0,11.7,,
2020-05-20,0.0,0.0,0.0,18.9,9.4,,
2020-05-21,0.0,0.0,0.0,20.0,7.8,,
2020-05-22,0.8,0.0,0.0,25.0,12.2,,
2020-05-23,16.5,0.0,0.0,19.4,12.8,,
2020-05-24,0.0,0.0,0.0,19.4,11.1,,
2020-05-25,0.0,0.0,0.0,21.7,12.8,,
2020-05-26,0.0,0.0,0.0,25.6,14.4,,
2020-05-27,0.0,0.0,0.0,26.1,15.6,,
2020-05-28,0.0,0.0,0.0,24.4,17.8,,
2020-05-29,0.8,0.0,0.0,27.2,19.4,,
2020-05-30,0.5,0.0,0.0,27.2,19.4,,
2020-05-31,0.0,0.0,0.0,21.1,13.3,,
2020-06-01,0.0,0.0,0.0,21.1,10.6,,
2020-06-02,0.0,0.0,0.0,22.2,15.0,,
2020-06-03,11.4,0.0,0.0,26.1,15.6,,
2020-06-04,4.1,0.0,0.0,28.9,18.9,,
2020-06-05,6.6,0.0,0.0,26.1,20.6,,
2020-06-06,1.5,0.0,0.0,30.0,21.1,,
2020-06-07,0.0,0.0,0.0,24.4,17.2,,
2020-06-08,0.0,0.0,0.0,26.1,15.0,,
2020-06-09,0.0,0.0,0.0,30.6,18.3,,
2020-06-10,0.0,0.0,0.0,29.4,21.1,,
2020-06-11,1.3,0.0,0.0,28.9,21.1,,
2020-06-12,0.0,0.0,0.0,29.4,20.6,,
2020-06-13,0.0,0.0,0.0,23.9,15.0,,
2020-06-14,0.0,0.0,0.0,23.3,12.2,,
2020-06-15,0.0,0.0,0.0,23.9,15.0,,
2020-06-16,0.0,0.0,0.0,25.6,15.6,,
2020-06-17,0.0,0.0,0.0,25.6,15.6,,
2020-06-18,0.0,0.0,0.0,25.0,18.3,,
2020-06-19,0.0,0.0,0.0,28.3,18.3,1.1,5.4
2020-06-20,0.0,0.0,0.0,30.0,21.1,0.8,12.1
2020-06-21,0.0,0.0,0.0,31.1,21.1,1.1,10.7
2020-06-22,0.0,0.0,0.0,32.2,22.2,1.3,8.9
2020-06-23,0.0,0.0,0.0,30.6,23.3,1.1,10.7
2020-06-24,0.0,0.0,0.0,30.0,23.3,1.9,7.6
2020-06-25,0.0,0.0,0.0,30.6,22.2,1.3,9.8
2020-06-26,0.0,0.0,0.0,30.6,20.6,1.6,6.7
2020-06-27,2.3,0.0,0.0,26.7,22.2,1.2,9.4
2020-06-28,2.8,0.0,0.0,32.2,21.1,1.0,9.8
2020-06-29,14.7,0.0,0.0,30.6,18.3,1.5,21.0
2020-06-30,0.0,0.0,0.0,26.7,19.4,1.4,7.2
2020-07-01,0.8,0.0,0.0,26.7,19.4,1.0,7.2
2020-07-02,0.0,0.0,0.0,33.3,20.0,1.5,8.5
2020-07-03,3.3,0.0,0.0,32.2,21.7,1.6,9.4
2020-07-04,0.0,0.0,0.0,30.6,20.0,2.0,6.7
2020-07-05,0.0,0.0,0.0,33.3,22.2,1.1,
2020-07-06,13.7,0.0,0.0,35.6,21.1,1.3,13.9
2020-07-07,0.0,0.0,0.0,27.8,22.2,1.9,6.7
2020-07-08,0.5,0.0,0.0,28.3,23.9,1.1,9.8
2020-07-09,0.0,0.0,0.0,31.7,23.9,1.2,7.6
2020-07-10,64.5,0.0,0.0,25.0,22.8,3.2,13.9
2020-07-11,19.3,0.0,0.0,28.3,22.2,1.5,9.8
2020-07-12,1.0,0.0,0.0,30.6,21.7,2.2,9.4
2020-07-13,0.5,0.0,0.0,30.0,21.1,1.8,8.5
2020-07-14,0.0,0.0,0.0,29.4,21.1,2.1,8.1
2020-07-15,0.0,0.0,0.0,27.8,21.1,2.6,7.6
2020-07-16,0.0,0.0,0.0,25.6,20.6,1.7,8.9
2020-07-17,0.8,0.0,0.0,28.9,20.6,0.9,10.3
2020-07-18,0.0,0.0,0.0,32.8,22.2,0.6,8.9
2020-07-19,0.0,0.0,0.0,34.4,25.0,1.9,12.1
2020-07-20,0.0,0.0,0.0,33.9,27.2,1.7,9.8
2020-07-21,0.0,0.0,0.0,32.8,25.0,0.8,6.3
2020-07-22,36.1,0.0,0.0,33.3,22.2,1.3,15.7
2020-07-23,0.0,0.0,0.0,30.0,22.8,2.0,8.1
2020-07-24,4.8,0.0,0.0,26.7,22.2,1.4,8.9
2020-07-25,0.0,0.0,0.0,31.1,22.2,1.7,6.7
2020-07-26,0.0,0.0,0.0,33.3,25.0,2.4,9.4
2020-07-27,0.0,0.0,0.0,33.9,24.4,2.3,9.8
2020-07-28,0.0,0.0,0.0,33.9,26.7,2.1,10.3
2020-07-29,0.0,0.0,0.0,32.2,25.0,0.7,11.2
2020-07-30,2.0,0.0,0.0,33.3,23.3,1.3,8.5
2020-07-31,19.8,0.0,0.0,27.8,21.1,0.7,9.8
2020-08-01,0.0,0.0,0.0,31.1,21.7,1.0,9.8
2020-08-02,0.0,0.0,0.0,31.7,25.0,1.8,8.9
2020-08-03,13.7,0.0,0.0,31.1,21.1,2.0,10.7
2020-08-04,14.0,0.0,0.0,26.1,21.1,3.2,21.5
2020-08-05,0.0,0.0,0.0,30.0,22.8,1.9,9.4
2020-08-06,0.0,0.0,0.0,27.8,21.7,1.0,6.3
2020-08-07,11.7,0.0,0.0,27.2,18.9,1.8,8.1
2020-08-08,0.0,0.0,0.0,28.3,20.0,1.1,6.7
2020-08-09,0.0,0.0,0.0,30.6,22.2,1.6,7.2
2020-08-10,0.0,0.0,0.0,33.3,24.4,2.1,8.1
2020-08-11,0.0,0.0,0.0,31.1,25.6,1.5,11.2
2020-08-12,44.7,0.0,0.0,32.2,22.2,1.1,8.5
2020-08-13,6.1,0.0,0.0,26.1,22.2,0.9,5.8
2020-08-14,0.0,0.0,0.0,30.0,22.8,2.6,9.4
2020-08-15,0.0,0.0,0.0,28.9,21.7,2.8,10.3
2020-08-16,5.3,0.0,0.0,22.2,19.4,3.5,10.3
2020-08-17,3.6,0.0,0.0,27.2,17.8,1.1,8.5
2020-08-18,5.1,0.0,0.0,27.8,17.2,1.3,10.3
2020-08-19,3.6,0.0,0.0,23.9,18.9,1.4,6.3
2020-08-20,0.0,0.0,0.0,26.7,16.7,1.4,6.3
2020-08-21,0.0,0.0,0.0,28.3,20.0,2.7,8.5
2020-08-22,0.0,0.0,0.0,31.1,22.8,1.8,8.1
2020-08-23,0.0,0.0,0.0,30.0,23.3,1.1,5.8
2020-08-24,0.0,0.0,0.0,32.2,23.9,1.4,
2020-08-25,9.1,0.0,0.0,31.7,21.7,2.5,15.7
2020-08-26,0.0,0.0,0.0,25.0,19.4,2.8,11.6
2020-08-27,10.7,0.0,0.0,32.2,18.9,1.6,14.3
2020-08-28,0.0,0.0,0.0,29.4,21.7,1.6,10.3
2020-08-29,0.3,0.0,0.0,27.2,22.2,1.9,8.5
2020-08-30,0.0,0.0,0.0,26.1,19.4,3.4,10.3
2020-08-31,0.0,0.0,0.0,25.0,17.2,1.5,6.3
2020-09-01,5.8,0.0,0.0,25.0,18.9,1.7,7.6
2020-09-02,3.6,0.0,0.0,26.1,20.6,1.3,5.8
2020-09-03,18.0,0.0,0.0,29.4,21.1,1.3,6.7
2020-09-04,0.0,0.0,0.0,29.4,20.6,2.0,8.1
2020-09-05,0.0,0.0,0.0,26.7,18.3,1.7,7.2
2020-09-06,0.0,0.0,0.0,27.8,18.9,1.6,8.5
2020-09-07,0.0,0.0,0.0,26.1,18.9,1.1,8.9
2020-09-08,0.0,0.0,0.0,28.9,20.0,0.9,5.8
2020-09-09,0.0,0.0,0.0,27.2,20.6,1.1,4.9
2020-09-10,30.5,0.0,0.0,27.8,22.8,1.2,6.7
2020-09-11,0.0,0.0,0.0,24.4,17.8,2.5,10.3
2020-09-12,0.0,0.0,0.0,23.3,16.1,2.4,8.1
2020-09-13,0.0,0.0,0.0,23.3,16.1,1.3,8.1
2020-09-14,0.0,0.0,0.0,23.9,15.0,2.2,10.3
2020-09-15,0.0,0.0,0.0,18.9,12.2,1.7,11.2
2020-09-16,0.0,0.0,0.0,21.7,13.3,1.2,8.5
2020-09-17,0.0,0.0,0.0,23.9,17.8,0.9,6.3
2020-09-18,0.0,0.0,0.0,21.1,12.8,3.7,12.1
2020-09-19,0.0,0.0,0.0,17.2,10.0,3.1,12.1
2020-09-20,0.0,0.0,0.0,18.3,10.0,2.9,9.4
2020-09-21,0.0,0.0,0.0,18.3,9.4,2.1,10.3
2020-09-22,0.0,0.0,0.0,21.7,8.9,1.7,8.5
2020-09-23,0.0,0.0,0.0,26.1,13.9,2.3,10.7
2020-09-24,0.0,0.0,0.0,23.9,16.7,1.2,6.7
2020-09-25,0.0,0.0,0.0,25.0,16.7,0.9,5.4
2020-09-26,0.0,0.0,0.0,23.3,18.3,1.3,7.2
2020-09-27,0.8,0.0,0.0,26.1,19.4,1.2,5.8
2020-09-28,0.5,0.0,0.0,25.0,20.6,1.3,7.2
2020-09-29,11.9,0.0,0.0,23.3,19.4,1.7,9.8
2020-09-30,29.0,0.0,0.0,21.7,15.6,2.8,12.5
2020-10-01,0.0,0.0,0.0,22.2,15.6,1.7,8.9
2020-10-02,1.0,0.0,0.0,18.3,11.7,1.7,7.2
2020-10-03,0.0,0.0,0.0,18.9,11.1,2.0,6.7
2020-10-04,0.0,0.0,0.0,19.4,10.6,1.8,7.2
2020-10-05,0.0,0.0,0.0,21.1,11.7,1.2,5.8
2020-10-06,0.0,0.0,0.0,20.6,13.9,1.4,8.5
2020-10-07,0.5,0.0,0.0,23.3,15.6,3.7,12.5
2020-10-08,0.0,0.0,0.0,17.8,11.7,3.5,11.6
2020-10-09,0.0,0.0,0.0,20.6,10.0,1.1,9.4
2020-10-10,0.0,0.0,0.0,21.7,14.4,2.7,11.6
2020-10-11,0.0,0.0,0.0,19.4,13.9,2.6,9.8
2020-10-12,24.4,0.0,0.0,13.9,9.4,3.9,13.0
2020-10-13,8.6,0.0,0.0,14.4,11.7,2.8,9.4
2020-10-14,0.0,0.0,0.0,19.4,10.0,1.9,6.7
2020-10-15,0.0,0.0,0.0,21.7,13.9,2.1,10.7
2020-10-16,34.5,0.0,0.0,18.9,8.3,2.0,11.6
2020-10-17,0.3,0.0,0.0,15.0,6.7,1.6,7.2
2020-10-18,0.0,0.0,0.0,16.7,7.8,1.7,9.8
2020-10-19,0.0,0.0,0.0,18.3,10.6,1.1,8.5
2020-10-20,0.0,0.0,0.0,21.7,13.9,0.7,4.9
2020-10-21,0.0,0.0,0.0,20.0,15.0,0.6,5.4
2020-10-22,0.0,0.0,0.0,20.0,17.8,0.4,6.7
2020-10-23,0.0,0.0,0.0,20.6,17.2,0.5,
2020-10-24,0.0,0.0,0.0,20.6,8.9,2.0,8.9
2020-10-25,0.5,0.0,0.0,11.7,7.2,2.6,8.5
2020-10-26,0.5,0.0,0.0,15.0,10.6,1.8,9.8
2020-10-27,0.0,0.0,0.0,15.0,11.1,1.3,7.2
2020-10-28,2.8,0.0,0.0,13.9,11.1,1.2,5.8
2020-10-29,38.9,0.0,0.0,13.3,7.8,4.0,13.4
2020-10-30,16.3,0.0,0.0,8.3,2.8,3.4,15.7
2020-10-31,0.0,0.0,0.0,7.8,0.0,1.2,5.8
2020-11-01,10.2,0.0,0.0,12.8,6.1,2.6,15.7
2020-11-02,0.0,0.0,0.0,6.7,3.3,4.7,19.2
2020-11-03,0.0,0.0,0.0,11.7,4.4,3.9,13.0
2020-11-04,0.0,0.0,0.0,16.7,4.4,1.5,9.4
2020-11-05,0.0,0.0,0.0,19.4,11.1,1.8,8.9
2020-11-06,0.0,0.0,0.0,21.1,13.3,2.1,7.6
2020-11-07,0.0,0.0,0.0,23.3,13.3,1.6,6.3
2020-11-08,0.0,0.0,0.0,23.9,13.3,0.8,4.5
2020-11-09,0.0,0.0,0.0,23.9,12.2,0.6,6.7
2020-11-10,0.0,0.0,0.0,23.3,15.6,2.3,8.5
2020-11-11,19.8,0.0,0.0,22.2,17.8,1.3,8.5
2020-11-12,6.1,0.0,0.0,20.0,7.8,3.0,11.6
2020-11-13,4.8,0.0,0.0,10.0,8.3,1.8,7.6
2020-11-14,0.0,0.0,0.0,11.1,5.6,2.1,9.4
2020-11-15,1.8,0.0,0.0,17.8,5.0,3.3,18.3
2020-11-16,0.0,0.0,0.0,12.8,6.7,3.0,12.5
2020-11-17,0.0,0.0,0.0,10.0,2.2,3.2,13.4
2020-11-18,0.0,0.0,0.0,2.2,-1.0,4.1,14.8
2020-11-19,0.0,0.0,0.0,8.9,-1.0,2.3,12.1
2020-11-20,0.0,0.0,0.0,17.2,7.2,2.7,11.2
2020-11-21,0.0,0.0,0.0,17.8,9.4,1.9,8.5
2020-11-22,0.0,0.0,0.0,15.0,6.7,3.4,8.9
2020-11-23,13.7,0.0,0.0,15.6,5.6,3.3,15.7
2020-11-24,0.0,0.0,0.0,8.9,5.0,2.6,8.9
2020-11-25,0.0,0.0,0.0,13.3,7.2,1.7,8.1
2020-11-26,20.1,0.0,0.0,18.3,12.8,2.1,8.9
2020-11-27,0.0,0.0,0.0,17.2,10.6,1.5,6.3
2020-11-28,0.0,0.0,0.0,13.3,6.7,2.2,9.8
2020-11-29,0.0,0.0,0.0,12.2,5.0,1.0,6.3
2020-11-30,24.9,0.0,0.0,17.2,10.0,2.8,15.7
2020-12-01,0.0,0.0,0.0,16.7,2.8,2.6,15.2
2020-12-02,0.0,0.0,0.0,6.1,2.2,4.7,13.9
2020-12-03,0.0,0.0,0.0,10.0,1.7,3.0,9.8
2020-12-04,2.8,0.0,0.0,11.1,6.7,2.2,10.3
2020-12-05,25.9,0.0,0.0,8.3,3.9,3.9,15.7
2020-12-06,0.0,0.0,0.0,4.4,0.6,4.8,15.2
2020-12-07,0.0,0.0,0.0,4.4,0.0,2.7,8.9
2020-12-08,0.0,0.0,0.0,2.2,-1.0,3.8,10.7
2020-12-09,1.3,0.0,0.0,3.3,-0.5,2.9,10.7
2020-12-10,0.0,0.0,0.0,9.4,2.2,2.8,10.3
2020-12-11,0.0,0.0,0.0,13.9,3.9,1.6,8.5
2020-12-12,0.0,0.0,0.0,14.4,7.8,1.7,8.9
2020-12-13,0.0,0.0,0.0,16.7,8.3,3.1,11.2
2020-12-14,6.6,0.0,0.0,8.3,1.7,2.0,11.2
2020-12-15,0.0,0.0,0.0,3.9,-1.0,3.4,10.3
2020-12-16,21.8,165.0,0.0,-0.5,-4.3,5.0,17.0
2020-12-17,16.8,102.0,230.0,0.6,-4.3,4.2,17.9
2020-12-18,0.0,0.0,200.0,0.0,-4.3,2.9,8.9
2020-12-19,0.0,0.0,180.0,0.0,-6.6,1.3,6.7
2020-12-20,0.3,0.0,150.0,4.4,-0.5,1.0,8.1
2020-12-21,0.0,0.0,130.0,7.8,2.8,1.6,9.4
2020-12-22,0.0,0.0,80.0,7.8,3.3,3.1,13.9
2020-12-23,0.0,0.0,50.0,7.2,2.2,2.2,9.8
2020-12-24,6.1,0.0,30.0,15.0,6.1,3.8,16.1
2020-12-25,23.4,0.0,0.0,16.1,-1.6,4.7,21.0
2020-12-26,0.0,0.0,0.0,0.0,-4.3,4.2,12.1
2020-12-27,0.0,0.0,0.0,2.8,-4.3,1.8,6.3
2020-12-28,0.0,0.0,0.0,10.0,1.7,2.4,8.5
2020-12-29,0.0,0.0,0.0,6.1,-1.0,4.0,13.4
2020-12-30,0.0,0.0,0.0,6.1,-2.1,2.3,13.0
2020-12-31,12.2,0.0,0.0,8.9,2.2,2.3,9.8
2021-01-01,15.7,0.0,0.0,4.4,0.6,2.5,7.6
2021-01-02,1.3,0.0,0.0,10.6,2.2,3.0,14.8
2021-01-03,5.6,0.0,0.0,3.3,1.1,4.1,12.1
2021-01-04,0.5,0.0,0.0,6.1,1.7,2.0,8.1
2021-01-05,0.0,0.0,0.0,5.6,2.2,2.2,7.6
2021-01-06,0.0,0.0,0.0,5.0,1.1,3.7,13.9
2021-01-07,0.0,0.0,0.0,5.0,-1.0,3.1,9.8
2021-01-08,0.0,0.0,0.0,2.8,-2.7,2.7,8.5
2021-01-09,0.0,0.0,0.0,2.8,-4.3,3.1,12.5
2021-01-10,0.0,0.0,0.0,5.0,-1.6,1.9,7.6
2021-01-11,0.0,0.0,0.0,2.8,-2.1,1.1,4.9
2021-01-12,0.0,0.0,0.0,6.7,0.6,2.0,5.4
2021-01-13,0.0,0.0,0.0,6.1,1.7,1.4,8.9
2021-01-14,0.0,0.0,0.0,9.4,3.9,0.9,5.4
2021-01-15,9.7,0.0,0.0,7.8,3.3,3.6,10.7
2021-01-16,19.8,0.0,0.0,8.3,2.8,3.8,13.4
2021-01-17,0.0,0.0,0.0,6.7,1.7,3.7,15.7
2021-01-18,0.0,0.0,0.0,7.2,2.8,3.4,10.3
2021-01-19,0.0,0.0,0.0,6.1,1.7,2.6,12.1
2021-01-20,0.5,0.0,0.0,4.4,-2.7,3.4,14.3
2021-01-21,0.0,0.0,0.0,6.1,-3.8,1.7,10.3
2021-01-22,0.0,0.0,0.0,7.2,2.2,3.4,13.0
2021-01-23,0.0,0.0,0.0,2.2,-4.3,5.1,15.2
2021-01-24,0.0,0.0,0.0,0.0,-5.5,4.5,14.3
2021-01-25,0.0,0.0,0.0,2.8,-4.9,2.3,9.8
2021-01-26,2.5,3.0,0.0,1.1,-0.5,3.2,9.4
2021-01-27,0.0,0.0,0.0,2.8,-0.5,2.6,10.3
2021-01-28,0.0,0.0,0.0,1.1,-6.6,4.6,16.5
2021-01-29,0.0,0.0,0.0,-3.8,-9.9,6.2,19.2
2021-01-30,0.0,0.0,0.0,0.0,-8.2,3.4,9.8
2021-01-31,3.0,51.0,0.0,-3.2,-6.6,3.0,10.7
2021-02-01,47.0,376.0,130.0,1.1,-5.5,6.4,16.1
2021-02-02,3.3,10.0,360.0,0.6,-1.0,3.8,10.7
2021-02-03,0.3,5.0,330.0,2.8,-1.6,3.4,9.8
2021-02-04,0.0,0.0,280.0,6.1,-0.5,3.1,11.2
2021-02-05,1.8,0.0,230.0,8.3,2.8,2.2,11.2
2021-02-06,0.0,0.0,180.0,6.7,1.1,3.1,16.5
2021-02-07,9.9,114.0,150.0,4.4,-4.3,2.8,12.1
2021-02-08,0.0,0.0,250.0,-1.6,-8.2,2.9,11.2
2021-02-09,0.0,0.0,230.0,0.6,-2.7,2.2,7.2
2021-02-10,0.3,0.0,230.0,1.7,-3.2,1.8,6.7
2021-02-11,2.5,33.0,230.0,0.6,-3.2,2.7,8.1
2021-02-12,0.0,0.0,200.0,-1.0,-6.6,2.4,8.5
2021-02-13,0.0,0.0,200.0,-1.0,-3.8,3.1,9.4
2021-02-14,0.0,0.0,200.0,3.3,-2.7,1.9,8.1
2021-02-15,0.5,0.0,180.0,2.2,-0.5,2.6,8.1
2021-02-16,20.8,0.0,150.0,10.6,1.1,3.5,13.9
2021-02-17,0.0,0.0,80.0,1.1,-5.5,3.2,13.9
2021-02-18,11.4,81.0,50.0,-1.0,-4.3,3.5,10.3
2021-02-19,3.6,30.0,130.0,0.6,-2.1,3.1,9.8
2021-02-20,0.0,0.0,150.0,1.7,-3.2,3.6,12.1
2021-02-21,0.0,0.0,130.0,2.8,-4.3,2.6,8.1
2021-02-22,13.2,10.0,80.0,3.9,0.0,1.5,12.5
2021-02-23,0.3,0.0,80.0,7.2,2.2,2.7,11.2
2021-02-24,0.0,0.0,50.0,12.2,3.9,2.9,10.7
2021-02-25,0.0,0.0,0.0,10.0,4.4,3.9,15.7
2021-02-26,0.0,0.0,0.0,7.2,0.6,1.9,8.1
2021-02-27,9.9,0.0,0.0,10.0,3.3,2.1,8.9
2021-02-28,5.6,0.0,0.0,7.2,5.0,2.3,8.1
2021-03-01,4.1,0.0,0.0,9.4,-0.5,4.0,17.4
2021-03-02,0.0,0.0,0.0,0.6,-6.0,4.8,17.4
2021-03-03,0.0,0.0,0.0,11.1,0.0,2.7,10.3
2021-03-04,0.0,0.0,0.0,7.2,-2.7,4.7,15.7
2021-03-05,0.0,0.0,0.0,2.8,-4.9,5.2,15.7
2021-03-06,0.0,0.0,0.0,1.1,-1.6,3.9,13.0
2021-03-07,0.0,0.0,0.0,5.0,-1.6,3.2,9.4
2021-03-08,0.0,0.0,0.0,6.1,-3.2,2.2,8.1
2021-03-09,0.0,0.0,0.0,17.8,5.6,3.3,10.7
2021-03-10,0.0,0.0,0.0,12.2,5.0,2.7,8.5
2021-03-11,0.0,0.0,0.0,21.7,6.7,1.2,10.3
2021-03-12,0.0,0.0,0.0,20.0,11.1,3.3,13.9
2021-03-13,0.0,0.0,0.0,11.1,0.6,3.6,16.1
2021-03-14,0.0,0.0,0.0,12.2,-0.5,4.9,17.9
2021-03-15,0.0,0.0,0.0,3.9,-4.3,3.8,17.0
2021-03-16,0.0,0.0,0.0,2.8,-1.6,2.1,7.2
2021-03-17,0.0,0.0,0.0,8.3,1.1,1.3,5.4
2021-03-18,15.2,0.0,0.0,8.3,5.0,2.7,13.0
2021-03-19,1.8,0.0,0.0,6.1,-0.5,5.1,15.7
2021-03-20,0.0,0.0,0.0,15.0,0.6,1.2,7.2
2021-03-21,0.0,0.0,0.0,17.2,5.6,1.4,6.7
2021-03-22,0.0,0.0,0.0,16.7,5.6,1.7,6.7
2021-03-23,0.0,0.0,0.0,18.9,6.1,2.1,8.5
2021-03-24,32.3,0.0,0.0,13.3,8.3,1.8,6.3
2021-03-25,0.3,0.0,0.0,20.0,9.4,1.6,8.5
2021-03-26,4.8,0.0,0.0,27.8,11.1,3.6,19.7
2021-03-27,0.0,0.0,0.0,20.6,10.0,2.5,10.7
2021-03-28,19.3,0.0,0.0,15.6,8.9,3.0,14.3
2021-03-29,0.0,0.0,0.0,12.8,7.2,4.5,17.0
2021-03-30,0.0,0.0,0.0,16.1,5.6,2.7,11.2
2021-03-31,8.9,0.0,0.0,19.4,10.0,2.2,8.5
2021-04-01,0.8,0.0,0.0,14.4,3.3,4.8,14.3
2021-04-02,0.0,0.0,0.0,3.9,-2.1,4.3,13.4
2021-04-03,0.0,0.0,0.0,11.7,0.0,2.7,
2021-04-04,0.0,0.0,0.0,18.3,7.2,1.8,
2021-04-05,0.0,0.0,0.0,20.0,8.9,3.9,13.0
2021-04-06,0.0,0.0,0.0,21.1,8.3,2.4,9.8
2021-04-07,0.0,0.0,0.0,22.2,10.6,1.3,7.2
2021-04-08,0.0,0.0,0.0,21.1,9.4,1.9,8.9
2021-04-09,0.3,0.0,0.0,15.0,9.4,1.5,6.7
2021-04-10,0.3,0.0,0.0,21.1,10.6,1.3,7.2
2021-04-11,10.7,0.0,0.0,13.9,8.3,3.2,13.4
2021-04-12,12.4,0.0,0.0,10.6,7.2,3.4,13.9
2021-04-13,1.5,0.0,0.0,18.3,6.7,2.3,7.2
2021-04-14,0.0,0.0,0.0,22.2,8.9,1.3,8.9
2021-04-15,21.1,0.0,0.0,14.4,7.2,2.2,10.3
2021-04-16,1.0,0.0,0.0,11.7,5.0,3.0,12.5
2021-04-17,0.0,0.0,0.0,13.3,6.1,2.3,8.1
2021-04-18,0.0,0.0,0.0,17.8,9.4,1.6,7.6
2021-04-19,0.0,0.0,0.0,18.3,11.1,1.3,8.9
2021-04-20,0.0,0.0,0.0,24.4,11.7,1.9,11.6
2021-04-21,2.8,0.0,0.0,20.0,3.9,3.3,16.1
2021-04-22,0.0,0.0,0.0,8.9,2.2,5.3,14.3
2021-04-23,0.0,0.0,0.0,17.8,3.9,3.3,13.0
2021-04-24,0.0,0.0,0.0,22.2,11.1,1.8,10.3
2021-04-25,15.0,0.0,0.0,17.2,9.4,2.4,10.3
2021-04-26,0.0,0.0,0.0,15.6,5.0,3.9,13.4
2021-04-27,0.0,0.0,0.0,17.8,7.8,0.9,5.8
2021-04-28,1.3,0.0,0.0,29.4,11.1,1.1,10.7
2021-04-29,0.5,0.0,0.0,23.9,15.0,1.1,9.4
2021-04-30,0.8,0.0,0.0,21.7,7.8,5.5,19.7
2021-05-01,0.0,0.0,0.0,18.3,5.6,3.8,13.0
2021-05-02,0.0,0.0,0.0,27.8,13.3,3.2,12.1
2021-05-03,14.7,0.0,0.0,18.9,11.1,2.6,8.1
2021-05-04,5.8,0.0,0.0,22.8,11.1,2.2,10.3
2021-05-05,7.9,0.0,0.0,16.7,11.1,1.8,11.6
2021-05-06,0.0,0.0,0.0,18.9,10.0,2.6,12.1
2021-05-07,0.0,0.0,0.0,18.9,9.4,2.1,8.1
2021-05-08,1.3,0.0,0.0,12.8,8.9,1.6,8.1
2021-05-09,11.9,0.0,0.0,18.3,7.8,2.0,9.4
2021-05-10,0.8,0.0,0.0,15.6,8.3,2.1,7.6
2021-05-11,0.0,0.0,0.0,19.4,9.4,3.0,12.5
2021-05-12,0.0,0.0,0.0,20.0,7.8,2.8,12.1
2021-05-13,0.0,0.0,0.0,22.2,10.0,1.7,9.4
2021-05-14,0.0,0.0,0.0,24.4,11.1,2.0,7.6
2021-05-15,0.0,0.0,0.0,26.1,12.8,1.4,7.6
2021-05-16,0.3,0.0,0.0,23.9,15.0,0.9,10.3
2021-05-17,0.0,0.0,0.0,25.6,13.3,1.6,8.1
2021-05-18,0.0,0.0,0.0,27.8,15.6,2.2,9.4
2021-05-19,0.0,0.0,0.0,30.0,18.3,2.2,7.6
2021-05-20,0.0,0.0,0.0,24.4,15.0,1.1,7.2
2021-05-21,0.0,0.0,0.0,26.1,14.4,0.7,6.7
2021-05-22,0.0,0.0,0.0,31.7,18.3,1.5,8.9
2021-05-23,0.0,0.0,0.0,31.1,20.0,3.2,13.9
2021-05-24,0.0,0.0,0.0,20.0,15.0,2.6,9.4
2021-05-25,0.0,0.0,0.0,22.8,14.4,2.0,7.6
2021-05-26,1.8,0.0,0.0,30.0,18.3,1.9,11.2
2021-05-27,0.5,0.0,0.0,27.2,18.3,2.2,8.9
2021-05-28,31.0,0.0,0.0,20.6,9.4,4.3,16.1
2021-05-29,11.7,0.0,0.0,10.6,8.3,5.3,15.7
2021-05-30,22.6,0.0,0.0,10.6,8.3,3.4,10.7
2021-05-31,0.5,0.0,0.0,21.1,9.4,1.7,8.1
2021-06-01,0.0,0.0,0.0,24.4,13.9,0.8,7.2
2021-06-02,0.0,0.0,0.0,23.9,16.7,1.1,7.6
2021-06-03,9.7,0.0,0.0,23.3,15.6,0.6,6.3
2021-06-04,9.9,0.0,0.0,25.6,17.2,1.5,12.5
2021-06-05,0.0,0.0,0.0,31.7,18.9,2.2,9.8
2021-06-06,0.0,0.0,0.0,33.3,24.4,1.3,9.4
2021-06-07,1.8,0.0,0.0,32.8,24.4,1.3,7.2
2021-06-08,11.9,0.0,0.0,32.2,22.2,1.2,10.3
2021-06-09,0.3,0.0,0.0,32.2,22.2,1.3,7.2
2021-06-10,0.0,0.0,0.0,28.9,18.3,2.8,10.7
2021-06-11,0.0,0.0,0.0,20.6,16.7,2.3,7.6
2021-06-12,0.0,0.0,0.0,20.6,16.7,1.7,7.2
2021-06-13,0.3,0.0,0.0,24.4,16.7,1.0,4.9
2021-06-14,5.6,0.0,0.0,22.8,17.8,1.1,
2021-06-15,0.0,0.0,0.0,26.7,18.9,2.1,8.9
2021-06-16,0.0,0.0,0.0,25.0,16.7,2.0,8.9
2021-06-17,0.0,0.0,0.0,25.6,13.9,1.7,7.2
2021-06-18,0.0,0.0,0.0,28.9,17.2,2.1,9.8
2021-06-19,3.6,0.0,0.0,31.1,18.3,1.9,10.7
2021-06-20,0.0,0.0,0.0,30.0,18.9,1.1,7.2
2021-06-21,0.0,0.0,0.0,30.0,23.9,1.7,9.8
2021-06-22,6.1,0.0,0.0,25.6,15.0,2.2,9.8
2021-06-23,0.0,0.0,0.0,24.4,12.8,1.7,8.1
2021-06-24,0.0,0.0,0.0,25.0,16.1,1.7,8.5
2021-06-25,0.0,0.0,0.0,27.2,17.8,1.0,8.1
2021-06-26,1.0,0.0,0.0,28.3,20.0,1.4,7.6
2021-06-27,0.0,0.0,0.0,32.2,22.8,2.1,9.8
2021-06-28,0.0,0.0,0.0,33.3,24.4,2.2,9.4
2021-06-29,0.0,0.0,0.0,35.0,25.6,2.0,9.8
2021-06-30,16.5,0.0,0.0,36.7,22.8,2.3,9.4
2021-07-01,22.9,0.0,0.0,28.9,22.2,0.9,8.1
2021-07-02,17.0,0.0,0.0,26.1,16.7,1.6,11.2
2021-07-03,8.6,0.0,0.0,18.9,15.0,2.6,9.4
2021-07-04,0.0,0.0,0.0,26.1,15.6,1.1,7.2
2021-07-05,0.0,0.0,0.0,28.3,19.4,1.7,7.2
2021-07-06,14.0,0.0,0.0,33.3,21.7,2.6,16.5
2021-07-07,0.0,0.0,0.0,32.8,21.7,1.1,7.6
2021-07-08,57.7,0.0,0.0,28.9,21.7,2.2,10.7
2021-07-09,52.3,0.0,0.0,29.4,21.1,1.8,11.6
2021-07-10,6.9,0.0,0.0,27.2,20.0,1.3,5.8
2021-07-11,0.3,0.0,0.0,25.6,21.1,0.8,6.7
2021-07-12,36.1,0.0,0.0,30.0,22.2,2.2,8.9
2021-07-13,0.0,0.0,0.0,22.2,20.6,2.6,7.2
2021-07-14,0.0,0.0,0.0,30.6,20.6,1.2,9.4
2021-07-15,0.0,0.0,0.0,31.7,23.3,1.2,6.3
2021-07-16,0.0,0.0,0.0,32.8,26.1,1.3,8.5
2021-07-17,15.7,0.0,0.0,32.8,22.8,1.0,7.2
2021-07-18,0.8,0.0,0.0,28.9,22.2,2.4,8.5
2021-07-19,0.3,0.0,0.0,27.2,21.7,1.7,6.7
2021-07-20,0.0,0.0,0.0,30.0,22.8,1.1,5.4
2021-07-21,1.3,0.0,0.0,26.7,21.1,0.9,8.1
2021-07-22,0.0,0.0,0.0,27.2,19.4,1.5,6.7
2021-07-23,0.3,0.0,0.0,28.3,19.4,1.0,7.2
2021-07-24,0.0,0.0,0.0,28.9,19.4,1.1,6.7
2021-07-25,12.4,0.0,0.0,28.3,18.9,1.2,8.1
2021-07-26,19.8,0.0,0.0,31.1,22.2,1.0,7.6
2021-07-27,0.0,0.0,0.0,31.7,22.8,1.3,9.4
2021-07-28,3.6,0.0,0.0,27.2,20.6,1.6,8.5
2021-07-29,11.9,0.0,0.0,25.0,20.6,1.7,12.5
2021-07-30,0.0,0.0,0.0,27.8,19.4,3.4,11.6
2021-07-31,0.0,0.0,0.0,25.0,15.6,1.2,6.3
2021-08-01,1.0,0.0,0.0,25.0,18.9,0.9,6.7
2021-08-02,0.0,0.0,0.0,26.7,17.2,2.1,8.5
2021-08-03,0.0,0.0,0.0,26.1,18.3,0.6,4.0
2021-08-04,0.0,0.0,0.0,24.4,19.4,2.2,8.1
2021-08-05,0.0,0.0,0.0,27.2,20.6,1.7,8.1
2021-08-06,0.0,0.0,0.0,31.1,21.1,1.5,6.7
2021-08-07,0.0,0.0,0.0,30.6,22.8,2.0,7.2
2021-08-08,5.3,0.0,0.0,25.0,18.9,3.0,10.3
2021-08-09,0.0,0.0,0.0,27.2,20.6,2.1,6.7
2021-08-10,21.1,0.0,0.0,28.9,21.7,1.2,12.5
2021-08-11,4.6,0.0,0.0,31.7,22.8,1.5,10.3
2021-08-12,0.0,0.0,0.0,33.9,23.3,1.7,13.4
2021-08-13,0.0,0.0,0.0,34.4,25.6,1.0,7.6
2021-08-14,0.0,0.0,0.0,31.1,24.4,1.7,8.5
2021-08-15,0.0,0.0,0.0,28.3,21.1,1.5,7.6
2021-08-16,0.0,0.0,0.0,28.3,20.6,1.3,5.8
2021-08-17,0.0,0.0,0.0,27.2,22.8,1.2,7.2
2021-08-18,0.0,0.0,0.0,28.3,23.3,1.1,8.9
2021-08-19,5.1,0.0,0.0,29.4,23.9,1.7,10.3
2021-08-20,0.0,0.0,0.0,27.8,23.9,1.1,5.4
2021-08-21,113.0,0.0,0.0,27.8,22.8,1.3,8.9
2021-08-22,67.8,0.0,0.0,24.4,21.1,2.3,9.4
2021-08-23,27.2,0.0,0.0,28.3,21.7,1.9,9.4
2021-08-24,0.0,0.0,0.0,31.7,22.2,1.3,6.7
2021-08-25,0.0,0.0,0.0,32.8,22.2,0.8,4.5
2021-08-26,0.0,0.0,0.0,32.8,25.6,1.4,6.3
2021-08-27,17.0,0.0,0.0,33.9,23.9,1.0,10.3
2021-08-28,0.0,0.0,0.0,26.7,20.0,3.1,13.0
2021-08-29,0.0,0.0,0.0,24.4,19.4,1.3,6.3
2021-08-30,0.0,0.0,0.0,29.4,22.8,0.9,6.3
2021-08-31,0.0,0.0,0.0,28.3,22.8,1.3,7.6
2021-09-01,181.1,0.0,0.0,25.6,17.2,3.8,17.9
2021-09-02,2.5,0.0,0.0,25.0,16.1,2.5,12.5
2021-09-03,0.0,0.0,0.0,23.3,15.0,1.7,6.3
2021-09-04,0.0,0.0,0.0,26.1,16.1,1.0,5.4
2021-09-05,0.5,0.0,0.0,23.3,19.4,1.2,7.2
2021-09-06,0.0,0.0,0.0,27.2,20.6,2.0,9.4
2021-09-07,0.0,0.0,0.0,26.1,18.3,1.0,6.7
2021-09-08,0.0,0.0,0.0,27.8,21.1,1.5,12.1
2021-09-09,6.6,0.0,0.0,24.4,20.0,,21.5
2021-09-10,0.0,0.0,0.0,23.3,17.2,2.7,13.4
2021-09-11,0.0,0.0,0.0,24.4,15.6,0.9,10.7
2021-09-12,0.0,0.0,0.0,27.2,18.9,1.8,8.9
2021-09-13,3.0,0.0,0.0,28.3,19.4,2.0,8.5
2021-09-14,0.0,0.0,0.0,26.7,19.4,0.7,8.9
2021-09-15,0.0,0.0,0.0,29.4,21.7,,
2021-09-16,0.0,0.0,0.0,24.4,21.7,,
2021-09-17,0.0,0.0,0.0,23.9,20.6,,
2021-09-18,0.0,0.0,0.0,28.9,20.6,,
2021-09-19,0.0,0.0,0.0,24.4,17.8,,
2021-09-20,0.0,0.0,0.0,23.9,17.2,,
2021-09-21,2.3,0.0,0.0,24.4,17.2,,
2021-09-22,0.3,0.0,0.0,26.1,22.2,,
2021-09-23,34.8,0.0,0.0,26.1,17.8,2.6,14.8
2021-09-24,16.8,0.0,0.0,22.2,13.9,1.8,
2021-09-25,0.0,0.0,0.0,23.9,13.9,0.4,
2021-09-26,0.0,0.0,0.0,21.7,16.1,2.6,10.7
2021-09-27,0.0,0.0,0.0,25.6,16.7,,
2021-09-28,6.9,0.0,0.0,21.7,16.1,,
2021-09-29,0.0,0.0,0.0,20.0,12.2,,
2021-09-30,0.0,0.0,0.0,18.3,12.8,,
2021-10-01,0.0,0.0,0.0,19.4,10.6,,
2021-10-02,0.0,0.0,0.0,23.3,13.9,,
2021-10-03,0.0,0.0,0.0,25.0,16.1,,
2021-10-04,3.8,0.0,0.0,22.8,16.7,,
2021-10-05,0.0,0.0,0.0,18.3,15.6,1.1,4.9
2021-10-06,0.0,0.0,0.0,20.6,16.1,0.6,4.5
2021-10-07,0.0,0.0,0.0,22.8,16.7,0.5,4.0
2021-10-08,0.0,0.0,0.0,24.4,16.1,1.7,7.6
2021-10-09,0.0,0.0,0.0,19.4,15.6,3.8,10.7
2021-10-10,2.8,0.0,0.0,18.9,16.1,4.4,10.7
2021-10-11,0.0,0.0,0.0,21.7,16.1,3.0,12.1
2021-10-12,0.0,0.0,0.0,20.6,16.1,1.2,
2021-10-13,0.0,0.0,0.0,20.6,16.1,0.6,4.9
2021-10-14,0.0,0.0,0.0,24.4,16.7,1.2,6.3
2021-10-15,0.0,0.0,0.0,26.1,17.2,1.0,6.3
2021-10-16,6.4,0.0,0.0,24.4,13.3,2.1,14.3
2021-10-17,0.0,0.0,0.0,16.1,10.6,2.8,10.3
2021-10-18,0.0,0.0,0.0,14.4,9.4,3.0,13.0
2021-10-19,0.0,0.0,0.0,18.9,8.3,2.4,9.8
2021-10-20,0.0,0.0,0.0,23.9,13.3,1.4,8.9
2021-10-21,0.0,0.0,0.0,22.8,15.0,1.7,8.9
2021-10-22,0.0,0.0,0.0,20.6,13.9,2.1,10.3
2021-10-23,0.3,0.0,0.0,15.0,8.9,1.2,7.2
2021-10-24,0.8,0.0,0.0,15.0,8.3,1.4,5.8
2021-10-25,5.8,0.0,0.0,22.8,12.8,1.7,9.8
2021-10-26,83.8,0.0,0.0,17.2,12.2,2.7,13.0
2021-10-27,4.1,0.0,0.0,16.1,11.7,3.8,12.5
2021-10-28,0.0,0.0,0.0,13.9,9.4,2.2,7.6
2021-10-29,10.4,0.0,0.0,13.3,8.3,3.9,15.7
2021-10-30,14.5,0.0,0.0,17.8,11.7,2.0,13.4
2021-10-31,1.0,0.0,0.0,17.2,12.8,2.3,9.4
2021-11-01,0.0,0.0,0.0,14.4,10.0,2.3,9.4
2021-11-02,0.0,0.0,0.0,11.7,6.7,1.3,8.5
2021-11-03,0.0,0.0,0.0,10.6,5.0,1.8,8.9
2021-11-04,0.0,0.0,0.0,10.0,3.9,1.6,4.5
2021-11-05,0.0,0.0,0.0,10.6,3.9,1.7,8.1
2021-11-06,0.0,0.0,0.0,11.1,4.4,1.1,4.9
2021-11-07,0.0,0.0,0.0,11.7,4.4,1.2,5.8
2021-11-08,0.0,0.0,0.0,17.2,6.7,1.2,7.6
2021-11-09,0.0,0.0,0.0,20.0,10.0,1.2,5.4
2021-11-10,0.0,0.0,0.0,17.8,9.4,1.4,9.4
2021-11-11,0.3,0.0,0.0,16.1,7.2,2.1,10.3
2021-11-12,12.2,0.0,0.0,18.3,10.6,2.5,13.4
2021-11-13,8.4,0.0,0.0,16.7,4.4,2.2,17.9
2021-11-14,0.5,0.0,0.0,8.9,3.3,1.8,10.7
2021-11-15,0.0,0.0,0.0,8.3,3.9,2.8,13.9
2021-11-16,0.0,0.0,0.0,9.4,2.2,2.5,9.8
2021-11-17,0.0,0.0,0.0,13.9,3.3,1.2,8.9
2021-11-18,2.3,0.0,0.0,20.6,7.8,2.4,13.0
2021-11-19,0.3,0.0,0.0,8.9,3.9,3.8,12.1
2021-11-20,0.0,0.0,0.0,8.3,1.7,1.4,7.2
2021-11-21,0.3,0.0,0.0,13.3,6.7,1.5,8.1
2021-11-22,1.0,0.0,0.0,12.8,1.7,2.8,10.7
2021-11-23,0.0,0.0,0.0,5.6,0.0,4.0,13.9
2021-11-24,0.0,0.0,0.0,7.2,-1.0,2.1,8.1
2021-11-25,0.3,0.0,0.0,13.3,3.9,1.1,6.7
2021-11-26,3.0,0.0,0.0,8.3,2.8,4.3,14.8
2021-11-27,0.0,0.0,0.0,3.9,1.1,3.6,14.3
2021-11-28,0.0,0.0,0.0,5.0,0.6,1.0,7.6
2021-11-29,0.0,0.0,0.0,7.2,0.6,2.9,9.8
2021-11-30,0.0,0.0,0.0,5.0,-0.5,2.3,9.8
2021-12-01,0.0,0.0,0.0,9.4,4.4,1.6,8.9
2021-12-02,1.0,0.0,0.0,14.4,7.2,2.6,16.1
2021-12-03,0.0,0.0,0.0,8.9,2.8,3.8,15.7
2021-12-04,0.0,0.0,0.0,8.9,2.2,1.5,8.1
2021-12-05,0.0,0.0,0.0,9.4,3.9,1.2,8.5
2021-12-06,10.7,0.0,0.0,16.1,6.1,2.6,17.9
2021-12-07,0.0,0.0,0.0,6.1,2.2,2.5,15.2
2021-12-08,1.0,0.0,0.0,5.6,1.1,2.2,8.9
2021-12-09,0.0,0.0,0.0,3.9,-0.5,2.5,11.6
2021-12-10,0.0,0.0,0.0,10.0,3.3,1.3,8.5
2021-12-11,4.3,0.0,0.0,18.9,7.2,2.7,13.9
2021-12-12,0.0,0.0,0.0,13.3,5.6,3.6,15.2
2021-12-13,0.0,0.0,0.0,11.7,4.4,3.4,10.7
2021-12-14,0.0,0.0,0.0,11.7,6.7,2.4,7.2
2021-12-15,0.0,0.0,0.0,13.9,4.4,2.3,8.5
2021-12-16,0.0,0.0,0.0,16.7,12.2,3.6,13.4
2021-12-17,0.0,0.0,0.0,15.6,8.9,3.2,10.7
2021-12-18,1.5,0.0,0.0,8.9,3.9,1.6,6.7
2021-12-19,0.5,0.0,0.0,7.2,-2.1,2.9,11.6
2021-12-20,0.0,0.0,0.0,2.8,-3.8,2.4,10.7
2021-12-21,0.0,0.0,0.0,6.1,-0.5,2.1,9.8
2021-12-22,3.0,0.0,0.0,8.3,0.6,3.1,13.0
2021-12-23,0.0,0.0,0.0,2.2,-0.5,2.2,10.3
2021-12-24,0.8,5.0,0.0,4.4,-1.0,1.8,6.3
2021-12-25,4.1,0.0,0.0,11.1,2.2,1.3,7.6
2021-12-26,0.0,0.0,0.0,10.6,3.9,4.7,13.9
2021-12-27,2.3,0.0,0.0,3.9,1.1,2.0,7.6
2021-12-28,1.3,0.0,0.0,8.3,2.2,2.1,6.7
2021-12-29,3.6,0.0,0.0,6.7,5.0,2.6,7.6
2021-12-30,1.3,0.0,0.0,9.4,6.1,1.1,5.4
2021-12-31,0.0,0.0,0.0,12.8,8.9,1.1,6.7
2022-01-01,20.1,0.0,0.0,13.3,10.0,1.4,6.7
2022-01-02,1.0,0.0,0.0,15.0,2.8,2.6,13.4
2022-01-03,0.0,0.0,0.0,2.8,-5.5,4.4,13.0
2022-01-04,0.0,0.0,0.0,1.1,-7.1,2.7,10.3
2022-01-05,5.8,0.0,0.0,8.3,-0.5,2.5,10.3
2022-01-06,0.0,0.0,0.0,5.0,1.1,2.9,12.1
2022-01-07,9.7,147.0,150.0,1.1,-3.8,3.9,13.0
2022-01-08,0.0,0.0,80.0,-1.0,-6.6,2.7,13.4
2022-01-09,2.5,0.0,80.0,4.4,-1.6,3.8,10.7
2022-01-10,0.0,0.0,0.0,4.4,-4.3,3.8,16.1
2022-01-11,0.0,0.0,0.0,-4.3,-9.3,3.3,13.0
2022-01-12,0.0,0.0,0.0,4.4,-6.6,2.7,13.0
2022-01-13,0.0,0.0,0.0,8.9,1.1,1.4,5.4
2022-01-14,0.0,0.0,0.0,6.1,-6.0,3.7,14.3
2022-01-15,0.0,0.0,0.0,-6.0,-12.1,3.2,9.4
2022-01-16,9.4,20.0,0.0,2.8,-12.1,3.8,12.1
2022-01-17,29.5,0.0,0.0,6.7,1.1,4.5,16.1
2022-01-18,0.0,0.0,0.0,2.2,-1.6,4.1,14.8
2022-01-19,0.0,0.0,0.0,9.4,-2.1,3.0,12.1
2022-01-20,7.6,0.0,0.0,7.8,-5.5,3.0,12.1
2022-01-21,0.0,0.0,0.0,-5.5,-9.9,3.5,11.2
2022-01-22,0.0,0.0,0.0,-1.6,-10.5,2.5,8.9
2022-01-23,0.5,5.0,0.0,2.8,-4.3,2.4,9.8
2022-01-24,0.0,0.0,0.0,2.2,-3.2,1.9,8.9
2022-01-25,0.0,0.0,0.0,5.6,-2.1,2.6,8.5
2022-01-26,0.0,0.0,0.0,-2.1,-6.6,2.8,10.3
2022-01-27,0.0,0.0,0.0,0.0,-8.2,2.4,8.9
2022-01-28,3.3,30.0,0.0,0.0,-1.6,2.1,12.1
2022-01-29,19.6,185.0,150.0,-1.6,-11.0,5.6,14.3
2022-01-30,0.0,0.0,180.0,-3.2,-11.0,3.1,13.4
2022-01-31,0.0,0.0,150.0,-0.5,-6.0,1.7,5.8
2022-02-01,0.0,0.0,150.0,2.2,-4.9,2.3,7.6
2022-02-02,0.0,0.0,100.0,8.3,0.0,1.3,5.4
2022-02-03,10.7,0.0,50.0,11.1,5.6,1.7,8.1
2022-02-04,18.3,0.0,0.0,13.9,-3.2,3.0,11.2
2022-02-05,0.0,0.0,0.0,-2.7,-7.1,3.9,12.5
2022-02-06,0.0,0.0,0.0,-1.0,-8.2,2.1,6.7
2022-02-07,3.8,0.0,0.0,2.8,-1.0,1.6,8.1
2022-02-08,1.8,0.0,0.0,7.2,0.0,3.0,11.2
2022-02-09,0.0,0.0,0.0,7.8,-1.6,1.8,8.1
2022-02-10,0.0,0.0,0.0,12.2,2.8,2.3,14.8
2022-02-11,0.0,0.0,0.0,13.9,3.3,2.3,11.6
2022-02-12,0.0,0.0,0.0,15.0,5.6,3.4,12.1
2022-02-13,5.8,41.0,30.0,5.6,-3.8,3.0,8.9
2022-02-14,0.0,0.0,30.0,-3.8,-8.8,3.9,12.5
2022-02-15,0.0,0.0,0.0,-1.0,-8.8,2.2,7.6
2022-02-16,0.0,0.0,0.0,9.4,-2.1,2.6,11.2
2022-02-17,7.9,0.0,0.0,20.0,9.4,3.3,11.2
2022-02-18,8.4,0.0,0.0,17.2,-2.7,4.3,17.9
2022-02-19,0.0,0.0,0.0,4.4,-4.9,3.7,17.0
2022-02-20,0.0,0.0,0.0,2.2,-6.0,3.4,13.0
2022-02-21,0.0,0.0,0.0,12.8,0.0,2.0,9.8
2022-02-22,6.6,0.0,0.0,16.1,2.8,2.7,11.6
2022-02-23,0.0,0.0,0.0,20.0,1.7,3.7,13.9
2022-02-24,0.0,0.0,0.0,1.7,-1.6,3.4,10.3
2022-02-25,18.8,10.0,0.0,5.0,-3.2,3.7,11.6
2022-02-26,0.0,0.0,0.0,2.8,-4.3,3.2,11.2
2022-02-27,0.0,0.0,0.0,8.9,-2.1,4.3,13.0
2022-02-28,0.0,0.0,0.0,2.2,-3.2,2.6,11.2
2022-03-01,0.0,0.0,0.0,8.9,-0.5,2.6,10.7
2022-03-02,0.0,0.0,0.0,11.1,4.4,2.4,9.4
2022-03-03,0.8,0.0,0.0,8.9,-4.3,4.3,13.4
2022-03-04,0.0,0.0,0.0,2.8,-6.0,2.4,9.4
2022-03-05,0.0,0.0,0.0,7.8,0.0,1.6,9.4
2022-03-06,1.5,0.0,0.0,20.0,6.1,2.4,10.3
2022-03-07,0.8,0.0,0.0,23.3,10.0,3.3,21.9
2022-03-08,0.0,0.0,0.0,10.0,3.9,4.1,16.1
2022-03-09,14.2,10.0,0.0,5.0,0.6,2.6,8.1
2022-03-10,0.0,0.0,0.0,10.6,0.6,0.8,4.9
2022-03-11,0.0,0.0,0.0,12.8,4.4,2.0,10.3
2022-03-12,12.7,0.0,0.0,8.9,-4.3,4.4,19.7
2022-03-13,0.0,0.0,0.0,1.7,-5.5,4.0,15.2
2022-03-14,0.0,0.0,0.0,13.3,0.6,2.5,11.6
2022-03-15,0.0,0.0,0.0,20.0,7.8,2.2,8.9
2022-03-16,0.0,0.0,0.0,19.4,8.9,2.0,8.9
2022-03-17,2.0,0.0,0.0,11.7,7.2,2.5,8.5
2022-03-18,0.0,0.0,0.0,23.3,10.0,2.2,8.5
2022-03-19,1.3,0.0,0.0,21.1,9.4,1.2,8.9
2022-03-20,0.0,0.0,0.0,16.1,7.8,3.6,13.9
2022-03-21,0.0,0.0,0.0,16.7,6.7,3.6,12.1
2022-03-22,0.0,0.0,0.0,14.4,6.1,3.3,11.2
2022-03-23,1.5,0.0,0.0,9.4,3.3,3.4,9.8
2022-03-24,23.6,0.0,0.0,8.3,3.3,5.1,13.9
2022-03-25,0.5,0.0,0.0,15.6,6.7,1.9,13.4
2022-03-26,0.0,0.0,0.0,11.7,5.6,2.7,10.3
2022-03-27,0.0,0.0,0.0,7.8,-2.1,4.7,15.7
2022-03-28,0.0,0.0,0.0,0.6,-4.9,5.5,15.7
2022-03-29,0.0,0.0,0.0,3.3,-4.3,4.7,13.0
2022-03-30,0.0,0.0,0.0,8.3,-1.6,2.1,7.6
2022-03-31,1.8,0.0,0.0,18.9,7.2,2.2,12.1
2022-04-01,7.1,0.0,0.0,16.1,6.1,3.9,15.2
2022-04-02,0.0,0.0,0.0,12.2,3.3,2.8,13.4
2022-04-03,3.0,0.0,0.0,8.9,4.4,1.8,10.3
2022-04-04,0.0,0.0,0.0,12.2,3.9,3.0,9.8
2022-04-05,1.0,0.0,0.0,13.9,7.2,1.5,8.1
2022-04-06,11.4,0.0,0.0,11.7,6.7,4.8,16.5
2022-04-07,28.4,0.0,0.0,12.2,7.2,3.3,13.9
2022-04-08,0.8,0.0,0.0,18.3,9.4,3.0,10.7
2022-04-09,1.3,0.0,0.0,12.8,8.3,2.2,12.5
2022-04-10,0.0,0.0,0.0,10.0,5.6,4.3,14.3
2022-04-11,0.0,0.0,0.0,16.1,4.4,2.2,7.6
2022-04-12,1.8,0.0,0.0,22.2,10.0,1.7,8.1
2022-04-13,0.0,0.0,0.0,21.7,12.8,1.7,8.5
2022-04-14,1.5,0.0,0.0,26.1,13.9,2.1,11.6
2022-04-15,0.0,0.0,0.0,21.1,11.1,2.6,11.2
2022-04-16,5.1,0.0,0.0,22.8,6.7,2.8,11.6
2022-04-17,0.0,0.0,0.0,10.6,5.0,3.1,13.0
2022-04-18,21.6,0.0,0.0,12.2,3.9,3.4,14.3
2022-04-19,31.5,0.0,0.0,10.0,3.9,4.7,16.5
2022-04-20,0.0,0.0,0.0,15.6,5.6,2.8,13.0
2022-04-21,0.0,0.0,0.0,15.0,6.7,2.7,11.2
2022-04-22,0.0,0.0,0.0,21.1,11.7,2.8,10.7
2022-04-23,0.0,0.0,0.0,18.3,10.6,2.3,7.6
2022-04-24,0.0,0.0,0.0,17.2,8.9,2.4,9.4
2022-04-25,0.0,0.0,0.0,14.4,7.8,2.2,8.1
2022-04-26,0.5,0.0,0.0,15.6,11.1,1.5,8.1
2022-04-27,0.0,0.0,0.0,14.4,5.0,4.7,14.3
2022-04-28,0.0,0.0,0.0,14.4,4.4,4.6,15.2
2022-04-29,0.0,0.0,0.0,17.2,5.0,3.5,11.6
2022-04-30,0.0,0.0,0.0,20.0,6.7,1.3,8.9
2022-05-01,0.0,0.0,0.0,20.6,8.3,1.4,8.9
2022-05-02,5.8,0.0,0.0,13.3,10.6,2.1,7.6
2022-05-03,0.0,0.0,0.0,16.7,10.6,2.6,8.5
2022-05-04,2.0,0.0,0.0,18.3,10.0,1.1,7.2
2022-05-05,0.0,0.0,0.0,23.3,13.3,1.9,8.5
2022-05-06,17.5,0.0,0.0,16.1,9.4,1.6,8.9
2022-05-07,23.4,0.0,0.0,10.0,7.2,4.9,15.2
2022-05-08,0.0,0.0,0.0,14.4,7.2,5.0,13.9
2022-05-09,0.0,0.0,0.0,21.1,8.3,5.1,13.4
2022-05-10,0.0,0.0,0.0,22.8,10.6,4.5,13.4
2022-05-11,0.0,0.0,0.0,23.9,11.7,2.5,11.2
2022-05-12,0.0,0.0,0.0,23.9,14.4,2.2,8.9
2022-05-13,0.8,0.0,0.0,22.2,13.9,1.9,8.5
2022-05-14,5.6,0.0,0.0,22.2,15.6,1.3,6.3
2022-05-15,2.5,0.0,0.0,24.4,15.6,1.0,7.2
2022-05-16,3.0,0.0,0.0,23.9,16.1,2.2,10.3
2022-05-17,0.0,0.0,0.0,25.0,13.9,3.1,14.8
2022-05-18,0.3,0.0,0.0,22.2,12.8,1.8,8.9
2022-05-19,18.5,0.0,0.0,18.9,12.2,1.1,6.7
2022-05-20,10.2,0.0,0.0,20.6,12.8,1.6,7.6
2022-05-21,0.0,0.0,0.0,32.2,16.7,0.7,6.3
2022-05-22,0.0,0.0,0.0,31.7,22.2,1.8,9.4
2022-05-23,0.0,0.0,0.0,22.8,16.1,3.0,10.7
2022-05-24,0.0,0.0,0.0,19.4,13.9,2.1,9.4
2022-05-25,0.0,0.0,0.0,21.1,11.7,1.3,7.2
2022-05-26,0.0,0.0,0.0,21.1,12.2,1.6,8.5
2022-05-27,6.9,0.0,0.0,26.7,18.3,1.3,8.9
2022-05-28,18.3,0.0,0.0,23.3,17.2,1.5,19.2
2022-05-29,0.0,0.0,0.0,25.0,15.0,0.8,6.3
2022-05-30,0.0,0.0,0.0,28.9,17.2,1.3,7.6
2022-05-31,0.0,0.0,0.0,33.9,18.3,2.2,8.9
2022-06-01,18.0,0.0,0.0,22.2,15.6,2.9,9.4
2022-06-02,11.4,0.0,0.0,26.1,16.7,1.4,9.8
2022-06-03,0.0,0.0,0.0,24.4,16.7,1.6,5.4
2022-06-04,0.0,0.0,0.0,26.7,16.1,1.0,6.3
2022-06-05,0.0,0.0,0.0,25.0,13.9,1.6,8.1
2022-06-06,0.0,0.0,0.0,26.7,17.2,1.9,8.9
2022-06-07,2.0,0.0,0.0,25.6,17.2,2.5,10.7
2022-06-08,0.8,0.0,0.0,27.8,18.9,2.0,8.1
2022-06-09,21.1,0.0,0.0,27.2,18.3,3.0,13.0
2022-06-10,0.0,0.0,0.0,25.0,17.2,2.5,9.4
2022-06-11,0.0,0.0,0.0,23.3,18.9,1.4,6.3
2022-06-12,1.3,0.0,0.0,22.2,17.2,1.2,7.6
2022-06-13,0.0,0.0,0.0,29.4,20.0,1.1,8.5
2022-06-14,0.0,0.0,0.0,27.2,20.0,1.9,6.7
2022-06-15,0.0,0.0,0.0,28.3,18.9,1.6,9.4
2022-06-16,8.1,0.0,0.0,21.7,16.1,1.5,8.9
2022-06-17,0.0,0.0,0.0,31.1,20.6,2.8,13.0
2022-06-18,0.0,0.0,0.0,23.9,14.4,3.9,14.3
2022-06-19,0.0,0.0,0.0,22.8,12.2,3.1,12.1
2022-06-20,0.0,0.0,0.0,25.6,13.9,1.6,7.6
2022-06-21,1.5,0.0,0.0,26.7,17.2,1.1,5.8
2022-06-22,0.5,0.0,0.0,19.4,16.7,2.2,9.4
2022-06-23,2.0,0.0,0.0,23.3,16.1,1.4,8.5
2022-06-24,0.0,0.0,0.0,27.2,17.2,1.3,7.2
2022-06-25,0.0,0.0,0.0,32.2,20.6,1.0,5.8
2022-06-26,0.0,0.0,0.0,31.7,23.3,1.6,8.9
2022-06-27,7.4,0.0,0.0,25.0,20.6,1.3,7.6
2022-06-28,0.0,0.0,0.0,26.1,18.9,1.1,6.7
2022-06-29,0.0,0.0,0.0,28.9,18.9,0.9,8.1
2022-06-30,0.0,0.0,0.0,30.0,20.6,1.3,7.6
2022-07-01,0.0,0.0,0.0,32.8,22.8,1.7,8.1
2022-07-02,0.0,0.0,0.0,30.6,22.8,1.4,8.5
2022-07-03,0.0,0.0,0.0,31.1,22.8,1.7,7.6
2022-07-04,0.0,0.0,0.0,29.4,18.3,1.2,7.2
2022-07-05,2.3,0.0,0.0,30.6,21.1,2.0,8.9
2022-07-06,0.0,0.0,0.0,29.4,21.7,2.3,8.9
2022-07-07,0.0,0.0,0.0,28.9,20.6,2.2,7.6
2022-07-08,6.1,0.0,0.0,28.3,20.0,0.6,5.8
2022-07-09,0.0,0.0,0.0,29.4,21.7,1.3,7.2
2022-07-10,0.0,0.0,0.0,28.3,19.4,2.6,8.1
2022-07-11,0.0,0.0,0.0,29.4,19.4,2.3,9.8
2022-07-12,0.0,0.0,0.0,32.2,21.1,2.6,9.8
2022-07-13,0.0,0.0,0.0,32.8,23.3,1.2,7.2
2022-07-14,0.0,0.0,0.0,32.2,22.2,1.7,8.1
2022-07-15,0.0,0.0,0.0,30.0,22.8,2.0,8.1
2022-07-16,28.2,0.0,0.0,29.4,18.9,1.2,13.4
2022-07-17,0.0,0.0,0.0,28.3,21.7,1.1,7.6
2022-07-18,47.0,0.0,0.0,27.2,20.6,1.3,10.7
2022-07-19,0.0,0.0,0.0,32.2,22.8,2.3,8.5
2022-07-20,0.0,0.0,0.0,35.0,25.6,1.8,7.2
2022-07-21,4.1,0.0,0.0,33.3,23.3,1.8,13.0
2022-07-22,0.0,0.0,0.0,34.4,25.6,1.2,7.6
2022-07-23,0.0,0.0,0.0,35.0,25.6,0.9,7.6
2022-07-24,0.0,0.0,0.0,35.0,26.1,2.2,9.4
2022-07-25,24.9,0.0,0.0,30.0,22.8,2.1,12.1
2022-07-26,0.0,0.0,0.0,27.2,21.7,1.7,8.9
2022-07-27,0.0,0.0,0.0,29.4,21.1,1.0,6.7
2022-07-28,0.5,0.0,0.0,30.6,22.8,1.7,7.6
2022-07-29,2.5,0.0,0.0,29.4,22.2,1.5,8.9
2022-07-30,0.0,0.0,0.0,30.6,22.8,2.1,9.4
2022-07-31,0.0,0.0,0.0,30.0,21.7,0.9,6.3
2022-08-01,12.2,0.0,0.0,25.0,20.0,1.2,6.3
2022-08-02,0.0,0.0,0.0,32.2,22.2,1.6,7.2
2022-08-03,0.0,0.0,0.0,31.7,21.7,1.4,6.3
2022-08-04,0.0,0.0,0.0,33.9,24.4,1.6,8.9
2022-08-05,0.0,0.0,0.0,31.7,25.6,1.5,6.3
2022-08-06,0.0,0.0,0.0,33.3,25.0,1.8,10.3
2022-08-07,4.1,0.0,0.0,33.3,24.4,2.5,11.6
2022-08-08,0.0,0.0,0.0,33.9,26.1,2.4,8.1
2022-08-09,0.8,0.0,0.0,36.1,25.6,2.2,10.3
2022-08-10,0.0,0.0,0.0,30.6,23.9,1.6,6.7
2022-08-11,2.8,0.0,0.0,31.7,22.2,1.0,6.7
2022-08-12,0.0,0.0,0.0,29.4,21.7,2.5,9.4
2022-08-13,0.0,0.0,0.0,26.1,18.3,2.0,9.4
2022-08-14,0.0,0.0,0.0,27.8,18.9,1.2,7.2
2022-08-15,0.0,0.0,0.0,28.3,20.0,0.8,7.2
2022-08-16,0.0,0.0,0.0,28.3,18.9,2.5,9.8
2022-08-17,8.6,0.0,0.0,27.2,17.2,1.5,11.2
2022-08-18,0.0,0.0,0.0,30.6,16.7,1.3,7.2
2022-08-19,0.0,0.0,0.0,32.2,20.6,1.6,8.5
2022-08-20,0.0,0.0,0.0,32.2,23.3,1.3,8.5
2022-08-21,0.0,0.0,0.0,27.8,22.2,1.2,6.7
2022-08-22,5.8,0.0,0.0,26.1,22.8,1.2,5.8
2022-08-23,0.0,0.0,0.0,30.0,22.2,1.3,8.1
2022-08-24,0.0,0.0,0.0,32.2,21.7,1.7,7.2
2022-08-25,0.0,0.0,0.0,32.8,22.2,1.1,6.3
2022-08-26,6.1,0.0,0.0,30.6,23.3,1.3,7.2
2022-08-27,0.0,0.0,0.0,32.2,23.3,1.7,6.3
2022-08-28,0.0,0.0,0.0,27.8,22.8,2.3,7.6
2022-08-29,0.0,0.0,0.0,29.4,23.9,1.3,8.5
2022-08-30,3.0,0.0,0.0,31.7,22.8,1.9,10.7
2022-08-31,0.0,0.0,0.0,29.4,20.6,2.3,8.9
2022-09-01,0.0,0.0,0.0,30.0,20.6,1.8,9.4
2022-09-02,0.0,0.0,0.0,26.1,16.7,1.7,7.2
2022-09-03,0.0,0.0,0.0,27.8,18.3,1.0,6.3
2022-09-04,0.0,0.0,0.0,32.2,21.7,1.2,6.3
2022-09-05,1.5,0.0,0.0,31.1,22.8,0.9,7.6
2022-09-06,19.8,0.0,0.0,23.3,19.4,1.7,9.8
2022-09-07,0.0,0.0,0.0,22.2,18.3,2.9,8.1
2022-09-08,0.0,0.0,0.0,25.6,18.3,1.8,7.2
2022-09-09,0.0,0.0,0.0,26.7,16.7,1.6,6.3
2022-09-10,0.0,0.0,0.0,30.0,17.8,1.1,5.8
2022-09-11,8.1,0.0,0.0,24.4,19.4,1.2,5.8
2022-09-12,20.6,0.0,0.0,27.2,20.0,0.6,7.6
2022-09-13,10.4,0.0,0.0,27.8,20.0,1.7,9.4
2022-09-14,0.0,0.0,0.0,26.7,16.7,2.5,8.9
2022-09-15,0.0,0.0,0.0,23.3,16.7,2.6,8.5
2022-09-16,0.0,0.0,0.0,23.9,13.9,0.9,5.8
2022-09-17,0.0,0.0,0.0,24.4,17.8,2.1,7.6
2022-09-18,0.0,0.0,0.0,28.3,19.4,2.5,9.4
2022-09-19,3.6,0.0,0.0,29.4,20.0,1.6,19.7
2022-09-20,0.0,0.0,0.0,26.1,19.4,1.8,8.9
2022-09-21,0.0,0.0,0.0,26.7,16.7,1.4,7.2
2022-09-22,11.9,0.0,0.0,23.9,13.9,3.3,13.0
2022-09-23,0.0,0.0,0.0,17.2,10.6,4.3,14.3
2022-09-24,0.0,0.0,0.0,20.6,9.4,1.8,7.6
2022-09-25,28.2,0.0,0.0,22.2,15.0,1.5,8.1
2022-09-26,0.0,0.0,0.0,23.3,14.4,2.6,9.4
2022-09-27,0.0,0.0,0.0,21.1,15.0,1.9,8.5
2022-09-28,0.0,0.0,0.0,20.6,11.7,1.8,7.2
2022-09-29,0.0,0.0,0.0,18.9,11.7,2.6,9.8
2022-09-30,0.0,0.0,0.0,16.7,11.1,3.1,8.5
2022-10-01,15.0,0.0,0.0,16.1,10.6,4.5,12.1
2022-10-02,0.0,0.0,0.0,15.6,10.0,5.5,16.1
2022-10-03,11.9,0.0,0.0,11.7,8.3,4.7,14.3
2022-10-04,47.0,0.0,0.0,12.8,7.8,4.4,12.1
2022-10-05,9.4,0.0,0.0,15.0,12.2,2.4,8.9
2022-10-06,0.0,0.0,0.0,23.3,11.7,1.3,4.9
2022-10-07,0.0,0.0,0.0,24.4,14.4,2.1,7.6
2022-10-08,0.8,0.0,0.0,14.4,8.3,2.1,8.9
2022-10-09,0.0,0.0,0.0,16.1,6.7,1.6,9.4
2022-10-10,0.0,0.0,0.0,19.4,11.1,1.5,8.5
2022-10-11,0.0,0.0,0.0,21.1,10.6,1.2,6.7
2022-10-12,0.0,0.0,0.0,21.1,13.9,1.6,10.3
2022-10-13,20.3,0.0,0.0,20.6,12.2,1.8,9.8
2022-10-14,4.8,0.0,0.0,19.4,11.1,1.7,7.6
2022-10-15,0.0,0.0,0.0,20.0,10.0,1.3,8.5
2022-10-16,0.0,0.0,0.0,17.8,11.1,1.2,6.3
2022-10-17,3.6,0.0,0.0,18.9,11.7,1.7,9.4
2022-10-18,0.0,0.0,0.0,13.3,7.8,2.5,8.5
2022-10-19,0.0,0.0,0.0,12.2,5.6,2.5,10.3
2022-10-20,0.0,0.0,0.0,14.4,6.7,2.5,9.8
2022-10-21,0.0,0.0,0.0,16.7,7.8,1.0,6.3
2022-10-22,0.0,0.0,0.0,18.9,9.4,1.2,6.3
2022-10-23,0.5,0.0,0.0,16.1,12.2,3.2,10.3
2022-10-24,13.2,0.0,0.0,16.1,12.8,3.4,9.8
2022-10-25,0.0,0.0,0.0,21.1,16.1,1.1,5.8
2022-10-26,0.0,0.0,0.0,22.2,15.6,1.3,7.2
2022-10-27,0.0,0.0,0.0,18.3,11.1,3.0,10.3
2022-10-28,0.0,0.0,0.0,13.3,7.2,2.5,8.9
2022-10-29,0.0,0.0,0.0,14.4,6.1,1.5,5.8
2022-10-30,0.0,0.0,0.0,17.2,6.1,0.4,4.0
2022-10-31,2.5,0.0,0.0,18.3,10.6,0.7,6.7
2022-11-01,2.0,0.0,0.0,19.4,15.0,1.7,6.3
2022-11-02,0.0,0.0,0.0,21.1,12.2,1.0,8.9
2022-11-03,0.0,0.0,0.0,19.4,11.1,0.9,4.9
2022-11-04,0.0,0.0,0.0,21.1,11.7,0.9,7.2
2022-11-05,0.0,0.0,0.0,24.4,17.8,1.8,8.5
2022-11-06,0.0,0.0,0.0,23.9,18.9,1.9,6.7
2022-11-07,0.0,0.0,0.0,25.0,12.2,2.7,9.4
2022-11-08,0.0,0.0,0.0,14.4,8.3,3.2,10.7
2022-11-09,0.0,0.0,0.0,11.7,4.4,2.0,10.7
2022-11-10,0.0,0.0,0.0,18.9,8.3,1.3,7.2
2022-11-11,22.6,0.0,0.0,20.0,15.0,1.6,10.3
2022-11-12,2.0,0.0,0.0,20.6,15.6,2.3,10.3
2022-11-13,1.0,0.0,0.0,16.1,5.0,2.6,10.7
2022-11-14,0.0,0.0,0.0,7.2,2.8,2.8,9.4
2022-11-15,14.2,0.0,0.0,7.8,1.7,3.0,9.8
2022-11-16,7.1,0.0,0.0,10.0,3.9,3.6,11.2
2022-11-17,0.0,0.0,0.0,7.8,2.8,3.4,12.5
2022-11-18,0.0,0.0,0.0,6.7,1.1,2.6,12.5
2022-11-19,0.0,0.0,0.0,4.4,-0.5,2.6,9.8
2022-11-20,0.0,0.0,0.0,4.4,-1.0,4.3,14.8
2022-11-21,0.0,0.0,0.0,5.0,-2.7,2.8,12.5
2022-11-22,0.0,0.0,0.0,10.6,2.8,2.4,9.8
2022-11-23,0.0,0.0,0.0,12.8,5.6,2.0,7.6
2022-11-24,0.0,0.0,0.0,12.2,4.4,1.7,6.3
2022-11-25,0.5,0.0,0.0,12.8,7.8,3.5,14.3
2022-11-26,0.0,0.0,0.0,13.9,5.6,3.1,14.8
2022-11-27,17.8,0.0,0.0,15.6,8.9,2.5,13.4
2022-11-28,0.0,0.0,0.0,12.2,5.0,3.3,13.4
2022-11-29,0.0,0.0,0.0,6.7,2.2,1.3,5.4
2022-11-30,12.7,0.0,0.0,14.4,4.4,3.1,13.0
2022-12-01,0.0,0.0,0.0,6.1,1.7,3.7,14.3
2022-12-02,0.0,0.0,0.0,8.3,0.0,1.7,8.1
2022-12-03,12.4,0.0,0.0,14.4,7.2,3.1,12.1
2022-12-04,0.0,0.0,0.0,7.2,3.3,2.2,10.3
2022-12-05,0.0,0.0,0.0,8.9,2.2,1.3,6.7
2022-12-06,26.7,0.0,0.0,14.4,5.6,2.3,10.3
2022-12-07,6.6,0.0,0.0,15.0,12.2,1.5,12.1
2022-12-08,0.0,0.0,0.0,12.8,5.6,2.1,8.9
2022-12-09,0.0,0.0,0.0,7.2,2.2,3.0,9.8
2022-12-10,0.0,0.0,0.0,3.9,0.0,3.2,9.4
2022-12-11,8.1,0.0,0.0,4.4,0.6,3.6,9.8
2022-12-12,0.3,0.0,0.0,3.3,-2.1,2.6,8.9
2022-12-13,0.0,0.0,0.0,4.4,-3.8,1.8,7.2
2022-12-14,0.0,0.0,0.0,3.9,-0.5,3.3,12.5
2022-12-15,13.0,0.0,0.0,5.6,0.6,3.8,13.0
2022-12-16,21.6,0.0,0.0,6.7,3.3,5.0,15.7
2022-12-17,0.0,0.0,0.0,6.7,2.2,3.6,10.3
2022-12-18,0.0,0.0,0.0,4.4,0.0,3.4,9.4
2022-12-19,0.0,0.0,0.0,3.9,-0.5,3.4,11.6
2022-12-20,0.0,0.0,0.0,3.9,-1.0,2.5,9.4
2022-12-21,0.0,0.0,0.0,4.4,-2.7,0.7,4.5
2022-12-22,5.8,0.0,0.0,8.3,1.7,3.8,16.1
2022-12-23,46.5,0.0,0.0,14.4,-13.2,4.5,20.1
2022-12-24,0.0,0.0,0.0,-9.3,-13.8,5.1,14.8
2022-12-25,0.0,0.0,0.0,-2.1,-9.9,3.8,13.9
2022-12-26,0.0,0.0,0.0,-1.6,-7.7,3.2,8.9
2022-12-27,0.0,0.0,0.0,1.7,-1.6,2.5,7.6
2022-12-28,0.0,0.0,0.0,8.3,0.6,2.3,11.6
2022-12-29,0.0,0.0,0.0,10.6,4.4,2.7,9.4
2022-12-30,0.0,0.0,0.0,16.7,7.8,1.3,7.2
2022-12-31,7.1,0.0,0.0,12.8,10.0,0.8,7.2
2023-01-01,0.0,0.0,0.0,12.8,9.4,2.2,8.1
2023-01-02,0.5,0.0,0.0,13.3,9.4,1.6,7.2
2023-01-03,10.7,0.0,0.0,14.4,8.3,1.4,6.7
2023-01-04,0.5,0.0,0.0,18.9,9.4,2.0,9.8
2023-01-05,0.3,0.0,0.0,10.0,6.7,2.3,6.7
2023-01-06,6.9,0.0,0.0,9.4,3.9,2.4,9.4
2023-01-07,0.0,0.0,0.0,7.2,2.8,3.0,8.9
2023-01-08,0.0,0.0,0.0,5.0,0.6,2.1,7.6
2023-01-09,0.3,0.0,0.0,6.7,2.8,2.0,8.5
2023-01-10,0.0,0.0,0.0,5.0,3.3,1.9,6.3
2023-01-11,0.0,0.0,0.0,3.9,1.7,2.9,8.5
2023-01-12,7.6,0.0,0.0,12.8,2.8,2.2,9.8
2023-01-13,2.3,0.0,0.0,13.9,3.3,3.2,10.7
2023-01-14,0.0,0.0,0.0,3.3,-0.5,4.0,12.5
2023-01-15,0.0,0.0,0.0,5.0,-1.0,4.3,13.9
2023-01-16,0.0,0.0,0.0,8.9,-2.1,3.4,11.2
2023-01-17,0.0,0.0,0.0,8.3,1.7,1.4,8.5
2023-01-18,1.3,0.0,0.0,11.7,5.6,3.4,12.1
2023-01-19,22.1,0.0,0.0,6.7,4.4,1.9,8.1
2023-01-20,0.0,0.0,0.0,9.4,4.4,3.0,12.1
2023-01-21,0.0,0.0,0.0,5.6,2.8,2.5,9.8
2023-01-22,13.0,0.0,0.0,5.6,2.2,2.1,7.2
2023-01-23,10.4,0.0,0.0,3.9,2.2,3.4,13.9
2023-01-24,0.0,0.0,0.0,7.8,1.7,3.1,12.5
2023-01-25,22.9,0.0,0.0,12.2,1.7,2.7,13.0
2023-01-26,11.2,0.0,0.0,13.9,5.0,4.0,14.3
2023-01-27,0.0,0.0,0.0,6.7,1.7,2.6,9.8
2023-01-28,0.0,0.0,0.0,11.1,2.2,3.2,14.3
2023-01-29,0.0,0.0,0.0,11.7,5.6,2.1,8.9
2023-01-30,0.0,0.0,0.0,12.8,6.1,1.3,7.2
2023-01-31,1.5,0.0,0.0,10.0,-0.5,1.9,7.6
2023-02-01,0.5,10.0,0.0,3.3,-3.2,2.5,7.2
2023-02-02,0.0,0.0,0.0,4.4,-1.6,2.2,11.6
2023-02-03,0.0,0.0,0.0,1.7,-11.6,5.3,19.2
2023-02-04,0.0,0.0,0.0,-2.7,-16.0,3.9,15.7
2023-02-05,0.0,0.0,0.0,9.4,-2.7,1.6,10.3
2023-02-06,0.0,0.0,0.0,11.1,1.1,2.2,11.6
2023-02-07,0.5,0.0,0.0,6.1,-1.0,2.2,8.5
2023-02-08,0.0,0.0,0.0,11.7,3.9,2.7,12.5
2023-02-09,0.0,0.0,0.0,12.8,5.6,1.6,9.8
2023-02-10,0.0,0.0,0.0,16.1,7.2,3.8,13.0
2023-02-11,0.0,0.0,0.0,7.8,2.2,2.6,13.4
2023-02-12,0.3,0.0,0.0,8.9,3.3,1.9,8.9
2023-02-13,0.0,0.0,0.0,13.9,5.0,3.3,9.8
2023-02-14,0.0,0.0,0.0,12.2,4.4,2.5,13.0
2023-02-15,0.0,0.0,0.0,19.4,8.3,2.0,11.6
2023-02-16,1.8,0.0,0.0,21.1,13.3,1.6,10.7
2023-02-17,4.6,0.0,0.0,16.1,0.0,3.2,30.4
2023-02-18,0.0,0.0,0.0,6.1,-2.7,3.7,12.1
2023-02-19,0.0,0.0,0.0,10.0,2.8,1.5,10.7
2023-02-20,0.0,0.0,0.0,16.1,8.3,2.7,9.4
2023-02-21,6.9,0.0,0.0,10.0,2.8,2.2,8.9
2023-02-22,3.6,0.0,0.0,6.7,2.8,2.7,8.1
2023-02-23,0.5,0.0,0.0,6.7,3.3,3.3,9.8
2023-02-24,0.0,0.0,0.0,7.2,-3.8,3.9,17.0
2023-02-25,0.0,0.0,0.0,0.6,-4.9,1.6,9.4
2023-02-26,0.0,0.0,0.0,10.0,-1.0,2.4,12.1
2023-02-27,5.3,23.0,0.0,7.8,0.6,2.3,11.6
2023-02-28,8.6,23.0,50.0,3.3,0.0,2.5,12.5
2023-03-01,0.0,0.0,30.0,6.7,0.6,2.6,9.8
2023-03-02,0.0,0.0,0.0,12.2,3.9,2.5,10.7
2023-03-03,3.8,0.0,0.0,8.3,2.8,2.6,13.9
2023-03-04,25.1,0.0,0.0,7.2,3.3,3.6,15.7
2023-03-05,0.0,0.0,0.0,11.7,3.3,3.6,13.0
2023-03-06,0.0,0.0,0.0,11.1,4.4,2.4,9.4
2023-03-07,1.5,3.0,0.0,8.3,0.6,4.8,16.1
2023-03-08,0.0,0.0,0.0,8.9,-0.5,3.8,11.6
2023-03-09,0.0,0.0,0.0,10.6,0.6,3.5,11.6
2023-03-10,9.1,0.0,0.0,7.8,1.7,1.7,8.1
2023-03-11,10.2,0.0,0.0,7.2,1.7,3.7,12.1
2023-03-12,0.0,0.0,0.0,8.9,1.1,1.9,8.9
2023-03-13,17.0,0.0,0.0,7.2,3.3,3.2,12.1
2023-03-14,3.3,0.0,0.0,3.3,0.6,4.6,14.8
2023-03-15,0.0,0.0,0.0,7.2,1.1,5.8,18.3
2023-03-16,0.0,0.0,0.0,15.0,1.1,2.8,8.5
2023-03-17,0.0,0.0,0.0,15.6,8.3,1.5,9.4
2023-03-18,0.5,0.0,0.0,13.3,4.4,3.1,11.6
2023-03-19,0.0,0.0,0.0,4.4,-1.6,3.9,14.8
2023-03-20,0.0,0.0,0.0,10.6,-0.5,2.2,9.8
2023-03-21,0.0,0.0,0.0,17.2,4.4,2.6,10.3
2023-03-22,0.0,0.0,0.0,16.7,8.9,1.6,10.7
2023-03-23,2.3,0.0,0.0,15.6,8.9,2.1,9.8
2023-03-24,0.0,0.0,0.0,12.8,6.7,2.3,10.7
2023-03-25,3.8,0.0,0.0,8.3,5.6,3.6,13.0
2023-03-26,0.0,0.0,0.0,17.2,6.7,2.7,11.6
2023-03-27,7.4,0.0,0.0,16.7,6.1,2.6,8.9
2023-03-28,0.0,0.0,0.0,11.1,5.6,1.8,7.2
2023-03-29,0.0,0.0,0.0,12.8,3.9,2.6,8.9
2023-03-30,0.3,0.0,0.0,7.8,-0.5,3.3,14.3
2023-03-31,0.0,0.0,0.0,13.9,3.3,1.1,10.3
2023-04-01,9.7,0.0,0.0,22.2,10.6,2.2,13.9
2023-04-02,0.0,0.0,0.0,10.6,4.4,4.1,16.5
2023-04-03,0.0,0.0,0.0,15.0,3.9,2.0,13.0
2023-04-04,0.0,0.0,0.0,22.8,8.9,0.8,7.2
2023-04-05,0.0,0.0,0.0,13.9,7.8,3.8,13.9
2023-04-06,0.0,0.0,0.0,26.7,8.3,1.4,9.8
2023-04-07,0.0,0.0,0.0,15.6,5.6,3.6,12.1
2023-04-08,0.0,0.0,0.0,12.2,2.8,1.5,7.6
2023-04-09,0.0,0.0,0.0,13.9,4.4,1.9,9.4
2023-04-10,0.0,0.0,0.0,20.0,5.6,2.3,8.9
2023-04-11,0.0,0.0,0.0,23.9,10.6,2.6,13.0
2023-04-12,0.0,0.0,0.0,28.9,17.8,2.5,9.4
2023-04-13,0.0,0.0,0.0,32.2,19.4,2.5,9.4
2023-04-14,0.0,0.0,0.0,32.8,21.1,1.5,8.9
2023-04-15,0.5,0.0,0.0,23.9,15.0,1.6,7.6
2023-04-16,0.0,0.0,0.0,21.7,13.9,1.3,6.3
2023-04-17,0.0,0.0,0.0,20.0,11.7,2.6,12.1
2023-04-18,0.0,0.0,0.0,13.9,7.2,3.2,14.3
2023-04-19,0.0,0.0,0.0,17.8,7.2,2.6,10.3
2023-04-20,0.0,0.0,0.0,18.9,7.2,1.2,7.6
2023-04-21,0.0,0.0,0.0,21.7,10.6,2.3,9.8
2023-04-22,17.3,0.0,0.0,19.4,10.6,3.2,8.5
2023-04-23,38.4,0.0,0.0,20.6,10.0,2.5,9.4
2023-04-24,0.0,0.0,0.0,16.7,6.7,1.8,7.2
2023-04-25,0.0,0.0,0.0,15.6,7.8,1.1,5.4
2023-04-26,0.0,0.0,0.0,15.6,7.8,1.1,8.1
2023-04-27,0.0,0.0,0.0,13.9,9.4,1.4,7.6
2023-04-28,8.4,0.0,0.0,13.3,8.3,3.0,9.8
2023-04-29,62.5,0.0,0.0,11.7,8.3,3.8,19.2
2023-04-30,58.9,0.0,0.0,15.6,10.0,3.1,11.6
2023-05-01,2.3,0.0,0.0,16.1,9.4,3.1,13.0
2023-05-02,6.4,0.0,0.0,13.3,6.7,2.0,12.5
2023-05-03,0.0,0.0,0.0,13.9,8.3,1.4,7.2
2023-05-04,1.3,0.0,0.0,12.8,8.9,1.7,7.6
2023-05-05,0.0,0.0,0.0,18.9,8.9,0.9,7.6
2023-05-06,0.0,0.0,0.0,22.8,8.9,1.3,5.8
2023-05-07,0.5,0.0,0.0,25.6,12.2,1.3,7.6
2023-05-08,0.0,0.0,0.0,25.0,14.4,2.1,9.4
2023-05-09,0.0,0.0,0.0,21.7,12.2,1.3,7.6
2023-05-10,0.0,0.0,0.0,22.8,10.0,0.9,7.2
2023-05-11,0.0,0.0,0.0,26.7,13.9,1.7,7.6
2023-05-12,0.0,0.0,0.0,30.6,18.3,1.3,7.6
2023-05-13,0.0,0.0,0.0,27.8,18.9,1.3,8.1
2023-05-14,0.0,0.0,0.0,23.3,15.0,2.8,8.9
2023-05-15,0.0,0.0,0.0,23.3,11.1,1.7,9.8
2023-05-16,0.0,0.0,0.0,26.1,14.4,2.3,11.6
2023-05-17,0.0,0.0,0.0,20.6,10.0,2.6,12.1
2023-05-18,0.0,0.0,0.0,16.1,6.1,1.9,8.9
2023-05-19,0.0,0.0,0.0,21.1,11.1,1.0,8.9
2023-05-20,19.6,0.0,0.0,18.3,13.9,1.3,6.3
2023-05-21,0.5,0.0,0.0,21.1,12.8,2.1,9.4
2023-05-22,0.0,0.0,0.0,23.9,13.9,,
2023-05-23,0.0,0.0,0.0,21.1,12.2,1.3,8.1
2023-05-24,2.0,0.0,0.0,25.0,11.7,1.2,9.8
2023-05-25,0.0,0.0,0.0,20.0,10.0,3.3,11.2
2023-05-26,0.0,0.0,0.0,22.2,11.7,1.5,9.4
2023-05-27,0.0,0.0,0.0,25.6,13.3,1.5,8.1
2023-05-28,0.0,0.0,0.0,26.1,15.0,1.0,5.8
2023-05-29,0.0,0.0,0.0,26.1,15.0,2.4,13.4
2023-05-30,0.0,0.0,0.0,22.2,12.8,2.2,8.9
2023-05-31,0.0,0.0,0.0,25.0,10.6,1.0,5.4
2023-06-01,0.0,0.0,0.0,30.6,15.0,0.8,5.8
2023-06-02,6.1,0.0,0.0,32.8,18.9,0.9,9.8
2023-06-03,0.0,0.0,0.0,20.6,12.2,3.4,9.8
2023-06-04,0.0,0.0,0.0,20.6,9.4,2.6,10.7
2023-06-05,0.0,0.0,0.0,24.4,13.3,1.3,8.5
2023-06-06,0.0,0.0,0.0,26.1,15.6,1.7,9.8
2023-06-07,0.0,0.0,0.0,20.6,13.9,2.2,9.4
2023-06-08,0.0,0.0,0.0,22.2,12.8,1.2,6.7
2023-06-09,0.0,0.0,0.0,22.2,14.4,1.7,7.2
2023-06-10,0.0,0.0,0.0,25.6,14.4,1.7,8.9
2023-06-11,0.3,0.0,0.0,27.8,17.8,0.4,8.1
2023-06-12,7.6,0.0,0.0,25.6,18.9,1.3,8.9
2023-06-13,0.0,0.0,0.0,25.6,17.8,2.2,8.5
2023-06-14,3.6,0.0,0.0,24.4,17.2,1.7,9.8
2023-06-15,0.0,0.0,0.0,25.0,16.1,2.3,8.9
2023-06-16,5.8,0.0,0.0,26.1,17.2,1.2,8.9
2023-06-17,0.0,0.0,0.0,25.0,16.7,2.0,12.5
2023-06-18,0.0,0.0,0.0,26.7,16.7,2.0,7.6
2023-06-19,0.0,0.0,0.0,27.2,18.3,1.7,7.6
2023-06-20,0.0,0.0,0.0,25.6,17.8,2.4,8.1
2023-06-21,0.0,0.0,0.0,22.8,16.7,4.7,11.2
2023-06-22,0.0,0.0,0.0,22.2,15.6,3.9,11.6
2023-06-23,1.0,0.0,0.0,21.7,18.3,1.4,5.8
2023-06-24,1.8,0.0,0.0,25.6,20.6,0.3,9.8
2023-06-25,0.0,0.0,0.0,29.4,21.7,0.7,7.2
2023-06-26,13.0,0.0,0.0,25.6,20.0,1.8,9.4
2023-06-27,2.0,0.0,0.0,26.1,18.9,0.7,8.1
2023-06-28,0.0,0.0,0.0,27.8,18.9,1.7,10.3
2023-06-29,0.0,0.0,0.0,27.8,18.3,1.1,6.3
2023-06-30,0.0,0.0,0.0,28.9,21.1,0.8,7.2
2023-07-01,0.0,0.0,0.0,27.8,20.6,1.1,18.3
2023-07-02,14.7,0.0,0.0,31.1,21.1,1.0,9.8
2023-07-03,11.4,0.0,0.0,31.7,22.2,1.2,7.2
2023-07-04,16.0,0.0,0.0,28.3,22.8,0.3,6.3
2023-07-05,0.0,0.0,0.0,33.9,22.2,0.8,5.4
2023-07-06,0.0,0.0,0.0,32.2,23.9,0.6,13.9
2023-07-07,0.0,0.0,0.0,30.6,23.3,0.3,14.3
2023-07-08,0.0,0.0,0.0,31.1,24.4,1.3,17.4
2023-07-09,24.9,0.0,0.0,27.8,22.2,0.8,8.5
2023-07-10,0.0,0.0,0.0,28.9,21.7,1.7,7.6
2023-07-11,0.0,0.0,0.0,31.7,20.0,1.3,6.3
2023-07-12,0.0,0.0,0.0,32.8,24.4,1.4,7.2
2023-07-13,0.0,0.0,0.0,31.1,25.0,1.1,8.5
2023-07-14,12.2,0.0,0.0,28.9,21.7,2.0,13.4
2023-07-15,1.0,0.0,0.0,31.1,21.7,0.7,12.5
2023-07-16,33.5,0.0,0.0,25.6,23.3,0.7,9.8
2023-07-17,0.0,0.0,0.0,31.1,23.3,1.2,6.3
2023-07-18,5.6,0.0,0.0,28.9,22.8,0.6,7.2
2023-07-19,0.0,0.0,0.0,26.7,22.2,0.6,4.9
2023-07-20,0.0,0.0,0.0,31.1,22.2,1.2,6.3
2023-07-21,3.8,0.0,0.0,28.9,21.7,1.4,7.6
2023-07-22,0.0,0.0,0.0,29.4,21.1,1.4,6.7
2023-07-23,0.0,0.0,0.0,31.1,20.6,0.7,6.7
2023-07-24,0.0,0.0,0.0,29.4,23.3,1.4,8.1
2023-07-25,7.1,0.0,0.0,30.0,20.0,1.3,10.7
2023-07-26,0.0,0.0,0.0,30.6,20.0,0.9,6.7
2023-07-27,3.8,0.0,0.0,33.3,23.9,2.2,11.6
2023-07-28,0.0,0.0,0.0,33.3,23.9,1.1,10.7
2023-07-29,1.5,0.0,0.0,31.7,21.1,2.3,12.1
2023-07-30,0.0,0.0,0.0,26.7,18.9,2.1,8.5
2023-07-31,0.0,0.0,0.0,29.4,18.9,1.3,7.6
2023-08-01,0.0,0.0,0.0,27.8,18.3,2.1,8.1
2023-08-02,0.0,0.0,0.0,27.2,17.8,1.3,5.8
2023-08-03,0.0,0.0,0.0,26.7,18.9,1.4,8.9
2023-08-04,0.0,0.0,0.0,25.0,21.7,1.2,6.7
2023-08-05,0.0,0.0,0.0,30.6,21.7,1.5,6.3
2023-08-06,0.0,0.0,0.0,30.6,20.6,1.0,7.2
2023-08-07,28.4,0.0,0.0,27.2,20.0,0.9,9.4
2023-08-08,0.3,0.0,0.0,26.7,21.1,2.4,12.5
2023-08-09,0.0,0.0,0.0,30.0,20.6,3.1,10.3
2023-08-10,12.2,0.0,0.0,27.2,21.1,0.9,7.6
2023-08-11,0.0,0.0,0.0,29.4,19.4,1.7,9.4
2023-08-12,0.0,0.0,0.0,29.4,20.6,1.3,8.9
2023-08-13,17.5,0.0,0.0,31.1,20.6,2.1,13.4
2023-08-14,0.5,0.0,0.0,30.6,22.2,0.5,5.8
2023-08-15,19.6,0.0,0.0,26.7,21.1,2.1,8.9
2023-08-16,33.8,0.0,0.0,27.8,20.6,1.3,6.3
2023-08-17,0.0,0.0,0.0,26.1,22.2,1.7,8.9
2023-08-18,19.6,0.0,0.0,26.7,18.3,2.2,13.0
2023-08-19,0.0,0.0,0.0,25.6,17.2,2.2,8.5
2023-08-20,0.0,0.0,0.0,29.4,18.9,1.6,7.2
2023-08-21,0.0,0.0,0.0,31.1,22.8,2.0,7.2
2023-08-22,0.0,0.0,0.0,26.1,19.4,2.2,9.8
2023-08-23,0.0,0.0,0.0,26.7,17.8,1.4,8.1
2023-08-24,3.6,0.0,0.0,22.8,19.4,0.5,6.7
2023-08-25,11.2,0.0,0.0,25.6,20.6,0.6,12.5
2023-08-26,13.2,0.0,0.0,28.9,22.8,1.2,6.3
2023-08-27,0.0,0.0,0.0,28.9,21.1,2.1,6.7
2023-08-28,0.0,0.0,0.0,24.4,20.6,1.7,8.5
2023-08-29,0.0,0.0,0.0,26.7,20.0,1.9,6.3
2023-08-30,6.9,0.0,0.0,28.3,20.0,2.2,10.7
2023-08-31,0.0,0.0,0.0,25.0,17.8,3.3,10.7
2023-09-01,0.0,0.0,0.0,24.4,16.1,2.0,8.1
2023-09-02,0.0,0.0,0.0,26.1,16.7,1.0,6.3
2023-09-03,0.0,0.0,0.0,31.1,20.0,1.8,7.2
2023-09-04,0.0,0.0,0.0,31.7,22.8,0.8,8.1
2023-09-05,0.0,0.0,0.0,33.3,23.9,1.3,5.8
2023-09-06,0.0,0.0,0.0,33.9,25.0,1.1,4.9
2023-09-07,0.0,0.0,0.0,33.9,24.4,0.9,8.5
2023-09-08,2.5,0.0,0.0,32.2,21.7,0.8,7.6
2023-09-09,0.5,0.0,0.0,28.9,21.1,0.5,11.2
2023-09-10,45.7,0.0,0.0,25.0,20.6,1.1,8.9
2023-09-11,42.2,0.0,0.0,27.8,20.6,1.3,6.7
2023-09-12,0.0,0.0,0.0,27.8,20.0,0.4,4.9
2023-09-13,5.6,0.0,0.0,26.1,21.1,1.2,7.2
2023-09-14,0.0,0.0,0.0,25.0,17.2,2.4,8.5
2023-09-15,0.0,0.0,0.0,20.6,14.4,2.8,9.8
2023-09-16,0.0,0.0,0.0,23.9,15.6,2.8,9.8
2023-09-17,5.3,0.0,0.0,25.0,15.0,1.0,5.8
2023-09-18,34.0,0.0,0.0,20.0,15.6,1.5,7.6
2023-09-19,0.0,0.0,0.0,22.2,14.4,2.0,8.9
2023-09-20,0.0,0.0,0.0,23.3,14.4,1.2,6.7
2023-09-21,0.0,0.0,0.0,21.7,13.9,1.5,6.3
2023-09-22,0.0,0.0,0.0,21.7,15.0,3.1,11.6
2023-09-23,24.4,0.0,0.0,17.2,13.9,5.2,14.8
2023-09-24,31.8,0.0,0.0,18.9,16.7,5.3,13.9
2023-09-25,15.0,0.0,0.0,18.9,13.9,4.3,16.5
2023-09-26,5.1,0.0,0.0,15.6,12.2,3.0,9.4
2023-09-27,0.0,0.0,0.0,17.8,10.0,3.1,11.6
2023-09-28,9.7,0.0,0.0,18.3,13.3,2.9,9.4
2023-09-29,139.2,0.0,0.0,17.2,15.0,3.6,13.0
2023-09-30,1.0,0.0,0.0,18.9,13.9,2.3,8.1
2023-10-01,0.0,0.0,0.0,24.4,15.0,1.9,8.5
2023-10-02,0.0,0.0,0.0,25.0,17.2,1.0,8.5
2023-10-03,0.0,0.0,0.0,26.7,16.1,0.4,4.0
2023-10-04,0.0,0.0,0.0,28.3,18.9,0.7,5.8
2023-10-05,0.0,0.0,0.0,25.0,16.7,1.0,6.3
2023-10-06,3.6,0.0,0.0,21.7,19.4,1.0,5.4
2023-10-07,8.9,0.0,0.0,20.6,11.7,2.6,9.4
2023-10-08,0.0,0.0,0.0,15.0,10.0,3.0,11.2
2023-10-09,0.0,0.0,0.0,15.6,9.4,1.8,8.1
2023-10-10,0.5,0.0,0.0,17.2,11.1,1.5,8.1
2023-10-11,0.0,0.0,0.0,20.6,12.8,0.9,8.1
2023-10-12,0.0,0.0,0.0,20.6,11.7,0.8,4.9
2023-10-13,0.0,0.0,0.0,17.2,10.6,1.7,6.7
2023-10-14,20.6,0.0,0.0,13.3,9.4,2.0,7.6
2023-10-15,0.3,0.0,0.0,15.6,10.0,2.6,10.3
2023-10-16,0.0,0.0,0.0,17.2,8.9,1.8,7.2
2023-10-17,0.0,0.0,0.0,16.1,10.6,1.3,6.3
2023-10-18,0.0,0.0,0.0,17.2,11.1,0.9,5.4
2023-10-19,0.0,0.0,0.0,17.8,11.1,0.9,6.7
2023-10-20,21.3,0.0,0.0,17.2,15.0,1.2,7.6
2023-10-21,17.0,0.0,0.0,17.2,13.3,2.5,12.5
2023-10-22,0.0,0.0,0.0,13.9,8.9,3.7,13.9
2023-10-23,0.0,0.0,0.0,15.6,8.3,2.4,11.2
2023-10-24,0.0,0.0,0.0,18.3,8.3,1.3,7.6
2023-10-25,0.0,0.0,0.0,22.2,11.7,2.3,9.4
2023-10-26,0.0,0.0,0.0,25.0,14.4,1.1,7.6
2023-10-27,0.0,0.0,0.0,23.3,17.2,1.7,7.2
2023-10-28,0.0,0.0,0.0,26.7,17.2,2.2,7.6
2023-10-29,11.9,0.0,0.0,17.2,10.6,3.1,9.8
2023-10-30,15.0,0.0,0.0,15.6,10.0,2.0,10.3
2023-10-31,0.0,0.0,0.0,10.6,7.2,1.7,8.9
2023-11-01,0.3,0.0,0.0,9.4,3.9,3.0,11.6
2023-11-02,0.0,0.0,0.0,8.9,1.7,2.0,6.3
2023-11-03,0.0,0.0,0.0,12.8,5.6,2.2,8.9
2023-11-04,0.0,0.0,0.0,16.1,8.3,1.3,7.6
2023-11-05,0.0,0.0,0.0,18.3,9.4,1.0,7.2
2023-11-06,0.0,0.0,0.0,13.3,6.7,1.7,7.6
2023-11-07,1.5,0.0,0.0,17.8,11.7,2.3,8.9
2023-11-08,0.0,0.0,0.0,12.2,6.1,2.4,11.2
2023-11-09,0.0,0.0,0.0,13.9,5.6,1.4,7.6
2023-11-10,0.0,0.0,0.0,11.7,7.2,2.0,9.4
2023-11-11,0.0,0.0,0.0,12.8,5.6,1.8,8.9
2023-11-12,0.0,0.0,0.0,6.7,2.2,2.3,8.5
2023-11-13,0.0,0.0,0.0,9.4,1.7,1.6,8.9
2023-11-14,0.0,0.0,0.0,11.7,5.6,2.2,10.3
2023-11-15,0.0,0.0,0.0,11.7,3.9,1.3,10.3
2023-11-16,0.0,0.0,0.0,18.3,7.8,1.5,7.6
2023-11-17,0.0,0.0,0.0,19.4,11.1,2.0,8.5
2023-11-18,0.0,0.0,0.0,17.2,5.0,2.7,10.3
2023-11-19,0.0,0.0,0.0,12.8,4.4,2.1,10.3
2023-11-20,0.0,0.0,0.0,7.8,2.8,2.2,9.4
2023-11-21,15.0,0.0,0.0,8.9,0.6,3.3,12.5
2023-11-22,49.0,0.0,0.0,12.2,8.9,2.1,11.6
2023-11-23,0.0,0.0,0.0,11.1,6.7,3.1,11.2
2023-11-24,0.0,0.0,0.0,10.6,0.6,2.8,10.3
2023-11-25,0.0,0.0,0.0,4.4,-1.0,1.0,6.3
2023-11-26,7.1,0.0,0.0,13.3,1.7,2.0,13.0
2023-11-27,2.0,0.0,0.0,13.3,2.2,3.0,11.6
2023-11-28,0.0,0.0,0.0,5.0,0.0,4.3,12.5
2023-11-29,0.0,0.0,0.0,3.3,-2.7,2.1,9.8
2023-11-30,0.0,0.0,0.0,10.6,1.1,2.6,9.4
2023-12-01,10.4,0.0,0.0,10.6,6.1,1.6,8.5
2023-12-02,0.0,0.0,0.0,15.6,8.3,1.0,6.7
2023-12-03,14.0,0.0,0.0,11.7,8.9,3.2,10.7
2023-12-04,0.0,0.0,0.0,12.2,5.6,2.7,10.7
2023-12-05,0.0,0.0,0.0,6.1,3.3,1.8,7.6
2023-12-06,0.0,0.0,0.0,6.1,0.6,2.7,9.4
2023-12-07,0.0,0.0,0.0,3.9,0.0,2.7,8.1
2023-12-08,0.0,0.0,0.0,10.6,3.3,1.3,6.7
2023-12-09,0.0,0.0,0.0,15.0,6.7,0.9,5.4
2023-12-10,28.4,0.0,0.0,16.1,10.0,1.8,10.3
2023-12-11,14.0,0.0,0.0,10.0,3.3,3.6,15.7
2023-12-12,0.0,0.0,0.0,6.7,2.2,2.5,10.3
2023-12-13,0.0,0.0,0.0,8.3,2.2,3.0,10.3
2023-12-14,0.0,0.0,0.0,5.0,0.6,2.8,8.9
2023-12-15,0.0,0.0,0.0,14.4,2.8,2.4,9.4
2023-12-16,0.0,0.0,0.0,12.2,7.8,2.6,8.1
2023-12-17,6.6,0.0,0.0,15.0,8.3,3.0,13.4
2023-12-18,56.1,0.0,0.0,16.7,5.6,4.0,16.1
2023-12-19,0.0,0.0,0.0,6.7,0.0,3.4,10.7
2023-12-20,0.0,0.0,0.0,7.8,-1.0,2.7,9.4
2023-12-21,0.0,0.0,0.0,5.6,-1.0,2.9,10.7
2023-12-22,0.0,0.0,0.0,2.8,-3.8,1.6,6.7
2023-12-23,0.0,0.0,0.0,6.7,1.1,1.6,5.8
2023-12-24,0.5,0.0,0.0,9.4,4.4,0.7,4.9
2023-12-25,0.0,0.0,0.0,9.4,6.1,1.4,5.4
2023-12-26,0.0,0.0,0.0,10.6,6.7,0.7,4.0
2023-12-27,8.1,0.0,0.0,10.0,7.2,2.3,12.5
2023-12-28,31.0,0.0,0.0,12.8,9.4,3.1,14.3
2023-12-29,1.3,0.0,0.0,12.8,7.8,1.5,9.8
2023-12-30,0.0,0.0,0.0,7.8,3.9,2.9,9.4
2023-12-31,0.0,0.0,0.0,6.1,3.9,2.4,9.4
2024-01-01,0.8,0.0,0.0,8.3,1.7,1.5,7.2
2024-01-02,0.0,0.0,0.0,5.6,-1.6,1.8,7.2
2024-01-03,0.0,0.0,0.0,6.1,1.1,2.2,6.7
2024-01-04,0.0,0.0,0.0,7.2,-2.1,3.4,13.4
2024-01-05,0.0,0.0,0.0,2.8,-3.2,3.2,10.7
2024-01-06,10.4,5.0,0.0,3.3,-0.5,3.1,15.7
2024-01-07,6.1,0.0,0.0,3.3,1.1,3.4,10.7
2024-01-08,0.0,0.0,0.0,7.2,2.2,2.3,13.4
2024-01-09,43.9,0.0,0.0,13.9,2.2,2.9,19.2
2024-01-10,5.6,0.0,0.0,13.9,6.7,3.8,16.1
2024-01-11,0.0,0.0,0.0,8.3,5.0,3.1,10.3
2024-01-12,2.0,0.0,0.0,10.0,4.4,3.1,14.3
2024-01-13,20.6,0.0,0.0,15.6,1.7,4.3,17.4
2024-01-14,0.0,0.0,0.0,6.7,-3.2,3.7,16.5
2024-01-15,1.0,10.0,0.0,-1.6,-4.9,2.3,10.7
2024-01-16,7.1,33.0,30.0,0.0,-5.5,4.1,16.1
2024-01-17,0.0,0.0,30.0,-4.3,-8.2,3.7,12.5
2024-01-18,0.0,0.0,30.0,1.1,-5.5,2.7,11.6
2024-01-19,1.0,10.0,30.0,0.0,-3.2,3.3,16.5
2024-01-20,0.0,0.0,30.0,-3.2,-7.7,4.8,16.1
2024-01-21,0.0,0.0,30.0,-0.5,-6.6,4.1,15.7
2024-01-22,0.0,0.0,30.0,3.3,-3.8,3.2,9.8
2024-01-23,1.3,0.0,30.0,4.4,1.1,2.2,12.5
2024-01-24,1.3,0.0,0.0,8.9,3.3,,16.5
2024-01-25,6.1,0.0,0.0,15.0,7.8,1.9,10.3
2024-01-26,4.8,0.0,0.0,7.8,5.6,2.5,13.4
2024-01-27,0.0,0.0,0.0,9.4,6.1,,16.5
2024-01-28,20.8,0.0,0.0,6.7,2.8,4.2,19.7
2024-01-29,1.3,0.0,0.0,4.4,2.2,3.4,15.7
2024-01-30,0.0,0.0,0.0,3.3,1.7,2.1,11.6
2024-01-31,0.0,0.0,0.0,4.4,1.1,1.6,8.9
2024-02-01,0.0,0.0,0.0,7.8,2.8,1.7,8.5
2024-02-02,8.1,0.0,0.0,7.8,3.3,2.6,11.2
2024-02-03,0.0,0.0,0.0,6.1,0.0,3.7,10.7
2024-02-04,0.0,0.0,0.0,7.8,-0.5,2.3,9.4
2024-02-05,0.0,0.0,0.0,7.2,0.0,3.3,15.7
2024-02-06,0.0,0.0,0.0,5.6,-1.6,3.0,10.3
2024-02-07,0.0,0.0,0.0,8.9,0.6,1.9,6.3
2024-02-08,0.0,0.0,0.0,11.7,2.8,1.4,6.7
2024-02-09,0.0,0.0,0.0,12.8,6.1,1.9,9.8
2024-02-10,0.0,0.0,0.0,15.6,8.3,1.4,7.6
2024-02-11,0.0,0.0,0.0,13.3,6.1,2.6,9.8
2024-02-12,0.0,0.0,0.0,8.9,2.8,1.9,9.4
2024-02-13,19.6,81.0,30.0,5.0,0.6,3.8,12.1
2024-02-14,0.0,0.0,50.0,3.3,-1.6,5.1,16.5
2024-02-15,0.0,0.0,0.0,3.9,-2.7,2.7,11.2
2024-02-16,0.0,0.0,0.0,6.1,2.2,3.7,15.2
2024-02-17,4.6,51.0,50.0,2.2,-2.7,3.4,13.0
2024-02-18,0.0,0.0,0.0,4.4,-3.2,3.2,14.8
2024-02-19,0.0,0.0,0.0,5.0,-0.5,2.2,10.7
2024-02-20,0.0,0.0,0.0,4.4,-3.2,2.4,10.3
2024-02-21,0.0,0.0,0.0,6.1,-1.0,2.1,8.1
2024-02-22,1.0,0.0,0.0,7.2,1.7,1.7,8.9
2024-02-23,1.0,0.0,0.0,8.3,5.6,1.3,6.7
2024-02-24,0.0,0.0,0.0,6.7,-2.1,2.9,10.3
2024-02-25,0.0,0.0,0.0,5.0,-4.9,1.9,9.4
2024-02-26,0.3,0.0,0.0,12.8,1.7,2.0,10.3
2024-02-27,13.2,0.0,0.0,12.8,4.4,2.2,8.9
2024-02-28,4.3,0.0,0.0,16.7,6.7,3.4,21.9
2024-02-29,0.0,0.0,0.0,6.1,-0.5,4.5,19.2
2024-03-01,0.0,0.0,0.0,8.9,-1.0,1.9,10.3
2024-03-02,32.3,0.0,0.0,12.8,5.6,2.0,11.2
2024-03-03,0.0,0.0,0.0,20.0,8.9,1.9,8.1
2024-03-04,0.0,0.0,0.0,15.0,7.8,2.6,9.8
2024-03-05,10.9,0.0,0.0,9.4,5.6,4.1,16.5
2024-03-06,30.5,0.0,0.0,11.7,8.3,2.1,13.4
2024-03-07,2.8,0.0,0.0,12.2,6.7,3.5,13.9
2024-03-08,0.0,0.0,0.0,13.9,4.4,2.3,10.7
2024-03-09,38.9,0.0,0.0,9.4,5.0,3.3,14.3
2024-03-10,0.8,0.0,0.0,10.6,2.8,4.3,17.0
2024-03-11,0.0,0.0,0.0,11.1,1.7,5.7,23.7
2024-03-12,0.0,0.0,0.0,18.9,6.1,2.7,12.1
2024-03-13,0.0,0.0,0.0,16.7,8.9,1.6,8.9
2024-03-14,0.0,0.0,0.0,23.3,7.8,1.1,8.9
2024-03-15,0.0,0.0,0.0,22.8,10.6,3.0,12.5
2024-03-16,0.0,0.0,0.0,16.1,8.3,2.0,10.3
2024-03-17,0.0,0.0,0.0,17.2,8.9,3.0,13.9
2024-03-18,0.0,0.0,0.0,10.6,3.3,3.3,13.0
2024-03-19,0.0,0.0,0.0,8.9,2.2,3.4,13.9
2024-03-20,0.3,0.0,0.0,13.9,1.1,3.0,17.4
2024-03-21,0.0,0.0,0.0,6.1,-1.0,4.1,16.5
2024-03-22,0.0,0.0,0.0,7.8,-1.6,2.2,10.3
2024-03-23,93.0,0.0,0.0,10.0,1.7,3.2,15.7
2024-03-24,0.0,0.0,0.0,8.9,-0.5,3.5,11.6
2024-03-25,0.0,0.0,0.0,11.7,1.7,3.9,16.1
2024-03-26,0.0,0.0,0.0,11.7,3.9,2.7,10.7
2024-03-27,1.5,0.0,0.0,11.1,5.6,1.2,7.2
2024-03-28,17.8,0.0,0.0,10.6,6.7,2.1,8.9
2024-03-29,0.0,0.0,0.0,13.3,5.6,5.0,17.9
2024-03-30,1.0,0.0,0.0,16.7,5.0,3.8,14.3
2024-03-31,0.5,0.0,0.0,16.7,8.3,2.0,10.3
2024-04-01,0.3,0.0,0.0,12.2,9.4,1.3,7.2
2024-04-02,22.1,0.0,0.0,10.6,6.7,3.1,10.3
2024-04-03,39.4,0.0,0.0,7.2,5.0,6.3,26.4
2024-04-04,5.3,0.0,0.0,11.7,2.8,3.0,20.1
2024-04-05,0.0,0.0,0.0,10.0,3.3,3.6,13.4
2024-04-06,0.0,0.0,0.0,12.2,5.6,3.4,13.0
2024-04-07,0.0,0.0,0.0,15.6,6.1,2.9,12.1
2024-04-08,0.0,0.0,0.0,20.6,6.1,1.0,5.8
2024-04-09,0.0,0.0,0.0,26.7,12.8,1.3,8.5
2024-04-10,0.0,0.0,0.0,19.4,10.6,3.0,9.4
2024-04-11,6.1,0.0,0.0,16.1,10.0,2.8,13.4
2024-04-12,8.6,0.0,0.0,17.2,13.3,4.0,18.3
2024-04-13,0.3,0.0,0.0,13.3,8.3,5.2,19.7
2024-04-14,2.5,0.0,0.0,23.9,8.9,2.2,17.4
2024-04-15,0.0,0.0,0.0,27.8,14.4,2.4,13.4
2024-04-16,0.0,0.0,0.0,22.8,12.2,1.9,9.8
2024-04-17,0.5,0.0,0.0,16.7,10.0,3.1,9.8
2024-04-18,0.3,0.0,0.0,10.0,7.2,4.8,15.7
2024-04-19,0.0,0.0,0.0,15.6,7.8,2.3,8.5
2024-04-20,1.3,0.0,0.0,21.7,8.3,1.9,12.5
2024-04-21,0.0,0.0,0.0,12.2,5.6,2.4,9.8
2024-04-22,0.0,0.0,0.0,17.8,5.6,1.8,9.8
2024-04-23,0.0,0.0,0.0,18.3,7.8,2.2,14.3
2024-04-24,0.0,0.0,0.0,23.3,10.0,2.2,13.9
2024-04-25,0.0,0.0,0.0,15.6,6.1,2.5,12.5
2024-04-26,0.0,0.0,0.0,18.3,6.1,2.0,10.3
2024-04-27,0.0,0.0,0.0,17.8,7.8,1.4,9.8
2024-04-28,0.3,0.0,0.0,26.1,11.1,0.6,6.7
2024-04-29,0.5,0.0,0.0,30.6,17.2,1.5,11.6
2024-04-30,0.8,0.0,0.0,18.9,11.1,3.3,10.3
2024-05-01,0.5,0.0,0.0,26.7,11.7,1.3,8.9
2024-05-02,0.0,0.0,0.0,26.1,11.7,1.6,10.7
2024-05-03,0.0,0.0,0.0,18.3,11.1,2.4,9.8
2024-05-04,0.0,0.0,0.0,17.2,9.4,2.2,9.4
2024-05-05,7.9,0.0,0.0,12.2,9.4,2.1,9.8
2024-05-06,0.0,0.0,0.0,23.3,11.7,1.0,5.8
2024-05-07,0.0,0.0,0.0,26.7,15.0,1.5,8.5
2024-05-08,5.3,0.0,0.0,28.9,18.3,1.7,11.6
2024-05-09,0.0,0.0,0.0,21.1,13.3,2.6,9.4
2024-05-10,5.8,0.0,0.0,13.3,8.9,2.7,11.2
2024-05-11,0.0,0.0,0.0,17.8,8.3,1.4,11.2
2024-05-12,3.8,0.0,0.0,13.9,8.9,1.2,7.2
2024-05-13,0.0,0.0,0.0,18.3,9.4,1.7,7.6
2024-05-14,0.8,0.0,0.0,22.2,12.8,0.8,7.2
2024-05-15,7.1,0.0,0.0,17.8,15.0,3.4,14.8
2024-05-16,6.9,0.0,0.0,17.8,15.0,3.7,13.0
2024-05-17,0.0,0.0,0.0,22.2,14.4,2.0,12.5
2024-05-18,1.0,0.0,0.0,20.6,15.0,1.7,6.7
2024-05-19,0.0,0.0,0.0,23.9,13.3,1.9,8.9
2024-05-20,0.0,0.0,0.0,23.3,12.8,1.6,8.9
2024-05-21,0.0,0.0,0.0,28.3,14.4,1.3,7.2
2024-05-22,0.0,0.0,0.0,28.9,19.4,2.3,9.8
2024-05-23,19.8,0.0,0.0,26.1,19.4,1.3,10.7
2024-05-24,0.0,0.0,0.0,28.9,20.0,1.1,8.9
2024-05-25,0.0,0.0,0.0,27.2,18.9,1.1,7.6
2024-05-26,0.0,0.0,0.0,27.8,18.3,1.3,8.5
2024-05-27,24.4,0.0,0.0,22.8,18.9,1.3,11.2
2024-05-28,0.0,0.0,0.0,26.1,18.3,2.9,13.0
2024-05-29,16.5,0.0,0.0,24.4,15.6,1.6,13.4
2024-05-30,4.6,0.0,0.0,21.7,13.9,2.2,8.9
2024-05-31,0.0,0.0,0.0,23.9,15.0,2.0,9.8
2024-06-01,0.0,0.0,0.0,28.3,15.6,1.3,7.6
2024-06-02,0.0,0.0,0.0,27.2,19.4,1.1,8.5
2024-06-03,0.0,0.0,0.0,30.0,22.2,1.3,6.3
2024-06-04,0.0,0.0,0.0,26.1,18.3,1.3,7.2
2024-06-05,0.0,0.0,0.0,26.1,18.3,1.1,9.8
2024-06-06,19.6,0.0,0.0,27.2,20.0,0.9,11.2
2024-06-07,0.0,0.0,0.0,27.8,18.9,1.5,14.3
2024-06-08,0.0,0.0,0.0,24.4,17.2,2.5,12.5
2024-06-09,0.0,0.0,0.0,23.3,18.3,2.2,13.9
2024-06-10,0.0,0.0,0.0,23.9,16.7,2.7,9.8
2024-06-11,0.0,0.0,0.0,22.8,15.0,1.4,6.3
2024-06-12,0.0,0.0,0.0,24.4,16.1,1.0,5.8
2024-06-13,0.0,0.0,0.0,28.9,18.3,1.4,8.9
2024-06-14,7.1,0.0,0.0,29.4,18.3,1.5,14.8
2024-06-15,0.0,0.0,0.0,26.7,18.3,1.6,9.4
2024-06-16,0.0,0.0,0.0,25.6,17.2,2.3,8.9
2024-06-17,0.0,0.0,0.0,28.3,18.3,1.3,8.5
2024-06-18,0.0,0.0,0.0,30.0,21.7,1.4,8.5
2024-06-19,0.0,0.0,0.0,31.7,22.2,1.1,8.5
2024-06-20,0.0,0.0,0.0,32.8,22.2,1.5,7.6
2024-06-21,0.0,0.0,0.0,34.4,24.4,1.6,11.6
2024-06-22,2.8,0.0,0.0,33.9,23.9,0.4,8.1
2024-06-23,0.0,0.0,0.0,33.3,22.8,,13.0
2024-06-24,0.0,0.0,0.0,26.7,22.2,,15.7
2024-06-25,0.0,0.0,0.0,32.2,20.6,1.9,9.8
2024-06-26,2.0,0.0,0.0,33.9,21.1,1.8,20.6
2024-06-27,5.8,0.0,0.0,28.9,19.4,2.6,9.8
2024-06-28,0.0,0.0,0.0,26.1,17.8,1.6,8.9
2024-06-29,1.5,0.0,0.0,26.1,18.9,1.9,11.6
2024-06-30,4.6,0.0,0.0,29.4,21.1,2.2,10.3
2024-07-01,0.0,0.0,0.0,27.2,17.8,2.7,12.5
2024-07-02,0.0,0.0,0.0,30.0,18.9,1.4,7.6
2024-07-03,0.0,0.0,0.0,28.3,20.6,1.7,10.7
2024-07-04,1.0,0.0,0.0,31.7,21.1,1.3,8.1
2024-07-05,2.5,0.0,0.0,32.2,23.3,0.7,8.9
2024-07-06,1.3,0.0,0.0,33.3,22.8,0.6,8.1
2024-07-07,0.0,0.0,0.0,33.9,26.1,1.8,7.2
2024-07-08,0.0,0.0,0.0,35.0,25.0,0.9,6.7
2024-07-09,0.0,0.0,0.0,31.7,23.9,1.0,8.5
2024-07-10,0.0,0.0,0.0,32.8,25.6,1.4,13.0
2024-07-11,2.8,0.0,0.0,31.7,23.9,2.1,10.7
2024-07-12,1.5,0.0,0.0,28.9,22.2,0.6,6.7
2024-07-13,52.3,0.0,0.0,30.6,22.2,0.7,6.3
2024-07-14,0.0,0.0,0.0,32.2,23.9,1.1,10.7
2024-07-15,3.0,0.0,0.0,32.8,22.8,1.1,9.8
2024-07-16,0.0,0.0,0.0,34.4,25.6,1.7,13.0
2024-07-17,37.1,0.0,0.0,32.2,22.2,1.3,10.7
2024-07-18,0.0,0.0,0.0,30.0,22.2,1.2,8.1
2024-07-19,0.0,0.0,0.0,28.3,19.4,1.3,7.2
2024-07-20,0.0,0.0,0.0,28.3,21.7,0.9,8.9
2024-07-21,0.0,0.0,0.0,31.1,22.8,1.2,6.7
2024-07-22,0.3,0.0,0.0,28.9,21.7,1.2,8.5
2024-07-23,2.8,0.0,0.0,27.2,21.7,1.8,6.7
2024-07-24,0.0,0.0,0.0,27.2,22.8,1.9,7.6
2024-07-25,0.0,0.0,0.0,28.3,22.2,1.3,8.9
2024-07-26,0.0,0.0,0.0,28.9,19.4,2.3,10.7
2024-07-27,0.0,0.0,0.0,30.6,20.6,1.6,7.2
2024-07-28,0.0,0.0,0.0,31.7,21.1,1.7,6.7
2024-07-29,1.3,0.0,0.0,28.9,20.0,1.3,7.2
2024-07-30,0.0,0.0,0.0,31.1,23.9,1.3,11.2
2024-07-31,0.8,0.0,0.0,31.7,22.8,1.5,12.5
2024-08-01,0.0,0.0,0.0,35.0,24.4,0.9,7.2
2024-08-02,13.2,0.0,0.0,33.3,23.3,1.1,10.7
2024-08-03,18.5,0.0,0.0,33.9,22.8,1.8,9.8
2024-08-04,4.3,0.0,0.0,28.3,21.7,1.4,7.6
2024-08-05,0.0,0.0,0.0,32.2,22.8,1.2,8.5
2024-08-06,52.8,0.0,0.0,32.2,22.2,1.5,8.5
2024-08-07,3.3,0.0,0.0,22.2,17.8,3.7,12.5
2024-08-08,9.1,0.0,0.0,21.1,18.3,3.2,9.8
2024-08-09,2.8,0.0,0.0,26.7,21.1,2.7,14.3
2024-08-10,0.0,0.0,0.0,29.4,22.8,2.0,8.9
2024-08-11,0.0,0.0,0.0,26.7,20.6,1.3,8.9
2024-08-12,0.0,0.0,0.0,27.2,18.9,1.5,9.4
2024-08-13,0.0,0.0,0.0,27.2,17.8,1.6,8.9
2024-08-14,0.0,0.0,0.0,29.4,19.4,1.4,9.8
2024-08-15,0.0,0.0,0.0,30.0,20.0,0.4,5.8
2024-08-16,0.0,0.0,0.0,30.6,21.1,1.4,8.1
2024-08-17,1.0,0.0,0.0,26.1,19.4,1.6,8.9
2024-08-18,58.2,0.0,0.0,27.2,20.6,1.4,11.2
2024-08-19,6.4,0.0,0.0,28.9,20.0,1.3,10.7
2024-08-20,0.0,0.0,0.0,22.2,16.1,2.6,9.8
2024-08-21,0.0,0.0,0.0,22.8,13.9,2.6,10.7
2024-08-22,0.0,0.0,0.0,24.4,15.0,1.5,8.5
2024-08-23,0.0,0.0,0.0,26.7,16.7,1.2,8.5
2024-08-24,0.0,0.0,0.0,28.3,18.3,0.6,6.3
2024-08-25,0.0,0.0,0.0,29.4,20.0,1.2,7.2
2024-08-26,1.0,0.0,0.0,29.4,20.6,1.0,7.2
2024-08-27,0.0,0.0,0.0,30.0,19.4,1.1,8.5
2024-08-28,0.0,0.0,0.0,32.8,23.3,2.2,9.4
2024-08-29,0.0,0.0,0.0,27.8,21.1,2.9,10.7
2024-08-30,7.6,0.0,0.0,23.3,16.1,2.4,8.9
2024-08-31,0.0,0.0,0.0,25.0,19.4,0.9,6.7
2024-09-01,0.0,0.0,0.0,27.2,22.8,1.2,6.3
2024-09-02,0.0,0.0,0.0,26.1,17.2,2.0,10.3
2024-09-03,0.0,0.0,0.0,23.3,14.4,1.8,9.4
2024-09-04,0.0,0.0,0.0,25.0,15.0,0.9,6.3
2024-09-05,0.0,0.0,0.0,25.0,16.1,2.0,8.5
2024-09-06,0.0,0.0,0.0,25.6,17.2,1.5,8.9
2024-09-07,6.1,0.0,0.0,24.4,15.0,1.5,10.3
2024-09-08,0.0,0.0,0.0,20.6,12.8,2.2,11.2
2024-09-09,0.0,0.0,0.0,23.9,12.8,1.1,8.9
2024-09-10,0.0,0.0,0.0,25.6,16.7,1.9,6.7
2024-09-11,0.0,0.0,0.0,26.1,15.0,1.0,5.4
2024-09-12,0.0,0.0,0.0,26.7,16.7,0.8,7.2
2024-09-13,0.0,0.0,0.0,27.8,17.2,0.6,6.3
2024-09-14,0.0,0.0,0.0,28.3,18.3,1.2,7.6
2024-09-15,0.0,0.0,0.0,26.7,17.2,2.1,8.1
2024-09-16,0.0,0.0,0.0,25.0,15.6,2.3,7.6
2024-09-17,0.0,0.0,0.0,26.1,18.3,2.1,6.7
2024-09-18,0.0,0.0,0.0,23.9,19.4,2.9,9.8
2024-09-19,0.0,0.0,0.0,28.9,19.4,2.4,8.9
2024-09-20,0.0,0.0,0.0,27.2,19.4,3.0,9.8
2024-09-21,0.0,0.0,0.0,26.1,17.2,3.0,8.9
2024-09-22,0.0,0.0,0.0,23.3,16.1,2.7,11.6
2024-09-23,1.0,0.0,0.0,19.4,15.0,2.6,9.8
2024-09-24,0.0,0.0,0.0,20.0,15.0,2.5,8.1
2024-09-25,0.0,0.0,0.0,20.0,16.7,2.2,
2024-09-26,2.0,0.0,0.0,23.3,17.8,0.9,5.8
2024-09-27,4.6,0.0,0.0,23.3,17.2,1.8,10.3
2024-09-28,6.6,0.0,0.0,20.0,16.1,3.9,11.6
2024-09-29,19.8,0.0,0.0,17.2,15.6,2.6,9.8
2024-09-30,0.0,0.0,0.0,22.2,15.6,2.3,9.4
2024-10-01,0.0,0.0,0.0,20.6,15.6,2.8,9.8
2024-10-02,0.0,0.0,0.0,20.0,14.4,1.9,7.6
2024-10-03,0.0,0.0,0.0,22.2,16.7,0.4,5.8
2024-10-04,0.0,0.0,0.0,22.8,15.6,0.5,6.7
2024-10-05,0.0,0.0,0.0,23.9,16.1,1.9,9.4
2024-10-06,0.0,0.0,0.0,21.7,12.8,1.1,8.9
2024-10-07,0.0,0.0,0.0,23.9,14.4,2.5,10.3
2024-10-08,0.0,0.0,0.0,20.0,11.7,1.3,8.1
2024-10-09,0.0,0.0,0.0,20.0,12.2,1.6,10.7
2024-10-10,0.0,0.0,0.0,16.7,9.4,2.8,10.7
2024-10-11,0.0,0.0,0.0,20.0,7.8,1.9,10.7
2024-10-12,0.0,0.0,0.0,23.3,13.3,2.2,12.5
2024-10-13,0.0,0.0,0.0,20.6,12.8,2.2,8.5
2024-10-14,0.0,0.0,0.0,18.9,8.9,2.7,15.7
2024-10-15,0.0,0.0,0.0,13.9,7.2,2.6,10.7
2024-10-16,0.0,0.0,0.0,15.0,6.7,2.8,10.3
2024-10-17,0.0,0.0,0.0,14.4,6.1,2.3,9.4
2024-10-18,0.0,0.0,0.0,18.9,8.9,1.9,9.8
2024-10-19,0.0,0.0,0.0,21.7,10.0,0.6,4.5
2024-10-20,0.0,0.0,0.0,22.8,11.1,0.7,5.8
2024-10-21,0.0,0.0,0.0,26.1,13.9,1.2,5.4
2024-10-22,0.0,0.0,0.0,27.2,16.7,0.6,5.8
2024-10-23,0.0,0.0,0.0,23.9,15.0,0.9,8.9
2024-10-24,0.0,0.0,0.0,20.6,11.7,2.2,9.4
2024-10-25,0.0,0.0,0.0,16.7,7.8,1.3,9.8
2024-10-26,0.0,0.0,0.0,17.8,10.6,2.4,13.9
2024-10-27,0.0,0.0,0.0,13.9,7.2,1.3,9.4
2024-10-28,0.0,0.0,0.0,16.1,7.8,1.3,6.3
2024-10-29,0.3,0.0,0.0,17.2,11.1,1.4,10.3
2024-10-30,0.0,0.0,0.0,24.4,14.4,1.5,7.6
2024-10-31,0.0,0.0,0.0,27.2,16.1,1.7,8.9
2024-11-01,0.0,0.0,0.0,26.1,13.9,2.8,14.3
2024-11-02,0.0,0.0,0.0,15.6,8.3,1.9,8.1
2024-11-03,0.0,0.0,0.0,12.2,5.0,2.3,8.9
2024-11-04,0.0,0.0,0.0,14.4,6.7,1.8,7.6
2024-11-05,0.0,0.0,0.0,22.8,12.2,1.5,9.8
2024-11-06,0.0,0.0,0.0,26.7,17.8,1.8,9.8
2024-11-07,0.0,0.0,0.0,22.8,12.2,2.3,11.6
2024-11-08,0.0,0.0,0.0,20.6,10.0,2.4,16.5
2024-11-09,0.0,0.0,0.0,12.2,6.1,1.9,12.5
2024-11-10,2.0,0.0,0.0,14.4,7.2,1.5,8.9
2024-11-11,2.5,0.0,0.0,20.0,12.8,2.9,13.4
2024-11-12,0.0,0.0,0.0,15.0,5.0,4.3,16.1
2024-11-13,0.0,0.0,0.0,10.0,2.8,2.8,10.3
2024-11-14,0.0,0.0,0.0,8.3,2.8,2.1,10.3
2024-11-15,0.0,0.0,0.0,14.4,5.0,2.2,10.7
2024-11-16,0.0,0.0,0.0,16.7,7.2,3.8,13.9
2024-11-17,0.0,0.0,0.0,17.2,6.7,2.1,9.4
2024-11-18,0.0,0.0,0.0,18.9,9.4,1.9,12.5
2024-11-19,0.0,0.0,0.0,15.6,8.3,1.0,8.1
2024-11-20,0.0,0.0,0.0,15.6,11.7,1.3,15.2
2024-11-21,39.9,0.0,0.0,12.2,2.8,3.1,10.7
2024-11-22,13.5,0.0,0.0,4.4,2.8,2.7,14.3
2024-11-23,0.5,0.0,0.0,9.4,2.8,3.7,17.4
2024-11-24,0.0,0.0,0.0,11.7,6.7,4.4,14.3
2024-11-25,0.0,0.0,0.0,12.2,5.0,1.4,8.1
2024-11-26,4.8,0.0,0.0,14.4,7.8,2.1,11.6
2024-11-27,0.0,0.0,0.0,11.1,6.1,2.0,8.5
2024-11-28,21.8,0.0,0.0,9.4,5.6,2.5,14.3
2024-11-29,0.0,0.0,0.0,8.3,1.1,2.6,10.7
2024-11-30,0.0,0.0,0.0,3.9,-1.0,3.4,11.2
2024-12-01,0.0,0.0,0.0,3.3,-2.7,3.3,15.7
2024-12-02,0.0,0.0,0.0,3.9,-1.6,2.4,9.8
2024-12-03,0.0,0.0,0.0,5.6,0.0,2.7,11.6
2024-12-04,0.3,0.0,0.0,5.6,-1.0,2.0,14.3
2024-12-05,2.3,0.0,0.0,4.4,-0.5,3.8,17.9
2024-12-06,0.0,0.0,0.0,1.1,-1.0,3.8,16.5
2024-12-07,0.0,0.0,0.0,5.0,-0.5,3.4,10.7
2024-12-08,0.0,0.0,0.0,12.8,3.3,2.7,12.1
2024-12-09,4.6,0.0,0.0,10.6,6.7,1.6,6.7
2024-12-10,6.6,0.0,0.0,10.0,6.7,2.5,8.1
2024-12-11,21.6,0.0,0.0,15.6,5.0,2.9,13.4
2024-12-12,0.0,0.0,0.0,5.0,-1.6,4.2,17.4
2024-12-13,0.0,0.0,0.0,0.6,-2.7,3.0,10.3
2024-12-14,0.0,0.0,0.0,1.1,-3.2,2.2,8.9
2024-12-15,1.5,0.0,0.0,5.0,-2.1,2.3,7.6
2024-12-16,23.1,0.0,0.0,11.1,3.3,2.3,9.8
2024-12-17,0.5,0.0,0.0,15.0,9.4,2.3,10.3
2024-12-18,8.1,0.0,0.0,11.7,5.6,1.2,7.2
2024-12-19,1.3,0.0,0.0,7.2,2.8,3.0,13.0
2024-12-20,1.0,0.0,0.0,2.8,0.6,3.8,12.5
2024-12-21,3.8,46.0,50.0,0.6,-7.1,4.7,19.7
2024-12-22,0.0,0.0,30.0,-6.0,-10.5,3.4,13.0
2024-12-23,0.0,0.0,30.0,-0.5,-10.5,1.4,8.5
2024-12-24,2.5,25.0,30.0,3.9,-2.1,2.2,9.4
2024-12-25,0.0,0.0,30.0,1.7,-2.1,1.7,7.6
2024-12-26,0.0,0.0,30.0,2.2,-4.3,1.4,4.9
2024-12-27,0.0,0.0,30.0,6.7,-3.2,0.5,6.7
2024-12-28,14.2,0.0,0.0,12.2,4.4,0.6,5.4
2024-12-29,4.1,0.0,0.0,15.6,10.0,2.1,11.6
2024-12-30,9.4,0.0,0.0,14.4,9.4,2.9,13.4
2024-12-31,10.2,0.0,0.0,11.7,6.7,2.3,10.7
2025-01-01,0.0,0.0,0.0,10.6,3.9,3.7,16.1
2025-01-02,0.0,0.0,0.0,6.1,0.6,4.3,17.4
2025-01-03,0.0,0.0,0.0,3.9,-0.5,3.5,12.1
2025-01-04,0.0,0.0,0.0,0.6,-2.1,4.5,17.9
2025-01-05,0.0,0.0,0.0,0.6,-2.1,3.8,13.4
2025-01-06,2.0,23.0,0.0,-1.0,-5.5,2.1,13.0
2025-01-07,0.0,0.0,30.0,0.6,-7.1,5.7,17.9
2025-01-08,0.0,0.0,0.0,-1.0,-4.9,5.3,17.9
2025-01-09,0.0,0.0,0.0,0.6,-5.5,5.8,20.1
2025-01-10,0.0,0.0,0.0,3.9,-2.7,3.6,16.1
2025-01-11,0.5,13.0,30.0,2.2,-2.1,3.2,13.9
2025-01-12,0.0,0.0,0.0,5.6,-1.0,2.2,9.4
2025-01-13,0.0,0.0,0.0,5.6,0.6,2.4,10.7
2025-01-14,0.0,0.0,0.0,1.7,-3.8,3.8,13.9
2025-01-15,0.0,0.0,0.0,0.0,-4.9,3.7,13.9
2025-01-16,0.0,0.0,0.0,-1.0,-4.9,2.4,10.3
2025-01-17,0.0,0.0,0.0,5.6,-3.2,2.2,8.9
2025-01-18,2.3,0.0,0.0,7.8,1.7,2.2,11.6
2025-01-19,6.6,41.0,0.0,5.0,-4.3,2.4,13.9
2025-01-20,0.0,0.0,30.0,-3.2,-8.2,3.3,16.1
2025-01-21,0.0,0.0,30.0,-7.1,-11.6,2.9,10.3
2025-01-22,0.0,0.0,30.0,-6.6,-12.1,2.6,8.5
2025-01-23,0.0,0.0,30.0,-2.1,-8.2,2.3,10.7
2025-01-24,0.0,0.0,30.0,0.6,-4.9,2.0,8.5
2025-01-25,0.0,0.0,30.0,0.6,-6.6,2.7,11.2
2025-01-26,0.0,0.0,0.0,6.1,-0.5,3.0,13.0
2025-01-27,0.0,0.0,0.0,4.4,-0.5,2.9,14.8
2025-01-28,0.0,0.0,0.0,5.6,0.0,3.8,17.0
2025-01-29,0.0,0.0,0.0,11.1,-0.5,4.7,19.2
2025-01-30,0.0,0.0,0.0,3.3,-3.8,3.1,17.0
2025-01-31,4.1,0.0,0.0,8.9,2.2,1.6,9.8
2025-02-01,0.0,0.0,0.0,8.9,-6.0,3.5,12.1
2025-02-02,2.8,25.0,0.0,-0.5,-8.2,2.9,10.3
2025-02-03,0.0,0.0,30.0,9.4,-0.5,1.7,8.5
2025-02-04,0.0,0.0,0.0,8.3,-1.0,4.2,16.5
2025-02-05,0.0,0.0,0.0,2.2,-3.2,2.7,9.8
2025-02-06,8.6,13.0,30.0,3.3,-1.0,2.8,10.7
2025-02-07,0.0,0.0,0.0,6.1,-1.0,3.8,16.1
2025-02-08,15.5,76.0,0.0,1.7,-3.2,1.7,8.1
2025-02-09,1.5,3.0,80.0,2.2,-1.0,2.2,12.5
2025-02-10,0.0,0.0,50.0,2.8,-1.6,2.3,8.5
2025-02-11,3.0,30.0,30.0,1.7,-2.1,1.3,7.2
2025-02-12,2.8,10.0,80.0,2.2,-0.5,3.8,13.0
2025-02-13,3.8,0.0,50.0,7.8,1.7,3.4,15.2
2025-02-14,0.0,0.0,0.0,2.2,-1.6,3.4,13.4
2025-02-15,7.9,13.0,0.0,1.7,-2.1,2.3,9.4
2025-02-16,19.6,0.0,0.0,8.3,0.6,4.2,17.9
2025-02-17,0.0,0.0,0.0,2.2,-3.2,6.4,19.7
2025-02-18,0.0,0.0,0.0,-2.7,-7.1,4.8,15.7
2025-02-19,0.0,0.0,0.0,-1.0,-8.2,4.0,11.2
2025-02-20,0.3,10.0,0.0,-1.6,-7.7,3.4,14.3
2025-02-21,0.0,0.0,0.0,1.7,-6.0,4.8,15.7
2025-02-22,0.0,0.0,0.0,4.4,-6.0,2.3,11.6
2025-02-23,0.0,0.0,0.0,7.8,0.6,2.1,9.4
2025-02-24,0.0,0.0,0.0,9.4,1.7,2.6,11.2
2025-02-25,0.0,0.0,0.0,13.9,6.1,1.6,10.7
2025-02-26,0.0,0.0,0.0,13.3,6.1,2.4,12.1
2025-02-27,0.3,0.0,0.0,12.2,6.7,2.4,11.2
2025-02-28,0.0,0.0,0.0,10.6,5.0,3.0,12.5
2025-03-01,0.0,0.0,0.0,17.8,-2.7,4.3,17.4
2025-03-02,0.0,0.0,0.0,0.6,-6.6,4.3,14.8
2025-03-03,0.0,0.0,0.0,3.9,-4.9,2.0,9.4
2025-03-04,0.0,0.0,0.0,11.1,1.1,1.8,8.5
2025-03-05,43.4,0.0,0.0,12.2,5.6,3.2,14.8
2025-03-06,0.0,0.0,0.0,12.8,2.2,3.8,20.1
2025-03-07,0.0,0.0,0.0,10.0,1.1,5.3,19.7
2025-03-08,0.0,0.0,0.0,7.2,2.2,4.0,16.5
2025-03-09,0.0,0.0,0.0,11.7,0.0,3.2,15.2
2025-03-10,0.0,0.0,0.0,18.9,7.2,2.5,12.5
2025-03-11,0.0,0.0,0.0,18.3,6.7,1.7,11.6
2025-03-12,0.0,0.0,0.0,12.8,5.6,2.8,12.5
2025-03-13,0.0,0.0,0.0,10.0,3.9,3.5,11.6
2025-03-14,0.0,0.0,0.0,13.9,4.4,2.3,8.5
2025-03-15,0.0,0.0,0.0,9.4,5.0,1.9,8.5
2025-03-16,0.3,0.0,0.0,16.1,8.3,3.1,13.0
2025-03-17,23.4,0.0,0.0,15.0,2.8,2.2,10.7
2025-03-18,0.0,0.0,0.0,16.1,1.7,1.5,9.4
2025-03-19,0.0,0.0,0.0,17.2,6.1,2.0,9.4
2025-03-20,26.9,0.0,0.0,11.1,5.6,2.6,10.7
2025-03-21,0.8,0.0,0.0,10.6,3.3,4.7,19.2
2025-03-22,0.0,0.0,0.0,17.8,4.4,3.0,16.5
2025-03-23,0.0,0.0,0.0,8.9,-0.5,3.0,13.9
2025-03-24,12.2,0.0,0.0,10.0,3.3,1.8,11.6
2025-03-25,0.0,0.0,0.0,14.4,8.3,2.2,13.0
2025-03-26,0.0,0.0,0.0,11.7,2.8,2.3,9.4
2025-03-27,0.0,0.0,0.0,11.7,1.1,3.2,12.1
2025-03-28,0.8,0.0,0.0,17.2,7.8,2.2,9.8
2025-03-29,0.0,0.0,0.0,27.2,6.1,3.7,17.9
2025-03-30,1.0,0.0,0.0,8.9,5.6,2.9,8.1
2025-03-31,31.5,0.0,0.0,22.8,7.2,1.4,8.5
2025-04-01,2.0,0.0,0.0,14.4,5.0,3.2,15.2
2025-04-02,0.0,0.0,0.0,9.4,2.8,3.4,11.2
2025-04-03,1.3,0.0,0.0,22.8,6.7,2.4,9.8
2025-04-04,2.3,0.0,0.0,22.8,13.9,2.1,10.3
2025-04-05,4.8,0.0,0.0,15.0,6.1,3.7,12.5
2025-04-06,19.3,0.0,0.0,13.3,6.1,1.5,6.3
2025-04-07,3.3,0.0,0.0,10.0,3.9,3.1,9.8
2025-04-08,0.0,0.0,0.0,7.2,1.7,4.4,17.0
2025-04-09,0.0,0.0,0.0,9.4,-0.5,2.8,10.7
2025-04-10,0.3,0.0,0.0,10.6,4.4,2.2,11.6
2025-04-11,10.4,0.0,0.0,7.8,4.4,3.8,14.3
2025-04-12,16.0,0.0,0.0,4.4,2.2,4.1,14.3
2025-04-13,0.0,0.0,0.0,14.4,3.9,2.4,11.6
2025-04-14,1.8,0.0,0.0,18.9,8.9,1.3,6.7
2025-04-15,0.3,0.0,0.0,20.6,8.9,3.2,20.6
2025-04-16,0.0,0.0,0.0,10.0,6.7,4.7,15.2
2025-04-17,0.0,0.0,0.0,17.8,5.6,3.0,13.0
2025-04-18,0.0,0.0,0.0,20.0,8.9,1.7,12.5
2025-04-19,0.0,0.0,0.0,29.4,12.2,2.8,13.0
2025-04-20,0.0,0.0,0.0,22.8,12.8,3.0,17.4
2025-04-21,0.0,0.0,0.0,13.9,10.0,3.0,10.3
2025-04-22,0.0,0.0,0.0,27.8,11.7,1.6,10.7
2025-04-23,0.0,0.0,0.0,24.4,12.2,1.3,8.5
2025-04-24,0.0,0.0,0.0,25.0,13.3,1.4,9.8
2025-04-25,0.0,0.0,0.0,25.0,15.6,2.7,9.4
2025-04-26,20.8,0.0,0.0,23.3,11.7,2.2,14.3
2025-04-27,0.0,0.0,0.0,15.0,8.9,3.8,17.9
2025-04-28,0.0,0.0,0.0,24.4,10.6,1.5,8.9
2025-04-29,0.0,0.0,0.0,26.1,13.3,2.2,13.0
2025-04-30,0.0,0.0,0.0,22.8,15.0,2.6,11.6
2025-05-01,0.0,0.0,0.0,21.7,11.1,2.4,9.4
2025-05-02,0.0,0.0,0.0,28.9,13.9,1.0,10.3
2025-05-03,24.1,0.0,0.0,29.4,17.2,1.3,10.7
2025-05-04,3.8,0.0,0.0,20.6,15.6,1.3,8.9
2025-05-05,18.8,0.0,0.0,16.1,13.9,2.9,9.8
2025-05-06,6.1,0.0,0.0,17.8,13.9,1.6,10.7
2025-05-07,0.5,0.0,0.0,23.3,12.8,0.7,7.6
2025-05-08,0.0,0.0,0.0,25.6,15.6,2.1,8.9
2025-05-09,17.5,0.0,0.0,15.6,10.6,3.2,10.7
2025-05-10,0.0,0.0,0.0,22.2,10.0,2.5,14.8
2025-05-11,0.0,0.0,0.0,25.0,14.4,1.3,9.8
2025-05-12,0.0,0.0,0.0,22.2,13.9,1.2,7.6
2025-05-13,4.1,0.0,0.0,20.6,14.4,1.4,9.4
2025-05-14,31.0,0.0,0.0,16.7,13.3,2.8,9.4
2025-05-15,0.0,0.0,0.0,20.6,15.0,1.8,5.8
2025-05-16,2.8,0.0,0.0,22.2,16.1,0.6,9.8
2025-05-17,0.0,0.0,0.0,27.8,17.2,1.8,13.0
2025-05-18,0.0,0.0,0.0,22.8,16.1,4.1,14.3
2025-05-19,0.0,0.0,0.0,20.6,10.6,3.8,14.8
2025-05-20,0.0,0.0,0.0,19.4,9.4,2.6,10.3
2025-05-21,2.3,0.0,0.0,15.0,9.4,2.5,12.1
2025-05-22,22.9,0.0,0.0,10.6,8.9,3.5,11.2
2025-05-23,6.6,0.0,0.0,17.2,8.3,0.6,9.4
2025-05-24,0.0,0.0,0.0,17.8,8.9,2.6,13.0
2025-05-25,0.0,0.0,0.0,18.9,11.1,2.2,10.3
2025-05-26,0.0,0.0,0.0,22.8,11.1,1.7,8.1
2025-05-27,0.0,0.0,0.0,23.3,13.9,0.9,6.3
2025-05-28,12.4,0.0,0.0,18.3,11.1,1.4,
2025-05-29,2.5,0.0,0.0,19.4,12.8,1.6,8.9
2025-05-30,0.0,0.0,0.0,23.9,16.7,1.6,8.1
2025-05-31,11.7,0.0,0.0,19.4,11.7,4.0,16.1
2025-06-01,0.0,0.0,0.0,18.9,10.0,3.0,11.6
2025-06-02,0.0,0.0,0.0,21.7,11.7,1.0,8.1
2025-06-03,0.0,0.0,0.0,26.1,13.3,0.8,7.6
2025-06-04,0.0,0.0,0.0,28.3,16.7,1.5,8.5
2025-06-05,0.0,0.0,0.0,30.6,21.1,1.9,8.9
2025-06-06,0.5,0.0,0.0,28.9,21.7,1.4,8.9
2025-06-07,17.8,0.0,0.0,24.4,18.9,1.3,9.4
2025-06-08,0.0,0.0,0.0,24.4,17.2,3.0,9.8
2025-06-09,0.3,0.0,0.0,17.8,16.7,2.2,9.8
2025-06-10,10.2,0.0,0.0,22.8,16.7,1.1,6.7
2025-06-11,0.0,0.0,0.0,27.2,18.3,1.4,9.8
2025-06-12,0.0,0.0,0.0,30.6,21.1,1.7,9.4
2025-06-13,0.0,0.0,0.0,25.6,19.4,2.1,8.1
2025-06-14,5.8,0.0,0.0,20.0,15.0,3.5,11.2
2025-06-15,0.8,0.0,0.0,17.8,15.0,2.0,8.9
2025-06-16,3.8,0.0,0.0,20.6,15.6,2.8,9.8
2025-06-17,0.5,0.0,0.0,19.4,16.7,1.4,5.4
2025-06-18,0.8,0.0,0.0,28.9,18.3,0.7,6.7
2025-06-19,16.5,0.0,0.0,31.1,21.1,1.8,10.7
2025-06-20,0.0,0.0,0.0,27.8,19.4,3.5,12.5
2025-06-21,0.0,0.0,0.0,30.0,22.2,0.8,8.5
2025-06-22,2.5,0.0,0.0,31.1,21.7,2.3,12.5
2025-06-23,0.0,0.0,0.0,35.6,26.7,0.9,7.2
2025-06-24,0.0,0.0,0.0,37.2,27.2,1.3,8.9
2025-06-25,0.0,0.0,0.0,35.6,27.2,1.2,9.4
2025-06-26,0.0,0.0,0.0,29.4,18.9,4.3,15.2
2025-06-27,1.8,0.0,0.0,22.2,16.7,2.8,9.4
2025-06-28,1.3,0.0,0.0,28.3,17.2,0.8,8.5
2025-06-29,0.0,0.0,0.0,31.7,25.0,1.7,9.8
2025-06-30,0.0,0.0,0.0,32.2,21.7,1.5,9.8
2025-07-01,10.9,0.0,0.0,31.7,22.2,1.2,8.9
2025-07-02,0.8,0.0,0.0,28.9,21.7,0.5,6.7
2025-07-03,0.0,0.0,0.0,31.1,20.6,1.3,14.8
2025-07-04,0.0,0.0,0.0,28.3,19.4,1.6,8.5
2025-07-05,0.0,0.0,0.0,28.9,20.0,1.4,7.6
2025-07-06,0.0,0.0,0.0,30.6,22.2,2.2,8.5
2025-07-07,0.0,0.0,0.0,30.6,24.4,1.8,9.4
2025-07-08,2.3,0.0,0.0,33.9,22.8,1.4,12.1
2025-07-09,1.3,0.0,0.0,32.2,22.8,1.0,8.1
2025-07-10,4.6,0.0,0.0,28.9,21.1,0.8,5.4
2025-07-11,0.0,0.0,0.0,28.9,22.8,1.1,7.2
2025-07-12,0.0,0.0,0.0,28.3,23.3,0.9,8.5
2025-07-13,0.0,0.0,0.0,28.3,21.7,1.6,7.2
2025-07-14,67.1,0.0,0.0,29.4,22.8,1.1,9.8
2025-07-15,0.0,0.0,0.0,30.0,22.2,0.7,6.3
2025-07-16,0.0,0.0,0.0,30.6,25.0,1.3,7.6
2025-07-17,0.0,0.0,0.0,32.2,23.9,3.0,13.0
2025-07-18,0.0,0.0,0.0,27.8,22.8,2.4,11.2
2025-07-19,0.0,0.0,0.0,27.2,20.6,1.6,8.1
2025-07-20,0.0,0.0,0.0,31.1,23.9,1.5,8.5
2025-07-21,0.0,0.0,0.0,29.4,21.7,1.9,8.5
2025-07-22,0.0,0.0,0.0,27.2,19.4,2.6,10.3
2025-07-23,0.0,0.0,0.0,26.7,20.6,1.0,10.3
2025-07-24,0.0,0.0,0.0,30.6,21.1,1.9,8.9
2025-07-25,0.3,0.0,0.0,35.0,24.4,2.0,11.6
2025-07-26,0.0,0.0,0.0,29.4,23.3,2.3,8.9
2025-07-27,0.0,0.0,0.0,28.9,22.8,1.3,7.6
2025-07-28,0.0,0.0,0.0,34.4,24.4,1.4,6.7
2025-07-29,0.0,0.0,0.0,36.1,25.6,0.9,7.2
2025-07-30,7.1,0.0,0.0,35.0,23.9,0.9,12.1
2025-07-31,8.1,0.0,0.0,31.7,18.3,3.0,13.4
2025-08-01,0.0,0.0,0.0,22.8,17.2,2.3,10.3
2025-08-02,0.0,0.0,0.0,26.7,17.2,1.3,7.2
2025-08-03,0.0,0.0,0.0,28.9,17.8,1.1,6.7
2025-08-04,0.0,0.0,0.0,31.7,19.4,0.9,5.8
2025-08-05,0.0,0.0,0.0,30.0,21.7,1.2,7.2
2025-08-06,1.5,0.0,0.0,26.1,17.8,2.1,8.5
2025-08-07,0.0,0.0,0.0,27.2,17.8,1.7,7.6
2025-08-08,0.0,0.0,0.0,27.8,17.2,0.9,7.6
2025-08-09,0.0,0.0,0.0,29.4,17.8,1.0,7.2
2025-08-10,0.0,0.0,0.0,32.2,20.6,0.9,8.5
2025-08-11,0.0,0.0,0.0,31.7,22.2,1.0,8.5
2025-08-12,0.0,0.0,0.0,32.8,21.7,1.3,9.4
2025-08-13,18.0,0.0,0.0,31.7,21.7,1.3,9.4
2025-08-14,0.0,0.0,0.0,31.7,22.8,1.2,5.8
2025-08-15,0.0,0.0,0.0,31.7,23.3,2.3,10.7
2025-08-16,0.0,0.0,0.0,28.9,23.3,1.1,7.2
2025-08-17,16.8,0.0,0.0,32.8,22.8,1.4,8.5
2025-08-18,0.0,0.0,0.0,23.9,18.9,2.6,11.2
2025-08-19,0.0,0.0,0.0,25.0,18.3,3.0,8.9
2025-08-20,13.0,0.0,0.0,21.1,14.4,3.3,12.5
2025-08-21,6.9,0.0,0.0,22.2,15.0,4.4,14.3
2025-08-22,0.0,0.0,0.0,28.3,14.4,2.2,9.4
2025-08-23,0.0,0.0,0.0,27.8,19.4,2.6,10.7
2025-08-24,0.0,0.0,0.0,26.7,19.4,1.1,10.3
2025-08-25,0.0,0.0,0.0,30.0,21.1,1.5,12.5
2025-08-26,0.0,0.0,0.0,26.1,17.2,2.2,8.5
2025-08-27,0.0,0.0,0.0,23.9,16.1,2.1,10.3
2025-08-28,0.0,0.0,0.0,25.6,16.1,0.8,9.8
2025-08-29,0.0,0.0,0.0,25.6,18.3,1.8,9.8
2025-08-30,0.0,0.0,0.0,24.4,13.9,1.1,8.5
2025-08-31,0.0,0.0,0.0,26.1,15.0,1.4,8.5
2025-09-01,0.0,0.0,0.0,25.6,17.8,1.9,9.8
2025-09-02,0.0,0.0,0.0,26.1,16.7,1.7,8.0
2025-09-03,0.0,0.0,0.0,26.1,16.1,1.1,8.0
2025-09-04,10.2,0.0,0.0,25.0,17.8,1.6,13.4
2025-09-05,4.3,0.0,0.0,27.8,18.9,1.0,8.0
2025-09-06,25.7,0.0,0.0,30.0,18.3,1.7,13.4
2025-09-07,16.0,0.0,0.0,20.6,15.0,0.4,7.2
2025-09-08,0.0,0.0,0.0,22.8,13.3,1.4,9.8
2025-09-09,0.0,0.0,0.0,22.8,14.4,3.0,10.3
2025-09-10,2.0,0.0,0.0,22.8,15.6,2.7,9.4
2025-09-11,0.0,0.0,0.0,26.1,16.1,1.5,8.9
2025-09-12,0.0,0.0,0.0,25.6,17.2,1.3,8.5
2025-09-13,0.0,0.0,0.0,25.0,17.8,1.0,8.5
2025-09-14,0.0,0.0,0.0,27.2,17.8,0.4,6.3
2025-09-15,0.0,0.0,0.0,26.1,18.9,2.2,9.4
2025-09-16,0.0,0.0,0.0,23.3,18.9,3.1,11.6
2025-09-17,0.0,0.0,,21.1,17.2,3.6,12.1
2025-09-18,0.3,0.0,0.0,28.3,17.8,0.9,7.2
2025-09-19,0.0,0.0,0.0,28.9,20.0,1.8,10.7
2025-09-20,0.0,0.0,0.0,22.8,16.1,2.8,12.1
2025-09-21,0.0,0.0,0.0,21.7,14.4,1.9,8.9
2025-09-22,0.0,0.0,0.0,22.8,13.9,0.8,7.2
2025-09-23,0.0,0.0,0.0,28.3,18.3,1.4,8.0
2025-09-24,2.0,0.0,0.0,26.7,21.1,1.2,7.2
2025-09-25,6.9,0.0,0.0,25.0,21.1,1.3,8.9
2025-09-26,0.0,0.0,0.0,27.8,20.0,1.2,8.5
2025-09-27,0.3,0.0,0.0,26.1,18.9,0.5,4.5
2025-09-28,2.5,0.0,0.0,28.3,17.8,0.9,6.3
2025-09-29,0.0,0.0,0.0,25.6,19.4,1.8,8.5
2025-09-30,0.0,0.0,0.0,27.2,17.8,2.0,10.7
2025-10-01,0.0,0.0,0.0,20.6,13.3,3.4,11.6
2025-10-02,0.0,0.0,0.0,18.9,11.7,2.1,10.3
2025-10-03,0.0,0.0,0.0,21.7,12.2,1.1,7.6
2025-10-04,0.0,0.0,0.0,27.8,14.4,0.7,7.6
2025-10-05,0.0,0.0,0.0,28.9,17.8,0.3,8.0
2025-10-06,0.0,0.0,0.0,26.7,17.8,1.3,9.4
2025-10-07,0.0,0.0,0.0,26.7,18.9,1.7,10.3
2025-10-08,6.9,0.0,0.0,22.2,13.3,2.2,13.4
2025-10-09,0.0,0.0,0.0,15.0,8.9,3.0,13.0
2025-10-10,0.0,0.0,0.0,16.7,7.8,1.4,8.0
2025-10-11,2.3,0.0,0.0,17.8,14.4,2.3,11.2
2025-10-12,16.8,0.0,0.0,17.2,12.8,5.2,16.1
2025-10-13,22.9,0.0,0.0,14.4,11.7,5.5,17.4
2025-10-14,0.0,0.0,0.0,16.1,11.7,3.0,11.2
2025-10-15,0.0,0.0,0.0,20.0,11.1,1.8,10.3
2025-10-16,0.0,0.0,0.0,16.1,7.8,2.3,10.7
2025-10-17,0.0,0.0,0.0,17.2,8.3,2.0,11.6
2025-10-18,0.0,0.0,0.0,18.3,8.9,0.8,7.2
2025-10-19,0.0,0.0,0.0,21.1,12.8,2.1,12.1
2025-10-20,0.3,0.0,0.0,20.0,12.2,3.0,15.6
2025-10-21,0.8,0.0,0.0,18.9,10.0,1.9,9.8
2025-10-22,6.9,0.0,0.0,16.7,11.7,2.4,14.3
2025-10-23,0.0,0.0,0.0,15.6,10.0,2.2,9.8
2025-10-24,0.0,0.0,0.0,15.0,7.8,2.3,7.6
2025-10-25,0.0,0.0,0.0,14.4,7.2,1.7,9.8
2025-10-26,0.0,0.0,0.0,15.0,8.9,1.7,7.6
2025-10-27,0.0,0.0,0.0,12.8,6.1,2.1,7.6
2025-10-28,0.0,0.0,0.0,12.2,6.1,4.2,13.9
2025-10-29,0.5,0.0,0.0,13.3,8.9,3.9,10.7
2025-10-30,46.5,0.0,0.0,17.2,10.0,3.7,14.3
2025-10-31,0.0,0.0,0.0,14.4,10.6,4.2,19.7
2025-11-01,0.0,0.0,0.0,14.4,8.9,3.5,14.8
2025-11-02,0.0,0.0,0.0,15.0,6.1,0.9,6.7
2025-11-03,1.0,0.0,0.0,15.0,10.0,1.3,12.5
2025-11-04,0.0,0.0,0.0,15.0,8.3,3.7,15.6
2025-11-05,0.0,0.0,0.0,18.9,8.9,2.2,19.2
2025-11-06,0.0,0.0,0.0,13.9,5.6,3.3,15.6
2025-11-07,0.0,0.0,0.0,16.1,5.0,1.3,10.3
2025-11-08,4.1,0.0,0.0,18.3,12.2,1.9,9.4
2025-11-09,4.8,0.0,0.0,17.2,12.2,1.4,9.8
2025-11-10,5.6,0.0,0.0,15.0,1.7,2.8,13.4
2025-11-11,0.0,0.0,0.0,5.0,0.6,4.2,17.9
2025-11-12,0.0,0.0,0.0,10.0,3.3,2.4,12.5
2025-11-13,0.3,0.0,0.0,10.6,5.6,3.2,14.8
2025-11-14,0.0,0.0,0.0,10.6,4.4,2.5,10.3
2025-11-15,1.8,0.0,0.0,10.0,4.4,1.3,8.9
2025-11-16,1.5,0.0,0.0,13.3,5.0,4.7,17.0
2025-11-17,0.0,0.0,0.0,6.7,2.8,4.8,18.3
2025-11-18,0.0,0.0,0.0,7.2,2.8,2.7,12.1
2025-11-19,4.3,0.0,0.0,8.3,3.9,1.5,5.8
2025-11-20,0.0,0.0,0.0,8.3,3.3,1.3,6.3
2025-11-21,0.0,0.0,0.0,11.1,6.7,1.6,7.6
2025-11-22,5.1,0.0,0.0,11.1,4.4,1.4,9.8
2025-11-23,0.0,0.0,0.0,9.4,2.2,1.5,11.6
2025-11-24,0.0,0.0,0.0,11.1,6.1,1.7,12.1
2025-11-25,18.8,0.0,0.0,14.4,7.8,1.4,10.3
2025-11-26,3.0,0.0,0.0,15.0,9.4,2.9,13.0
2025-11-27,0.0,0.0,0.0,9.4,2.2,3.7,13.0
2025-11-28,0.0,0.0,0.0,6.1,0.6,3.2,16.5
2025-11-29,0.0,0.0,0.0,5.6,0.0,2.7,10.7
2025-11-30,2.8,0.0,0.0,8.3,2.8,1.9,11.2
2025-12-01,0.0,0.0,0.0,6.1,1.1,2.4,11.6
2025-12-02,19.8,0.0,0.0,4.4,1.1,2.6,12.1
2025-12-03,0.0,0.0,0.0,5.0,-0.6,2.8,11.2
2025-12-04,0.0,0.0,0.0,5.0,-4.4,2.6,14.8
2025-12-05,0.0,0.0,0.0,0.0,-6.7,2.4,7.6
2025-12-06,0.5,0.0,0.0,5.6,-1.1,1.7,9.8
2025-12-07,0.0,0.0,0.0,6.1,1.1,1.7,9.8
2025-12-08,0.0,0.0,0.0,3.3,-5.6,3.6,13.0
2025-12-09,0.0,0.0,0.0,1.7,-7.2,2.1,13.4
2025-12-10,1.8,0.0,0.0,8.3,0.0,3.1,13.4
2025-12-11,0.0,0.0,0.0,5.0,-2.2,4.8,20.1
2025-12-12,0.0,0.0,0.0,1.7,-3.9,3.6,12.5
2025-12-13,0.8,0.0,0.0,5.0,-2.8,1.8,10.7
2025-12-14,13.0,74.0,25.0,0.6,-7.2,3.0,13.4
2025-12-15,0.0,0.0,51.0,-1.7,-7.2,4.0,13.0
2025-12-16,0.0,0.0,51.0,0.0,-4.4,2.4,10.3
2025-12-17,0.0,0.0,51.0,8.3,-1.1,2.3,9.8
2025-12-18,0.5,0.0,25.0,10.0,2.2,2.0,9.4
2025-12-19,29.5,0.0,0.0,14.4,0.0,4.6,20.6
2025-12-20,0.0,0.0,0.0,3.3,-1.1,3.1,15.2
2025-12-21,0.0,0.0,0.0,7.8,-1.7,4.1,17.0
2025-12-22,0.0,0.0,0.0,3.9,-2.2,3.0,10.3
2025-12-23,5.6,0.0,0.0,4.4,1.7,1.8,11.2
2025-12-24,0.0,0.0,0.0,7.8,1.7,3.6,18.3
2025-12-25,0.0,0.0,0.0,9.4,-1.7,2.8,14.8
2025-12-26,6.9,43.0,0.0,-1.7,-6.7,2.2,8.9
2025-12-27,5.6,66.0,102.0,-0.6,-3.9,2.9,12.5
2025-12-28,0.0,0.0,102.0,3.9,-5.6,1.5,7.6
2025-12-29,2.0,0.0,51.0,9.4,-0.6,3.0,22.4
2025-12-30,0.0,0.0,0.0,0.6,-2.8,5.7,17.0
2025-12-31,0.0,0.0,0.0,0.6,-2.8,3.2,13.0
2026-01-01,0.5,13.0,25.0,2.2,-5.6,4.3,17.4
2026-01-02,0.0,0.0,0.0,-1.1,-6.7,2.8,10.3
2026-01-03,0.0,0.0,0.0,-1.1,-5.0,2.5,9.8
2026-01-04,0.0,0.0,0.0,1.7,-3.3,2.2,9.4
2026-01-05,0.0,0.0,0.0,3.9,-1.7,1.7,13.9
2026-01-06,0.3,0.0,0.0,5.6,1.7,1.8,8.0
2026-01-07,0.3,0.0,0.0,9.4,2.8,2.6,12.5
2026-01-08,0.0,0.0,0.0,10.0,5.6,2.5,9.4
2026-01-09,0.3,0.0,0.0,12.2,3.9,0.8,11.6
2026-01-10,9.4,0.0,0.0,11.1,3.9,,
2026-01-11,0.3,0.0,0.0,8.3,1.1,5.2,15.2
2026-01-12,0.0,0.0,0.0,5.0,-0.6,3.7,16.1
2026-01-13,0.0,0.0,0.0,8.9,1.7,2.1,13.9
2026-01-14,0.0,0.0,0.0,11.1,7.2,2.1,9.4
2026-01-15,0.0,0.0,0.0,8.3,-4.4,3.9,16.5
2026-01-16,0.0,0.0,0.0,1.1,-5.6,3.8,13.4
2026-01-17,4.3,25.0,0.0,3.9,-0.6,1.9,8.9
2026-01-18,7.1,25.0,25.0,2.2,-1.1,1.8,9.4
2026-01-19,0.0,0.0,25.0,0.0,-5.6,3.3,13.9
2026-01-20,0.0,0.0,25.0,-3.3,-8.9,3.9,13.4
2026-01-21,0.0,0.0,25.0,4.4,-8.3,2.1,10.7
2026-01-22,0.0,0.0,25.0,8.3,2.8,2.4,14.8
2026-01-23,0.0,0.0,0.0,3.3,-10.0,4.1,17.0
2026-01-24,0.0,0.0,0.0,-8.3,-12.8,3.4,13.9
2026-01-25,45.7,290.0,25.0,-5.6,-12.2,4.4,13.9
2026-01-26,0.5,0.0,229.0,-2.8,-8.3,2.8,16.5
2026-01-27,0.0,0.0,203.0,-5.6,-9.4,3.8,14.8
2026-01-28,0.0,0.0,203.0,-5.0,-10.0,2.9,10.7
2026-01-29,0.0,0.0,178.0,-5.0,-11.7,3.0,10.3
2026-01-30,0.0,0.0,178.0,-7.8,-12.8,3.7,12.5
2026-01-31,0.0,0.0,178.0,-4.4,-12.2,2.5,14.8
2026-02-01,0.0,0.0,152.0,-4.4,-12.2,4.5,15.6
2026-02-02,0.0,0.0,152.0,1.7,-10.0,3.7,11.2
2026-02-03,0.0,0.0,152.0,0.6,-5.0,2.1,8.0
2026-02-04,0.0,0.0,152.0,0.6,-3.3,2.0,9.8
2026-02-05,0.0,0.0,152.0,0.0,-6.7,1.5,6.7
2026-02-06,0.5,3.0,152.0,0.6,-5.0,2.4,8.5
2026-02-07,0.0,0.0,152.0,-2.8,-14.4,6.6,20.6
2026-02-08,0.0,0.0,152.0,-7.8,-16.1,5.6,17.0
2026-02-09,0.0,0.0,127.0,-0.6,-12.2,2.6,10.7
2026-02-10,0.0,0.0,127.0,2.8,-4.4,1.3,8.5
2026-02-11,1.5,0.0,127.0,5.0,0.6,3.2,13.0
2026-02-12,0.0,0.0,102.0,2.2,-2.8,4.9,14.3
2026-02-13,0.0,0.0,102.0,3.3,-5.6,2.3,10.7
2026-02-14,0.0,0.0,51.0,7.8,-1.7,1.7,8.9
2026-02-15,0.5,10.0,51.0,4.4,0.0,2.1,9.4
2026-02-16,1.0,18.0,25.0,3.9,-1.7,3.1,12.1
2026-02-17,0.0,0.0,0.0,8.3,1.7,1.8,9.4
2026-02-18,2.5,0.0,0.0,5.0,2.8,1.6,7.6
2026-02-19,0.0,0.0,0.0,5.6,2.2,3.0,8.9
2026-02-20,9.7,0.0,0.0,2.8,1.1,4.2,17.0
2026-02-21,0.0,0.0,0.0,7.8,2.2,2.0,8.9
2026-02-22,21.1,224.0,0.0,3.9,-1.1,5.1,17.4
2026-02-23,26.9,277.0,356.0,1.7,-2.2,4.4,18.8
2026-02-24,0.0,0.0,356.0,-0.6,-5.0,3.2,12.1
2026-02-25,2.3,36.0,279.0,6.7,-3.3,2.6,9.8
2026-02-26,0.0,0.0,178.0,9.4,1.7,1.7,8.5
2026-02-27,0.0,0.0,102.0,6.7,-1.7,1.8,7.6
2026-02-28,0.0,0.0,25.0,12.2,0.6,1.0,8.9
2026-03-01,0.3,0.0,0.0,6.1,-1.1,1.9,8.9
2026-03-02,0.0,0.0,0.0,0.6,-6.1,2.5,9.8
2026-03-03,8.6,0.0,0.0,2.2,-1.7,2.0,6.7
2026-03-04,0.5,0.0,0.0,9.4,1.7,1.3,6.7
2026-03-05,36.1,0.0,0.0,7.8,2.8,2.6,13.0
2026-03-06,4.1,0.0,0.0,5.0,2.8,3.5,13.0
2026-03-07,0.0,0.0,0.0,11.1,2.2,1.3,8.5
2026-03-08,0.0,0.0,0.0,20.6,10.0,2.4,8.9
2026-03-09,0.0,0.0,0.0,22.8,10.6,1.5,9.8
2026-03-10,0.0,0.0,0.0,26.7,10.6,1.5,8.9
2026-03-11,9.4,0.0,0.0,22.2,11.7,1.9,8.0
2026-03-12,2.0,0.0,0.0,17.2,1.1,3.1,15.6
2026-03-13,0.0,0.0,0.0,5.6,0.0,2.6,14.3
2026-03-14,0.0,0.0,0.0,10.6,3.3,3.7,17.9
2026-03-15,0.0,0.0,0.0,8.9,1.7,3.4,10.7
2026-03-16,15.0,0.0,0.0,13.9,8.9,4.1,15.2
2026-03-17,0.0,0.0,0.0,8.9,-1.7,4.7,15.6
2026-03-18,0.0,0.0,0.0,2.8,-3.9,2.7,10.3
2026-03-19,0.0,0.0,0.0,6.7,0.0,1.4,7.2
2026-03-20,0.8,0.0,0.0,13.9,3.9,2.0,8.9
2026-03-21,0.0,0.0,0.0,15.0,7.8,2.5,10.7
2026-03-22,3.8,0.0,0.0,17.2,6.7,2.3,10.3
2026-03-23,10.2,0.0,0.0,10.0,1.1,3.0,11.6
2026-03-24,0.0,0.0,0.0,8.9,0.0,2.6,10.3
2026-03-25,0.0,0.0,0.0,12.2,3.3,2.1,13.0
2026-03-26,0.5,0.0,0.0,24.4,7.2,2.6,10.7
2026-03-27,0.0,0.0,0.0,18.3,5.0,3.0,11.6
2026-03-28,0.0,0.0,0.0,6.7,-0.6,3.0,14.8
2026-03-29,0.0,0.0,0.0,12.2,1.1,2.0,11.2
2026-03-30,0.0,0.0,0.0,22.8,8.3,2.6,13.4
2026-03-31,0.3,0.0,0.0,27.2,15.6,3.3,13.0
2026-04-01,2.3,0.0,0.0,26.7,10.6,3.4,13.9
2026-04-02,1.8,0.0,0.0,10.6,5.0,4.6,15.6
2026-04-03,0.0,0.0,0.0,18.9,5.0,1.6,9.4
2026-04-04,0.0,0.0,0.0,22.8,5.6,3.3,14.3
2026-04-05,4.8,0.0,0.0,13.9,5.6,2.6,13.0
2026-04-06,0.0,0.0,0.0,13.3,5.0,3.5,14.8
2026-04-07,0.0,0.0,0.0,13.3,0.0,3.8,15.6
2026-04-08,0.0,0.0,0.0,10.6,-1.1,2.7,13.0
2026-04-09,0.0,0.0,0.0,10.6,1.7,1.9,9.8
2026-04-10,0.0,0.0,0.0,17.2,4.4,1.6,9.4
2026-04-11,0.0,0.0,0.0,17.2,9.4,2.8,12.5
2026-04-12,0.0,0.0,0.0,12.8,6.1,2.6,11.2
2026-04-13,0.0,0.0,0.0,26.1,9.4,1.7,12.1
2026-04-14,0.0,0.0,0.0,30.6,17.8,2.1,13.0
2026-04-15,0.0,0.0,0.0,32.2,19.4,2.2,10.7
2026-04-16,0.0,0.0,0.0,31.7,21.7,1.2,12.1
2026-04-17,6.9,0.0,0.0,27.2,15.0,2.2,10.3
2026-04-18,0.0,0.0,0.0,18.9,9.4,2.3,9.4
2026-04-19,1.3,0.0,0.0,11.7,5.0,2.5,14.8
2026-04-20,0.0,0.0,0.0,10.6,3.9,1.8,10.7
2026-04-21,0.0,0.0,0.0,12.2,1.1,1.7,9.8
2026-04-22,1.5,0.0,0.0,13.3,6.7,2.6,9.8
2026-04-23,0.0,0.0,0.0,22.8,7.2,1.5,9.4
2026-04-24,0.0,0.0,0.0,20.0,10.0,1.9,8.5
2026-04-25,34.5,0.0,0.0,10.0,5.0,2.7,8.9
2026-04-26,0.8,0.0,0.0,13.9,5.6,3.0,9.4
2026-04-27,0.0,0.0,0.0,20.0,7.2,1.6,9.4
2026-04-28,0.0,0.0,0.0,18.3,9.4,1.0,8.0
2026-04-29,5.1,0.0,0.0,16.7,8.9,1.5,9.4
2026-04-30,4.1,0.0,0.0,15.6,8.3,1.3,10.3
2026-05-01,0.0,0.0,0.0,17.8,7.8,1.4,9.4
2026-05-02,0.5,0.0,0.0,16.1,9.4,1.7,8.0
2026-05-03,0.0,0.0,0.0,15.0,7.2,3.4,13.4
2026-05-04,0.0,0.0,0.0,22.2,10.0,1.8,11.6
2026-05-05,0.0,0.0,0.0,27.2,15.0,1.6,12.1
2026-05-06,8.1,0.0,0.0,21.7,12.8,1.8,12.1
2026-05-07,4.1,0.0,0.0,17.8,9.4,2.1,9.4
2026-05-08,0.3,0.0,0.0,17.2,7.8,1.7,13.0
2026-05-09,6.1,0.0,0.0,18.3,11.1,0.9,9.4
2026-05-10,0.3,0.0,0.0,22.8,11.1,1.1,10.3
2026-05-11,0.0,0.0,0.0,16.1,11.7,2.2,11.2
2026-05-12,0.0,0.0,0.0,18.9,7.8,1.8,8.9
2026-05-13,0.3,0.0,0.0,22.2,12.2,2.0,10.7
2026-05-14,0.3,0.0,0.0,18.9,11.7,1.7,9.4
2026-05-15,0.0,0.0,0.0,18.9,10.0,2.0,9.4
2026-05-16,0.0,0.0,0.0,26.7,12.8,1.3,10.3
2026-05-17,0.0,0.0,0.0,30.6,18.9,2.1,8.9
2026-05-18,0.0,0.0,0.0,31.1,21.7,1.7,11.2
2026-05-19,0.0,0.0,0.0,33.9,22.8,2.1,12.5
2026-05-20,2.3,0.0,0.0,33.3,18.9,2.4,10.7
2026-05-21,3.8,0.0,0.0,18.9,12.8,1.5,9.4
2026-05-22,0.0,0.0,0.0,20.0,13.3,3.2,14.3
2026-05-23,19.0,0.0,0.0,13.9,9.4,2.9,11.6
2026-05-24,27.9,0.0,0.0,13.3,10.0,3.1,10.7
2026-05-25,4.6,0.0,0.0,22.8,12.8,0.9,5.8
2026-05-26,0.0,0.0,0.0,26.1,15.0,1.2,7.6
2026-05-27,0.0,0.0,0.0,27.2,20.0,2.1,9.4
2026-05-28,0.0,0.0,0.0,23.9,16.1,2.1,13.9
2026-05-29,0.0,0.0,0.0,23.9,13.9,1.9,12.1
2026-05-30,0.0,0.0,0.0,20.6,10.6,3.6,17.4
2026-05-31,0.0,0.0,,23.9,10.0,1.6,11.2
2026-06-01,0.0,0.0,,21.7,11.7,1.8,11.2
2026-06-02,0.0,0.0,0.0,24.4,11.1,2.1,10.3
2026-06-03,0.0,0.0,0.0,28.3,16.1,1.4,7.6
2026-06-04,0.0,0.0,0.0,30.0,17.8,1.0,7.6
2026-06-05,0.0,0.0,0.0,31.1,18.9,0.8,7.2
2026-06-06,6.6,0.0,0.0,30.6,18.9,2.3,23.2
2026-06-07,1.0,0.0,0.0,27.2,18.9,2.6,11.6
2026-06-08,0.0,0.0,0.0,23.9,17.2,2.8,11.6
2026-06-09,0.0,0.0,,26.1,16.1,1.9,9.8
2026-06-10,0.0,0.0,0.0,27.8,20.6,0.9,8.0
2026-06-11,5.3,0.0,0.0,32.8,22.2,1.2,10.7
2026-06-12,22.9,0.0,0.0,32.2,22.2,2.0,18.8
2026-06-13,0.0,0.0,0.0,29.4,21.1,1.1,9.4
2026-06-14,6.4,0.0,0.0,30.6,21.1,1.3,8.9
2026-06-15,0.5,0.0,0.0,23.3,16.7,3.1,14.3
2026-06-16,0.0,0.0,0.0,24.4,13.9,1.3,8.0
2026-06-17,0.0,0.0,0.0,25.6,17.2,1.7,10.3
2026-06-18,0.0,0.0,0.0,30.0,20.0,2.8,15.6
2026-06-19,0.0,0.0,0.0,27.2,20.6,3.2,13.4
2026-06-20,0.0,0.0,0.0,27.2,18.9,3.3,13.4
2026-06-21,0.0,0.0,0.0,27.8,18.3,1.4,6.7
2026-06-22,31.5,0.0,0.0,22.8,19.4,1.8,9.8
2026-06-23,1.5,0.0,0.0,21.7,18.9,1.9,8.0
2026-06-24,0.0,0.0,0.0,27.8,17.8,1.7,8.5
2026-06-25,0.0,0.0,0.0,28.3,18.9,1.4,9.4
2026-06-26,6.9,0.0,0.0,26.7,18.9,0.9,7.6
2026-06-27,3.6,0.0,0.0,25.6,20.0,0.8,5.8
2026-06-28,0.0,0.0,0.0,27.8,20.0,0.7,6.7
2026-06-29,0.0,0.0,0.0,31.1,20.0,1.0,7.2
2026-06-30,0.0,0.0,0.0,30.6,22.8,2.7,9.4
2026-07-01,0.0,0.0,0.0,33.9,23.9,1.3,8.9
2026-07-02,0.0,0.0,0.0,37.8,27.8,1.8,7.6
2026-07-03,3.3,0.0,0.0,36.7,22.2,2.1,16.1
2026-07-04,4.6,0.0,0.0,34.4,22.2,1.8,11.6
2026-07-05,3.3,0.0,0.0,27.2,20.6,1.7,8.5
2026-07-06,26.2,0.0,0.0,20.6,17.8,4.2,15.6
2026-07-07,0.5,0.0,0.0,21.1,17.2,2.8,12.1
2026-07-08,0.0,0.0,0.0,29.4,17.8,1.4,8.5
2026-07-09,1.3,0.0,0.0,27.8,21.7,2.2,10.3
2026-07-10,0.0,0.0,0.0,29.4,22.8,1.5,8.5
2026-07-11,0.5,0.0,0.0,27.8,21.1,2.2,8.9
2026-07-12,0.0,0.0,0.0,28.9,20.6,1.0,6.3
2026-07-13,0.0,0.0,0.0,28.9,21.1,1.7,7.6
2026-07-14,0.0,0.0,0.0,32.2,22.2,2.7,11.2
2026-07-15,6.9,0.0,0.0,35.0,23.9,2.4,14.3
2026-07-16,0.0,0.0,0.0,29.4,23.3,1.7,9.8
2026-07-17,0.0,0.0,0.0,30.0,21.1,1.3,7.2
2026-07-18,41.1,0.0,0.0,24.4,20.6,1.2,9.4
2026-07-19,0.0,0.0,0.0,26.1,20.0,2.3,14.3
2026-07-20,0.0,0.0,0.0,27.2,17.2,1.3,8.5
2026-07-21,6.1,0.0,0.0,27.2,21.7,1.7,11.2
2026-07-22,0.0,0.0,0.0,29.4,21.7,3.0,10.7
2026-07-23,0.0,0.0,0.0,26.1,17.8,1.4,7.2
2026-07-24,0.0,0.0,0.0,28.3,18.3,1.1,8.0
2026-07-25,0.0,0.0,0.0,27.2,18.3,1.7,8.0
2026-07-26,0.0,0.0,0.0,29.4,17.8,0.7,7.2
2026-07-27,7.1,0.0,0.0,28.3,20.0,0.7,8.5
2026-07-28,8.6,0.0,0.0,26.1,20.6,1.0,9.8
2026-07-29,10.2,0.0,0.0,26.7,20.6,1.4,8.9
2026-07-30,3.8,0.0,0.0,23.3,18.9,1.5,9.8
2026-07-31,0.8,0.0,0.0,29.4,19.4,0.6,8.0
2026-08-01,0.0,0.0,0.0,30.0,22.2,1.6,8.9
2026-08-02,1.8,0.0,0.0,28.3,23.9,1.5,8.9
2026-08-03,49.0,0.0,0.0,26.7,21.7,2.1,10.7
2026-08-04,0.0,0.0,0.0,28.9,18.9,0.9,6.3
2026-08-05,1.8,0.0,0.0,28.3,21.1,0.5,8.5
2026-08-06,3.8,0.0,0.0,31.1,23.9,1.2,8.9
2026-08-07,23.4,0.0,0.0,32.8,22.2,0.8,16.5
2026-08-08,0.0,0.0,0.0,30.6,21.7,1.6,11.2
2026-08-09,0.0,0.0,0.0,31.1,23.9,1.4,8.9
