{"type": "FeatureCollection", "features": [{"type": "Feature", "geometry": {"type": "MultiLineString", "coordinates": [[[-73.97940729583401, 40.64344286268116], [-73.9795902684882, 40.644575574669076], [-73.97963335653965, 40.64484210638195], [-73.979710696161, 40.64530976819874], [-73.97972052602925, 40.64537059161013], [-73.97973202469548, 40.64544209801518], [-73.97974209514503, 40.64550586113027], [-73.97974597918325, 40.645531388308825], [-73.97975069009901, 40.645563283532425], [-73.979758672454, 40.64562076072143], [-73.97976424432971, 40.64566550168623], [-73.97976571790029, 40.645678265192515], [-73.97976783815683, 40.64569745160775], [-73.97977110766237, 40.64572942891987], [-73.97977283153494, 40.6457486152652], [-73.97977444729456, 40.64576782903929], [-73.97977588288737, 40.645787015333816], [-73.9797771382965, 40.645806229044425], [-73.97977910859657, 40.645844628922575], [-73.97977960921376, 40.64585741970517], [-73.97978010749382, 40.64587792333104], [-73.97978024345842, 40.64590490458396], [-73.979780020243, 40.6459280156279], [-73.97977925416869, 40.64595881197212], [-73.97977867293706, 40.64597421010935], [-73.97977754884592, 40.64599729354687], [-73.97977635384808, 40.64601653427394], [-73.97977497868112, 40.646035747521445], [-73.97977306182634, 40.64605877592365], [-73.97977082065184, 40.64608180426869], [-73.97976872479086, 40.64610096249354], [-73.9797673519588, 40.64611246289768], [-73.97976594309915, 40.64612393584763], [-73.97976229540677, 40.64615069685135], [-73.97975825133008, 40.646177430337225], [-73.97975449670805, 40.646200293728214], [-73.9797511035958, 40.646219341932714], [-73.9797474942855, 40.64623833520335], [-73.97974449873439, 40.646253513331985], [-73.97974052907391, 40.64627247909102], [-73.97973720921695, 40.64628760226661], [-73.97973374521655, 40.64630272541669], [-73.97973107515465, 40.64631403345661], [-73.97972454471345, 40.646340409680654], [-73.97971963816853, 40.64635921058659], [-73.97971346925047, 40.64638171672804], [-73.97970704810446, 40.64640414048113], [-73.9797002666069, 40.64642653672239], [-73.97969323288079, 40.646448850575055], [-73.97968591088203, 40.64647110948064], [-73.97967956299313, 40.6464895807559], [-73.97967170049301, 40.64651170232582], [-73.97966629066833, 40.6465264134119], [-73.97965936623217, 40.64654477479258], [-73.97965170277791, 40.646564066523844], [-73.97964426650796, 40.64658282031708], [-73.97963937528417, 40.64659851687108], [-73.97962941201014, 40.64662020713476], [-73.97962094897744, 40.646638087903234], [-73.97961313152162, 40.646654192910226], [-73.97960610383936, 40.64666834926006], [-73.97959709671065, 40.64668604877441], [-73.97957935313347, 40.646720053498754], [-73.97957098806869, 40.64673565611004], [-73.97956231670891, 40.6467512174945], [-73.97955242319324, 40.646768540812296], [-73.97954128592717, 40.64678753273655], [-73.9795288580783, 40.6468081411078], [-73.97951724160899, 40.6468268529764], [-73.97950868979025, 40.64684030638389], [-73.97949547285143, 40.64686054406493], [-73.97948084643183, 40.64688231857195], [-73.97946706740868, 40.64690225971271], [-73.97945183205893, 40.646923729436196], [-73.97943258800605, 40.64695008964572], [-73.97941796946134, 40.64696956950661], [-73.97940305544698, 40.6469889422661], [-73.97938529722153, 40.64701146003617], [-73.9793645830989, 40.647037023983195], [-73.97934885838636, 40.64705594370067], [-73.97933285621733, 40.6470747700435], [-73.97931386572353, 40.64709662059844], [-73.97929873253992, 40.64711370964453], [-73.97928627061904, 40.647127554835244], [-73.97927082396488, 40.64714446266541], [-73.97925665347674, 40.647159759535555], [-73.97924387089188, 40.647173368612336], [-73.97920599917799, 40.64721292234047], [-73.97918545210767, 40.64723394092288], [-73.97916628212447, 40.64725327994336], [-73.97914723840036, 40.647272157859796], [-73.97895043221288, 40.64745195749557], [-73.97893220753942, 40.647467198687416], [-73.97891564821171, 40.647480905847594], [-73.97889899520156, 40.647494555347734], [-73.97887894676633, 40.64751077333946], [-73.97885872897321, 40.647526922676974], [-73.97884189587742, 40.64754019884507], [-73.9788214763431, 40.64755609836354], [-73.97880105326261, 40.647571786529326], [-73.97877878115635, 40.647588605201214], [-73.97875280734777, 40.64760785231853], [-73.97873380105496, 40.64762166879154], [-73.97871460019891, 40.64763535896533], [-73.97869349267265, 40.647650132972274], [-73.97867403245606, 40.64766345803499], [-73.97865621952315, 40.64767542198743], [-73.97864012595109, 40.647686016609356], [-73.97862210409788, 40.647697662122745], [-73.97860211434198, 40.64771029538929], [-73.97857815990503, 40.64772506061089], [-73.97855780629067, 40.64773730678743], [-73.97854110752493, 40.64774713548793], [-73.97851848336036, 40.6477601607524], [-73.978495725927, 40.64777295542563], [-73.97847648634455, 40.64778352747799], [-73.97845487883072, 40.64779515308043], [-73.9784295266064, 40.647808419357204], [-73.97840617839184, 40.6478204481072], [-73.97838717692524, 40.64783008147327], [-73.97836763487099, 40.647839830015435], [-73.97834015638416, 40.64785335662687], [-73.97830347644047, 40.64787108924957], [-73.97823518784742, 40.64790337696008], [-73.97821203816606, 40.64791417604506], [-73.97819213228891, 40.647923328870334], [-73.97815201787105, 40.647941456042126], [-73.97810819485285, 40.64796090547965], [-73.97805017872498, 40.64798627818033], [-73.97723858172994, 40.64835444841222], [-73.97714737024836, 40.648394287325196], [-73.9771187780664, 40.64840690215464], [-73.97709169238414, 40.648418995768225], [-73.97705047804665, 40.648437717953804], [-73.97702826141787, 40.64844828367949], [-73.97698259567574, 40.648469442319175], [-73.97695279932105, 40.648483459450624], [-73.97692753344603, 40.64849550672881], [-73.9769067404071, 40.648505553952496], [-73.97688596172809, 40.648515741159244], [-73.97686243291176, 40.64852745939817], [-73.9768446997443, 40.648536425781494], [-73.9768227458615, 40.64854772986706], [-73.97679801656591, 40.64856069672728], [-73.97677774573775, 40.648571553744034], [-73.97676042319955, 40.648580997789566], [-73.97674316187482, 40.64859056810484], [-73.97671903411434, 40.64860424322379], [-73.97669500715571, 40.64861817911252], [-73.97667069170114, 40.648632663894396], [-73.9766514583874, 40.64864438296122], [-73.97663399476819, 40.648655256991155], [-73.97661000693952, 40.6486705460482], [-73.97658783563587, 40.6486850312485], [-73.97656912814334, 40.64869756560925], [-73.97654334478749, 40.64871531361241], [-73.97652106489974, 40.64873106137799], [-73.97650460629247, 40.64874298959016], [-73.97648520981473, 40.64875736829083], [-73.97646599704964, 40.64877193641588], [-73.97644691751846, 40.648786770808975], [-73.97642196937352, 40.648806717527286], [-73.97639738867306, 40.64882699368956], [-73.9763776958175, 40.6488437108666], [-73.976362634981, 40.64885678666483], [-73.97634775788393, 40.64886998326932], [-73.97632732559445, 40.64888853929039], [-73.97630576838289, 40.648908670581676], [-73.97628867024905, 40.64892507537255], [-73.97627182790154, 40.64894166960371], [-73.97625059088445, 40.648963206279674], [-73.97622975017597, 40.64898497908496], [-73.97621636453495, 40.64899935074774], [-73.97620198014353, 40.64901518242704], [-73.97618651767473, 40.649032597621265], [-73.97616828980861, 40.649053800041266], [-73.97615162278693, 40.64907373194735], [-73.97613592174817, 40.64909310137086], [-73.97612168790081, 40.64911109047086], [-73.97610998485106, 40.64912626943672], [-73.97609624821212, 40.649144505667245], [-73.9760816388622, 40.64916443524585], [-73.9760652229238, 40.6491874962443], [-73.97605335336998, 40.64920464592401], [-73.97604176128364, 40.649221828597604], [-73.9760313697438, 40.64923757050904], [-73.97602118719442, 40.64925336735874], [-73.9760111343185, 40.64926931794243], [-73.97599796222666, 40.64929083154988], [-73.97598504231206, 40.649312551067105], [-73.97597155955937, 40.64933607653266], [-73.97595544402505, 40.6493653188295], [-73.97594281521027, 40.64938918207839], [-73.97592981456778, 40.64941480739877], [-73.97591595518196, 40.64944333651838], [-73.9759040356139, 40.64946901970257], [-73.97589458617679, 40.649490300770985], [-73.97588255753988, 40.64951858598439], [-73.97587201082364, 40.64954465921208], [-73.97586462709376, 40.64956374762949], [-73.97585746313533, 40.649582978821265], [-73.97585064521508, 40.64960197677862], [-73.97584309464881, 40.64962397188481], [-73.97583365320175, 40.64965292736315], [-73.97582472702642, 40.64968203116714], [-73.97581698010089, 40.64970882685581], [-73.97581159259501, 40.64972849758322], [-73.97580648265523, 40.649747943296475], [-73.97580159973292, 40.64976743022903], [-73.97579685364424, 40.64978720813711], [-73.97579235625949, 40.64980685160291], [-73.97578804624372, 40.649826558237976], [-73.97578398496813, 40.64984603161866], [-73.97577884377289, 40.64987211146448], [-73.97577463357335, 40.64989479346472], [-73.97577127152476, 40.64991396781074], [-73.97576746124805, 40.64993689143573], [-73.97576386719649, 40.649959806871784], [-73.97576102408925, 40.64997895936842], [-73.9757583359356, 40.64999812836636], [-73.97575479814323, 40.65002488102044], [-73.97575106076792, 40.650055413198416], [-73.97574843969981, 40.65007837824492], [-73.97574444003523, 40.65011664791039], [-73.97574018534942, 40.65016249037789], [-73.9757376371964, 40.65019303378493], [-73.97573557693734, 40.65021975930171], [-73.97573213892737, 40.65026935680369], [-73.97572959019769, 40.65031137065783], [-73.97572549607078, 40.65039129238192], [-73.97572207225313, 40.65047116758531], [-73.97571962201326, 40.650539586269915], [-73.97571790026024, 40.650596652686026], [-73.97571660152572, 40.65064993139082], [-73.97571581867103, 40.65069182484527], [-73.9757152830541, 40.650737626922314], [-73.97571515739234, 40.65077593582879], [-73.97571541545318, 40.65082931916292], [-73.97571620769776, 40.65089034682942], [-73.97571753330328, 40.650951382842464], [-73.97571952062864, 40.65101621777396], [-73.9757212986734, 40.65106197093169], [-73.97572336862706, 40.651107729640366], [-73.97572618180233, 40.651161102532676], [-73.9757293914057, 40.651214464529076], [-73.97573247765709, 40.65126019325864], [-73.97573646569938, 40.65131354443935], [-73.97574153213844, 40.65137447693656], [-73.97574789320255, 40.651443007264206], [-73.9757536999663, 40.65149975961225], [-73.97575845214772, 40.65154293055352], [-73.97576546527581, 40.651602265994946], [-73.97577260577378, 40.651658233614256], [-73.97577887413854, 40.65170431708745], [-73.9757869444694, 40.65176023275015], [-73.97579491170332, 40.65181228648138], [-73.97580278627396, 40.65186151581115], [-73.97599698581186, 40.65305664841025], [-73.97637967246203, 40.654701760447146], [-73.97640078584222, 40.654790264771236], [-73.97641430323665, 40.654844743222064], [-73.97642082111014, 40.65487018044832], [-73.97643142799903, 40.654910193301674], [-73.97643564646593, 40.654925589645174], [-73.97643846698169, 40.65493983838349], [-73.97644097662763, 40.65495670832433], [-73.97645266759939, 40.655009064679426], [-73.97646199309118, 40.655034346025126], [-73.97646480952712, 40.655049972642026]], [[-73.97741247831357, 40.66475203173609], [-73.97740386380103, 40.6647403482678], [-73.97739319784225, 40.66473003129529], [-73.97737416146377, 40.66471106387929], [-73.97735299938319, 40.66468924696172], [-73.97734022589468, 40.66467565779353], [-73.9773264976875, 40.66466065761967], [-73.97730942950709, 40.664641454529736], [-73.97729271106087, 40.664622004476236], [-73.97727744127934, 40.66460363889385], [-73.97725905153887, 40.664580691657555], [-73.9772447118203, 40.664562109417126], [-73.97723074703012, 40.66454338452058], [-73.97721583493971, 40.664522655746445], [-73.97720445020273, 40.66450629735656], [-73.97719433018533, 40.664491333563674], [-73.97718253510392, 40.664473333712735], [-73.97717194708609, 40.66445667904151], [-73.97716160064192, 40.66443983502753], [-73.9771489236255, 40.66441845892048], [-73.97713915039944, 40.66440136249864], [-73.9771280373713, 40.664381125783], [-73.97711730284948, 40.66436081777738], [-73.97710845611378, 40.66434339765325], [-73.97709994099887, 40.6643259775944], [-73.97709210326705, 40.664309348166], [-73.97708288271187, 40.66428890870904], [-73.97707340317369, 40.6642669074207], [-73.97706610292508, 40.66424912529059], [-73.9770596600743, 40.66423274316797], [-73.97705343714564, 40.664216234829034], [-73.97704491347884, 40.66419233159734], [-73.97703684404739, 40.66416825278981], [-73.97703016862806, 40.66414690531464], [-73.97702185212529, 40.664118097203186], [-73.97701535443196, 40.664093571308975], [-73.97700942627195, 40.664068998866966], [-73.97700464332792, 40.66404739101425], [-73.97700088663515, 40.66402878889906], [-73.97699742551681, 40.664010178608436], [-73.9769942744257, 40.66399145858855], [-73.97699098742275, 40.66396967262365], [-73.97698811137126, 40.663947782439266], [-73.97698582231656, 40.663927454151164], [-73.97698414860241, 40.6639101123052], [-73.97698253362759, 40.66388967985023], [-73.97698109997557, 40.66386606897786], [-73.97698009274922, 40.66383928797147], [-73.97697966640062, 40.66381090413051], [-73.97697997536632, 40.66378252867093], [-73.97698072967283, 40.66375883589272], [-73.97698172388564, 40.663739762624914], [-73.97698312949657, 40.66371927862313], [-73.97698462417146, 40.663701830364275], [-73.97698655912154, 40.66368285060702], [-73.9769894075937, 40.66365926803852], [-73.97699250063681, 40.663637228084454], [-73.97699551692733, 40.663618251287886], [-73.97699942817486, 40.66359623894499], [-73.9770047323255, 40.66356965682376], [-73.97701065283339, 40.66354308854931], [-73.9770171932597, 40.663516657637224], [-73.97702342619502, 40.66349343530963], [-73.97702834499609, 40.663476311617565], [-73.97703349442912, 40.663459338934096], [-73.97703888534618, 40.66344240472547], [-73.97704455019674, 40.66342548155032], [-73.97705152446926, 40.663405649170635], [-73.97705830720318, 40.663387263250684], [-73.97706779170831, 40.66336298482895], [-73.97708025546684, 40.66333297864669], [-73.9770901574694, 40.663310462454106], [-73.97709773251641, 40.66329396784201], [-73.97710552018368, 40.66327758855241], [-73.97711571709621, 40.66325693612097], [-73.97712640066631, 40.663236105374764], [-73.97713583962313, 40.66321838695928], [-73.97714933948804, 40.663193988558085], [-73.97716333312408, 40.66316967808618], [-73.97717778805031, 40.66314557356249], [-73.97719051521243, 40.66312503141723], [-73.97720140650662, 40.663107974775784], [-73.97721244552922, 40.663091060891084], [-73.9772236971772, 40.66307424036986], [-73.97723514705052, 40.6630574610584], [-73.97724911752175, 40.663037484576954], [-73.97726797778095, 40.6630111741105], [-73.97728482919469, 40.662988244811785], [-73.97729947712088, 40.66296871585682], [-73.97731180624552, 40.662952515859395], [-73.97732672802212, 40.66293319830284], [-73.97734423882045, 40.662910826315326], [-73.97735940201385, 40.66289169270217], [-73.97737716863976, 40.66286951563919], [-73.97740783365172, 40.66283167939879], [-73.97745364332795, 40.662775947415895], [-73.97750300812936, 40.66271657653281], [-73.97860917706501, 40.6613907078776], [-73.9788351846217, 40.66111973290795], [-73.9789905362385, 40.66093496361775], [-73.9791341438416, 40.6607625023206], [-73.97918052760483, 40.660705943562554], [-73.97925211182037, 40.66061753616614], [-73.97928469324312, 40.66057644445286], [-73.97931458849536, 40.66053829739572], [-73.97935166292596, 40.66049039941739], [-73.97938829401527, 40.66044236410849], [-73.97941730621888, 40.66040380514888], [-73.97943652875365, 40.66037801314728], [-73.97946989697145, 40.660332741221566], [-73.97950284708418, 40.6602873402068], [-73.97953312180884, 40.6602450375627], [-73.97956308656654, 40.66020260036115], [-73.97959275579494, 40.660159962730255], [-73.97961990822266, 40.66012048114236], [-73.97965125084299, 40.66007432772952], [-73.97967340568975, 40.660041289987404], [-73.97970632440325, 40.659991543920846], [-73.97973237752197, 40.65995162020213], [-73.97975811344828, 40.659911644270714], [-73.97978573905078, 40.65986816083681], [-73.97981719442775, 40.65981785180054], [-73.97983998825885, 40.65978086165443], [-73.9798707083728, 40.65973025054839], [-73.97989893686835, 40.65968302331206], [-73.97991263658193, 40.65965950294136], [-73.97996277649916, 40.659572507651944], [-73.98000278692784, 40.6595021466907], [-73.98005264613862, 40.659412939019035], [-73.98008265717274, 40.659358010192335], [-73.98010667125575, 40.65931324424091], [-73.98012670058175, 40.65927528739521], [-73.98014456990845, 40.659240796830204], [-73.98016387115294, 40.659202773977306], [-73.98018105208085, 40.659168113111264], [-73.98019850737371, 40.65913190148902], [-73.98020693579744, 40.65911400971822], [-73.9802163020323, 40.65909371368071], [-73.98022755464858, 40.659068795756895], [-73.9802354676798, 40.65905080508321], [-73.98024421760833, 40.659030388167054], [-73.98025558265223, 40.65900304661877], [-73.98026649355732, 40.65897569126752], [-73.98027871060492, 40.658943535518574], [-73.9802875085226, 40.65891918808194], [-73.98029289060523, 40.65890371942315], [-73.98031675870165, 40.65882743508973], [-73.98032340845928, 40.6588031311989], [-73.98033035468502, 40.65877568458492], [-73.98033514710521, 40.658755291687385], [-73.98033899453705, 40.65873720424345], [-73.9803438749, 40.65871190094868], [-73.98034856852641, 40.658684267303315], [-73.9803525449251, 40.65865658138435], [-73.9803557680548, 40.65862884318569], [-73.98035825596915, 40.658600945664034], [-73.98035989279838, 40.658574708588986], [-73.98036071720743, 40.658553469619996], [-73.98036108031496, 40.658532101567545], [-73.98036104611252, 40.65851360997692], [-73.98036073353353, 40.65849801408195], [-73.98036018308827, 40.65848237971942], [-73.98035929424145, 40.65846540859106], [-73.98035764299104, 40.658442706231156], [-73.98035486173443, 40.65841418748871], [-73.98035169754876, 40.65838867695994], [-73.98034878034444, 40.6583689744284], [-73.98034520760119, 40.6583478335198], [-73.98034059048781, 40.65832382413711], [-73.98033608421947, 40.65830282854194], [-73.98033107697714, 40.658281810902594], [-73.98032566963582, 40.65826091670973], [-73.98031893319889, 40.65823714575925], [-73.98031461236636, 40.65822291058887], [-73.98030856640993, 40.65820433013554], [-73.98029992370412, 40.65817941977361], [-73.98029231048203, 40.65815898083463], [-73.9802864544622, 40.65814411410051], [-73.98027979147928, 40.65812798737347], [-73.98027040532656, 40.65810647491976], [-73.9802585550702, 40.65808106445419], [-73.98024738154069, 40.6580585882738], [-73.98023485684848, 40.658034766917694], [-73.98022332606254, 40.658013835984825], [-73.98021363939442, 40.657997052731304], [-73.98020521698723, 40.657983003495815], [-73.98019570649615, 40.65796769147332], [-73.98018426490016, 40.65794991979407], [-73.98017334188926, 40.65793356999933], [-73.9801621341007, 40.657917398565104], [-73.98014974807548, 40.65790013999337], [-73.98013415900354, 40.65787932637639], [-73.98011710334617, 40.657857494190175], [-73.98010153900208, 40.6578384289981], [-73.98008649688015, 40.657820675899416], [-73.98007432253915, 40.657806763243435], [-73.98006072489562, 40.65779171400034], [-73.9800457868086, 40.65777565718859], [-73.98003173132193, 40.65776103055875], [-73.98001385643278, 40.65774303541787], [-73.97999685333275, 40.65772647045647], [-73.97998423512472, 40.65771452572129], [-73.97996897930523, 40.65770047253394], [-73.97995227129273, 40.65768549135559], [-73.97993712335722, 40.657672283575174], [-73.97992141321717, 40.657658946689935], [-73.97990547237816, 40.65764573876689], [-73.97988938010448, 40.65763275039761], [-73.979873049931, 40.65761986628608], [-73.9798565503094, 40.65760717702191], [-73.97983644365567, 40.65759208818494], [-73.97981606303681, 40.65757719143096], [-73.9797989650027, 40.65756497690054], [-73.97978166870791, 40.65755288859264], [-73.97976417776911, 40.65754088533602], [-73.97974661829929, 40.657529074199324], [-73.97972522111698, 40.657514937554396], [-73.97970735524098, 40.657503345940114], [-73.97968568405923, 40.65748953861309], [-73.97966018954207, 40.65747355948444], [-73.97963448594778, 40.6574577395104], [-73.9796086309518, 40.657442048508415], [-73.97958264257414, 40.65742648922642], [-73.97953773578888, 40.65739995568624], [-73.97947373395981, 40.65736270035407], [-73.97942839105004, 40.657336520769896], [-73.97767462351011, 40.65632735503455], [-73.97760644736333, 40.65628785810673], [-73.97754982026777, 40.65625468462375], [-73.97750834552889, 40.65623005034574], [-73.97748211671183, 40.65621427644686], [-73.97745594922299, 40.656198365314886], [-73.9774335833282, 40.65618460134166], [-73.97741131118694, 40.656170724846405], [-73.97739280817282, 40.656159066870835], [-73.97737437367813, 40.65614730460401], [-73.9773524224291, 40.65613312074497], [-73.97733415741133, 40.65612114990169], [-73.97731601497053, 40.65610908575711], [-73.97729796627407, 40.6560969283056], [-73.97728003295207, 40.65608466108281], [-73.97726220419045, 40.65607228957619], [-73.97724099210092, 40.656057298876185], [-73.97721648680799, 40.656039636848], [-73.97719568931844, 40.656024322337565], [-73.97717838338586, 40.65601134706968], [-73.97715802209788, 40.65599576639516], [-73.97713709163469, 40.655979430789074], [-73.9771168386906, 40.65596326000079], [-73.97709682006902, 40.65594694927173], [-73.97708139905328, 40.655934122582586], [-73.97706180223558, 40.655917490792035], [-73.97704384490734, 40.6559019380243], [-73.97702604623726, 40.65588617942686], [-73.97700565358268, 40.655867708464335], [-73.97698826591262, 40.655851606845495], [-73.97696767543172, 40.655832046158444], [-73.97694736255069, 40.65581226868555], [-73.97692872157538, 40.655793622394285], [-73.97690904676847, 40.655773463517946], [-73.97689560850696, 40.655759352644104], [-73.97688108231986, 40.655743814263765], [-73.97686798291743, 40.65572951406482], [-73.97685381363351, 40.65571372048806], [-73.97683976696092, 40.65569773479958], [-73.97682047147525, 40.655675157832036], [-73.97680274333584, 40.65565381907358], [-73.97678830809781, 40.655635972338644], [-73.97677525276579, 40.65561942965161], [-73.9767584871067, 40.65559760525427], [-73.97674095438148, 40.65557410089319], [-73.97672489169446, 40.65555181825452], [-73.97670821687343, 40.65552797919861], [-73.97669656017213, 40.655510808230744], [-73.97668518098736, 40.655493640062645], [-73.9766749870393, 40.65547790216482], [-73.97666502015944, 40.6554621396091], [-73.9766542357534, 40.65544469982517], [-73.97664370004433, 40.65542722440855], [-73.97663426306396, 40.655411203948255], [-73.97662412388397, 40.655393517262134], [-73.97661331132933, 40.65537418905896], [-73.97660359750444, 40.65535631032279], [-73.9765924468179, 40.65533517049314], [-73.9765795784547, 40.65530992411974], [-73.97657037308991, 40.65529126871105], [-73.97655815002665, 40.65526556408807], [-73.9765441447564, 40.65523479772346], [-73.9765333089631, 40.65520995249715], [-73.97652434244918, 40.655188574310145], [-73.97651706859946, 40.655170704298634], [-73.97650998940308, 40.65515274374855], [-73.97650175457193, 40.655131222980415], [-73.97649248668009, 40.6551060432069], [-73.9764860923033, 40.655087964769585], [-73.97647370058311, 40.65507060149324]], [[-73.98899992542346, 40.68873851904162], [-73.98900191263449, 40.68873614500525]], [[-73.98899992542346, 40.68873851904162], [-73.98969902781667, 40.68770139812601], [-73.98989142156097, 40.68741746042806], [-73.99026530103308, 40.686869768160335], [-73.99332118271552, 40.68235966203597], [-73.99338502011074, 40.68226627209679], [-73.99344163802171, 40.68218425604702], [-73.99349219764214, 40.68211185181942], [-73.99352617680091, 40.68206367199955], [-73.9935604010773, 40.68201555256812], [-73.99361213218047, 40.6819435655573], [-73.99366428859751, 40.681871789893464], [-73.99373434466636, 40.68177636347595], [-73.99396633787624, 40.68146343061942], [-73.99403699151988, 40.68136876160145], [-73.9940887609876, 40.68129992262708], [-73.99414247024016, 40.68122918708956], [-73.9941785070831, 40.68118214351258], [-73.99421478903955, 40.68113515757658], [-73.99425122956865, 40.68108834730225], [-73.99430637698718, 40.68101826775899], [-73.99436943174734, 40.6809390951433], [-73.99443886853349, 40.68085287422407], [-73.99527441727304, 40.679825861398164], [-73.99533066938258, 40.679756272713014], [-73.9953829587941, 40.67969097666632], [-73.99542027022956, 40.67964386686821], [-73.99545719584788, 40.67959664176204], [-73.99549375728415, 40.67954926566692], [-73.9955299184853, 40.67950174132663], [-73.99556492586942, 40.679455065065206], [-73.99558478586174, 40.6794282658616], [-73.99560094283999, 40.67940625614255], [-73.99561840146424, 40.67938226748909], [-73.99563571586471, 40.67935824589021], [-73.99565295094249, 40.67933411449467], [-73.995670041795, 40.67930997485674], [-73.995686970397, 40.679285807762426], [-73.99570372593351, 40.679261599487425], [-73.99573723338575, 40.67921285355703], [-73.99575356346186, 40.679188571149936], [-73.9957817958679, 40.679145899195035], [-73.99580189388733, 40.679115048675996], [-73.99583342551284, 40.67906575917942], [-73.99584897679539, 40.67904105403501], [-73.9958643982789, 40.67901628575404], [-73.99587967193473, 40.67899149001782], [-73.9958947905529, 40.67896665859195], [-73.99590977576825, 40.67894174481606], [-73.9959246311842, 40.678916781627635], [-73.99593931714126, 40.67889178823868], [-73.99595395983806, 40.67886655605101], [-73.99597922491115, 40.67882223982225], [-73.99600204174303, 40.67878135995918], [-73.99602635135678, 40.678736876255215], [-73.99604837858351, 40.678695765794316], [-73.99607012818909, 40.67865441926899], [-73.99610056394431, 40.67859562999734], [-73.99615228771317, 40.6784947695398], [-73.99620596903299, 40.67839323390798], [-73.99621656608124, 40.67837349384413], [-73.99658247654617, 40.67760879756831], [-73.99712981210155, 40.67646717035888], [-73.99715888328684, 40.676405586577296], [-73.99718342595666, 40.676352640482314], [-73.99720350502061, 40.676308422656035], [-73.99721434678501, 40.67628410696229], [-73.99722604666918, 40.676257444505964], [-73.99724224625402, 40.67621960817942], [-73.99725056419518, 40.676199642889024], [-73.99726149615726, 40.67617280748966], [-73.9972720964365, 40.67614595286793], [-73.99728235782476, 40.6761190323625], [-73.99729229113902, 40.676092018526], [-73.99730182427538, 40.676064938804636], [-73.99731019645381, 40.67604008781217], [-73.9973167838973, 40.676019636650956], [-73.99732450714329, 40.675994623700426], [-73.997331848244, 40.67596944330925], [-73.99733757404968, 40.675948816461116], [-73.9973424020761, 40.67593053088465], [-73.99734770609528, 40.675909335857824], [-73.99735282627121, 40.67588756991341], [-73.99735801501345, 40.67586398967423], [-73.99736281079159, 40.675840398446674], [-73.99736691430894, 40.67581857209305], [-73.99737036161451, 40.67579859844713], [-73.99737354574492, 40.67577856715476], [-73.99737669389734, 40.675756620008734], [-73.99737952118964, 40.67573468932394], [-73.99738170305038, 40.67571555554966], [-73.99738448733564, 40.67568704563881], [-73.99738625471478, 40.67566505454452], [-73.9973873332913, 40.6756486957121], [-73.99738830739645, 40.67563034417083], [-73.99738926376443, 40.67560460918526], [-73.9973897730984, 40.67557879733579], [-73.99738984231136, 40.67556051713798], [-73.99738965556136, 40.67554220399701], [-73.99738905804803, 40.675518239355625], [-73.99738816123, 40.67549630858535], [-73.99738676338009, 40.67547233569131], [-73.9973851491497, 40.67545025119724], [-73.99738335458309, 40.67543023351438], [-73.99738105899058, 40.67540805019277], [-73.99737914170686, 40.67539173246332], [-73.99737597734816, 40.675367896767305], [-73.99737245247782, 40.67534411321359], [-73.99736785342972, 40.675316662616076], [-73.99736348135791, 40.675292999812704], [-73.99735847122857, 40.67526821163677], [-73.99735436935208, 40.6752494564964], [-73.99735016290428, 40.675231340886], [-73.99734527156055, 40.67521139174999], [-73.99733961600471, 40.67518972711185], [-73.99733310971963, 40.67516623992316], [-73.99732790105192, 40.675148396021214], [-73.9973212649118, 40.6751268850666], [-73.99731311117229, 40.67510175371809], [-73.99730646053872, 40.67508228487463], [-73.99729749204843, 40.6750573621087], [-73.99728884073241, 40.67503444303511], [-73.99727904667522, 40.67500981119429], [-73.99726650215105, 40.67497989559561], [-73.99725728477533, 40.67495892255138], [-73.99725024465639, 40.674943466555966], [-73.99724291974465, 40.67492785135628], [-73.99723460710614, 40.67491064690774], [-73.99722429018131, 40.67489003339975], [-73.99721090554308, 40.67486429257697], [-73.99719900965796, 40.67484236153634], [-73.99718369997929, 40.67481523729678], [-73.99717095690593, 40.67479354228308], [-73.99715569402544, 40.67476854249656], [-73.99714208574217, 40.67474701488938], [-73.99712809532252, 40.67472562999933], [-73.99711717261728, 40.67470936144494], [-73.99710712948419, 40.67469478918255], [-73.99709105901181, 40.67467208125397], [-73.99707223439987, 40.67464637870356], [-73.99705657484287, 40.674625647018466], [-73.99704439036914, 40.674609935614015], [-73.99702935442743, 40.67459101000311], [-73.99701282965835, 40.674570725687936], [-73.99699462860478, 40.67454898110629], [-73.99697334175495, 40.67452424738051], [-73.99695711975968, 40.67450584598081], [-73.99694352572045, 40.674490732889126], [-73.99692537509242, 40.674470939832645], [-73.99690616822122, 40.67445046329592], [-73.99688510121841, 40.674428435907636], [-73.996869495626, 40.674412408742484], [-73.99685369536473, 40.67439643921016], [-73.99683430822766, 40.67437714290958], [-73.99681100256458, 40.674354313971605], [-73.9967819506877, 40.67432646467465], [-73.99676332778121, 40.674308894846824], [-73.99674516990562, 40.67429197828561], [-73.99672283395242, 40.674271422030785], [-73.99670862344247, 40.67425846354181], [-73.99667226804297, 40.67422577496911], [-73.99663820897072, 40.674195652816636], [-73.99660139576694, 40.67416357354796], [-73.99656434465344, 40.674131719331896], [-73.99652106790576, 40.67409499019496], [-73.99647741627223, 40.674058420227006], [-73.99644030032617, 40.67402767760256], [-73.99640299333896, 40.67399708317783], [-73.9963688839033, 40.6739693708559], [-73.99632433473882, 40.67393354463514], [-73.99628293987163, 40.67390060874719], [-73.99624479302189, 40.673870576922525], [-73.9961994364311, 40.67383528860255], [-73.996171430136, 40.673813710995674], [-73.99614327965396, 40.67379219650692], [-73.99611498859056, 40.673770736901965], [-73.99607237537192, 40.673738736864884], [-73.99605102370785, 40.67372285760889], [-73.99602234694916, 40.67370166970052], [-73.9959828087235, 40.67367273565029], [-73.99595754218976, 40.673654418879615], [-73.99591398095586, 40.67362312690214], [-73.99587015297978, 40.67359201605361], [-73.99582980732148, 40.67356369949585], [-73.99580411905436, 40.673545846543014], [-73.99577449067755, 40.67352540511655], [-73.99574856450295, 40.67350764272011], [-73.99570753035884, 40.67347979270552], [-73.99566258495561, 40.67344964515187], [-73.99562122640454, 40.673422209555184], [-73.99559484244587, 40.673404875291375], [-73.99556455082795, 40.673385117234204], [-73.99551888450682, 40.67335562559758], [-73.9954767834027, 40.6733287580883], [-73.99545373035933, 40.67331417144301], [-73.99539979814936, 40.673280394837484], [-73.99537660092506, 40.67326601402906], [-73.99534166630903, 40.673244523772894], [-73.99531051679493, 40.673225520426946], [-73.99525964155387, 40.673194801559774], [-73.9952203739406, 40.673171365042194], [-73.99516506477272, 40.67313871637154], [-73.99511353350675, 40.67310865890276], [-73.99508576178799, 40.67309257608021], [-73.99497095480899, 40.67302671297538], [-73.99332337671927, 40.672077823335115], [-73.99327965128485, 40.67205287077688], [-73.99323578887902, 40.67202808013562], [-73.99319569342079, 40.672005694124095], [-73.99314739359897, 40.671978965374706], [-73.99310304096913, 40.671954663223524], [-73.9930626787834, 40.671932768464345], [-73.99300985143738, 40.67190446113772], [-73.99298129114898, 40.671889310980724], [-73.99292404080485, 40.67185928237015], [-73.99287886991898, 40.671835899581794], [-73.99285007172499, 40.67182111717735], [-73.99279628914711, 40.67179378134359], [-73.99273401383535, 40.67176253364283], [-73.99266729391017, 40.671729476817724], [-73.99260439141472, 40.671698659936354], [-73.99257535894893, 40.67168452521496], [-73.99209791435668, 40.67145507679888], [-73.9920731608821, 40.671443025529165], [-73.9910777404508, 40.670964123696244], [-73.99080012168889, 40.67083047514471], [-73.99057978499971, 40.67072507711858], [-73.99053306188853, 40.67070251945645], [-73.99048905672805, 40.67068101599417], [-73.98897476193794, 40.669951895667545], [-73.98865963566531, 40.66980042473309], [-73.9884657774516, 40.66970693209272], [-73.98838988800539, 40.66967068791787], [-73.98833911842043, 40.669646701669514], [-73.9882839188688, 40.66962096378007], [-73.98825417799642, 40.66960727803574], [-73.98822426049196, 40.66959364167158], [-73.98819861072423, 40.66958208078868], [-73.98815120764104, 40.669561039947766], [-73.98812535958342, 40.66954976448486], [-73.9880993348887, 40.66953854663811], [-73.98807766805453, 40.66952932468986], [-73.98804715207217, 40.66951653360876], [-73.9880120402747, 40.6695020896851], [-73.98795235267177, 40.66947811880457], [-73.98792673154186, 40.66946817179257], [-73.9879004002858, 40.66945815882554], [-73.98787512153498, 40.669448719621755], [-73.98785230827875, 40.66944035388044], [-73.98782944814076, 40.6694321253685], [-73.98780389897618, 40.66942308960261], [-73.98776291500342, 40.66940897984283], [-73.98774244461774, 40.66940211297702], [-73.98771011153873, 40.669391500965375], [-73.98768037732185, 40.66938200634713], [-73.9876360408606, 40.669368327113], [-73.98761520630451, 40.66936206129143], [-73.98759423835963, 40.669355877795056], [-73.9875705849678, 40.6693490434926], [-73.98754681260469, 40.669342305239596], [-73.98752060710653, 40.66933505344452], [-73.98749160800976, 40.669327211212774], [-73.9874704849688, 40.66932162603821], [-73.98744668368029, 40.66931545593017], [-73.9874148116262, 40.66930737456991], [-73.98738563219648, 40.66930015535603], [-73.98735630134634, 40.669293070612085], [-73.98732423816301, 40.66928549973421], [-73.98729209925544, 40.669278090780836], [-73.98726808517486, 40.669272661702024], [-73.98723852353982, 40.669266114878766], [-73.98718195230286, 40.66925393275978], [-73.9871524374765, 40.66924775097491], [-73.98709567510657, 40.66923613970569], [-73.98703880094938, 40.66922483032127], [-73.98697930617767, 40.66921328181657], [-73.98688982065933, 40.66919634735994], [-73.986770683219, 40.66917437825183], [-73.98648426827755, 40.66912264434306], [-73.98636141474981, 40.669099809769556], [-73.9862862255703, 40.66908544839306], [-73.98621951820421, 40.669072372539254], [-73.98615011108257, 40.66905834388423], [-73.98610574899229, 40.669049102360866], [-73.9860504433579, 40.66903723274247], [-73.98600352214893, 40.66902682159441], [-73.98596506823255, 40.66901803911314], [-73.98593219789547, 40.669010344233584], [-73.98588564458181, 40.66899912611797], [-73.98586103246421, 40.66899303243581], [-73.98583118291965, 40.66898549435088], [-73.98580778560832, 40.66897946119204], [-73.98577682233757, 40.6689712806778], [-73.98575507238206, 40.66896541514327], [-73.9857238316531, 40.66895678443695], [-73.98568980105702, 40.66894713231817], [-73.98566115932695, 40.66893877639573], [-73.98562744606073, 40.66892869885759], [-73.98559908558795, 40.66892002181597], [-73.98556541570419, 40.66890945295], [-73.98554122217602, 40.668901635531995], [-73.9855196996296, 40.66889454855579], [-73.9854931416227, 40.6688856301745], [-73.98545742824483, 40.66887333729926], [-73.9854296556366, 40.668863554145], [-73.98540600660928, 40.66885505880757], [-73.98538232878538, 40.668846401519815], [-73.98535886006152, 40.668837664655186], [-73.98533535172761, 40.66882876309415], [-73.98531201284335, 40.668819773717075], [-73.98528231574701, 40.66880811834356], [-73.98524762655967, 40.66879421160526], [-73.98521566601603, 40.668781103937214], [-73.98518389297227, 40.66876781787397], [-73.98516102291254, 40.66875809292631], [-73.9851372337644, 40.66874783262384], [-73.98511136851552, 40.668736520798234], [-73.9850808860771, 40.66872297137488], [-73.98505679068201, 40.6687121181442], [-73.9850296027603, 40.668699708217545], [-73.98499774721074, 40.668684964615416], [-73.98497077925387, 40.66867232139742], [-73.98492328446677, 40.668649709199606], [-73.98489644277626, 40.66863675033137], [-73.98486968041823, 40.66862371461347], [-73.98481165758051, 40.668595095412165], [-73.98473201246499, 40.66855519502507], [-73.98455123382259, 40.66846327301061], [-73.98445092566975, 40.668412000784976], [-73.98355422906751, 40.66795263095839], [-73.98307536870553, 40.66769155240057], [-73.98285465841089, 40.66757081264527], [-73.982775740832, 40.66752859167022], [-73.98269623574315, 40.66748654347335], [-73.98267015213436, 40.667472832128816], [-73.98155522367198, 40.66690075693357], [-73.9793351154449, 40.665761247364834], [-73.97929013713649, 40.66573834508324], [-73.97923696322532, 40.665711513527754], [-73.97915808167707, 40.66567217208437], [-73.9791055491964, 40.66564627655344], [-73.97905264544632, 40.66562049895624], [-73.97899978848193, 40.66559508639871], [-73.97886599171802, 40.66553162733091], [-73.97873189226428, 40.6654686676006], [-73.97819929008702, 40.66522449948543], [-73.97813574017644, 40.66519549982234], [-73.97808412334132, 40.66517169551836], [-73.97804049677495, 40.665151216643075], [-73.97800901223215, 40.66513616375465], [-73.97798534122519, 40.6651246805648], [-73.9779462308689, 40.66510532513209], [-73.97792676946567, 40.6650955033279], [-73.97790358522705, 40.665083646924685], [-73.97788052358834, 40.665071680749264], [-73.97785750167087, 40.665059525187104], [-73.97783085068666, 40.6650452060358], [-73.97780426110654, 40.66503054104805], [-73.97778163231911, 40.66501777071624], [-73.97776272643935, 40.665006834611496], [-73.97771851445538, 40.664980610679635], [-73.97769621048047, 40.66496673699298], [-73.97767090828879, 40.66495057631973], [-73.97764862622697, 40.66493590938715], [-73.97762543979245, 40.664920166321224], [-73.97760199765385, 40.66490380288089], [-73.97758491258925, 40.66489151667037], [-73.9775694600779, 40.6648801694898], [-73.97755116440383, 40.6648663734101], [-73.97752504184783, 40.66484605695017], [-73.97749668898571, 40.664823088592144], [-73.97747021390904, 40.66480072444609], [-73.97744589321412, 40.6647817779653], [-73.97742370973008, 40.66476371571734]], [[-73.98899828436325, 40.68874095349595], [-73.98899992542346, 40.68873851904162]], [[-73.9439357722094, 40.74650240857262], [-73.94397465043481, 40.74648668086189], [-73.94403830179535, 40.746460938606816], [-73.94410199282366, 40.74643517437776], [-73.94416566215357, 40.7464094046134], [-73.94422928811747, 40.74638364577177], [-73.9442929609647, 40.74635786770437], [-73.94435661209975, 40.74633210057016], [-73.94442029928659, 40.74630631969437], [-73.94448393588506, 40.74628055522741], [-73.94454757604326, 40.746254790726944], [-73.94461125586439, 40.74622900974179], [-73.94467492119584, 40.746203234203946], [-73.94473854676363, 40.74617747782494], [-73.94480222282807, 40.74615169673222], [-73.94482047219297, 40.74614431112083], [-73.94486586634898, 40.74612593205714], [-73.9449107983781, 40.74610774214222], [-73.94492954231254, 40.74610015363857], [-73.94499318934625, 40.746074386149914], [-73.94505683271946, 40.74604862136906], [-73.94512051575539, 40.74602284010332], [-73.94518417708389, 40.745997064281454], [-73.94524780586687, 40.745971307622156], [-73.94529591822183, 40.74595182903607], [-73.94534401971961, 40.74593235316946], [-73.94539217172789, 40.74591286083819], [-73.94544026594932, 40.74589338767262], [-73.94545570649078, 40.7458871369562], [-73.94547116868966, 40.74588087801374], [-73.94548659117615, 40.74587463277416], [-73.94550205698049, 40.74586837108443], [-73.94551746501868, 40.74586213406812], [-73.94553289471888, 40.74585588333621], [-73.94554834968095, 40.74584962986941], [-73.94556380825354, 40.74584337091277], [-73.9455792848746, 40.745837103728284], [-73.94559464235762, 40.745830885890996], [-73.94560444385385, 40.74582691612267], [-73.94561009731257, 40.74582462692638], [-73.94562556309363, 40.745818365220096], [-73.9456409674976, 40.74581213093021], [-73.9456565668503, 40.74580581164308], [-73.94565884844913, 40.74580488773887], [-73.94567186294697, 40.74579961846921], [-73.94573425308322, 40.745774360500796], [-73.94579664317658, 40.74574909700904], [-73.94585900434234, 40.74572384444878], [-73.94592138350988, 40.745698586373656], [-73.94598373374983, 40.74567333923011], [-73.946046134483, 40.74564807286318], [-73.94610849906856, 40.745622820169146], [-73.94617090692714, 40.745597550993054], [-73.94618635816047, 40.74559129743873], [-73.94620180939312, 40.745585041137595], [-73.94621734004565, 40.74557875193445], [-73.94623285986627, 40.7455724654689], [-73.94624831831025, 40.74556620642017], [-73.94626378396912, 40.745559947372655], [-73.94627924240727, 40.745553688319745], [-73.94629474055387, 40.74554741281472], [-73.94631025313987, 40.74554112908014], [-73.94632572600936, 40.74553486453815], [-73.94634122053608, 40.74552859176999], [-73.94635668979082, 40.745522327222155], [-73.94637215542939, 40.74551606816007], [-73.94638768243863, 40.745509781676994], [-73.94640315529799, 40.74550351163509], [-73.9464657831495, 40.7454781518245], [-73.94652841817565, 40.74545278649362], [-73.94659107120958, 40.7454274074132], [-73.94665371336254, 40.74540203652789], [-73.94671633019661, 40.74537667657569], [-73.94677899752523, 40.745351294654675], [-73.94684162509503, 40.74532592914967], [-73.9469042598371, 40.74530056086909], [-73.94695807513816, 40.74527876215768], [-73.94696690897584, 40.745275181582016], [-73.94701978561385, 40.74525376941923], [-73.9470295544514, 40.74524981049337], [-73.94708148521433, 40.74522877938746], [-73.94709217100151, 40.74522444759153], [-73.9471432136485, 40.74520377835675], [-73.94715483804376, 40.74519906546551], [-73.94720493842742, 40.74517877729123], [-73.94721745810303, 40.74517370798654], [-73.94726666315997, 40.745153776192595], [-73.94728008895437, 40.745148334009926], [-73.94732838424818, 40.745128761335295], [-73.94734270893775, 40.74512295175992], [-73.94739004754344, 40.745103751908026], [-73.94740534332425, 40.74509755026911], [-73.94745175770795, 40.74507874246906], [-73.94746797043436, 40.74507216246462], [-73.94751347144368, 40.74505372201957], [-73.94753057583688, 40.74504678285039], [-73.94757518512228, 40.74502871526065], [-73.9475932389404, 40.745021394994005], [-73.94763686987484, 40.74500371943447], [-73.94765587309922, 40.74499604002737], [-73.94769861952592, 40.7449787428179], [-73.94771852884425, 40.74497070973915], [-73.94776040878331, 40.744953823825874], [-73.94778123864698, 40.74494541512299], [-73.94782217632608, 40.74492892400405], [-73.94784394478461, 40.74492013145002], [-73.94788393659202, 40.744904040614266], [-73.94790662920414, 40.74489486969098], [-73.947945743738, 40.74487914348871], [-73.9479693749357, 40.74486959694643], [-73.94800752919956, 40.744854227106885], [-73.94803205567484, 40.74484430492509], [-73.94806928576949, 40.74482927774178], [-73.94809471474944, 40.744818966199034], [-73.94813099180529, 40.744804281660016], [-73.94815735217443, 40.74479356155508], [-73.94819265815896, 40.74477920592954], [-73.9482198632858, 40.74476809918045], [-73.94822854899849, 40.744764551378246], [-73.94823724554121, 40.74476099809074], [-73.94824596735786, 40.74475742834545], [-73.94825463502987, 40.74475387229895], [-73.94826321966906, 40.74475035189618], [-73.94827194510891, 40.74474676019255], [-73.9482806091756, 40.74474319590818], [-73.94828934544016, 40.74473960420806], [-73.94829796257686, 40.744736056369845], [-73.94830654362181, 40.744732511259514], [-73.94831528711624, 40.74472890034745], [-73.94832396202408, 40.7447253113619], [-73.94833260444473, 40.74472173059543], [-73.94834124325777, 40.74471814708194], [-73.94834992539334, 40.74471454162922], [-73.94835853172677, 40.74471095535508], [-73.94836713444823, 40.74470737182344], [-73.94837584908424, 40.744703736191084], [-73.94838450596247, 40.74470011974538], [-73.94839312312939, 40.74469651974978], [-73.94840174030607, 40.74469290602978], [-73.9484103863676, 40.74468927310882], [-73.9484189349632, 40.744685673080575], [-73.94842757020054, 40.744682034663946], [-73.94843624153621, 40.744678382539085], [-73.9484448479028, 40.744674741363504], [-73.94845348314574, 40.744671091965984], [-73.94846202814698, 40.74466746723015], [-73.94847068145576, 40.74466378764711], [-73.94847927700471, 40.744660129995644], [-73.948487894225, 40.74465644765042], [-73.9484964572859, 40.74465279821734], [-73.9485049987011, 40.74464913779498], [-73.94851362675155, 40.74464544721843], [-73.94852228369744, 40.744641723717166], [-73.94853082151153, 40.74463804956749], [-73.94853935933527, 40.744634361693464], [-73.94854799824031, 40.74463062994794], [-73.9485564783118, 40.744626953025815], [-73.9485650269678, 40.74462325417572], [-73.9485736911617, 40.74461948401306], [-73.94858226870366, 40.74461576321652], [-73.9485907451858, 40.74461205609802], [-73.94859930108962, 40.74460831333262], [-73.94860778479823, 40.74460459249231], [-73.94861636237442, 40.74460082228779], [-73.94862496882911, 40.74459704111652], [-73.94863345616061, 40.74459329831792], [-73.94864194710007, 40.74458955552035], [-73.94865053552651, 40.74458574963634], [-73.94865906619962, 40.744581957449725], [-73.94866750662052, 40.74457820364873], [-73.94868752466374, 40.74456926742769], [-73.94869954633187, 40.74456388209339], [-73.94872578105971, 40.74455205017824], [-73.94874297607404, 40.7445442599964], [-73.94876408811199, 40.74453463531657], [-73.94877258997504, 40.744530747042425], [-73.94878111350926, 40.744526834074556], [-73.94878958650787, 40.744522934807286], [-73.9487980053578, 40.744519054728634], [-73.94880640254934, 40.74451518012919], [-73.94881487917495, 40.744511253414224], [-73.94882332692234, 40.744507334919994], [-73.94883169165018, 40.74450343560153], [-73.94884015384999, 40.74449949240978], [-73.94884864493864, 40.74449552452747], [-73.94885701328924, 40.74449160325076], [-73.94886538164512, 40.74448767373921], [-73.94887374278444, 40.7444837414791], [-73.948882165305, 40.74447976807435], [-73.94889064559156, 40.74447576175765], [-73.9488989742671, 40.744471804778534], [-73.94890733181886, 40.744467839577396], [-73.94891569660417, 40.74446385242085], [-73.94892408305425, 40.74445984880477], [-73.94893248394509, 40.744455836960256], [-73.94894080903414, 40.744451844294765], [-73.94894917383438, 40.74444783243301], [-73.94895752421287, 40.74444380135103], [-73.94896592151815, 40.744439753820735], [-73.9489742574613, 40.74443571998636], [-73.94898254647362, 40.744431705343864], [-73.94899083188028, 40.744427685209644], [-73.94899918227473, 40.74442362667717], [-73.94900747491393, 40.74441958458694], [-73.94901579643549, 40.74441552604043], [-73.94902417935072, 40.744411409880726], [-73.94903247561462, 40.74440734308758], [-73.94904076466608, 40.74440326805638], [-73.94904909343282, 40.744399168339434], [-73.94905734638738, 40.74439510152532], [-73.94906559934934, 40.7443910237316], [-73.94907388841563, 40.74438692399532], [-73.94908217387832, 40.744382816022494], [-73.94909048463344, 40.74437866688907], [-73.94909874844723, 40.744374550671274], [-73.94910696894124, 40.74437045090226], [-73.94911525080985, 40.74436631822276], [-73.94912347853209, 40.74436220198725], [-73.949131684596, 40.7443580912311], [-73.94914001702529, 40.74435390642186], [-73.94914827724921, 40.74434975726191], [-73.94915649056338, 40.7443455998464], [-73.94916471830774, 40.74434144792619], [-73.94917297854748, 40.74433727406174], [-73.94918117019705, 40.74433312761393], [-73.94918940156182, 40.744328956480295], [-73.94919762571413, 40.74432477710862], [-73.94920588957953, 40.74432057579587], [-73.94921403433088, 40.74431640187751], [-73.94922222238955, 40.74431222523292], [-73.949230424893, 40.74430803487037], [-73.94923864906316, 40.74430382530353], [-73.94924693099897, 40.74429958282452], [-73.94925506852961, 40.74429540615532], [-73.94926323133366, 40.74429121302818], [-73.94927135443938, 40.74428701988297], [-73.94927957501639, 40.7442827828641], [-73.94928783169757, 40.74427852390256], [-73.94929597285282, 40.74427431978454], [-73.949304124844, 40.74427010194698], [-73.9493194071248, 40.74426218457835], [-73.949335559491, 40.74425379823812], [-73.9493516902064, 40.74424540365184], [-73.94936323948752, 40.744239381258254], [-73.94937599460701, 40.744232719866645], [-73.949422202603, 40.744208531469255], [-73.94944557198211, 40.74419624799228], [-73.94948109717285, 40.7441775800641], [-73.94950701904887, 40.74416388963723], [-73.9495399123392, 40.744146568209445], [-73.94956843717267, 40.74413154770512], [-73.94959873108877, 40.74411551789974], [-73.9496297939655, 40.74409910141281], [-73.94965748485131, 40.7440844318497], [-73.94969113990312, 40.74406661391167], [-73.94971624939805, 40.74405332930574], [-73.94975250019552, 40.744034153831535], [-73.94977502110133, 40.744022234969094], [-73.94981385320224, 40.74400170469438], [-73.94983378190257, 40.7439911680451], [-73.94987521694881, 40.74396929121089], [-73.94989260037592, 40.743960120329334], [-73.94993662391484, 40.74393691339506], [-73.94995142237848, 40.74392910552198], [-73.94999807412093, 40.74390454379944], [-73.9500102515213, 40.74389812087985], [-73.95005952064207, 40.743872196127285], [-73.95006914197585, 40.74386711427606], [-73.95012801790745, 40.74383615155185], [-73.95018686852872, 40.743805180552215], [-73.95024572993407, 40.743774193058485], [-73.95030456241409, 40.743743205522144], [-73.95036341650456, 40.743712201496464], [-73.95042224527444, 40.74368120291914], [-73.95048109564858, 40.7436501960867], [-73.95053994236525, 40.74361918098826], [-73.95055103658969, 40.74361333394372], [-73.95059876375323, 40.74358818231734], [-73.95061245732424, 40.74358096949592], [-73.95065761396916, 40.74355716716006], [-73.95067385634222, 40.74354861049546], [-73.95071644607611, 40.74352616568858], [-73.95073528418116, 40.74351623775066], [-73.9507752709107, 40.74349516418385], [-73.95079673001253, 40.74348385400171], [-73.95083410291221, 40.74346415716253], [-73.95086352611202, 40.74344865089888], [-73.95087264188854, 40.74344384323966], [-73.95089297456991, 40.74343313091471], [-73.9509195745635, 40.743419111087746], [-73.95095179202058, 40.74340213206107], [-73.95098102020764, 40.743386738219016], [-73.95101063829296, 40.743371124955296], [-73.95104245135285, 40.743354370800695], [-73.95106947006329, 40.7433401342817], [-73.95110386077553, 40.74332201706407], [-73.95112832705054, 40.743309129864905], [-73.95116529901694, 40.74328965232772], [-73.9511871551046, 40.743278136384625], [-73.95122672275949, 40.74325729304189], [-73.9512460083735, 40.74324713190585], [-73.95128817171192, 40.74322492275482], [-73.95130486519639, 40.743216127398426], [-73.95134961338712, 40.7431925524318], [-73.95136369308621, 40.74318513382753], [-73.95141103695062, 40.7431601930472], [-73.9514225461928, 40.74315412651342], [-73.95148138480351, 40.74312312739723], [-73.95154021252709, 40.743092136480584], [-73.95159905103024, 40.74306113455927], [-73.95165790031098, 40.74303012437807], [-73.95171675675648, 40.742999111424936], [-73.95177559148462, 40.74296811215627], [-73.95183441172485, 40.74293711010666], [-73.95189326079044, 40.74290609431514], [-73.95190245222643, 40.74290125366871], [-73.95195208452796, 40.74287509495137], [-73.95196386804123, 40.74286888575068], [-73.95201092987325, 40.74284408184273], [-73.95202530906764, 40.74283650408656], [-73.95206977516573, 40.74281306595911], [-73.95208674281287, 40.742804127875964], [-73.95212859873898, 40.74278206650478], [-73.95214815845058, 40.74277175711447], [-73.9521874439219, 40.74275105056078], [-73.9522095487555, 40.742739402778135], [-73.95224626739352, 40.74272004006709], [-73.95227098955095, 40.74270701000332], [-73.95230508359094, 40.74268903228497], [-73.95233241223697, 40.742674625422374], [-73.95236390695698, 40.74265801624143], [-73.95239382403899, 40.74264223805931], [-73.95242274470522, 40.742626997428964], [-73.95245523216467, 40.74260986164084], [-73.95248159323279, 40.74259596761169], [-73.95251666549198, 40.74257748519994], [-73.9525404092131, 40.74256495696414], [-73.95257806627494, 40.74254511694695], [-73.95259922874152, 40.74253395452211], [-73.95263949587218, 40.74251274318346], [-73.95265806625697, 40.7425029548021], [-73.95270093622034, 40.74248039134952], [-73.95271203006159, 40.74247454958539], [-73.9527618133163, 40.742448360387534], [-73.95277578438393, 40.742441018418496], [-73.95279187457736, 40.742432557457946], [-73.95282387083004, 40.742415742500015], [-73.95283469749364, 40.74241005432065], [-73.9528935852641, 40.742379123119214], [-73.95295249464584, 40.742348172683144], [-73.95301136428259, 40.74231721396634], [-73.95307022306537, 40.742286216788386], [-73.95308024825475, 40.7422809427167], [-73.95309028066384, 40.74227566315751], [-73.95310038527512, 40.74227034245561], [-73.95311035994504, 40.74226505738169], [-73.9531203887464, 40.742259769584194], [-73.95313046811299, 40.7422544186771], [-73.95314051135573, 40.742249117159965], [-73.9531505509882, 40.742243815640464], [-73.95316062672381, 40.74223848943201], [-73.95317061944908, 40.7422331741679], [-73.95318070601732, 40.742227834238335], [-73.9531907095772, 40.74222250250843], [-73.95320074199573, 40.74221718451309], [-73.95321075637092, 40.7422118637648], [-73.9532207599318, 40.74220652379799], [-73.95323086095199, 40.74220114818811], [-73.95324086450385, 40.742195816453815], [-73.95325094027694, 40.74219041612918], [-73.95326092939645, 40.742185076152964], [-73.95327088602416, 40.742179752631245], [-73.95328096541846, 40.74217432760268], [-73.95329097620862, 40.742168954695686], [-73.95330099783494, 40.74216356532367], [-73.95331101947882, 40.742158148503314], [-73.95332093642358, 40.74215279476888], [-73.95333097611753, 40.7421473642303], [-73.95334097250507, 40.74214193367335], [-73.95335092917954, 40.742136525057404], [-73.9533609580635, 40.74213106431958], [-73.95337096890988, 40.74212559259456], [-73.95338088589297, 40.74212017023621], [-73.95339079927346, 40.742114736896504], [-73.95340083180763, 40.74210920753789], [-73.9534107379846, 40.74210374949083], [-73.95342065500348, 40.74209826674451], [-73.95343062257169, 40.74209274284654], [-73.95344060820301, 40.74208718876271], [-73.95345048553628, 40.74208168403975], [-73.95346034483194, 40.74207616832969], [-73.9534702907795, 40.74207058952446], [-73.95348019341496, 40.74206501893515], [-73.95349003107627, 40.7420594702768], [-73.95349990124326, 40.742053880459416], [-73.95350977142205, 40.742048271427926], [-73.95351964882998, 40.742042643185236], [-73.95352949015088, 40.742037012182394], [-73.95353929899157, 40.74203138116562], [-73.95354904646315, 40.742025777570774], [-73.95355886255435, 40.742020094404964], [-73.95356872196582, 40.742014386553016], [-73.95357852363982, 40.74200867318746], [-73.95358828922869, 40.742002954317044], [-73.95359805843991, 40.74199721348922], [-73.95360779877008, 40.74199148637268], [-73.95361749219666, 40.741985742767866], [-73.95362722172403, 40.74197997721884], [-73.953636922401, 40.741974181465096], [-73.95364660143345, 40.74196837197806], [-73.95365626243206, 40.741962546014385], [-73.9536658728897, 40.74195674473239], [-73.95367556641118, 40.74195085016143], [-73.9536852418816, 40.741944963816664], [-73.95369482352163, 40.74193908017811], [-73.95370441600899, 40.741933163606056], [-73.95371399768375, 40.7419272250709], [-73.95372358658953, 40.741921264579794], [-73.95373310331537, 40.741915309548446], [-73.95374256950788, 40.7419093682197], [-73.95375216568499, 40.74190332264187], [-73.95376167163477, 40.74189728800598], [-73.95377114511204, 40.7418912423773], [-73.95378055723357, 40.74188520495743], [-73.95379000185474, 40.74187913461283], [-73.95379936705191, 40.741873108151616], [-73.95380425546385, 40.74186992620109], [-73.9538091330492, 40.741866744245975], [-73.95381402146965, 40.74186354857127], [-73.95381883046748, 40.74186039678051], [-73.95382369723667, 40.74185719835195], [-73.95382856401302, 40.741853988944186], [-73.95383335858408, 40.7418508234233], [-73.95383820010036, 40.74184761126022], [-73.95384304884118, 40.74184438812085], [-73.95384784701389, 40.74184123083503], [-73.9538525946736, 40.74183805980506], [-73.9538575264687, 40.74183475710053], [-73.95386234635123, 40.74183151473555], [-73.95386711207979, 40.741828305285644], [-73.95387191752839, 40.741825060169695], [-73.95387674103729, 40.74182179035802], [-73.95388155010893, 40.74181852328511], [-73.95388625448362, 40.741815319299356], [-73.9538909733061, 40.74181209610595], [-73.95389583294012, 40.74180876866817], [-73.95390064201364, 40.74180549610494], [-73.9539053427987, 40.74180226192469], [-73.95391003637353, 40.74179901676237], [-73.95391479855135, 40.741795716732305], [-73.9539195499026, 40.74179241669765], [-73.95392423988248, 40.741789149575304], [-73.95392896958236, 40.741785846786904], [-73.95393371734252, 40.74178251930275], [-73.95393853370751, 40.741779134206055], [-73.95394318399347, 40.741775861577544], [-73.95394782706722, 40.741772580711725], [-73.9539526362172, 40.741769190122035], [-73.95395726847146, 40.74176589827249], [-73.95396188989913, 40.74176260641842], [-73.95396650411467, 40.74175930632704], [-73.95397128080518, 40.74175588553136], [-73.95397596363073, 40.74175251959295], [-73.95398046232627, 40.74174927709462], [-73.95398515960474, 40.74174588371412], [-73.95398998325962, 40.74174238608339], [-73.9539945614042, 40.741739058528964], [-73.95399913594332, 40.74173572548339], [-73.95400378630855, 40.74173232933861], [-73.95400836447257, 40.741728971591385], [-73.95401300040768, 40.741725567206245], [-73.95401762551809, 40.741722160071866], [-73.9540222289739, 40.74171875567334], [-73.95402686492841, 40.7417153210954], [-73.95403131675116, 40.74171201270234], [-73.95403591661388, 40.7417085835991], [-73.95404061396617, 40.7417050749368], [-73.9540451199693, 40.741701692456495], [-73.9540496837454, 40.74169826059357], [-73.9540542800221, 40.74169479580641], [-73.95405885102983, 40.74169134198797], [-73.95406333178529, 40.741687937538906], [-73.95406781254034, 40.741684533089646], [-73.95407236190573, 40.74168106279353], [-73.9540770015432, 40.74167751293546], [-73.95408137761407, 40.741674152359955], [-73.95408583312141, 40.741670725941894], [-73.95409051249486, 40.74166711571459], [-73.95409504745143, 40.74166360424055], [-73.95409946326156, 40.74166017780617], [-73.95410390796552, 40.74165671570135], [-73.95410830934371, 40.741653283771356], [-73.95411289126645, 40.741649692717544], [-73.95411739736802, 40.741646156528375], [-73.95412179876939, 40.74164268891612], [-73.95412625072619, 40.741639171918315], [-73.9541307279643, 40.741635624738116], [-73.9541351907652, 40.741632080296725], [-73.95413956330829, 40.74162859345901], [-73.95414393224411, 40.741625103874945], [-73.95414836617964, 40.74162155118732], [-73.95415281817712, 40.74161797105921], [-73.95415722685075, 40.74161441836118], [-73.95416156331959, 40.74161090955027], [-73.9541660658847, 40.74160726082296], [-73.9541704781883, 40.74160367518882], [-73.95417472079738, 40.74160021300083], [-73.95417912950643, 40.741596605406954], [-73.95418350211285, 40.74159301975654], [-73.95418787833506, 40.741589423128374], [-73.95419217513137, 40.741585875873994], [-73.95419653692541, 40.74158226826079], [-73.9542009131745, 40.74157863046087], [-73.95420525331352, 40.741575025583465], [-73.95420959707579, 40.74157139874929], [-73.9542138577979, 40.74156782952172], [-73.95421811491643, 40.74156425205833], [-73.9542225128588, 40.74156055113693], [-73.95422676276472, 40.74155696543611], [-73.95423099823722, 40.74155337698462], [-73.95423537814781, 40.74154965684228], [-73.95423960280085, 40.741546057407184], [-73.95424396828136, 40.741542329024526], [-73.9542481857236, 40.74153871860722], [-73.95425238873433, 40.74153510269456], [-73.95425666757446, 40.74153141819301], [-73.95426084170906, 40.74152781050281], [-73.95426517472771, 40.74152405465895], [-73.95426940664952, 40.74152037562785], [-73.95427359524959, 40.74151672128213], [-73.95427782357307, 40.741513025780755], [-73.95428205190554, 40.74150931655548], [-73.95428613941918, 40.74150572255369], [-73.95429033165809, 40.74150202154804], [-73.95429463944642, 40.74149821628752], [-73.95429876670148, 40.74149455368229], [-73.95430294451546, 40.74149083620192], [-73.95430713316824, 40.74148709951244], [-73.95431132544063, 40.74148334635575], [-73.95431541661434, 40.741479672756576], [-73.95431952223377, 40.74147598269449], [-73.95432367841771, 40.741472229523005], [-73.95432781655208, 40.7414684845785], [-73.95433204135865, 40.74146464634664], [-73.95433610367562, 40.74146095077732], [-73.95434017322458, 40.74145723325266], [-73.9543442969449, 40.7414534553648], [-73.95434833761962, 40.741449743317915], [-73.95435243968303, 40.74144597091067], [-73.95435655981393, 40.7414421628287], [-73.95436056439844, 40.74143845351184], [-73.95436465565697, 40.74143464816284], [-73.95436880469741, 40.74143077970735], [-73.95437289957869, 40.74142695240153], [-73.95437681752831, 40.741423278731524], [-73.95438086908935, 40.741419473366236], [-73.95438499649077, 40.741415582943546], [-73.95438897223636, 40.74141182420875], [-73.95439294076793, 40.74140805998141], [-73.95439690569404, 40.74140429026303], [-73.9544009970179, 40.741400383357], [-73.95440502695594, 40.74139653132151], [-73.95440895579387, 40.74139276158843], [-73.95441295324898, 40.74138891502929], [-73.95441688571154, 40.741385120594586], [-73.95442088679322, 40.741381246589135], [-73.95442492760199, 40.74137732593848], [-73.95442884202913, 40.741373517772494], [-73.9544327311893, 40.741369717830594], [-73.95443669257544, 40.7413658410641], [-73.95444065758484, 40.74136194234088], [-73.95444460815146, 40.741358054590854], [-73.95444847206028, 40.74135423816994], [-73.9544523865335, 40.74135035863963], [-73.9544563118492, 40.74134645441067], [-73.95446019022522, 40.741342588589546], [-73.95446409027167, 40.74133869532933], [-73.95446797949725, 40.741334793830475], [-73.95447186511552, 40.74133088958531], [-73.95447570018923, 40.741327018257], [-73.9544795858254, 40.741323086564044], [-73.95448339924042, 40.74131922346123], [-73.95448719822028, 40.74131536035254], [-73.95449119582747, 40.74131127774215], [-73.9544949695456, 40.74130741462321], [-73.9544988046635, 40.74130347467538], [-73.95450258200438, 40.74129958959964], [-73.95450634852261, 40.74129569903], [-73.95451018727027, 40.741291726146216], [-73.95451399714055, 40.741287764229874], [-73.95451778895753, 40.74128381603006], [-73.954521584394, 40.741279851363004], [-73.9545253978959, 40.741275853766], [-73.95452905612274, 40.741272004324074], [-73.95453289130587, 40.74126796281936], [-73.95453664705065, 40.741263989901896], [-73.95454035585583, 40.7412600553923], [-73.95454411883951, 40.741256049540425], [-73.95454780237925, 40.741252120510126], [-73.95455152926401, 40.74124813111228], [-73.95455528865642, 40.741244097811126], [-73.95455900833595, 40.74124008919691], [-73.95456272079586, 40.741236083324495], [-73.95456636826528, 40.741232126831854], [-73.95457001212561, 40.74122817033764], [-73.9545737209998, 40.741224128781674], [-73.95457741182453, 40.74122009545273], [-73.9545810701576, 40.74121608132411], [-73.95458473933118, 40.74121204524162], [-73.95458830016905, 40.74120811890639], [-73.95459196213378, 40.74120406909709], [-73.9545957180061, 40.74119989855559], [-73.95459931137133, 40.74119589812457], [-73.9546028325157, 40.741191966283694], [-73.95460644395338, 40.74118792194349], [-73.95461009151111, 40.741183828211895], [-73.95461369935417, 40.74117976191206], [-73.95461729276023, 40.74117569835115], [-73.95462082839326, 40.74117168417288], [-73.9546244759866, 40.74116753554581], [-73.95462800440892, 40.741163510385455], [-73.9546315220048, 40.74115948522078], [-73.95463510822682, 40.741155369506195], [-73.95463866917643, 40.74115127025004], [-73.95464220485357, 40.74114718745234], [-73.9546456935914, 40.741143143062594], [-73.95464923651127, 40.74113902184099], [-73.95465275054254, 40.74113492805544], [-73.95465622485366, 40.74113086993589], [-73.95465974612765, 40.741126737726454], [-73.95466331074827, 40.741122542404696], [-73.95466674897506, 40.74111847878111], [-73.95467018359278, 40.74111441515604], [-73.95467360377722, 40.74111034878039], [-73.95467709258962, 40.74110618911009], [-73.95468061029894, 40.74110198827985], [-73.95468401606236, 40.741097899940186], [-73.95468740016027, 40.74109383080522], [-73.95469083844009, 40.74108968483836], [-73.95469429478902, 40.741085500452044], [-73.95469773308854, 40.74108132429273], [-73.95470109193896, 40.7410772331894], [-73.95470449052353, 40.741073084461775], [-73.95470791801628, 40.741068878105686], [-73.95471124438738, 40.74106478698921], [-73.95471463216704, 40.74106060532008], [-73.95471803078725, 40.741056401697016], [-73.9547214185829, 40.7410521953249], [-73.95472472331703, 40.74104807949679], [-73.95472802806012, 40.74104394994482], [-73.95473142671594, 40.741039691426366], [-73.95473472064148, 40.741035548146236], [-73.95473798929473, 40.74103142132454], [-73.95474138075427, 40.741027129865955], [-73.95474471082493, 40.741022898767675], [-73.95474796505532, 40.74101875272677], [-73.95475121567848, 40.741014603939625], [-73.9547545638341, 40.74101030971887], [-73.95475780003298, 40.74100614445733], [-73.95476102179296, 40.741001984679535], [-73.9547643519152, 40.7409976739829], [-73.95476763509258, 40.74099340992847], [-73.95477083520495, 40.74098924190767], [-73.95477403171752, 40.74098506016158], [-73.95477728241568, 40.74098079609412], [-73.95478049339192, 40.74097657043753], [-73.95478367548353, 40.740972366727476], [-73.95478690453403, 40.740968094417006], [-73.9547901661068, 40.74096375624518], [-73.95479327959337, 40.74095961014771], [-73.95479644366051, 40.74095537623796], [-73.95479969442835, 40.7409510051246], [-73.95480277543572, 40.74094685901412], [-73.95480589257595, 40.74094264429896], [-73.95480910001993, 40.740938300615866], [-73.95481231469947, 40.740933929487916], [-73.95481536685269, 40.740929758663036], [-73.95481844429594, 40.74092554393197], [-73.9548216264944, 40.74092117553576], [-73.95482469312206, 40.74091694433178], [-73.9548278572801, 40.74091257043887], [-73.95483091670079, 40.74090832276333], [-73.95483396168268, 40.7409040805716], [-73.95483707168904, 40.74089973684945], [-73.95484009501446, 40.74089550013854], [-73.95484322310239, 40.74089109878351], [-73.95484629702086, 40.740886755046944], [-73.95484930231295, 40.7408825018602], [-73.95485230039104, 40.740878243181065], [-73.95485532376664, 40.740873929616704], [-73.9548583796644, 40.74086955019099], [-73.95486141028063, 40.74086520094755], [-73.95486441562099, 40.74086087365212], [-73.95486734872635, 40.740856636905114], [-73.95487035408826, 40.7408522766725], [-73.95487332334267, 40.74084794661796], [-73.95487629621093, 40.74084360833047], [-73.9548793016014, 40.74083920418164], [-73.9548822492064, 40.74083486862885], [-73.95488517876402, 40.740830538558434], [-73.9548881263887, 40.74082617281324], [-73.95489105596035, 40.740821820784674], [-73.95489393496956, 40.74081752912071], [-73.95489690791503, 40.74081307280841], [-73.95489984112956, 40.74080866863077], [-73.9549026695959, 40.74080440713909], [-73.95490560283567, 40.74079996453473], [-73.95490847105785, 40.74079561248168], [-73.95491133568216, 40.74079124395862], [-73.95491420392214, 40.74078686445789], [-73.95491703244423, 40.74078251787859], [-73.95491994766851, 40.740778031350786], [-73.95492273646862, 40.74077372318226], [-73.95492559753251, 40.74076928054917], [-73.95492845860343, 40.740764826936974], [-73.95493120769794, 40.740760532476486], [-73.95493401098688, 40.740756141970834], [-73.95493684680538, 40.740751674624775], [-73.95493965734066, 40.740747240205806], [-73.95494243898955, 40.74074283047823], [-73.95494518091503, 40.740738461906275], [-73.95494798064544, 40.74073399454581], [-73.95495070452135, 40.74072963420096], [-73.95495342479934, 40.74072525738611], [-73.95495619205079, 40.740720790012745], [-73.95495897737665, 40.74071627598562], [-73.95496167600724, 40.740711890927805], [-73.95496435659047, 40.74070751135241], [-73.9549671238868, 40.74070297536001], [-73.95496985867518, 40.74069848327085], [-73.95497251400046, 40.74069409819588], [-73.95497517294517, 40.74068969665374], [-73.95497787525458, 40.7406852045517], [-73.9549805053275, 40.74068080574288], [-73.95498321849553, 40.7406762642394], [-73.9549858413597, 40.74067185170388], [-73.95498844978337, 40.74066744739695], [-73.95499114492185, 40.740662883928216], [-73.95499380033702, 40.74065836161517], [-73.95499638711514, 40.740653946320585], [-73.95499897029354, 40.74064951730072], [-73.95500159683657, 40.74064499772095], [-73.95500415836047, 40.740640571437304], [-73.95500677047005, 40.74063604910706], [-73.95500933201926, 40.74063158439672], [-73.95501188273474, 40.74062713066115], [-73.95501446236727, 40.74062260557327], [-73.95501706730627, 40.740618011876414], [-73.95501958192683, 40.740613569105555], [-73.95502209294762, 40.74060911260948], [-73.9550246473349, 40.7406045628087], [-73.95502719089585, 40.740600013003686], [-73.95502966582175, 40.74059556747233], [-73.95503213714606, 40.74059111096053], [-73.95503467712703, 40.740586517237894], [-73.95503713763583, 40.74058204425323], [-73.95503963428636, 40.74057748894007], [-73.95504209482228, 40.74057297478406], [-73.95504453368567, 40.740568490811775], [-73.95504701591538, 40.74056391353482], [-73.95504948371205, 40.74055933350743], [-73.95505188648055, 40.740554860499856], [-73.95505428564746, 40.74055037651192], [-73.9550567245721, 40.7405457992178], [-73.9550591273729, 40.740541276804635], [-73.95506155909997, 40.74053666931535], [-73.95506396915445, 40.74053209200986], [-73.95506634670676, 40.74052755037339], [-73.95506868090312, 40.74052308557297], [-73.95507100789486, 40.74051860155645], [-73.95507341799613, 40.74051395288723], [-73.95507579198106, 40.740509348119886], [-73.9550781262317, 40.740504800976744], [-73.95508044242769, 40.74050027029505], [-73.95508276947704, 40.74049569844623], [-73.95508512544522, 40.74049105250039], [-73.95508740916247, 40.74048652180586], [-73.95508967843001, 40.74048201306369], [-73.95509201637249, 40.740477339663094], [-73.95509425675736, 40.740472850122856], [-73.95509650076907, 40.74046833313642], [-73.95509886043457, 40.740463552698856], [-73.95510109001476, 40.740459030217195], [-73.95510330877981, 40.74045449126277], [-73.95510559259075, 40.740449817840776], [-73.95510780414905, 40.740445262414944], [-73.95510999765091, 40.740440726195295], [-73.95511224176028, 40.740436060991975], [-73.95511446780766, 40.74043142322909], [-73.95511663966971, 40.74042686778758], [-73.95511879708395, 40.74042233155367], [-73.95512102317664, 40.740417625171894], [-73.95512316977728, 40.74041306972041], [-73.95512530916773, 40.740408503287114], [-73.95512753891256, 40.74040373103253], [-73.95512965664321, 40.740399175569685], [-73.95513178522906, 40.740394576194994], [-73.95513394274471, 40.74038988625472], [-73.95513603882635, 40.74038532529381], [-73.95513817830188, 40.740380629856915], [-73.95514025272558, 40.740376077121766], [-73.95514234524391, 40.740371447540525], [-73.95514444138907, 40.740366790513164], [-73.95514653393273, 40.740362122505346], [-73.95514859396505, 40.74035750389037], [-73.95515063232871, 40.74035290996967], [-73.95515270684487, 40.74034821725193], [-73.95515474161964, 40.740343593137524], [-73.95515680893831, 40.74033887022464], [-73.95515884012602, 40.74033421317168], [-73.95516084602711, 40.74032959453539], [-73.95516283388292, 40.74032497863677], [-73.95516485427159, 40.74032028040825], [-73.95516684214721, 40.74031563431729], [-73.95516879389366, 40.74031105134152], [-73.95517078180376, 40.74030635310025], [-73.95517278057092, 40.74030160820236], [-73.95517959744818, 40.74028526585843], [-73.95518628801443, 40.740268931699205], [-73.95518817846319, 40.74026427184614], [-73.95519008700096, 40.740259543381356], [-73.95519195941522, 40.74025486979746], [-73.95519380291962, 40.740250256586876], [-73.95519572235449, 40.740245421080914], [-73.95519756589712, 40.74024075023045], [-73.95519939498834, 40.740236104077105], [-73.95520124940799, 40.740231356377805], [-73.95520305684508, 40.740226712960755], [-73.9552049076814, 40.74022192683343], [-73.95520674407375, 40.74021715442421], [-73.95520851179306, 40.74021254392864], [-73.95521029399087, 40.74020786756461], [-73.95521206174838, 40.740203199429196], [-73.95521385482512, 40.74019844347152], [-73.9552156479163, 40.7401936655558], [-73.95521737956837, 40.74018902485376], [-73.95521912208852, 40.74018432102668], [-73.95522088992041, 40.740179540356266], [-73.95522262886095, 40.74017479261169], [-73.95522432442762, 40.740170149150764], [-73.95522602725003, 40.74016544805282], [-73.95522776623406, 40.74016063443408], [-73.9552294943846, 40.74015583179013], [-73.95523114664313, 40.740151193801765], [-73.95523280614266, 40.74014652013442], [-73.95523450542902, 40.740141709244895], [-73.95523615050647, 40.740137016358624], [-73.95523778474862, 40.74013233719186], [-73.95523948771289, 40.7401274220031], [-73.95524109668685, 40.74012275380549], [-73.95524272013745, 40.74011802248414], [-73.95524434722594, 40.74011324724821], [-73.95524593094063, 40.74010857629591], [-73.95524756168156, 40.74010373518726], [-73.95524913458472, 40.74009904227276], [-73.9552506966673, 40.74009434111975], [-73.95525232746098, 40.74008942041319], [-73.95525386788587, 40.74008472748599], [-73.95525541194313, 40.74007999887836], [-73.95525698493913, 40.74007516598139], [-73.95525849287108, 40.74007049499946], [-73.95526001166549, 40.740065769126694], [-73.95526155218882, 40.740060927982796], [-73.95526307464482, 40.74005612251364], [-73.95526456456777, 40.74005139937436], [-73.9552660364327, 40.74004669818605], [-73.95526753725852, 40.74004185977134], [-73.95526902362936, 40.74003705154334], [-73.95527048470278, 40.74003229820045], [-73.95527192410405, 40.74002757504143], [-73.95527338884459, 40.74002273386791], [-73.9552748463641, 40.74001789818107], [-73.95527625689397, 40.74001317775552], [-73.95527766021189, 40.7400084490929], [-73.9552790924741, 40.74000360790667], [-73.95528050668749, 40.739998774947644], [-73.95528188836786, 40.73999402431858], [-73.95528326283264, 40.739989270941884], [-73.9552846120019, 40.73998456970566], [-73.9552860009763, 40.73997970379977], [-73.95528737551605, 40.73997483788825], [-73.95528870665642, 40.73997011468696], [-73.95529006315451, 40.73996524602363], [-73.95529140519766, 40.73996040754694], [-73.95529271832754, 40.73995563493304], [-73.95529401700986, 40.73995088152683], [-73.95529530124098, 40.73994615281771], [-73.9552966035905, 40.73994131158079], [-73.95529791319015, 40.739936420941135], [-73.95529917217516, 40.7399316702642], [-73.95530045289084, 40.73992680157128], [-73.95530169744102, 40.73992205088865], [-73.9553029311689, 40.73991729471235], [-73.95530421556813, 40.739912313486016], [-73.9553054312636, 40.739907540834125], [-73.95530664696257, 40.73990276269275], [-73.95530786270557, 40.7398979186773], [-73.95530905674892, 40.739893146017], [-73.95531023997353, 40.73988836237346], [-73.95531143406619, 40.73988351560484], [-73.95531262457584, 40.73987863040824], [-73.95531378616123, 40.739873827543015], [-73.95531492606531, 40.73986906858538], [-73.9553160840859, 40.73986419984465], [-73.95531723851431, 40.73985930639977], [-73.9553183495435, 40.73985455566514], [-73.95531946421612, 40.73984975278164], [-73.95532059699424, 40.73984485658356], [-73.95532171533588, 40.73983996312459], [-73.95532279751397, 40.73983518493118], [-73.95532387247657, 40.73983040399025], [-73.95532496555931, 40.739825507776665], [-73.95532604781424, 40.73982061430369], [-73.95532709751429, 40.73981583609767], [-73.95532813278156, 40.739811055141246], [-73.95532916444007, 40.739806274183415], [-73.95533019256897, 40.73980137519982], [-73.95533123153272, 40.739796462496756], [-73.9553322632847, 40.73979154155658], [-73.95533325162643, 40.73978677979515], [-73.95533423999385, 40.73978197960719], [-73.95533524648508, 40.73977705865717], [-73.95533620956623, 40.73977229688591], [-73.95533719440003, 40.73976738416175], [-73.95533816841528, 40.73976246045436], [-73.95533910624675, 40.739757682204754], [-73.9553400477162, 40.73975286004054], [-73.95534093864669, 40.73974806530426], [-73.95534187294831, 40.73974316902895], [-73.95534280727918, 40.739738228837545], [-73.9553437235449, 40.739733321576225], [-73.95534460724475, 40.73972854605033], [-73.95534549819476, 40.7397237211217], [-73.95534639281769, 40.73971880012817], [-73.95534725488758, 40.73971399165682], [-73.9553481314691, 40.73970906791155], [-73.95534897910069, 40.73970426492411], [-73.95534981591184, 40.739699453698236], [-73.95535062753815, 40.73969452992771], [-73.95535146803309, 40.739689606168405], [-73.95535227965915, 40.739684682397865], [-73.95535308037834, 40.739679879392185], [-73.9553538774925, 40.73967507089559], [-73.95535466378807, 40.73967025141581], [-73.95535546460809, 40.73966529744877], [-73.95535625456911, 40.73966039288306], [-73.955357015606, 40.739655570648694], [-73.95535778753663, 40.739650646862714], [-73.95535919753006, 40.73964132074175], [-73.95536060391447, 40.73963199461938], [-73.95536198152357, 40.73962252850344], [-73.95536333020277, 40.73961315295306], [-73.95536464999633, 40.73960380209425], [-73.95536593369803, 40.739594459455645], [-73.9553671705299, 40.7395850536696], [-73.95536840375287, 40.73957564788213], [-73.95536959367233, 40.73956624207781], [-73.95537075828909, 40.739556899392994], [-73.95537189764715, 40.739547553953585], [-73.95537302626373, 40.739538082251414], [-73.9553740826401, 40.73952871207703], [-73.95537513538741, 40.73951937209351], [-73.95537614848587, 40.73950996347579], [-73.95537715799382, 40.73950052740917], [-73.9553781349782, 40.73949115994871], [-73.95537908307897, 40.73948181443507], [-73.95537998428799, 40.73947243871095], [-73.95538088914212, 40.73946300809318], [-73.95538174706599, 40.73945360490473], [-73.95538259410685, 40.73944428679939], [-73.9553834195328, 40.73943491379057], [-73.95538421613018, 40.73942548038607], [-73.95538500190342, 40.73941604423254], [-73.95538575876553, 40.739406671197145], [-73.95538647228211, 40.73939736127422], [-73.9553871858831, 40.7393879250927], [-73.95538787418148, 40.73937855203068], [-73.95538854082817, 40.739369178960246], [-73.95538919670962, 40.739359715308815], [-73.95538982361924, 40.73935040535229], [-73.95539042891954, 40.73934103225804], [-73.955391019789, 40.73933165366871], [-73.95539159263188, 40.73932225036957], [-73.95539215101833, 40.739312880001854], [-73.95539268415001, 40.739303501390125], [-73.95539321008093, 40.739294098072804], [-73.95539371434, 40.7392847249393], [-73.95539420055793, 40.739275349054104], [-73.95539467957506, 40.73926594846328], [-73.95539513331373, 40.73925657531023], [-73.95539556897253, 40.73924725704519], [-73.95539599386254, 40.73923785368865], [-73.95539641873216, 40.73922848052432], [-73.95539681471286, 40.73921913754111], [-73.95539721432039, 40.73920976711173], [-73.95539758868985, 40.73920036373556], [-73.95539794495757, 40.739191048184445], [-73.95539829406681, 40.73918164479849], [-73.95539865398332, 40.739172268864166], [-73.95539897779011, 40.73916292859768], [-73.95539931244643, 40.73915355265359], [-73.95539961820832, 40.73914421512479], [-73.95539991673833, 40.739134899551246], [-73.9554002081522, 40.73912543301353], [-73.95540052113098, 40.739116095487546], [-73.95540079440076, 40.73910677990412], [-73.95540108212123, 40.739097439623556], [-73.95540134099518, 40.73908806639474], [-73.95540159627882, 40.73907866571706], [-73.95540184063753, 40.73906941325175], [-73.95540211753382, 40.739060070222195], [-73.95540238003443, 40.739050669547204], [-73.95540261003946, 40.739041296307185], [-73.95540283637159, 40.73903201913208], [-73.95540305911896, 40.73902270627374], [-73.9554032819269, 40.739013302838615], [-73.95540349747539, 40.739003962529964], [-73.95540376352531, 40.73899464968837], [-73.95540397546327, 40.73898531212306], [-73.95540418016755, 40.73897599925768], [-73.95540438493234, 40.73896659581551], [-73.95540458965854, 40.738957250013094], [-73.955405783952, 40.738903543906474], [-73.95540697108159, 40.738849755454126], [-73.95540808242961, 40.738795966972], [-73.95540827639157, 40.738786527843615], [-73.95540917212458, 40.73874217848105], [-73.95540942592991, 40.738729591144754], [-73.95541026179762, 40.738688420181965], [-73.95541058268891, 40.73867264621394], [-73.95541136953543, 40.73863462620766], [-73.9554117719467, 40.7386156656135], [-73.95541252417517, 40.73858084323013], [-73.95541300447918, 40.73855872345585], [-73.95541370406728, 40.73852706849623], [-73.95541427309487, 40.73850178131174], [-73.95541492003184, 40.73847331024437], [-73.95541558500533, 40.73844484741817], [-73.9554161829218, 40.73841952730749], [-73.95541692218058, 40.73838790255486], [-73.95541744580976, 40.738365744370206], [-73.95541826296758, 40.738330949458266], [-73.95541880613504, 40.738311947746475], [-73.9554196795221, 40.73827401011433], [-73.95542004014884, 40.738258167541936], [-73.9554209553401, 40.738217073460156], [-73.95542124165824, 40.73820442575087], [-73.95542223837477, 40.73816013406352], [-73.95542245762368, 40.73815064828329], [-73.95542372772033, 40.73809686260193], [-73.95542501225265, 40.73804307143624], [-73.95542623180954, 40.737989310437285], [-73.95542638402384, 40.737982934435664], [-73.95542653623622, 40.73797656117881], [-73.95542668845044, 40.73797018517717], [-73.95542684427127, 40.7379638119217], [-73.95542699648357, 40.7379574386648], [-73.9554271523044, 40.737951065409284], [-73.95542722873618, 40.737944694867814], [-73.95542738100899, 40.737938231034086], [-73.95542753683156, 40.73793185503382], [-73.95542769259347, 40.73792556961039], [-73.95542784843246, 40.73791916890732], [-73.95542800429536, 40.73791273252251], [-73.95542816013612, 40.737906329074676], [-73.95542831589792, 40.737900043651166], [-73.955428428477, 40.73789357980207], [-73.95542858429933, 40.73788720380177], [-73.95542866794976, 40.73788083051825], [-73.95542882016174, 40.73787445726127], [-73.95542897237547, 40.737868081259556], [-73.95542912825832, 40.73786161468244], [-73.95542927680107, 40.73785533200087], [-73.95542942540627, 40.73784895599772], [-73.95542957407194, 40.73784248941776], [-73.95542967576661, 40.73783611339644], [-73.95542982443042, 40.73782964956121], [-73.95542990447215, 40.73782327627627], [-73.95543003497592, 40.73781698809822], [-73.95543016920575, 40.73781052425736], [-73.95543029976822, 40.73780414824722], [-73.95543041950701, 40.73779776948809], [-73.95543053924214, 40.73779139621848], [-73.9554306265026, 40.737785020191566], [-73.95543073547461, 40.73777855359615], [-73.95543084444476, 40.73777208974555], [-73.95543091005054, 40.73776571919969], [-73.95543100807764, 40.73775943100899], [-73.95543110261377, 40.73775296715276], [-73.9554311898925, 40.73774656367825], [-73.95543126993583, 40.737740187648484], [-73.9554313464294, 40.73773372378526], [-73.95543140121327, 40.737727347745675], [-73.95543146321229, 40.73772097445367], [-73.9554315216652, 40.737714507838696], [-73.95543155840475, 40.73770813453685], [-73.95543160597157, 40.737701758494495], [-73.95543164638019, 40.73769529461726], [-73.95543167950937, 40.73768892405877], [-73.95543170181674, 40.73768254800662], [-73.95543171690531, 40.7376761746964], [-73.95543172844592, 40.73766971080796], [-73.95543172910055, 40.73766333749216], [-73.95543172614846, 40.73765696143019], [-73.95543171603813, 40.73765049753336], [-73.95543169510054, 40.73764403637708], [-73.95543166690562, 40.73763763560258], [-73.95543163147715, 40.73763125952803], [-73.95543158888864, 40.737624798363335], [-73.95543153541408, 40.73761842777128], [-73.95543147111594, 40.737612054430286], [-73.95543139966135, 40.737605590509666], [-73.9554313281848, 40.73759915952609], [-73.9554310234476, 40.73758000926746], [-73.95542424839924, 40.73741567005537], [-73.9554219421619, 40.73740011739259], [-73.95542144507367, 40.73739340627928], [-73.95542094426872, 40.73738685710491], [-73.95542040017503, 40.737380288700514], [-73.95541986334797, 40.737373646190605], [-73.95541930118821, 40.73736711346096], [-73.95541873544587, 40.73736054230341], [-73.95541817696645, 40.73735390252983], [-73.95541757876825, 40.73734730116743], [-73.955416991267, 40.73734089194185], [-73.9554163821389, 40.73733444702609], [-73.95541576933819, 40.7373280981753], [-73.95541514571588, 40.73732174383073], [-73.95541451487487, 40.737315392228155], [-73.95541385161835, 40.737308950036166], [-73.95541318114506, 40.73730250784139], [-73.95541249978402, 40.73729615896397], [-73.95541180399104, 40.737289807336225], [-73.955411086608, 40.737283365123226], [-73.95541036555782, 40.737277010740904], [-73.95540963007028, 40.73727066184249], [-73.95540887660667, 40.73726421412599], [-73.95540810862666, 40.737257889917736], [-73.95540732628459, 40.737251458658584], [-73.9554065005859, 40.73724510972518], [-73.9554056929279, 40.73723876354355], [-73.95540486008055, 40.73723231305147], [-73.9554040343658, 40.73722598882085], [-73.95540319061809, 40.737219650859444], [-73.95540233605985, 40.737213290935806], [-73.95540146349067, 40.73720688434435], [-73.95540057289581, 40.73720045304316], [-73.95539957393517, 40.737194189129916], [-73.95539866883155, 40.73718787035796], [-73.95539772778122, 40.73718134571562], [-73.9553968010308, 40.73717502144572], [-73.95539588144605, 40.7371687740317], [-73.95539491508377, 40.73716232897732], [-73.95539396307099, 40.737156010187114], [-73.95539299664104, 40.7371496666885], [-73.95539201221312, 40.73714325730891], [-73.95539090144145, 40.73713691924389], [-73.9553899097363, 40.737130600438256], [-73.95538891083284, 40.737124254182305], [-73.95538790108579, 40.73711793536963], [-73.9553868697635, 40.737111504013754], [-73.95538584919149, 40.73710518519688], [-73.95538481781081, 40.737098841673024], [-73.95538378281266, 40.73709251187154], [-73.95538271892683, 40.7370862122511], [-73.95538163348051, 40.73707977812942], [-73.95538055878076, 40.73707346203626], [-73.95537947327237, 40.7370671212361], [-73.95537839497192, 40.737060794162524], [-73.95537731665696, 40.73705448904691], [-73.95537623475948, 40.73704814550334], [-73.95537515284751, 40.73704182391779], [-73.95537406015814, 40.73703543096448], [-73.95537297826313, 40.73702908467617], [-73.95537190356863, 40.737022763093364], [-73.9553708396906, 40.73701645523849], [-73.95536978299288, 40.737010202281475], [-73.9553687083615, 40.73700378737706], [-73.95536764454292, 40.73699739169009], [-73.95536660588986, 40.73699113599527], [-73.95536556728484, 40.736984808936825], [-73.9553645358822, 40.73697850383925], [-73.95536351172242, 40.736972160317876], [-73.95536248039741, 40.73696573994064], [-73.95536147787219, 40.736959421130415], [-73.955360482542, 40.73695313526003], [-73.95535754352856, 40.736934178855805], [-73.95528790731645, 40.73650983495489], [-73.95528429555313, 40.73648791944238], [-73.95528182298773, 40.73647297055594], [-73.95506272518499, 40.73513737877121], [-73.9550605151351, 40.735123903912374], [-73.95505830149808, 40.73511039885977], [-73.95505608784163, 40.73509692399934], [-73.9550538813991, 40.735083454631244], [-73.95505166776665, 40.73506994683366], [-73.9550494469221, 40.73505643354368], [-73.95504723329326, 40.735042923001245], [-73.95504502685245, 40.73502945637759], [-73.95504281319953, 40.735015984261565], [-73.9550406031595, 40.73500250665733], [-73.95503838951763, 40.73498902081738], [-73.95503617589331, 40.73497551027461], [-73.95503396226805, 40.734962002476486], [-73.95503175580106, 40.73494858251324], [-73.95502954217389, 40.73493508020451], [-73.95502732854945, 40.73492157515095], [-73.95502511850087, 40.73490811950432], [-73.95502290128655, 40.734894589746396], [-73.95502068766483, 40.734881084692645], [-73.95501847761898, 40.7348676290458], [-73.95501626759436, 40.73485414320658], [-73.9550140539753, 40.734840638152605], [-73.95501183673953, 40.734827146820955], [-73.95500962671952, 40.73481365823678], [-73.95500741667807, 40.734800202589575], [-73.95500519946539, 40.734786681065415], [-73.95500298584712, 40.734773181500586], [-73.95500077941672, 40.7347597258546], [-73.95499856220117, 40.73474621256451], [-73.95499634499579, 40.734732685550576], [-73.9549941421505, 40.73471926833233], [-73.95499192493949, 40.734705752297245], [-73.95498971493117, 40.73469225822298], [-73.95498750130434, 40.734678780615724], [-73.95498528409789, 40.73466526183569], [-73.95498308128298, 40.73465180619057], [-73.95498086765696, 40.73463833132789], [-73.95497865044949, 40.73462481803714], [-73.9549764368531, 40.73461130200303], [-73.95497421604466, 40.7345977804765], [-73.95497200962217, 40.73458433031912], [-73.95496979600435, 40.734570849966595], [-73.95493356986661, 40.73434999562843], [-73.95487976826861, 40.73402208348331], [-73.9548775547086, 40.73400857293568], [-73.95487533034317, 40.733995034936164], [-73.9548731131785, 40.733981521642235], [-73.95487089962303, 40.73396800834959], [-73.95486867525844, 40.73395447309465], [-73.95486645450863, 40.733940929606796], [-73.95486423374298, 40.73392741082167], [-73.95486201658653, 40.73391389203785], [-73.9548598030207, 40.73390040070292], [-73.95485757866247, 40.733886862702875], [-73.95485535791532, 40.733873321959436], [-73.95485314076619, 40.733859797685845], [-73.95485092361052, 40.73384628439119], [-73.95484870646133, 40.733832762862214], [-73.95484649290275, 40.73381926878215], [-73.95484426855366, 40.73380572529219], [-73.95484204781562, 40.73379217905882], [-73.9548398306533, 40.733778682232376], [-73.95483761351048, 40.73376515795831], [-73.95483539636483, 40.73375163917369], [-73.95483317202026, 40.73373809568339], [-73.9548309548671, 40.733724590622394], [-73.95482874492579, 40.73371109379841], [-73.9548265169887, 40.73369753109319], [-73.95482418126947, 40.73368328215707], [-73.95481986555862, 40.73365698846191], [-73.9548176484239, 40.733643464187224], [-73.9548154240735, 40.73362993990965], [-73.95481321053398, 40.73361643759428], [-73.95481098979926, 40.73360290508376], [-73.95480876906359, 40.73358937531787], [-73.95480655192033, 40.73357587025614], [-73.95480433479287, 40.73356234323628], [-73.95480211045162, 40.73354881346882], [-73.9547998969212, 40.73353530566354], [-73.95479767978713, 40.73352179236729], [-73.95479546265209, 40.73350828181567], [-73.95479324552915, 40.7334947547955], [-73.95479102119613, 40.73348121953817], [-73.95478880767392, 40.73346770624302], [-73.95478659415635, 40.73345418745833], [-73.95459011059091, 40.73225641173987], [-73.95444115764795, 40.73134767428901], [-73.95443867091915, 40.7313328873086], [-73.95443743475924, 40.731325511662085], [-73.95443620580464, 40.73131815248698], [-73.95443498047726, 40.73131076586572], [-73.9544337551501, 40.73130337924443], [-73.95443253343325, 40.73129598987981], [-73.9544313117148, 40.73128860325991], [-73.95443008641291, 40.73128118095678], [-73.95442887191506, 40.731273788850174], [-73.95442766460931, 40.73126643242819], [-73.95442645010823, 40.73125904581109], [-73.95442523202561, 40.73125162076597], [-73.95442402113693, 40.7312442286607], [-73.95442280663853, 40.73123683929882], [-73.95442159575045, 40.73122944719353], [-73.95442038846889, 40.73122205783439], [-73.95441917397507, 40.731214662982865], [-73.95441796306899, 40.73120729832508], [-73.95441674137632, 40.731199878767896], [-73.95441552327515, 40.7311924839149], [-73.95441430875611, 40.73118512748989], [-73.95441308345985, 40.731177702441634], [-73.95441185455765, 40.73117027464729], [-73.95441063282689, 40.73116291272983], [-73.9544094074883, 40.73115555081094], [-73.95440816775867, 40.73114812850171], [-73.95440693161686, 40.73114073638616], [-73.95440569186718, 40.731133344269196], [-73.95440444850962, 40.73112595215079], [-73.95440319793799, 40.7311185572847], [-73.95440194376032, 40.73111115967242], [-73.9544006859692, 40.731103770293004], [-73.95439942096579, 40.73109637542116], [-73.95439815235832, 40.731088975058384], [-73.9543968837192, 40.73108162135637], [-73.95439560789043, 40.73107422922492], [-73.95439431765757, 40.7310667959164], [-73.95439302739487, 40.73105940652402], [-73.95439173711186, 40.73105204732382], [-73.95439043242293, 40.731044649691384], [-73.95438912411858, 40.7310372630365], [-73.95438780860394, 40.73102986814443], [-73.95438648948333, 40.73102247050621], [-73.95438515953296, 40.73101508109791], [-73.95438382598044, 40.73100768345387], [-73.95438248159999, 40.73100029129506], [-73.95438113720299, 40.73099292383899], [-73.95437978200071, 40.730985528931136], [-73.95437841957867, 40.73097813950985], [-73.9543770607482, 40.73097077479276], [-73.95437568389238, 40.730963388110496], [-73.95437429622375, 40.73095598495537], [-73.95437291213725, 40.73094862022822], [-73.95437151721919, 40.730941266475746], [-73.95437010430969, 40.73093384135252], [-73.9543686877754, 40.73092644093059], [-73.95436727121705, 40.73091907619045], [-73.9543658474371, 40.73091171968175], [-73.95436440566382, 40.73090429454695], [-73.95436296745956, 40.73089692705342], [-73.9543615184274, 40.730889565045054], [-73.95436005498573, 40.73088217009394], [-73.95435858432994, 40.73087477239513], [-73.95435711365384, 40.73086740488865], [-73.95435556743126, 40.73085971072629], [-73.95435400678967, 40.73085199734487], [-73.95435243174416, 40.73084424278638], [-73.95435085307024, 40.73083651841877], [-73.95434926357044, 40.73082879679154], [-73.95434767404842, 40.73082110810137], [-73.95434606292132, 40.7308133562732], [-73.95434444456329, 40.73080562640021], [-73.95434282978557, 40.73079793769993], [-73.95434118979276, 40.730790188605], [-73.9543395533765, 40.73078248617234], [-73.95433790973495, 40.7307747974605], [-73.95433624088024, 40.73076704560926], [-73.95433457200522, 40.73075932395028], [-73.95433289950557, 40.73075162699268], [-73.95433120898454, 40.730743902580286], [-73.95432951844319, 40.73073620836018], [-73.95432781707409, 40.73072851962527], [-73.95432610129744, 40.7307207952028], [-73.9543243746968, 40.730713070776005], [-73.95432264807962, 40.73070537105195], [-73.95432091422221, 40.73069770700683], [-73.95431916236033, 40.730689990804144], [-73.95431739968022, 40.73068226636289], [-73.95431563337546, 40.73067456662293], [-73.95431386704658, 40.730666902564785], [-73.95431207910528, 40.73065918634768], [-73.95431027674319, 40.73065145365628], [-73.95430848155071, 40.73064378958653], [-73.9543066683369, 40.73063609806208], [-73.95430484790919, 40.73062840379001], [-73.95430300946397, 40.73062067657359], [-73.9543011745877, 40.73061300699846], [-73.95429933609627, 40.730605348400914], [-73.95429747239174, 40.73059762666391], [-73.95429559785207, 40.730589921391115], [-73.9542937268946, 40.730582254546285], [-73.95429184871944, 40.7305745904433], [-73.95428995252486, 40.730566896140814], [-73.9542880455102, 40.730559196344444], [-73.9542861384715, 40.73055153222989], [-73.95428422060894, 40.730543868111], [-73.954282288337, 40.730536171049266], [-73.95428034524116, 40.73052847398322], [-73.954278398517, 40.730520807107936], [-73.95427644457894, 40.73051313748504], [-73.95427447981513, 40.73050547060258], [-73.95427250783185, 40.7304978092067], [-73.95427052142975, 40.73049012859174], [-73.95426586839318, 40.730472294066814], [-73.95426046307864, 40.73045181878791], [-73.95425841536044, 40.73044411070082], [-73.95425636040582, 40.73043643280313], [-73.95425430903337, 40.73042879333334], [-73.9542522468296, 40.73042116483826], [-73.95425017021653, 40.73041350340034], [-73.95424807917905, 40.730405830977624], [-73.95424597731586, 40.73039816129531], [-73.95424387903866, 40.73039052455143], [-73.95424175913413, 40.73038285760661], [-73.95423963201574, 40.73037518791412], [-73.95423750488087, 40.73036754292438], [-73.95423537411392, 40.73035993361498], [-73.95423323253637, 40.73035230508793], [-73.9542310693409, 40.73034463263617], [-73.95422890612703, 40.73033698763185], [-73.9542267356862, 40.73032935909319], [-73.95422454362749, 40.7303216866298], [-73.9542223587459, 40.73031407180908], [-73.9542201594437, 40.73030644051403], [-73.95421794572094, 40.730298792744684], [-73.95421572838686, 40.73029115046332], [-73.95421350022524, 40.730283513667175], [-73.95421127203966, 40.730275912552734], [-73.95420902584422, 40.73026826751502], [-73.95420676882512, 40.73026062247294], [-73.95420451538816, 40.73025301585882], [-73.95420223672151, 40.73024537080801], [-73.95419996163898, 40.730237761440414], [-73.95419767933886, 40.73023015481464], [-73.9541953790215, 40.730222515244606], [-73.95419306788793, 40.73021486469116], [-73.95419076392578, 40.7302072800147], [-73.95418844914938, 40.73019968161004], [-73.95418610914894, 40.73019203653451], [-73.95418376552023, 40.73018442164973], [-73.95418141828014, 40.73017681225297], [-73.95417907102177, 40.73016923030374], [-73.95417669854697, 40.73016159070452], [-73.9541743260387, 40.73015400051085], [-73.95417195352346, 40.730146421296155], [-73.95416954857566, 40.73013878442861], [-73.95416714361141, 40.73013117226378], [-73.95416474223498, 40.73012359029267], [-73.95416231923335, 40.7301159753758], [-73.95415989620953, 40.73010839339596], [-73.95415745516672, 40.73010078121656], [-73.95415500330392, 40.73009316354322], [-73.95415254781477, 40.730085573316], [-73.95415009951773, 40.73007801877343], [-73.95414762599876, 40.7300704148151], [-73.95414514525285, 40.730062827322385], [-73.95414266809098, 40.730055275512846], [-73.95414016210665, 40.730047663307154], [-73.95413765249592, 40.730040078547525], [-73.9541351284761, 40.73003246084502], [-73.95413260802715, 40.73002489803895], [-73.95413008757312, 40.730017343467175], [-73.95412755628789, 40.73000979986993], [-73.95412499257588, 40.73000219038562], [-73.95412242524696, 40.729994594623605], [-73.95411986510636, 40.72998704003569], [-73.95411729414222, 40.729979485443394], [-73.9541147051571, 40.729971903396326], [-73.95411210174792, 40.7299643103644], [-73.95410950912003, 40.729956780466075], [-73.95410689487451, 40.729949206642985], [-73.9541042734097, 40.72994163830648], [-73.95410165912949, 40.7299341166336], [-73.95409901242259, 40.729926529073595], [-73.95409637288897, 40.729919004645765], [-73.95409500450887, 40.72991510380228], [-73.954093708141, 40.72991141982315], [-73.95409235055146, 40.72990756838955], [-73.95409103977805, 40.72990384597814], [-73.95408968217932, 40.72990000826825], [-73.95408837498786, 40.729896324284745], [-73.95408702818719, 40.72989252500571], [-73.95408569218058, 40.72988876964706], [-73.95408434536697, 40.72988498958131], [-73.95408299495112, 40.729881201279774], [-73.95408164812646, 40.72987743768251], [-73.95408029050232, 40.72987363839906], [-73.9540789616748, 40.729869937938304], [-73.95407758603145, 40.72986610845535], [-73.95407624639708, 40.72986238328744], [-73.9540748779531, 40.729858578510104], [-73.95407354550682, 40.72985489451639], [-73.95407214463789, 40.729851021107194], [-73.95406940770192, 40.72984348291601], [-73.95406668156052, 40.72983598864515], [-73.95406391578963, 40.72982840927103], [-73.954061153601, 40.72982086832479], [-73.95405839499075, 40.72981337129605], [-73.95405560756012, 40.72980581112632], [-73.95405283451889, 40.72979831409165], [-73.95405003984877, 40.729790789600735], [-73.9540472343627, 40.72978325412637], [-73.95404441444313, 40.72977572139093], [-73.95404160171948, 40.72976821885064], [-73.95403877457181, 40.72976070532543], [-73.95403251516537, 40.72974416841754], [-73.95402736136313, 40.729730637458424], [-73.95402449091434, 40.72972313489455], [-73.95402160964392, 40.72971562958157], [-73.95401871754996, 40.72970812426417], [-73.95401581103958, 40.7297005969829], [-73.95401291171186, 40.72969311910998], [-73.95400999435401, 40.72968562750603], [-73.95400706618965, 40.729678111194914], [-73.95400414160373, 40.7296706388012], [-73.95400119538716, 40.72966314169596], [-73.95399824195512, 40.729655644587766], [-73.95399527770148, 40.72964814473038], [-73.95399230983477, 40.729640653105804], [-73.95398933834747, 40.729633180692936], [-73.95398635603279, 40.72962571376516], [-73.95398337011078, 40.72961824683588], [-73.95398034094391, 40.729610705780786], [-73.95397734057968, 40.72960325531409], [-73.9539743221872, 40.72959578837156], [-73.95397129298068, 40.72958830770087], [-73.95396825655119, 40.7295808380062], [-73.95396522011096, 40.72957338477996], [-73.95396216203073, 40.729565920565996], [-73.95395908593746, 40.72955841791815], [-73.95395601702876, 40.729550961933896], [-73.95395294089514, 40.72954351967047], [-73.95394984674853, 40.72953603897316], [-73.95394674897747, 40.72952858297715], [-73.95394365479805, 40.729521151685255], [-73.95394053898058, 40.72951370666084], [-73.95393740514818, 40.729506225947254], [-73.95393427129757, 40.72949877268119], [-73.9539311302258, 40.72949132764639], [-73.95392799274387, 40.7294839100605], [-73.9539248408475, 40.7294764677659], [-73.95392167091921, 40.729469014485055], [-73.95391848655753, 40.729461563943026], [-73.95391531299794, 40.729454146342306], [-73.9539121178116, 40.72944669854054], [-73.95390890819574, 40.72943924798811], [-73.95390570577581, 40.729431827630826], [-73.9539024961386, 40.72942441001526], [-73.95389927207374, 40.72941698690434], [-73.95389603718355, 40.72940956653378], [-73.95389278427477, 40.729402115963545], [-73.95388954936703, 40.729394723040286], [-73.95388628921891, 40.72938730814877], [-73.9538830146508, 40.729379876782886], [-73.95387974007198, 40.729372461885404], [-73.95387645106173, 40.72936504698202], [-73.9538731620427, 40.72935764580234], [-73.95386985860367, 40.72935022814825], [-73.95386653712892, 40.729342804997295], [-73.95386321924967, 40.72933540106098], [-73.95385990856064, 40.72932803555405], [-73.95385657983977, 40.72932065906072], [-73.9538532258976, 40.72931323315161], [-73.95384987193711, 40.72930583468994], [-73.95384650353762, 40.729298447201394], [-73.95384312793426, 40.7292910432413], [-73.95383976312341, 40.729283685946314], [-73.95383636946421, 40.72927630668157], [-73.95383294697952, 40.729268872510104], [-73.95382954610004, 40.72926150147652], [-73.95382613438774, 40.72925414416226], [-73.95382271546582, 40.729246778610744], [-73.95381927491547, 40.729239385602924], [-73.9538158271384, 40.72923200906058], [-73.95381238655725, 40.72922466271335], [-73.95380892073963, 40.729217288908316], [-73.95380546211607, 40.729209948043156], [-73.95380197465937, 40.72920256325021], [-73.95379848718827, 40.72919520041514], [-73.95379499609469, 40.7291878595366], [-73.95379148698072, 40.72918049120316], [-73.95378798505885, 40.7291731585543], [-73.9537844542945, 40.729165795701455], [-73.95378093072793, 40.72915846029895], [-73.95377740355028, 40.72915113038438], [-73.95377382230437, 40.72914372633953], [-73.95377028068478, 40.72913641288749], [-73.9537667210372, 40.729129082959524], [-73.9537631577691, 40.72912177224325], [-73.9537595692741, 40.72911442034541], [-73.95375596274359, 40.72910706295076], [-73.9537523922351, 40.729099790657806], [-73.95374878568904, 40.72909245796566], [-73.95374516110745, 40.72908511977667], [-73.95374152930681, 40.729077787074104], [-73.95373790110163, 40.72907047358616], [-73.95373420793948, 40.72906317928534], [-73.95373055447975, 40.72905586578702], [-73.95372689740707, 40.729048560521406], [-73.95372322951116, 40.72904125525132], [-73.95371955440184, 40.72903394723343], [-73.9537158756682, 40.72902666391679], [-73.95371218251283, 40.72901936687044], [-73.95370846773297, 40.729012036878174], [-73.95370475292914, 40.72900474256763], [-73.95370104172844, 40.72899745649268], [-73.95369731609267, 40.72899017590126], [-73.95369357603705, 40.72898287883544], [-73.9536898359708, 40.72897559823796], [-73.95368608147524, 40.72896831488985], [-73.95368231255603, 40.728961020556724], [-73.9536785616415, 40.72895377838113], [-73.95367477108154, 40.728946475804804], [-73.95367097330255, 40.728939178714974], [-73.95366720433893, 40.72893195300022], [-73.95366340293454, 40.72892468335624], [-73.95365957628817, 40.728917394488626], [-73.95365577126024, 40.72891014954571], [-73.95365193018351, 40.72890286067204], [-73.9536482872716, 40.72889596986762], [-73.95364462633948, 40.72888905160832], [-73.95364095098755, 40.72888211687448], [-73.95363726840888, 40.7288751986062], [-73.95363358222295, 40.72886828033634], [-73.95362989242409, 40.72886137029914], [-73.95362620622059, 40.72885447947657], [-73.95362248396827, 40.72884754472328], [-73.95361877251977, 40.728840640166496], [-73.95361506466669, 40.72883375482434], [-73.95361134238809, 40.728826861242005], [-73.9536076056839, 40.7288199594194], [-73.95360386897859, 40.72881306034147], [-73.95360012144809, 40.72880616400381], [-73.953596381121, 40.72879928688222], [-73.9535926227604, 40.728792401518945], [-73.9535888607983, 40.72878550791982], [-73.95358509161139, 40.72877862804144], [-73.9535813116108, 40.728771734434794], [-73.95357753520373, 40.72876486278751], [-73.95357375518363, 40.7287579993729], [-73.95356995353927, 40.72875110301236], [-73.95356615909064, 40.72874423684695], [-73.95356235742682, 40.72873737067845], [-73.9535585521538, 40.728730507253154], [-73.95355472165427, 40.72872360264618], [-73.95355090915346, 40.728716758430984], [-73.95354708944889, 40.72870989774422], [-73.95354327333972, 40.72870305627205], [-73.95353943920084, 40.72869620106867], [-73.9535355942484, 40.728689332137016], [-73.95353174929093, 40.728682471439534], [-73.95352791153499, 40.72867563270286], [-73.95352404134225, 40.728668744547335], [-73.95352018195321, 40.72866188658836], [-73.9535163513812, 40.728655097259775], [-73.95351247036298, 40.728648214588986], [-73.95350860015044, 40.728641359370016], [-73.95350474074358, 40.728634531602786], [-73.95350085250223, 40.72862766265243], [-73.95349697867067, 40.72862082664487], [-73.9534931012319, 40.72861399063571], [-73.95348922018597, 40.72860715462492], [-73.95348533913695, 40.72860032410356], [-73.9534814544846, 40.728593488091036], [-73.9534775626132, 40.72858665756503], [-73.95347367435248, 40.72857982429553], [-73.95346976446187, 40.72857296631437], [-73.95346586538263, 40.72856612755076], [-73.95346198431928, 40.72855932447607], [-73.95345806722268, 40.72855245551256], [-73.95345417173854, 40.728545638708006], [-73.95345027986117, 40.728538824649526], [-73.95344637717798, 40.72853198588374], [-73.95344246367343, 40.72852514436869], [-73.95343855738574, 40.728518302856386], [-73.95343467271606, 40.72851150526885], [-73.95343077002647, 40.72850468022628], [-73.95342683851203, 40.728497800276806], [-73.95342296105116, 40.72849101641549], [-73.95341906557223, 40.728484202354444], [-73.95341513406218, 40.728477319659774], [-73.95341125300529, 40.72847052207284], [-73.95340346206838, 40.72845687199174], [-73.95327682612528, 40.7282341879951], [-73.95327269639242, 40.7282270389735], [-73.9520040656648, 40.72599778006381], [-73.95189033146092, 40.72579793347763], [-73.95173357512195, 40.7255224698919], [-73.95078432678426, 40.723854432813575], [-73.95018779764183, 40.722806458114114], [-73.9501759295761, 40.72278551870569], [-73.95016998833168, 40.72277504762548], [-73.9501640182585, 40.72276453536109], [-73.95015808061936, 40.7227540725161], [-73.95015569908806, 40.72274986377029], [-73.95015213218569, 40.72274357398425], [-73.95014557125911, 40.72273199100723], [-73.95014051996742, 40.72272306286509], [-73.95013547589447, 40.72271413198105], [-73.95013043183313, 40.722705187373045], [-73.9501284106112, 40.72270159635337], [-73.95012541660589, 40.72269628120386], [-73.95012248385761, 40.722691064892196], [-73.95012039058358, 40.72268733934796], [-73.95011537899342, 40.72267839749807], [-73.95011038543674, 40.72266946389006], [-73.95010539909885, 40.72266052754018], [-73.95010043080482, 40.72265158570836], [-73.9500954625244, 40.722642627407744], [-73.95009315312994, 40.72263845162893], [-73.95009051588733, 40.72263367460584], [-73.95008560530572, 40.722624752011676], [-73.95008069114648, 40.722615790989146], [-73.95007580223, 40.72260684644586], [-73.9500709313593, 40.72259789367588], [-73.95006605331169, 40.72258889149694], [-73.9500612257316, 40.722579944234845], [-73.9500585921897, 40.72257504918798], [-73.95005640899439, 40.72257097227444], [-73.95005162111566, 40.722562005815846], [-73.9500468440778, 40.72255301740364], [-73.95004208148421, 40.72254401252897], [-73.95003736216337, 40.72253503512046], [-73.95003266449805, 40.72252604674207], [-73.950030506609, 40.72252190396485], [-73.95002797768379, 40.72251702268637], [-73.95002333054072, 40.722508017860996], [-73.95001871946742, 40.72249902403011], [-73.95001411564769, 40.72248998079651], [-73.95000954789977, 40.722480945812656], [-73.95000502343066, 40.7224719300607], [-73.95000050622133, 40.72246285667181], [-73.94999794865139, 40.722457692670105], [-73.94999601788491, 40.72245376957144], [-73.94999158003638, 40.722444709940405], [-73.9499871890805, 40.7224356613086], [-73.94998281980065, 40.72242657425942], [-73.94997849741338, 40.722417498209474], [-73.94997420390919, 40.7224083947243], [-73.94997202115924, 40.72240373866515], [-73.94996995009463, 40.72239928576667], [-73.94996572876664, 40.722390154864925], [-73.94996155074004, 40.7223810130028], [-73.94995743041451, 40.72237190135798], [-73.94995335339647, 40.72236277051847], [-73.94994931247672, 40.722353612246934], [-73.94994746131967, 40.7223493762795], [-73.94994531126505, 40.72234442380013], [-73.94994135335263, 40.722335227137705], [-73.9499374639662, 40.72232605795259], [-73.94993362148657, 40.72231688055339], [-73.94992981872933, 40.7223076537657], [-73.94992608809747, 40.72229846543589], [-73.94992450010241, 40.722294495824094], [-73.949922393601, 40.72228920026838], [-73.94991873156411, 40.72227994883864], [-73.949915148874, 40.72227072763565], [-73.94991162391355, 40.72226149822336], [-73.94990813149109, 40.72225217824809], [-73.94990471480146, 40.72224289673223], [-73.94990136664174, 40.72223363720421], [-73.94989807262249, 40.72222434476251], [-73.94989482913405, 40.72221502215033], [-73.94989165419396, 40.72220569682314], [-73.94988854057661, 40.7221963825016], [-73.94988548831289, 40.7221870380143], [-73.94988249379104, 40.7221776688492], [-73.94987956421188, 40.72216829422274], [-73.94987671398326, 40.72215894433363], [-73.94987392509586, 40.72214958074732], [-73.94987119755989, 40.72214018974004], [-73.94986853856794, 40.72213080150729], [-73.94986594092956, 40.722121383108856], [-73.94986341905451, 40.72211196199853], [-73.94986096572343, 40.72210254366283], [-73.94985858095278, 40.722093106143525], [-73.94985626473013, 40.72208366590932], [-73.94985401348096, 40.722074179042416], [-73.94985327989828, 40.722071019505556], [-73.9498525355547, 40.72206777762118], [-73.94985182359535, 40.72206464828604], [-73.94985109727573, 40.72206142562287], [-73.94985037819002, 40.72205817825999], [-73.94984970947507, 40.72205511207314], [-73.94984900482632, 40.72205185648224], [-73.94984831457926, 40.722048639324285], [-73.94984765313144, 40.722045504521596], [-73.9498469773337, 40.72204226266704], [-73.94984633033104, 40.72203910865737], [-73.94984567255925, 40.72203588327924], [-73.94984501482263, 40.7220326112402], [-73.94984440744848, 40.72202953135618], [-73.94984377132891, 40.72202629775319], [-73.94984314604064, 40.72202305317589], [-73.94984255314264, 40.722019912913524], [-73.94984194230155, 40.72201664638442], [-73.94984133866755, 40.72201339083748], [-73.94984076741564, 40.722010250584496], [-73.94984019619265, 40.722007071904926], [-73.94983962502555, 40.722003819116885], [-73.9498390790273, 40.722000678874934], [-73.94983851869146, 40.72199741511255], [-73.94983797277182, 40.72199417056976], [-73.94983745920321, 40.721991082492316], [-73.94983693131772, 40.72198784344692], [-73.94983640705439, 40.721984585189766], [-73.94983590438531, 40.721981395561], [-73.94983540175139, 40.721978159271316], [-73.9498349027417, 40.72197490102518], [-73.94983442893388, 40.72197171140897], [-73.94983396592008, 40.72196856022408], [-73.94983349576958, 40.72196530473523], [-73.94983304359947, 40.721962126107485], [-73.94983258789618, 40.721958848666844], [-73.94983215020422, 40.72195560691598], [-73.94983173764183, 40.721952529861525], [-73.94983128913947, 40.72194927163736], [-73.94983086950651, 40.72194600244671], [-73.94983047505681, 40.72194282658884], [-73.94983007346212, 40.72193955740607], [-73.9498296790807, 40.72193629097118], [-73.949829306279, 40.72193311237797], [-73.94982894430028, 40.7219299337895], [-73.94982856795507, 40.72192667010722], [-73.94982822040694, 40.72192349152501], [-73.94982787292291, 40.721920227855314], [-73.94982752183338, 40.721916961439284], [-73.9498272138991, 40.72191387619611], [-73.94982689527424, 40.721910615283754], [-73.94982658028177, 40.72190732143583], [-73.94982627241993, 40.72190414012617], [-73.94982598266242, 40.7219008709921], [-73.94982569651052, 40.72189760460436], [-73.94982542832653, 40.721894431546225], [-73.94982516016532, 40.72189122829577], [-73.94982489566142, 40.7218879591727], [-73.9498246527351, 40.72188478063604], [-73.94982440265552, 40.72188151975351], [-73.9498241706369, 40.72187822868653], [-73.94982396011534, 40.721875135251516], [-73.94982374972396, 40.72187186889677], [-73.9498235357229, 40.72186860528519], [-73.9498233469299, 40.7218654020693], [-73.94982316179617, 40.72186213023603], [-73.94982297665419, 40.72185886938182], [-73.94982280950904, 40.72185566343062], [-73.94982265677588, 40.72185248218846], [-73.94982250049709, 40.721849218602074], [-73.949822362211, 40.72184601540819], [-73.94982223833689, 40.7218428369234], [-73.9498221073343, 40.72183954315562], [-73.94982198713605, 40.72183627409541], [-73.94982188136625, 40.72183300778625], [-73.9498217863718, 40.72182980461122], [-73.94982169857201, 40.72182662888691], [-73.9498216144687, 40.72182333513962], [-73.94982154470915, 40.72182015667838], [-73.94982148583861, 40.72181689038967], [-73.94982143059842, 40.721813593910134], [-73.94982138963177, 40.72181050603852], [-73.94982135603738, 40.72180720956847], [-73.9498213332432, 40.72180394329541], [-73.94982131038286, 40.721800764854656], [-73.94982130925719, 40.72179746839871], [-73.94982131164821, 40.721794292713724], [-73.9498213177378, 40.72179099626092], [-73.94982134184487, 40.72178772726356], [-73.9498213730308, 40.72178463942338], [-73.94982140798143, 40.72178134298316], [-73.94982145733984, 40.72177807674158], [-73.94982151386803, 40.7217748708878], [-73.94982157765698, 40.72177160465251], [-73.94982164859705, 40.72176842350783], [-73.9498217376621, 40.721765127091196], [-73.94982182670648, 40.72176185812216], [-73.94982192645799, 40.72175874286422], [-73.94982203714605, 40.72175547664936], [-73.9498221550535, 40.721752204948125], [-73.94982228373418, 40.72174899912577], [-73.94982242689088, 40.72174573292506], [-73.9498225663758, 40.72174255181022], [-73.94982272759331, 40.721739255425064], [-73.94982289239364, 40.72173599197848], [-73.94982305706378, 40.721732901451695], [-73.94982324351604, 40.72172962978034], [-73.94982344080977, 40.72172633341083], [-73.94982363801257, 40.72172315781067], [-73.94982384610846, 40.72171988889349], [-73.94982406496317, 40.72171670506851], [-73.94982429833512, 40.72171340596995], [-73.9498245280023, 40.721710235873516], [-73.94982476850062, 40.72170705480269], [-73.94982503799424, 40.72170369533523], [-73.94982529292099, 40.72170051701544], [-73.94982556588789, 40.721697335958794], [-73.94982585335755, 40.72169405884187], [-73.94982613716583, 40.72169085308713], [-73.9498264353798, 40.72168768027573], [-73.94982674809864, 40.72168440865934], [-73.94982706803069, 40.72168113979085], [-73.94982740239311, 40.72167787092865], [-73.9498277330818, 40.72167468989715], [-73.94982807459125, 40.7216715116151], [-73.94982842331798, 40.721668330591434], [-73.94982879014478, 40.72166506723292], [-73.94982916417027, 40.72166182583556], [-73.9498295417641, 40.721658636590185], [-73.9498299410656, 40.7216553650115], [-73.94983032947393, 40.72165218674991], [-73.94983074320587, 40.7216489151775], [-73.94983117135791, 40.72164565733516], [-73.94983157411194, 40.72164259161488], [-73.9498320203206, 40.72163930907762], [-73.94983247372586, 40.72163605124627], [-73.94983291623176, 40.72163289496629], [-73.94983338768955, 40.72162961792952], [-73.94983385546111, 40.72162644519195], [-73.94983432321821, 40.72162329166773], [-73.94983481992503, 40.721620020131475], [-73.94983532743402, 40.721616776047505], [-73.94983583856919, 40.721613507262255], [-73.94983634961753, 40.72161035375685], [-73.94983687150932, 40.721607172808575], [-73.94983740065557, 40.72160393971307], [-73.94983794057299, 40.72160077524123], [-73.94983848411248, 40.72159759155756], [-73.94983904933679, 40.721594355733025], [-73.94983962539845, 40.72159110069983], [-73.94984020500979, 40.72158792252143], [-73.94984079187971, 40.72158468670629], [-73.94984140039735, 40.72158144815577], [-73.94984198353144, 40.72157838251403], [-73.94984260287804, 40.721575135733985], [-73.94984323665088, 40.721571894449724], [-73.94984386314445, 40.72156873824979], [-73.9498445113497, 40.721565494227065], [-73.94984515227151, 40.72156234077816], [-73.94984582933763, 40.721559096768004], [-73.94984649556841, 40.721555869221625], [-73.94984714001087, 40.72155283105412], [-73.9498478459522, 40.7215495678432], [-73.94984854826933, 40.721546326588765], [-73.94984923247388, 40.72154318413774], [-73.94984995641798, 40.72153996759553], [-73.94985068399022, 40.72153672360728], [-73.94985140425837, 40.7215335976405], [-73.94985213897968, 40.7215304414877], [-73.9498528881768, 40.72152722495644], [-73.9498536373263, 40.72152407155464], [-73.94985439728212, 40.721520940115624], [-73.94985518618341, 40.72151769615403], [-73.94985597505165, 40.721514496108625], [-73.94985677836051, 40.72151128234569], [-73.94985756356729, 40.72150815366238], [-73.9498583595968, 40.721505024983784], [-73.94985919537605, 40.72150180849025], [-73.94986000222828, 40.72149867981633], [-73.94986085244197, 40.721495457839474], [-73.94986171347021, 40.72149224684638], [-73.94986254918307, 40.721489118185076], [-73.94986339572083, 40.72148598678367], [-73.9498642856138, 40.72148277031361], [-73.94986516827498, 40.72147957579844], [-73.9498660400451, 40.721476471855574], [-73.94986693347737, 40.7214733459641], [-73.9498678196798, 40.72147023928277], [-73.94986877457548, 40.72146693500869], [-73.94986968602282, 40.72146383931735], [-73.94987061192941, 40.72146070520569], [-73.94987155590086, 40.72145753542003], [-73.94987252876196, 40.721454327220286], [-73.94987347270019, 40.72145120135072], [-73.949874420217, 40.721448113909325], [-73.94987541109735, 40.72144493042022], [-73.94987640920102, 40.72144173595525], [-73.94987738919228, 40.72143864029367], [-73.94987838001455, 40.721435533657804], [-73.94987942506029, 40.72143228157326], [-73.94988041585759, 40.72142920787445], [-73.9498814283004, 40.72142613418507], [-73.94988600218574, 40.72141249472358], [-73.94989111433766, 40.72139787836188], [-73.9498921989111, 40.72139483215137], [-73.94989333768524, 40.72139167068455], [-73.94989449088357, 40.721388517458266], [-73.94989561155755, 40.721385438326294], [-73.94989675026534, 40.7213823646917], [-73.94989789256412, 40.721379313016726], [-73.94989906739733, 40.721376173523616], [-73.9499002638905, 40.72137301482657], [-73.94990146036088, 40.72136988632186], [-73.94990264236145, 40.7213668099613], [-73.94990382434548, 40.72136375555874], [-73.9499050605198, 40.72136059962366], [-73.94990628222853, 40.721357490343216], [-73.94990749306483, 40.721354446932224], [-73.94990871473, 40.72135139529169], [-73.94990997614059, 40.7213482613256], [-73.94991124476222, 40.72134513285217], [-73.94991249528583, 40.72134208396887], [-73.94991375302658, 40.721339032343934], [-73.94991503966936, 40.72133592583638], [-73.94991634434592, 40.7213328248262], [-73.9499176273355, 40.7213297787017], [-73.94991891031043, 40.72132675179052], [-73.94992025108539, 40.72132362060361], [-73.94992157738852, 40.721320544305556], [-73.94992293259362, 40.72131741312493], [-73.94992426608492, 40.721314372511834], [-73.94992558872232, 40.72131137306543], [-73.94992695833682, 40.721308269338564], [-73.94992830984931, 40.72130525069132], [-73.9499296613472, 40.72130225125742], [-73.94993104898076, 40.72129917224121], [-73.94993247994265, 40.72129604383812], [-73.94993389282712, 40.721292967577575], [-73.94993526957364, 40.7212899736441], [-73.94993667880905, 40.72128695227708], [-73.94993810971056, 40.72128390347193], [-73.94993955866644, 40.721280832716545], [-73.94994099315468, 40.72127781136045], [-73.9499424384677, 40.721274787264335], [-73.94994390544473, 40.721271738474776], [-73.94994537602507, 40.72126869517628], [-73.94994682490405, 40.72126572597682], [-73.94994834964557, 40.721262619572386], [-73.94994984908018, 40.72125958452068], [-73.94995128707824, 40.72125669216967], [-73.9499528298347, 40.72125361596531], [-73.94995435813998, 40.72125056720226], [-73.94995587918874, 40.72124757333127], [-73.94995741829183, 40.72124455750996], [-73.94995897906306, 40.721241511505724], [-73.94996051091154, 40.721238547831675], [-73.9499620535888, 40.721235575928006], [-73.94996362876736, 40.72123256012235], [-73.94996521838027, 40.7212295388334], [-73.94996680436489, 40.7212265449904], [-73.94996836866457, 40.72122360328842], [-73.94996998713786, 40.721220582011945], [-73.94997162727101, 40.72121754153152], [-73.94997320236837, 40.72121463277125], [-73.94997485691923, 40.72121160876561], [-73.94997650424655, 40.721208595735874], [-73.94997808291812, 40.721205730893224], [-73.94997976993702, 40.7212027069016], [-73.94998143166954, 40.721199726815136], [-73.94998306810547, 40.72119680435759], [-73.94998478037091, 40.721193788611124], [-73.94998648540245, 40.72119079756438], [-73.94998816153185, 40.72118786140018], [-73.94998986654036, 40.721184900545694], [-73.94999154986202, 40.72118199457694], [-73.94999325123592, 40.72117906940269], [-73.94999504651014, 40.721176007031254], [-73.94999675147898, 40.72117309832705], [-73.94999847810149, 40.72117017865321], [-73.95000024082454, 40.721167226057894], [-73.95000196742407, 40.72116433657632], [-73.95000376625363, 40.72116134282526], [-73.9500055361687, 40.721158420425304], [-73.95000729523616, 40.72115553095781], [-73.95000905791315, 40.721152638747014], [-73.95001088918985, 40.72114967245751], [-73.95001271685055, 40.72114671714542], [-73.95001450838784, 40.721143824947134], [-73.95001636851865, 40.7211408669043], [-73.95001815641501, 40.721138018620515], [-73.95001994430305, 40.72113518131567], [-73.95002189108153, 40.721132135478115], [-73.95002372950228, 40.721129262513294], [-73.95002554985821, 40.72112642522251], [-73.95002743883029, 40.72112349189486], [-73.95002934584427, 40.72112055308552], [-73.9500311878288, 40.7211177377621], [-73.95003305148545, 40.72111488676614], [-73.95003503070023, 40.72111188211382], [-73.95003691237808, 40.72110905308371], [-73.95003881933363, 40.72110619112741], [-73.95004074072763, 40.72110331819832], [-73.95004264766638, 40.721100478200064], [-73.9500446232007, 40.72109756961252], [-73.95004659151553, 40.72109466651135], [-73.95004853092003, 40.72109182927181], [-73.95005049920984, 40.72108895910766], [-73.95005243498588, 40.72108614931406], [-73.95005440325477, 40.72108330659746], [-73.95005638235247, 40.721080455651226], [-73.9500584155803, 40.72107758277034], [-73.95006044159896, 40.721074701652014], [-73.95006242427078, 40.72107189462335], [-73.95006442498662, 40.721069079368185], [-73.95006645458768, 40.721066231188466], [-73.95006850223264, 40.72106337478218], [-73.95007052097972, 40.72106056776901], [-73.95007259388369, 40.72105770313937], [-73.95007468122198, 40.72105483302642], [-73.95007669271017, 40.721052083649965], [-73.9500787366953, 40.72104929586092], [-73.95008082039045, 40.72104647240718], [-73.95008291491033, 40.72104364621334], [-73.95008499136321, 40.721040858438236], [-73.95008705697475, 40.72103809536127], [-73.95008920563461, 40.72103523350892], [-73.9500913109477, 40.7210324457462], [-73.95009340902902, 40.721029679938425], [-73.95009556848852, 40.721026848282996], [-73.95009773516094, 40.721024019375385], [-73.9500998259896, 40.72102130296999], [-73.95010194570341, 40.72101855363998], [-73.95010414484359, 40.72101572474633], [-73.95010629703768, 40.721012958961744], [-73.95010852504848, 40.721010116356716], [-73.95011069166436, 40.72100736155733], [-73.95011279688116, 40.72100470005311], [-73.95011500681238, 40.72100191233533], [-73.95011727450593, 40.72099906974731], [-73.95011943025102, 40.72099637807255], [-73.95012164015294, 40.7209936287812], [-73.95012391503845, 40.72099081638851], [-73.95012613575251, 40.72098808082561], [-73.95012828063103, 40.72098544678591], [-73.95013054465835, 40.720982681049286], [-73.95013285201141, 40.7209798686705], [-73.95013506185678, 40.720977193487386], [-73.95013734752287, 40.720974435994286], [-73.95013965484252, 40.720971667531515], [-73.95014642871065, 40.72096360087274], [-73.95015329277291, 40.720955526018386], [-73.95016019647592, 40.72094750607592], [-73.95016717593037, 40.72093949440012], [-73.95017419502761, 40.72093153489147], [-73.95018127543155, 40.7209236028565], [-73.95018843159097, 40.720915673598626], [-73.95019563100692, 40.72090778827515], [-73.95020287006562, 40.72089995511877], [-73.95021021015127, 40.720892100047585], [-73.95021758266651, 40.7208842943956], [-73.95022502010012, 40.72087651072923], [-73.95023249718466, 40.72086876825096], [-73.95024002475304, 40.7208610532416], [-73.95024761724383, 40.720853354728305], [-73.95025523133944, 40.7208457083743], [-73.95026293923854, 40.72083805108128], [-73.95027069401598, 40.72083041851077], [-73.95027847761534, 40.72082283535788], [-73.95028628642918, 40.72081530162103], [-73.95029418183131, 40.72080775694196], [-73.95030210606153, 40.72080025344618], [-73.95031008439342, 40.72079276369699], [-73.95031462948968, 40.72078853049495], [-73.9503180915534, 40.720785315131074], [-73.9503261853016, 40.720777855622906], [-73.95033428261466, 40.72077045101088], [-73.95034241236957, 40.72076307934939], [-73.95035059983975, 40.72075571320173], [-73.95035882696692, 40.72074838000771], [-73.95036318419133, 40.720744511775706], [-73.95036710459631, 40.72074104957959], [-73.9503753930118, 40.72073376581643], [-73.95038372109045, 40.720726506772614], [-73.95039207440185, 40.720719272441926], [-73.95040051791914, 40.720712013446594], [-73.9504089361285, 40.720704825803494], [-73.95041302609687, 40.720701347210316], [-73.95041741567289, 40.720697627207166], [-73.9504259493209, 40.72069043961251], [-73.9504344721076, 40.72068330141823], [-73.95044304178474, 40.72067617147778], [-73.95045160060059, 40.720669090937676], [-73.95046022074746, 40.72066200493377], [-73.95046389188357, 40.720658995512366], [-73.95046890584089, 40.720654902488626], [-73.95047759090602, 40.72064783572465], [-73.95048625789272, 40.720640821102705], [-73.95049499343764, 40.7206337845515], [-73.95050374340086, 40.72062676172958], [-73.95051250416047, 40.720619771848824], [-73.9505213082192, 40.720612768262136], [-73.95052597917154, 40.72060905112049], [-73.95053007255213, 40.72060581955288], [-73.95053886576001, 40.720598848897325], [-73.9505477238962, 40.72059188650325], [-73.9505565928471, 40.7205849323474], [-73.95056548702053, 40.72057801662834], [-73.95057437397504, 40.720571103650194], [-73.95057834820362, 40.720568003778176], [-73.95058326453322, 40.72056419341773], [-73.9505921911509, 40.72055730241333], [-73.95060116105344, 40.720550416916296], [-73.95061016702981, 40.720543531434075], [-73.95061915493798, 40.72053668437004], [-73.95062816087199, 40.72052985103679], [-73.95063722094199, 40.72052298478892], [-73.95064196754684, 40.7205193939339], [-73.95064626295193, 40.72051614598019], [-73.95065529411501, 40.72050933735847], [-73.95066436135387, 40.720502526006705], [-73.95067345384791, 40.72049570917554], [-73.95068251745518, 40.72048892526843], [-73.95069163518419, 40.72048212765993], [-73.95069541078111, 40.72047930491948], [-73.95070077096126, 40.720475313589866], [-73.95070611670245, 40.7204713332329], [-73.95070987063654, 40.72046853244077], [-73.95071899917863, 40.72046174032421], [-73.95072811687581, 40.72045497564995], [-73.95073723817872, 40.720448210976464], [-73.95074905940137, 40.72043946025143], [-73.95075554572925, 40.720434662441775], [-73.95075977611023, 40.72043151875686], [-73.95077050727518, 40.72042353884076], [-73.95078124925612, 40.72041556441789], [-73.95079196957096, 40.72040761468752], [-73.95081338135071, 40.72039169050862], [-73.95132644796942, 40.72001133118722], [-73.95134788114134, 40.71999540417251], [-73.95135859773954, 40.71998741870556], [-73.9513693503904, 40.71997946070044], [-73.95138005253128, 40.71997150541772], [-73.95138428644698, 40.71996838092448], [-73.95139079074295, 40.71996355289398], [-73.95140150369127, 40.71995561133763], [-73.95141224191177, 40.71994763959858], [-73.95142301261355, 40.71993964591412], [-73.95142997170068, 40.71993447772314], [-73.95143370752857, 40.7199316878786], [-73.95143909288316, 40.719927682801256], [-73.95144442049065, 40.7199237133811], [-73.95144819601809, 40.71992089885002], [-73.95145512985663, 40.7199157196678], [-73.95146584644914, 40.719907706743186], [-73.95147653057128, 40.719899693803875], [-73.95148720748382, 40.71989166988151], [-73.95149359992548, 40.719886850032324], [-73.95149788081022, 40.71988361301949], [-73.95150263092273, 40.71988003310928], [-73.95150855775351, 40.71987553968951], [-73.9515191661353, 40.71986748828769], [-73.95152977092691, 40.71985940943575], [-73.95154041905619, 40.719851261982114], [-73.9515509625307, 40.719843161144375], [-73.95155655011594, 40.719838848733495], [-73.95156149882351, 40.71983501089693], [-73.95156550181648, 40.71983191923694], [-73.9515720387412, 40.71982683320245], [-73.95158254981008, 40.71981863628158], [-73.95159301398449, 40.71981043110569], [-73.95160345292568, 40.719802195725954], [-73.9516097552878, 40.7197972029125], [-73.95161388105163, 40.719793946616875], [-73.95161852300753, 40.719790254121186], [-73.95162427671526, 40.71978568651414], [-73.95163466518125, 40.71977739895987], [-73.95164503924241, 40.71976907297197], [-73.95165537001074, 40.719760746964944], [-73.95166566110768, 40.719752401727], [-73.95167093842122, 40.71974810290404], [-73.95167594502286, 40.719744007079456], [-73.951679598004, 40.719741014079915], [-73.95168620731019, 40.71973558497431], [-73.95169639744256, 40.719727165582725], [-73.95170656956662, 40.71971870226653], [-73.95171669841972, 40.71971020873892], [-73.95172242344658, 40.71970537487322], [-73.95172680566291, 40.71970166305092], [-73.95173087383795, 40.719698209104166], [-73.9517368515837, 40.71969310635726], [-73.95174687589255, 40.719684500247965], [-73.95175685332494, 40.71967586118109], [-73.95176675500487, 40.71966721110252], [-73.95177270758784, 40.71966197659473], [-73.95177661341789, 40.71965852532311], [-73.95178099936676, 40.71965463234615], [-73.95178647549935, 40.719649751712076], [-73.9517962546074, 40.719640975320665], [-73.95180592548351, 40.71963220437268], [-73.95181558919951, 40.71962335382282], [-73.95182170441639, 40.719617699432284], [-73.95182521327602, 40.71961444012605], [-73.9518297076568, 40.71961025350329], [-73.95183478687449, 40.719605485235974], [-73.95184424140864, 40.71959654950862], [-73.95185367796418, 40.71958752868539], [-73.95186304239267, 40.71957847214935], [-73.95187232747719, 40.71956938264227], [-73.95187685812918, 40.71956491606732], [-73.95188154765374, 40.719560251935945], [-73.95189071014124, 40.71955107454375], [-73.95189980772085, 40.71954185595238], [-73.95190884040629, 40.71953257694843], [-73.95191775764904, 40.71952329789556], [-73.95192219824773, 40.71951863640326], [-73.95192666414592, 40.71951390904714], [-73.95193546242105, 40.71950451191854], [-73.95194418135226, 40.719495081819], [-73.95195282456301, 40.71948559679199], [-73.95196138121881, 40.719476073301585], [-73.9519655332149, 40.71947140619767], [-73.95196985131582, 40.719466516837336], [-73.95197825652282, 40.71945689447112], [-73.95198659683575, 40.719447211692504], [-73.95199482532556, 40.71943751239811], [-73.95200296726655, 40.719427766406085], [-73.95200687759952, 40.71942303607039], [-73.95201103709459, 40.71941796548821], [-73.95201582849472, 40.71941207174136], [-73.95201900593197, 40.71940813433537], [-73.95202246502458, 40.71940382101454], [-73.95202689543952, 40.71939825099845], [-73.95203118507418, 40.71939280169291], [-73.95203470923852, 40.71938829626565], [-73.95203768457642, 40.71938446582057], [-73.95204241843354, 40.71937831953067], [-73.95204618460494, 40.71937338876613], [-73.95204996886262, 40.71936838939], [-73.95205211377102, 40.719365535733125], [-73.95205426229654, 40.719362668353924], [-73.95205643250041, 40.71935975432283], [-73.95205851966253, 40.719356936323656], [-73.9520605959941, 40.71935412929899], [-73.95206271928416, 40.71935123720632], [-73.95206477036092, 40.719348432915844], [-73.95206685755983, 40.7193455627661], [-73.95206895560476, 40.71934265968375], [-73.95207103921362, 40.719339764829584], [-73.95207309394061, 40.71933690015574], [-73.95207512701053, 40.71933405194146], [-73.9520771889837, 40.719331143354374], [-73.95207925096265, 40.719328226533], [-73.95208124072633, 40.71932540025859], [-73.95208326660423, 40.719322519104004], [-73.95208525277984, 40.71931966538049], [-73.95208728230043, 40.719316734821646], [-73.9520892973869, 40.7193138097463], [-73.95209127998213, 40.719310917594505], [-73.95209324092228, 40.719308039157475], [-73.95209522715221, 40.71930510858048], [-73.95209717365418, 40.71930224111641], [-73.95209909851293, 40.71929937089851], [-73.95210114255896, 40.719296305852275], [-73.95210305298741, 40.71929343562837], [-73.95210496342358, 40.719290554425314], [-73.95210689916334, 40.71928760186907], [-73.95210880962487, 40.7192846849841], [-73.95211070203881, 40.71928178181542], [-73.95211261974653, 40.7192788210173], [-73.95211451218582, 40.719275882166684], [-73.95211635046915, 40.71927300367819], [-73.95211828626508, 40.719269971523744], [-73.95212014983991, 40.71926703815053], [-73.95212200621154, 40.71926408830574], [-73.9521238914784, 40.71926108906729], [-73.952125679252, 40.71925821604717], [-73.9521275031537, 40.719255268933544], [-73.95212935956995, 40.719252255959205], [-73.95213114375925, 40.71924935000043], [-73.95213300381225, 40.7192462958561], [-73.95213482053772, 40.7192432938442], [-73.9521365469732, 40.71924043452219], [-73.95213835288769, 40.71923741603719], [-73.95214014797557, 40.71923440303712], [-73.95214188168076, 40.71923146686484], [-73.95214368040143, 40.719228418184365], [-73.95214540690513, 40.719225462795684], [-73.95214712618585, 40.719222518383], [-73.9521488816063, 40.71921948340828], [-73.95215061537176, 40.71921646214833], [-73.95215232746855, 40.719213473816424], [-73.95215401429888, 40.71921050468733], [-73.95215573003833, 40.71920746695119], [-73.95215741688806, 40.719204470374486], [-73.95215913264887, 40.71920140244598], [-73.95216075812367, 40.7191984717179], [-73.95216241251148, 40.71919546689333], [-73.9521641355439, 40.71919231936973], [-73.95216574660806, 40.71918936118804], [-73.95216738658122, 40.71918633439928], [-73.95216899045172, 40.71918334602218], [-73.95217064128646, 40.71918026434273], [-73.95217226685287, 40.71917720461081], [-73.95217384908398, 40.71917420799036], [-73.95217541327155, 40.71917121959668], [-73.95217699552792, 40.71916818729429], [-73.95217864282336, 40.71916500954667], [-73.95218017815255, 40.71916201839615], [-73.95218172432575, 40.719158997057775], [-73.9521832849642, 40.71915592631971], [-73.9521848275513, 40.71915287478742], [-73.95218638099422, 40.7191497765987], [-73.95218788026556, 40.71914676073028], [-73.95218937954468, 40.71914373388278], [-73.9521909005237, 40.71914063019103], [-73.9521924178951, 40.71913752649776], [-73.95219389554066, 40.71913448317264], [-73.95219536236957, 40.71913143160879], [-73.95219684366369, 40.71912833064519], [-73.95219833219431, 40.71912519949223], [-73.95219975210182, 40.719122180845936], [-73.95220119730693, 40.71911909908066], [-73.95220265336583, 40.71911597340368], [-73.95220405886468, 40.71911292455899], [-73.95220549689179, 40.71910979064019], [-73.95220692048296, 40.719106664949706], [-73.95220829712153, 40.71910361609297], [-73.95220966654696, 40.71910056448845], [-73.95221104320694, 40.71909748543934], [-73.95221243796328, 40.71909432405493], [-73.9522138146584, 40.71909119560011], [-73.9522151877597, 40.71908804793046], [-73.95222158737559, 40.71907303949471], [-73.95222820423035, 40.71905692501052], [-73.95222949079394, 40.71905371692007], [-73.95223071232832, 40.71905064055106], [-73.95223193748976, 40.71904753673599], [-73.95223318073174, 40.71904437254367], [-73.95223439147878, 40.71904124676452], [-73.95223559139144, 40.71903813744938], [-73.95223683108856, 40.71903488542321], [-73.95223799851003, 40.719031809031726], [-73.9522391767932, 40.71902867774949], [-73.9522403623325, 40.719025488830326], [-73.95224152257603, 40.719022360285344], [-73.95224266839155, 40.7190192289896], [-73.95224382144946, 40.719016059270224], [-73.95224498175364, 40.719012845637685], [-73.95224609510149, 40.71900971432847], [-73.95224721929922, 40.71900654459708], [-73.95224831460554, 40.71900341876988], [-73.95224941354088, 40.71900026275177], [-73.95225053780707, 40.71899699695379], [-73.95225578705706, 40.71898137870218], [-73.95226092835543, 40.71896537613916], [-73.95226193354233, 40.718962154207844], [-73.95226293513535, 40.71895891306167], [-73.95226390420397, 40.718955751500076], [-73.95226487692132, 40.71895253229999], [-73.9522658532637, 40.718949288398576], [-73.95226678263016, 40.71894615426807], [-73.95226771563547, 40.71894297622292], [-73.9522686559048, 40.71893972956178], [-73.95226956362811, 40.718936592677515], [-73.95227046413639, 40.71893345579027], [-73.95227140448205, 40.71893010208349], [-73.95227229057402, 40.71892694597688], [-73.95227316224188, 40.71892378163007], [-73.9522740556135, 40.71892053494942], [-73.9522749092517, 40.718917359616036], [-73.95227579182227, 40.71891408273855], [-73.95227664910512, 40.718910855256254], [-73.95227747026202, 40.7189076991227], [-73.95227829504205, 40.718904521032606], [-73.95227911622237, 40.71890133196193], [-73.95227994105335, 40.71889808250807], [-73.9522807659019, 40.71889480835136], [-73.95228154737819, 40.71889164945653], [-73.95228235419319, 40.71888836980284], [-73.95228310680555, 40.71888521638561], [-73.95228387749258, 40.71888201082542], [-73.95228466992661, 40.71887866254672], [-73.95228541171832, 40.7188755063802], [-73.9522861499359, 40.71887230355131], [-73.95228690263443, 40.71886902936465], [-73.95228761919523, 40.718865842995314], [-73.95228833575598, 40.71886265662598], [-73.95228905598898, 40.71885937968106], [-73.95228976900499, 40.718856105477954], [-73.95229045309827, 40.71885291909516], [-73.95229114808075, 40.71884963939498], [-73.95229181774206, 40.71884645575096], [-73.95229247659465, 40.71884325288912], [-73.95229315355529, 40.71883995122338], [-73.95229380161483, 40.71883670718568], [-73.95229486967912, 40.71883131417492], [-73.95229602837996, 40.718825292651715], [-73.95229729944647, 40.718818524600316], [-73.95229816500282, 40.71881381495082], [-73.95229902704384, 40.71880897629617], [-73.95230018981106, 40.718802312500735], [-73.9523012259473, 40.718796164667694], [-73.95230210276743, 40.71879083745187], [-73.95230279488761, 40.71878651474163], [-73.9523039183569, 40.71877931295693], [-73.9523047665388, 40.71877367557132], [-73.95230561848713, 40.71876781586172], [-73.95230721761165, 40.7187563132351], [-73.95230871572659, 40.71874481056659], [-73.95231011647476, 40.71873325845201], [-73.95231141258444, 40.718721736486444], [-73.95231200460753, 40.71871613742126], [-73.95231260406734, 40.7187102282013], [-73.95231370178723, 40.71869867596114], [-73.95231469849976, 40.71868712093433], [-73.95231559418332, 40.71867559331326], [-73.95231639968205, 40.71866406291009], [-73.95231675721533, 40.71865846923723], [-73.95231711140617, 40.718652505020415], [-73.95231772572858, 40.71864094709038], [-73.95231825347174, 40.7186293891245], [-73.95231868020397, 40.71861783386147], [-73.95231902035894, 40.718606275817855], [-73.95231916145401, 40.71860066833154], [-73.95231927752465, 40.71859474244271], [-73.9523194517187, 40.7185832090331], [-73.95231953933178, 40.71857167833243], [-73.95231954036596, 40.7185601475959], [-73.95231945486043, 40.718548561928294], [-73.95231938328438, 40.718542718304434], [-73.95231929716655, 40.718537031125955], [-73.95231905650331, 40.71852549754452], [-73.9523187436891, 40.7185139666779], [-73.95231835511652, 40.71850243852465], [-73.95231789800442, 40.71849090759823], [-73.95231762102965, 40.71848474824193], [-73.9523173651184, 40.71847940134331], [-73.95231714816057, 40.71847507276677], [-73.95231676731412, 40.71846787310335], [-73.95231609734333, 40.71845636953633], [-73.95231536604224, 40.71844487143337], [-73.95231457343439, 40.71843334585746], [-73.95231408754826, 40.718426739018646], [-73.95231371948454, 40.718421842214134], [-73.95231334412347, 40.71841706068656], [-73.95231280779223, 40.71841037148405], [-73.95231183841636, 40.718398851324345], [-73.95231081128834, 40.71838737780159], [-73.95230974445525, 40.718375937199504], [-73.95230903894988, 40.71836872367765], [-73.95230861272775, 40.71836444167533], [-73.95230806823584, 40.71835907544368], [-73.9523074376917, 40.71835297358074], [-73.95230621214785, 40.71834151095472], [-73.95230495051626, 40.71833006752708], [-73.95230364198642, 40.718318626824676], [-73.95230229376924, 40.71830719434012], [-73.95230155501856, 40.71830107047416], [-73.95230090228283, 40.71829573439002], [-73.95230037146364, 40.718291427641404], [-73.9522994747108, 40.718284290893465], [-73.95229801463489, 40.71827289953385], [-73.95229651851068, 40.71826147247738], [-73.95229498632042, 40.718250034426916], [-73.95229404611635, 40.71824312547596], [-73.95229342884325, 40.718238645771585], [-73.95229271466252, 40.71823347709224], [-73.95229183891539, 40.71822723514472], [-73.95229021653094, 40.71821581078055], [-73.95228857964071, 40.718204493455936], [-73.9522877396229, 40.71819873460098], [-73.95228520860655, 40.71818165565412], [-73.95228428588362, 40.71817552622221], [-73.9522834888099, 40.71817025046272], [-73.95228281377992, 40.718165825629505], [-73.95228175094718, 40.71815888643521], [-73.95227998786447, 40.718147478481015], [-73.95227821393057, 40.71813611169368], [-73.95227642554593, 40.71812477509272], [-73.95227527273309, 40.71811755040595], [-73.95227460475006, 40.71811336162498], [-73.95227372846766, 40.71810787174128], [-73.95227278031788, 40.718101989327046], [-73.95227216616156, 40.71809819855858], [-73.95227094145264, 40.71809062251263], [-73.95226909896492, 40.71807927765473], [-73.95226724925902, 40.71806793828333], [-73.9522653779446, 40.718056549497234], [-73.95226427525286, 40.718049862804115], [-73.9522635102107, 40.718045199139226], [-73.95226163525668, 40.71803385701246], [-73.95225975671553, 40.71802248743655], [-73.95225787815927, 40.71801113981865], [-73.95225412465614, 40.717988444584236], [-73.95175255494576, 40.71495916134743], [-73.95174958495627, 40.71494090469474], [-73.95174820588448, 40.71493245574115], [-73.9517468483493, 40.71492415501369], [-73.95174547284772, 40.71491575821208], [-73.95174408653467, 40.71490734768204], [-73.95174270741857, 40.714898961857884], [-73.95174132828096, 40.71489060622605], [-73.95173993477628, 40.71488216550054], [-73.95173854124616, 40.7148737604569], [-73.95173576495499, 40.71485702448267], [-73.95166509810498, 40.71443019265585], [-73.9516445471529, 40.71430663681646], [-73.95164176011917, 40.714289856917944], [-73.95164037019708, 40.71428148481114], [-73.95163899824576, 40.71427320328895], [-73.95163760471917, 40.714264828435795], [-73.95163621480812, 40.714256442605105], [-73.95163483208394, 40.71424809520402], [-73.95163345295738, 40.71423976152824], [-73.95163068393148, 40.71422302829786], [-73.95161608099156, 40.714134827479455], [-73.95161180715264, 40.71410900022043], [-73.95160737168392, 40.7140822204609], [-73.95160331332582, 40.71405771352231], [-73.95158729517956, 40.71396130526569], [-73.95158446874063, 40.71394418774277], [-73.9515830501169, 40.713935620744714], [-73.95158034218151, 40.71391924161235], [-73.95157739004239, 40.7139013692268], [-73.95157597860697, 40.71389284065827], [-73.9515745635846, 40.7138842846406], [-73.95157314496142, 40.71387572038714], [-73.95157030772806, 40.71385857541148], [-73.95153319291362, 40.71363576472962], [-73.95150129977046, 40.713445133073314], [-73.95149845180833, 40.71342791123708], [-73.95149701527264, 40.71341920424693], [-73.95149560389163, 40.71341062901596], [-73.95149419970338, 40.713402083980355], [-73.95149279912665, 40.713393533456724], [-73.95149139498106, 40.71338493078109], [-73.95149000881182, 40.71337641045585], [-73.95148861547652, 40.713367824253325], [-73.95148722574271, 40.71335924628652], [-73.9514844679153, 40.713342095851495], [-73.95125258403255, 40.71191706281303], [-73.95087369002319, 40.70958864287085], [-73.9508178188941, 40.70924527655908], [-73.95046888673927, 40.70703061851985], [-73.9502717576184, 40.70578007097329], [-73.95026937036991, 40.705764990204564], [-73.95026817858431, 40.70575740315993], [-73.95026699398989, 40.7057498463108], [-73.95026582021201, 40.70574229495586], [-73.95026466084299, 40.70573476831005], [-73.95026349788999, 40.705727211470254], [-73.95026234574935, 40.70571966561417], [-73.95026119004108, 40.70571206760596], [-73.95026014564297, 40.70570513936842], [-73.95025906180419, 40.70569789821069], [-73.9502579887675, 40.70569068176048], [-73.95025691575353, 40.70568343511782], [-73.95025584996155, 40.70567617749921], [-73.95025479138124, 40.705668922628504], [-73.95025374361528, 40.70566167599671], [-73.95025270304467, 40.705654454070874], [-73.95025166612402, 40.70564717450659], [-73.95025063639869, 40.705639919648284], [-73.95024962109449, 40.70563267303046], [-73.95024860579659, 40.705625418178315], [-73.95024760131513, 40.70561816882037], [-73.95024660404943, 40.70561091672081], [-73.95024561762884, 40.70560363168872], [-73.9502446455596, 40.70559644821906], [-73.95024366634681, 40.70558917142435], [-73.95024269796055, 40.705581886400005], [-73.95024175116589, 40.70557466725934], [-73.95024079720095, 40.705567390475466], [-73.9502398576407, 40.70556014389023], [-73.95023892171402, 40.705552861624625], [-73.95023800019612, 40.705545604068135], [-73.95023708587965, 40.705538362983276], [-73.95023617878094, 40.70553111641201], [-73.95023527531383, 40.705523836905144], [-73.95023438266918, 40.705516554658175], [-73.95023350439637, 40.70550934652605], [-73.95023262617703, 40.70550206703007], [-73.95023175159334, 40.7054947491089], [-73.95023089859707, 40.70548750256095], [-73.95023004920566, 40.705480258759344], [-73.95022920702998, 40.705473012216025], [-73.95022837209054, 40.705465735483465], [-73.95022754797559, 40.70545845326602], [-73.95022673104359, 40.705451212223096], [-73.95022595000094, 40.705444209990254], [-73.95022518694913, 40.705437265405244], [-73.95022443110479, 40.705430329057656], [-73.95022366812707, 40.70542328566114], [-73.950222930325, 40.70541633834223], [-73.95022219611548, 40.70540941023824], [-73.95022145121703, 40.70540230646467], [-73.95022073862374, 40.705395411307194], [-73.95022002247298, 40.7053884502738], [-73.9502193171549, 40.7053814727765], [-73.95021861543754, 40.70537450351502], [-73.95021792451801, 40.705367564450626], [-73.95021723728128, 40.70536052383154], [-73.95021656079511, 40.705353576539046], [-73.95021585573402, 40.70534625594621], [-73.95021516152605, 40.70533889144175], [-73.95021447448259, 40.70533159281481], [-73.95021379109306, 40.70532423105982], [-73.95021312211023, 40.70531689675868], [-73.95021246033482, 40.70530957069496], [-73.95021180937981, 40.705302244635895], [-73.95021116203777, 40.70529491034412], [-73.95021052553668, 40.705287548609334], [-73.9502098962266, 40.70528021707012], [-73.95020928131694, 40.705272921219], [-73.9502086700613, 40.70526556223991], [-73.95020806241665, 40.70525819777281], [-73.95020746917038, 40.70525087173864], [-73.95020688674444, 40.70524354570915], [-73.95020630792331, 40.70523622242594], [-73.9502049113202, 40.70521797462464], [-73.95020354735479, 40.70519949078755], [-73.95020302264976, 40.70519214831437], [-73.95020250156797, 40.70518478388463], [-73.95020199486399, 40.705177485335476], [-73.95020149541871, 40.70517012640458], [-73.9502010031624, 40.70516280041399], [-73.95020051811764, 40.70515547717129], [-73.95020004392185, 40.70514811550654], [-73.9501995733329, 40.70514075384338], [-73.95019912075307, 40.70513342512514], [-73.9501986681959, 40.70512606621447], [-73.9501982228769, 40.705118674369814], [-73.95019779551583, 40.705111384089165], [-73.95019736820605, 40.705104025189414], [-73.95019695172066, 40.70509666080481], [-73.95019654963149, 40.705089337597926], [-73.95019614757116, 40.70508197596432], [-73.95019575630647, 40.70507464727256], [-73.95019537946465, 40.70506732407653], [-73.95019500267212, 40.7050599350062], [-73.95019463667936, 40.705052573388166], [-73.95019428150687, 40.70504521177482], [-73.95019393352122, 40.70503788584648], [-73.95019359635585, 40.705030559922804], [-73.9501932664286, 40.70502320106513], [-73.95019294371279, 40.705015844955334], [-73.95019263182134, 40.705008483360636], [-73.95019232353668, 40.70500112176751], [-73.95019202601686, 40.704993834287706], [-73.95019173939322, 40.70498644525629], [-73.95019145996454, 40.70497908093088], [-73.95019119132539, 40.70497175778159], [-73.95019092634425, 40.70496436601473], [-73.95019066855406, 40.70495700444343], [-73.95019042516411, 40.70494967856029], [-73.95019018900614, 40.70494232797736], [-73.95018995646313, 40.70493496641695], [-73.95018973834709, 40.70492760486278], [-73.95018952383367, 40.70492024879966], [-73.95018932372462, 40.70491292293521], [-73.95018912724692, 40.704905564135146], [-73.95018893797864, 40.704898210827714], [-73.95018876314334, 40.70489084929223], [-73.95018859191487, 40.704883487758295], [-73.95018843150243, 40.70487613171854], [-73.9501882746742, 40.70486880587278], [-73.95018812871129, 40.70486141964688], [-73.9501879899434, 40.70485405812697], [-73.95018786196898, 40.70484673229368], [-73.95018774122849, 40.70483937901583], [-73.95018762770972, 40.704832014762054], [-73.95018752502955, 40.70482462581006], [-73.95018742951362, 40.70481730273555], [-73.95018734123363, 40.70480994947174], [-73.95018726738671, 40.70480258797987], [-73.9501871935398, 40.704795226487974], [-73.9501871377224, 40.70478787049341], [-73.95018708188238, 40.70478054469127], [-73.95018704051643, 40.704773155765764], [-73.95018700273663, 40.704765794289486], [-73.95018697577089, 40.70475844105215], [-73.9501869596334, 40.70475107684041], [-73.95018694709448, 40.70474372360936], [-73.95018694535516, 40.704736397830565], [-73.95018695087641, 40.70472900892532], [-73.95018696719733, 40.704721647472404], [-73.95018698712077, 40.70471429151053], [-73.95018702144851, 40.70470696574732], [-73.95018705943014, 40.7046995768561], [-73.95018710460467, 40.70469221541563], [-73.95018716422649, 40.70468482653375], [-73.95018722380311, 40.704677498036695], [-73.95018729780662, 40.70467016954586], [-73.95018737543525, 40.70466281635372], [-73.95018746389015, 40.70465545493192], [-73.95018755957894, 40.704648066065594], [-73.95018766604267, 40.704640737588825], [-73.95018777616026, 40.704633345983986], [-73.95018789704872, 40.70462602025817], [-73.95018802159099, 40.7046186314043], [-73.95018815693284, 40.7046112700028], [-73.95018829585267, 40.70460394702952], [-73.95018844922801, 40.704596585635755], [-73.95018860623047, 40.70458919679592], [-73.95018876679447, 40.7045818683425], [-73.95018894183245, 40.704574476765686], [-73.95018911683546, 40.70456713184988], [-73.95018928397495, 40.704560657021226], [-73.95018949933454, 40.70455239811605], [-73.95018969958848, 40.70454504772158], [-73.95018991821831, 40.70453723895931], [-73.95019014403282, 40.70452946862684], [-73.9501903770852, 40.704521665360346], [-73.95019061735302, 40.70451385935212], [-73.95019086485468, 40.70450602589941], [-73.95019137419435, 40.70449047976989], [-73.95022034285452, 40.70358770329911], [-73.95023486174688, 40.703140351214394], [-73.95028490331894, 40.70158834219715], [-73.95028558697669, 40.7015614492731], [-73.95028595044255, 40.70154800556514], [-73.95028632471963, 40.70153457284091], [-73.95028670983051, 40.70152112090793], [-73.95028710935098, 40.70150769093934], [-73.95028750885285, 40.70149428567356], [-73.95028791920899, 40.701480833751404], [-73.95028832956496, 40.70146738182928], [-73.95028874352523, 40.70145393265339], [-73.95028915025797, 40.70144050268781], [-73.95028955338604, 40.70142706997577], [-73.95028995290542, 40.70141364000701], [-73.95029034522788, 40.7014001880769], [-73.9502907267286, 40.70138673888695], [-73.95029109379286, 40.70137330341449], [-73.95029144642673, 40.70135987342536], [-73.95029178104424, 40.70134642147026], [-73.95029210844855, 40.70133296951207], [-73.9502922129042, 40.701328311688776], [-73.95029240698825, 40.70131953400997], [-73.95029253018457, 40.70131392650562], [-73.95029269109969, 40.70130610124634], [-73.9502928222233, 40.70129953582198], [-73.95029294998177, 40.70129264651372], [-73.95029308903257, 40.70128512316929], [-73.95029319082909, 40.70127919451798], [-73.95029333060428, 40.701270699526596], [-73.95029340642456, 40.701265750745684], [-73.95029350917264, 40.701258545778465], [-73.95029361191456, 40.7012513490455], [-73.95029370025087, 40.70124412485868], [-73.95029390937532, 40.70122484845502], [-73.95029404451724, 40.70120805603291], [-73.95029408957319, 40.701200834572134], [-73.95029413105534, 40.70119356919353], [-73.95029415808686, 40.70118633674586], [-73.95029418151192, 40.701179104296656], [-73.95029419045767, 40.70117194320511], [-73.95029419947704, 40.70116468330197], [-73.95029419404996, 40.7011574508403], [-73.9502941813853, 40.70115025131262], [-73.95029416153419, 40.701143016099934], [-73.95029412722836, 40.70113581930773], [-73.95029409294095, 40.701128597812556], [-73.95029404423781, 40.70112136258739], [-73.95029399192606, 40.70111413010541], [-73.95029392516165, 40.70110693329914], [-73.95029385839935, 40.70109973374812], [-73.95029377364955, 40.701092473804394], [-73.95029368527477, 40.70108523856206], [-73.95029358604982, 40.70107804448649], [-73.95029347961392, 40.70107084766306], [-73.95029336238719, 40.70106361240821], [-73.95029323433889, 40.701056379893494], [-73.9502931026575, 40.70104918305911], [-73.95029295657264, 40.701041956026074], [-73.95029280688539, 40.701034723501984], [-73.95029264277416, 40.70102748822684], [-73.9502924750258, 40.701020294121676], [-73.95029229285348, 40.70101309726545], [-73.95029210710334, 40.701005861980995], [-73.95029190692519, 40.700998629435], [-73.95029169950746, 40.7009914325679], [-73.95029148487879, 40.70098423295286], [-73.95029125945524, 40.700977000396016], [-73.9502910268392, 40.70096974038836], [-73.95029078335864, 40.70096254076084], [-73.95029052905457, 40.700955346618215], [-73.95029026756823, 40.70094811130093], [-73.95028999886688, 40.70094087872537], [-73.9502897193195, 40.700933681827], [-73.95028942895266, 40.700926484924004], [-73.95028913500803, 40.70091924959269], [-73.95028882663749, 40.70091201425519], [-73.95028851102535, 40.7009048173412], [-73.9502881882003, 40.70089762042417], [-73.95028785097796, 40.70089038507412], [-73.95028751370651, 40.700883215598495], [-73.95028715844774, 40.70087598573019], [-73.95028679598013, 40.700868750369224], [-73.95028642984879, 40.70086159186015], [-73.95028604574236, 40.700854356489884], [-73.950285654423, 40.70084712111643], [-73.95028525588867, 40.70083988848462], [-73.95028485011687, 40.700832688786896], [-73.95028443352365, 40.70082549182927], [-73.95028400972365, 40.7008182866342], [-73.95028357149164, 40.70081108966718], [-73.95028312967985, 40.70080385701668], [-73.95028267344418, 40.70079662161513], [-73.9502822135735, 40.700789424638764], [-73.95028174646946, 40.700782255106915], [-73.95028126498659, 40.700775022439196], [-73.95028077987281, 40.700767822707135], [-73.95028028391712, 40.70076065316279], [-73.9502797700048, 40.70075338205435], [-73.95027926325031, 40.70074618505765], [-73.95027873485908, 40.70073898530684], [-73.95027820647405, 40.700731777321735], [-73.95027766365497, 40.70072458030947], [-73.9502771100227, 40.7007173750582], [-73.95027655638445, 40.70071017804117], [-73.9502759883203, 40.700702981017976], [-73.95027540586514, 40.70069573732749], [-73.95027481255791, 40.70068853754855], [-73.95027421562179, 40.70068136796052], [-73.95027360070041, 40.70067413523503], [-73.95027298573208, 40.70066696563916], [-73.9502723563871, 40.70065973016269], [-73.95027172338662, 40.700652560558986], [-73.95027107237435, 40.700645363499866], [-73.95027041779255, 40.700638117033385], [-73.95026975233206, 40.7006309501604], [-73.95026907968129, 40.700623753091854], [-73.95026839982998, 40.70061653955163], [-73.95026771273102, 40.70060937266928], [-73.95026701122883, 40.700602175588244], [-73.95026630252194, 40.70059496752506], [-73.95026558299173, 40.70058776494665], [-73.95026485624454, 40.70058056785471], [-73.95026412229485, 40.700573357035786], [-73.9502633811016, 40.70056618738526], [-73.95026262908911, 40.70055901773001], [-73.95026186631056, 40.70055177670616], [-73.95026109987244, 40.70054460704466], [-73.95026031902907, 40.70053740992922], [-73.95025953098107, 40.70053020183162], [-73.95025873929809, 40.7005230321592], [-73.95025793679582, 40.70051586248205], [-73.95025712350095, 40.700508657118284], [-73.95025629938883, 40.70050144900504], [-73.95025547164181, 40.700494279316935], [-73.95025463307549, 40.700487109624184], [-73.950253787323, 40.70047990424635], [-73.95025292714477, 40.700472698862214], [-73.95025206333777, 40.700465523668946], [-73.95025118871355, 40.70045834572623], [-73.9502503104749, 40.70045117876102], [-73.95024942141693, 40.70044401179113], [-73.95024851435757, 40.70043680364189], [-73.95024760369186, 40.70042959549111], [-73.95024668937282, 40.700422450468366], [-73.95024576064239, 40.700415286226026], [-73.95024482112555, 40.70040807806272], [-73.95024387798195, 40.700400897345546], [-73.95024292040239, 40.700393730345894], [-73.95024195921857, 40.70038656059992], [-73.95024098361733, 40.70037937986865], [-73.95024000082182, 40.700372174431344], [-73.95023901076844, 40.70036502937574], [-73.95023801351876, 40.70035786235889], [-73.95023700185158, 40.700350684356735], [-73.95023599017853, 40.70034351458885], [-73.95023495687502, 40.700336333832524], [-73.95023391996321, 40.70032915581941], [-73.9502328722261, 40.70032198603587], [-73.95023182447078, 40.70031484095521], [-73.9502307587038, 40.70030766841909], [-73.95022967853784, 40.70030046019474], [-73.95022859832292, 40.70029331784477], [-73.95022751450178, 40.70028617549324], [-73.95022641267518, 40.70027899745194], [-73.95022530721361, 40.70027185783572], [-73.95022418734493, 40.700264693510405], [-73.95022305669806, 40.70025747428509], [-73.95022192238963, 40.700250329166856], [-73.9502207808644, 40.700243189535016], [-73.95021962494228, 40.70023601147019], [-73.95021846538728, 40.70022886908574], [-73.95021729504184, 40.70022168826986], [-73.95021611385677, 40.70021453489698], [-73.95021492905525, 40.7002073952463], [-73.95021373343457, 40.70020025559099], [-73.95021253420973, 40.70019311318929], [-73.95021131337514, 40.7001859323515], [-73.95021008891172, 40.70017878170455], [-73.95020886083192, 40.700171644779815], [-73.95020761475489, 40.70016446118629], [-73.95020637223335, 40.700157346213444], [-73.95020511890905, 40.70015020927774], [-73.95020384398532, 40.70014302018215], [-73.95020256902282, 40.700135883237046], [-73.9502015310966, 40.70013007211683], [-73.95020018064095, 40.70012261125659], [-73.95019894869637, 40.70011582291542], [-73.95019775261976, 40.70010929808736], [-73.95019633023266, 40.7001015736983], [-73.95019530293825, 40.70009601510118], [-73.95019369010672, 40.70008735740893], [-73.95019282441018, 40.70008272661285], [-73.95019031341883, 40.700069446344706], [-73.95018776998883, 40.70005614135953], [-73.95018520850299, 40.700042869303715], [-73.95018261096182, 40.70002958625308], [-73.95017999896719, 40.70001634162288], [-73.95017734373518, 40.70000304482332], [-73.9501746740394, 40.69998980016796], [-73.95017197191946, 40.699976511582214], [-73.95016924814138, 40.69996325043468], [-73.95016649912336, 40.69994998378663], [-73.95016372844722, 40.69993674457674], [-73.95016093614171, 40.69992349437832], [-73.95015811138957, 40.699910230441944], [-73.95015527940102, 40.699896999439545], [-73.95015241137372, 40.69988373548425], [-73.95014953611215, 40.69987050171812], [-73.9501466464177, 40.69985727892477], [-73.95014372069697, 40.69984400670987], [-73.9501377972348, 40.6998173222655], [-73.95005143247873, 40.69944355735671], [-73.94970415727354, 40.6979498959283], [-73.94970122873328, 40.6979358085017], [-73.9495964932145, 40.69741607661947], [-73.94918636617179, 40.69538029120387], [-73.94918523753765, 40.69537541874166], [-73.94880597318799, 40.69349215815003], [-73.94873120824938, 40.69312122421458], [-73.94872594896154, 40.69309519871472], [-73.94872331571204, 40.69308218733543], [-73.94872068247625, 40.69306915948746], [-73.94871805282217, 40.69305616457824], [-73.9487154123826, 40.6930431284926], [-73.94871276832953, 40.69303010338432], [-73.94871013147275, 40.6930171002373], [-73.94870748020541, 40.69300408061518], [-73.94870482892006, 40.692991085695915], [-73.94870216325158, 40.69297803861951], [-73.9486994939443, 40.692965035457746], [-73.94869682463593, 40.69295203504065], [-73.94869413370489, 40.692939018145196], [-73.94869143917091, 40.69292599850329], [-73.94868873741106, 40.69291299807148], [-73.94868601761983, 40.69290000037629], [-73.94868465234194, 40.692893467216614], [-73.94868328702835, 40.69288698071805], [-73.94868156959656, 40.69287883622174], [-73.94868054560285, 40.69287398301306], [-73.94867778255683, 40.69286096608494], [-73.94867692741275, 40.692856939127005], [-73.94867501228708, 40.69284796562212], [-73.94867379779622, 40.6928423026214], [-73.94867223117484, 40.69283499809161], [-73.94867066094139, 40.692827701794485], [-73.94866942485503, 40.692821986633476], [-73.94866750603234, 40.692813133896585], [-73.94866660411844, 40.69280896693449], [-73.94866376532727, 40.69279598016459], [-73.9486622596899, 40.69278909286675], [-73.94865912254849, 40.692774870817445], [-73.94865627282158, 40.69276204049432], [-73.94865462334919, 40.69275462613645], [-73.94865307805763, 40.69274772509692], [-73.94865137822161, 40.69274015426466], [-73.94865015273055, 40.69273473279845], [-73.94864808269733, 40.69272556983476], [-73.94864722017346, 40.692721765199565], [-73.94864426238985, 40.69270877837597], [-73.94864309435796, 40.69270366709421], [-73.9486412937724, 40.69269581350558], [-73.94863975912412, 40.69268914303116], [-73.94863830714058, 40.692682829413656], [-73.94863529526755, 40.69266984531036], [-73.94863227977271, 40.69265688316358], [-73.94862924264274, 40.692643921006976], [-73.94862619469153, 40.69263096433499], [-73.94862317921714, 40.69261798022969], [-73.94862012046922, 40.69260499884976], [-73.94861707252791, 40.692592033943164], [-73.94861400292822, 40.692579099219245], [-73.94861091893519, 40.69256612606203], [-73.9486078169194, 40.692553144662355], [-73.94860470768008, 40.692540179728], [-73.94860159841657, 40.692527247730695], [-73.94859847474912, 40.69251429102397], [-73.94859533665658, 40.692501337055454], [-73.94859219497826, 40.69248835838231], [-73.94858905687332, 40.692475423626966], [-73.94858590436452, 40.69246246416216], [-73.94858277349105, 40.69244950745169], [-73.94857651175624, 40.692423583051294], [-73.94841282475099, 40.69173574464963], [-73.94840889126127, 40.691720907406165], [-73.94840692452664, 40.69171347643291], [-73.94840497580967, 40.69170606193636], [-73.94840302347016, 40.69169866939624], [-73.94840106757184, 40.69169121646956], [-73.94839912972941, 40.69168373061371], [-73.94839719544674, 40.69167630514435], [-73.94839561357531, 40.69167014242705], [-73.94839336660807, 40.69166137736976], [-73.94839133180481, 40.69165337545358], [-73.94838992618024, 40.691647791961636], [-73.9483885277912, 40.69164217828044], [-73.94838713658895, 40.691636597539684], [-73.94838577421368, 40.691631044259495], [-73.94838439746137, 40.69162543058795], [-73.94838304953177, 40.69161984986653], [-73.94838171243525, 40.69161424993655], [-73.9483803789535, 40.69160863902912], [-73.9483790490843, 40.691603019888994], [-73.94837777684329, 40.6915974886073], [-73.94837649019551, 40.691591935360975], [-73.94837523242782, 40.69158634095604], [-73.94837395303706, 40.691580730072765], [-73.94837271690362, 40.69157513842227], [-73.94837147353927, 40.69156957147145], [-73.94837023738073, 40.69156401275812], [-73.94836903730359, 40.6915584266133], [-73.94836781200381, 40.691552815754214], [-73.94836661190799, 40.69154725431228], [-73.94836542263243, 40.691541690130386], [-73.94836469868541, 40.69153592578909], [-73.94836352385336, 40.69153033691076], [-73.94836237063826, 40.69152477274498], [-73.94836122466518, 40.69151917015574], [-73.9483600894996, 40.69151358129511], [-73.94835897594889, 40.69150801989188], [-73.94835786963164, 40.691502431044206], [-73.94835448643643, 40.691484808104065], [-73.94835155993444, 40.691468823996296], [-73.94835057617955, 40.69146329009896], [-73.94834960688921, 40.691457704057385], [-73.9483486484595, 40.69145206312535], [-73.94834771162766, 40.69144647160883], [-73.94834680720942, 40.69144093225744], [-73.94834591003521, 40.6914353517378], [-73.94834502735314, 40.69142968339199], [-73.94834418423929, 40.691424141323324], [-73.94834334838646, 40.69141853612825], [-73.94834253418672, 40.691412908984695], [-73.94834175958063, 40.69140737518106], [-73.94834098146868, 40.69140171237167], [-73.9483402465521, 40.691396148393395], [-73.948339522494, 40.69139053226933], [-73.94833882728389, 40.69138491615825], [-73.94833816088143, 40.69137935221069], [-73.94833750894335, 40.69137373611901], [-73.94833689302065, 40.69136817768363], [-73.94833629517261, 40.6913625616162], [-73.94833572256012, 40.6913569537944], [-73.94833517878077, 40.69135136519892], [-73.9483346602604, 40.691345754656645], [-73.94833417057093, 40.69134016608544], [-73.94833370610006, 40.69133460771801], [-73.94833326332684, 40.691328969762026], [-73.94833285298628, 40.691323359268296], [-73.9483324678642, 40.691317778978295], [-73.94833211520248, 40.69131219046859], [-73.94833178419364, 40.69130658001045], [-73.94833148921923, 40.69130100250568], [-73.94833121588493, 40.691295419521126], [-73.94833097500239, 40.69128983929589], [-73.94833076296771, 40.691284259083616], [-73.94833057982355, 40.6912786239889], [-73.94833042906716, 40.691273073996584], [-73.94833030357398, 40.6912674965679], [-73.94833021053678, 40.69126191640905], [-73.948330146424, 40.69125623745143], [-73.94833012341765, 40.69125335268797], [-73.94833011473308, 40.69125059967995], [-73.94833010965026, 40.69124785216303], [-73.94833011546834, 40.69124499760498], [-73.94833012130981, 40.69124211285448], [-73.94833013786284, 40.69123936534728], [-73.94833016523594, 40.6912366151002], [-73.9483301999231, 40.6912337331074], [-73.94833024540696, 40.6912308785672], [-73.94833029080992, 40.69122812832816], [-73.94833035073891, 40.691225246346725], [-73.94833041416749, 40.69122250160534], [-73.9483304848102, 40.69121975412242], [-73.94833056996187, 40.691216896855245], [-73.94833065874073, 40.691214012141934], [-73.9483307582291, 40.691211267416726], [-73.94833085771955, 40.69120851994681], [-73.9483309717211, 40.69120565994775], [-73.94833109655546, 40.691202780740234], [-73.94833122128564, 40.69120003602634], [-73.94833136413067, 40.69119718152979], [-73.94833151058174, 40.69119432703491], [-73.9483316568711, 40.691191681142435], [-73.94833182137327, 40.691188799207914], [-73.94833199306186, 40.69118595021387], [-73.94833216827554, 40.69118320552266], [-73.94833235439229, 40.69118035104552], [-73.94833254763792, 40.69117760361767], [-73.94833274448959, 40.6911748561914], [-73.9483329594604, 40.69117199349293], [-73.94833318526403, 40.691169111585914], [-73.94833340735315, 40.691166369660515], [-73.94833364395336, 40.69116351520608], [-73.94833388407446, 40.691160770544], [-73.94833412780578, 40.69115802039399], [-73.94833440054862, 40.691155058909715], [-73.94833466591359, 40.6911523115142], [-73.94833493488453, 40.69114956412029], [-73.94833522557421, 40.691146709690095], [-73.94833551257706, 40.691143959559525], [-73.94833581039572, 40.691141212178586], [-73.94833612271269, 40.691138368737185], [-73.94833644583687, 40.691135539024486], [-73.94833676529765, 40.69113278341889], [-73.9483371064729, 40.691129926266626], [-73.94833745485796, 40.69112707186231], [-73.94833778865531, 40.69112442879875], [-73.94833815506377, 40.69112158263683], [-73.94833852866927, 40.69111875569156], [-73.94833889861776, 40.691115994619125], [-73.94833929026366, 40.69111315395808], [-73.9483396710002, 40.691110431317284], [-73.94834006979633, 40.69110767025778], [-73.94834048668817, 40.691104824118526], [-73.94834091077705, 40.691101997195894], [-73.9483413457072, 40.69109914008564], [-73.94834177331906, 40.69109642021063], [-73.94834221177213, 40.69109367014799], [-73.94834266831673, 40.69109084049515], [-73.94834312119364, 40.691088090438996], [-73.94834357763185, 40.691085398024576], [-73.94834479828705, 40.69107837196154], [-73.94834607303153, 40.69107134592272], [-73.94834741995042, 40.691064248552244], [-73.94834877389168, 40.69105739546947], [-73.94834931684925, 40.69105473328633], [-73.94834989599407, 40.69105190643324], [-73.94835048956264, 40.691049079586605], [-73.94835104330613, 40.69104645857987], [-73.94835165851467, 40.69104362625339], [-73.94835227372104, 40.691040796671736], [-73.94835287801385, 40.69103809059979], [-73.94835350401887, 40.69103528572587], [-73.94835415890346, 40.69103243969335], [-73.94835478482976, 40.69102973637585], [-73.94835541796579, 40.69102703580634], [-73.94835609447331, 40.69102420625216], [-73.94835676735347, 40.691021404144045], [-73.94835743656814, 40.69101867888782], [-73.94835810215554, 40.69101598107761], [-73.94835881472245, 40.69101315153959], [-73.94835952364511, 40.69101037140574], [-73.94836021808005, 40.69100767360851], [-73.94836092695792, 40.69100495111483], [-73.94836167197828, 40.69100212159131], [-73.94836241696032, 40.69099934147365], [-73.9483631474547, 40.69099664369259], [-73.94836391769749, 40.690993838883315], [-73.94836466621936, 40.69099114385506], [-73.94836542196168, 40.690988437850976], [-73.94836624274515, 40.690985558955596], [-73.9483670056716, 40.690982888636725], [-73.94836779748827, 40.69098016343543], [-73.94836859289165, 40.69097746293866], [-73.94836941720644, 40.690974680111765], [-73.94837025233052, 40.69097190826879], [-73.94837106936953, 40.6909692077817], [-73.94837192612923, 40.690966435948404], [-73.94837276480175, 40.6909637382158], [-73.9483736287605, 40.69096098285437], [-73.94837451438688, 40.69095818633104], [-73.94837538190684, 40.690955488611365], [-73.94837623857062, 40.690952840292645], [-73.94837711689347, 40.690950161791186], [-73.94837803135025, 40.690947387238914], [-73.94837896023292, 40.69094460994841], [-73.9483798999291, 40.690941838152234], [-73.94838080709509, 40.69093916515324], [-73.94838172145383, 40.69093651686035], [-73.94838267916262, 40.69093376703039], [-73.94838365854535, 40.69093096780431], [-73.94838459814129, 40.690928325012266], [-73.94838554856146, 40.69092567399077], [-73.94838654956058, 40.690922899477286], [-73.94838755414433, 40.690920152413064], [-73.94838853703276, 40.690917482192695], [-73.9483895126731, 40.690914858630144], [-73.94839054610642, 40.69091210883415], [-73.94839159398259, 40.6909093343416], [-73.94839261653628, 40.69090666413901], [-73.94839366797788, 40.690903941798666], [-73.94839472301685, 40.69090123043906], [-73.94839571661002, 40.69089870569624], [-73.94839681857945, 40.6908959257384], [-73.94839791330706, 40.69089318420407], [-73.94839896827354, 40.69089056616652], [-73.94840007740996, 40.69088784385202], [-73.94840116485108, 40.69088519838136], [-73.94840228841119, 40.69088247607328], [-73.94840343361969, 40.69087973730632], [-73.94840452462611, 40.69087714398785], [-73.94840563728953, 40.69087452323134], [-73.94840681496407, 40.690871768010275], [-73.94840799983564, 40.69086903200581], [-73.94840912329533, 40.69086643870179], [-73.94841026117454, 40.69086385089381], [-73.94841145683607, 40.69086115057615], [-73.94841267777316, 40.69085840635348], [-73.94841384089597, 40.690855815812014], [-73.94841506179252, 40.6908531237399], [-73.94841626099803, 40.690850503022105], [-73.94841745297454, 40.69084790425921], [-73.94841871355965, 40.69084518201241], [-73.94841995606605, 40.69084252288715], [-73.9484212202315, 40.690839833579204], [-73.94842245186673, 40.69083724306831], [-73.94842369793216, 40.69083464432959], [-73.94842499455723, 40.69083194680177], [-73.94842625143598, 40.69082935355741], [-73.9484275696945, 40.69082665878406], [-73.94842887710105, 40.690824007922124], [-73.94843015560036, 40.69082143390076], [-73.9484314521443, 40.69081884067414], [-73.948432799233, 40.69081616787178], [-73.94843416075395, 40.69081348409678], [-73.94843546086315, 40.69081094302232], [-73.94843682957875, 40.690808281208675], [-73.94843815855661, 40.69080571269945], [-73.94843955612815, 40.69080303991961], [-73.94844095368475, 40.690800386353196], [-73.94844226456244, 40.69079790841312], [-73.94844366931797, 40.69079527131849], [-73.94844508488914, 40.69079263697347], [-73.94844647877781, 40.690790063003604], [-73.94844791238063, 40.690787425921854], [-73.94844937124198, 40.69078476689324], [-73.94845075786746, 40.69078225879457], [-73.94845222392348, 40.69077962172728], [-73.94845369357903, 40.69077699289587], [-73.94845507656004, 40.6907745342014], [-73.94845657507142, 40.69077189440382], [-73.94845805190671, 40.69076930674714], [-73.94845950705947, 40.69076677946563], [-73.94846105247336, 40.6907641067518], [-73.94846256176609, 40.69076151362004], [-73.94846401327435, 40.69075903574276], [-73.94846550448406, 40.690756511222105], [-73.94846705345466, 40.69075390163945], [-73.94846861324295, 40.69075129206164], [-73.94847012247358, 40.69074877852806], [-73.94847164974448, 40.69074625127875], [-73.9484732383779, 40.69074364445855], [-73.94847481255768, 40.69074107605858], [-73.94847640477354, 40.69073849943242], [-73.94847796088304, 40.69073598317502], [-73.94847949531007, 40.69073352729275], [-73.9484811452589, 40.690730901286486], [-73.94848279158043, 40.69072830272629], [-73.94848435124663, 40.69072584960008], [-73.9484859217306, 40.69072339647865], [-73.94848756802418, 40.690720833600366], [-73.94848926484335, 40.69071821584927], [-73.9484909183274, 40.690715680421874], [-73.94849253569667, 40.69071321634229], [-73.94849418193888, 40.69071071933838], [-73.94849584622129, 40.69070820861862], [-73.94849755020296, 40.690705654000325], [-73.94849920362914, 40.69070319268157], [-73.94850087509552, 40.69070071764696], [-73.94850260792434, 40.69069816304148], [-73.94850432268731, 40.69069565508898], [-73.9485060590985, 40.69069313067753], [-73.9485077594035, 40.69069066663487], [-73.94850942720612, 40.6906882657073], [-73.94851122856217, 40.69068569191897], [-73.94851301547094, 40.69068314831661], [-73.94851471211858, 40.69068075014665], [-73.94851641958608, 40.690678349236734], [-73.94851821367884, 40.69067584131951], [-73.94852005829922, 40.69067327578473], [-73.9485217946097, 40.69067088037714], [-73.94852357784815, 40.690668419116065], [-73.94852543687284, 40.69066587829055], [-73.94852723090986, 40.690663441737186], [-73.94852904659719, 40.6906609859801], [-73.94853084061488, 40.690658574129564], [-73.94853262018319, 40.69065619520982], [-73.94853447915847, 40.69065371751384], [-73.9485363706019, 40.69065122061897], [-73.94853824760031, 40.69064875116527], [-73.94854009210263, 40.69064633659242], [-73.94854189328265, 40.69064398787465], [-73.94854380634642, 40.69064151020269], [-73.94854572300964, 40.69063904076661], [-73.94854765049053, 40.69063657133537], [-73.94854948411508, 40.690634233611064], [-73.94855136104262, 40.690631854734576], [-73.9485533173664, 40.690629390805626], [-73.94855520149495, 40.690627025656106], [-73.94855718306641, 40.69062455350406], [-73.94855910687915, 40.6906221636693], [-73.9485610234629, 40.69061979578943], [-73.94856297612922, 40.69061739773319], [-73.94856495405182, 40.69061498047479], [-73.94856689226445, 40.69061262083881], [-73.94856883046637, 40.6906102749266], [-73.94857085888874, 40.69060783573253], [-73.94857283677477, 40.69060546513509], [-73.94857486517992, 40.69060304789906], [-73.94857683222035, 40.690600712978714], [-73.94857882451284, 40.6905983643458], [-73.94858083845352, 40.69059599925384], [-73.9485828487733, 40.69059365337361], [-73.94858488434936, 40.69059128829125], [-73.9485869126986, 40.69058894241909], [-73.94858901322155, 40.690586525215004], [-73.94859103072514, 40.69058421501988], [-73.94859307348078, 40.690581891112146], [-73.94859519923853, 40.69057948215361], [-73.94859722754256, 40.69057719392134], [-73.94859929193133, 40.69057487276791], [-73.94860136713348, 40.69057255710886], [-73.94860342789485, 40.69057026340142], [-73.94860557165192, 40.69056789287749], [-73.94860771540039, 40.69056553333259], [-73.94860980861476, 40.690563239639566], [-73.94861193069133, 40.69056092674598], [-73.94861403832496, 40.690558638548865], [-73.94861618204109, 40.69055632017533], [-73.94861831491815, 40.6905540292446], [-73.94862045861497, 40.69055173557393], [-73.94862260591333, 40.69054944739434], [-73.9486247965061, 40.69054712904157], [-73.948626940175, 40.69054487105276], [-73.94862908744756, 40.69054261581028], [-73.94863132132387, 40.690540281008104], [-73.94863350105798, 40.69053801480095], [-73.94863573491496, 40.69053570470162], [-73.94863791102176, 40.690533465940476], [-73.94864005103733, 40.69053126833468], [-73.94864230291296, 40.69052897196709], [-73.94864457282866, 40.690526661883666], [-73.9486467200345, 40.690524491728695], [-73.94864900075717, 40.69052219537384], [-73.94865127786106, 40.69051991548594], [-73.94865350443733, 40.69051769321563], [-73.94865581039264, 40.69051540785102], [-73.94865806582241, 40.69051317735915], [-73.94866024545964, 40.690511034666095], [-73.94866249365825, 40.6905088288739], [-73.94866482123378, 40.6905065627321], [-73.94866714880493, 40.69050430207979], [-73.94866948719375, 40.69050204143224], [-73.94867171370326, 40.690499904249435], [-73.94867399073165, 40.690497720428], [-73.94867636878324, 40.690495462542785], [-73.94867867105924, 40.69049327049821], [-73.94868104187961, 40.69049103731262], [-73.94868334413839, 40.690488867226094], [-73.94868571855164, 40.69048665051063], [-73.9486884285577, 40.69048412104096], [-73.94869115658483, 40.690481602558286], [-73.94869401091238, 40.69047896336203], [-73.94869677862125, 40.69047642293879], [-73.94869953909689, 40.69047390995997], [-73.94870229596005, 40.69047140521376], [-73.94870507806668, 40.69046889773395], [-73.94870792872807, 40.69046633538927], [-73.94871078299101, 40.69046377853565], [-73.94871360115003, 40.69046127930603], [-73.94871634713732, 40.690458848663425], [-73.94871922662217, 40.69045631652377], [-73.94872209888432, 40.690453798104684], [-73.94872493505314, 40.69045132358575], [-73.94872778202904, 40.69044886279538], [-73.94873065786909, 40.6904463800597], [-73.94873356977457, 40.69044388910565], [-73.94873645281336, 40.69044142284161], [-73.9487393322334, 40.690438973044515], [-73.94874222606849, 40.69043653423285], [-73.94874509825296, 40.69043411462487], [-73.94874813640094, 40.69043157706554], [-73.9487510482566, 40.690429149240806], [-73.94875390958468, 40.69042677903358], [-73.94875689718567, 40.690424323794694], [-73.94875982705346, 40.69042191793586], [-73.94876278937873, 40.69041950660188], [-73.94876577696213, 40.690417073320866], [-73.94876874649248, 40.690414670224264], [-73.94877171961167, 40.69041228908732], [-73.94877475045932, 40.69040986405965], [-73.94877773077727, 40.69040749939439], [-73.94878079047827, 40.690405066145104], [-73.94878378521955, 40.690402701486065], [-73.94878678715773, 40.69040035604356], [-73.94878987929461, 40.69039794476664], [-73.94879283431305, 40.690395654198475], [-73.94879593726094, 40.6903932511605], [-73.94879896443135, 40.690390916708], [-73.94880200601261, 40.690388598730415], [-73.94880513418666, 40.69038621491681], [-73.94880819018277, 40.69038390792463], [-73.94881124978886, 40.690381595444336], [-73.94881439597708, 40.69037923085191], [-73.94881747359553, 40.69037694033764], [-73.9488205548197, 40.69037464982494], [-73.9488237334417, 40.690372309949566], [-73.9488267641403, 40.690370074309605], [-73.94882994636569, 40.69036773718042], [-73.94883313217362, 40.69036543024525], [-73.9488361989267, 40.69036320011061], [-73.94883939554353, 40.69036090415913], [-73.94884261020458, 40.69035858900221], [-73.94884568414568, 40.690356389063], [-73.9488489204229, 40.690354098618435], [-73.94885207011336, 40.69035186577543], [-73.94885523782489, 40.690349643919454], [-73.94885849212477, 40.69034736171699], [-73.94886167064308, 40.69034515358947], [-73.94886485276923, 40.69034294271873], [-73.94886812869356, 40.69034067424937], [-73.94887140098645, 40.69033843871558], [-73.94887455422455, 40.69033627998236], [-73.94887776516991, 40.690334104806084], [-73.94888098333321, 40.6903319213986], [-73.94888430250442, 40.690329683140476], [-73.94888760722645, 40.69032747781306], [-73.94889079649118, 40.690325360266975], [-73.94889412284205, 40.6903231631833], [-73.94889747083245, 40.69032096061965], [-73.94890073222356, 40.69031883212619], [-73.94890400084107, 40.690316684422484], [-73.94890729468723, 40.69031455319846], [-73.94891063182321, 40.69031239729068], [-73.94891394369436, 40.690310271564066], [-73.94891723752306, 40.69030816229792], [-73.94892053857177, 40.69030604205584], [-73.9489239370245, 40.69030386421671], [-73.94892724886327, 40.69030177966123], [-73.94893048855808, 40.69029972801086], [-73.94893397715833, 40.69029755021143], [-73.94893740803826, 40.690295405323546], [-73.94894066213516, 40.69029338112699], [-73.94894399918704, 40.69029133226424], [-73.94894745168723, 40.690289206599005], [-73.9489507923299, 40.69028717695104], [-73.94895416544675, 40.690285119869635], [-73.94895762152694, 40.69028302714296], [-73.94896101626, 40.69028099477388], [-73.94896441821102, 40.690278954173614], [-73.94896787786715, 40.69027689987497], [-73.94897130866089, 40.69027486477683], [-73.9489747141857, 40.69027286534939], [-73.94897812692211, 40.69027086592508], [-73.94898161180208, 40.69026883359535], [-73.94898512553128, 40.690266798533564], [-73.94898846247972, 40.69026488141842], [-73.94899191486581, 40.690262901224614], [-73.94899545022362, 40.69026087440643], [-73.94899899638438, 40.690258866806296], [-73.9490024487488, 40.690256914059866], [-73.94900589027856, 40.690254983266705], [-73.94900935705371, 40.69025304699511], [-73.94901284907642, 40.69025110250026], [-73.94901633026652, 40.69024917721392], [-73.94901990163174, 40.69024721628535], [-73.94902349103062, 40.69024524987518], [-73.9490269721991, 40.690243352036184], [-73.94903047500293, 40.69024145420669], [-73.94903398862219, 40.69023955912665], [-73.94903756716468, 40.690237642117054], [-73.94904111323693, 40.69023574705114], [-73.94904462322448, 40.69023388490637], [-73.94904824503537, 40.690231970660406], [-73.94905179108598, 40.690230103041884], [-73.94905533712806, 40.690228246402306], [-73.94905885069139, 40.69022642268547], [-73.9490624183623, 40.69022457428956], [-73.94906607260238, 40.69022269024987], [-73.94906973765374, 40.690220814449134], [-73.94907329087309, 40.69021900172848], [-73.94907686572776, 40.6902171890173], [-73.94908057043945, 40.69021531872332], [-73.94908412002923, 40.69021353619322], [-73.94908761910655, 40.69021179206746], [-73.94909130215284, 40.69020996019032], [-73.94909501404624, 40.69020812832583], [-73.94909850589228, 40.69020640889944], [-73.9491022358065, 40.69020458802176], [-73.94910581781909, 40.69020284393213], [-73.9491094539308, 40.69020108614242], [-73.94911319825768, 40.69019927899463], [-73.94911680549856, 40.69019755138437], [-73.94912054619606, 40.690195774427195], [-73.94912428689126, 40.69019400021464], [-73.94912782196502, 40.69019233570192], [-73.94913145442986, 40.690190630060535], [-73.94913532856658, 40.69018882571416], [-73.94913889608466, 40.6901871721945], [-73.94914252852591, 40.69018549674526], [-73.94914631246381, 40.69018375823311], [-73.94914999539175, 40.69018207731641], [-73.94915381538425, 40.690180344309496], [-73.9491574658313, 40.69017869906018], [-73.94916104773851, 40.690177089462516], [-73.94916485327958, 40.69017539213084], [-73.94916867324412, 40.690173694805445], [-73.94917234891514, 40.690172071524984], [-73.94917616525663, 40.69017039615591], [-73.94917975794934, 40.69016882773399], [-73.94918359231167, 40.69016716335164], [-73.94918742666961, 40.69016550445878], [-73.94919103737675, 40.69016395525778], [-73.94919474186273, 40.69016237316093], [-73.94919858341107, 40.69016074171853], [-73.94920244659471, 40.69015911028558], [-73.94920620155885, 40.6901575337001], [-73.94920995290845, 40.69015596809203], [-73.94921364653813, 40.69015443539559], [-73.94921759986904, 40.6901528040019], [-73.9492213403774, 40.69015126858112], [-73.94922507366537, 40.690149744136086], [-73.94922896565329, 40.69014816761038], [-73.94923276746384, 40.69014662947149], [-73.94923654040598, 40.69014511876746], [-73.94924026645214, 40.69014363274557], [-73.94924419087592, 40.69014207819177], [-73.94924809004345, 40.690140542840105], [-73.94925192788517, 40.69013904039848], [-73.94925569718704, 40.69013757360855], [-73.94925936187957, 40.690136156178205], [-73.94926331873275, 40.690134631830546], [-73.94926725393354, 40.69013312943137], [-73.94927122519749, 40.69013162155837], [-73.94927499807316, 40.69013019594093], [-73.94927868798125, 40.69012881145838], [-73.94928265201196, 40.690127331029515], [-73.94928662685398, 40.69012585883961], [-73.94929042134571, 40.69012445793411], [-73.94929428796604, 40.69012304333643], [-73.94929830246642, 40.69012157939792], [-73.94930199594398, 40.69012024157724], [-73.94930448470497, 40.69011935062327], [-73.94930717545354, 40.69011838564949], [-73.94931032066866, 40.69011726167911], [-73.94931345866348, 40.69011614868456], [-73.94931681306947, 40.69011496167643], [-73.94932017467886, 40.69011378565046], [-73.94932341726162, 40.69011265074352], [-73.94932658770087, 40.69011154874199], [-73.9493299420856, 40.69011038918119], [-73.94933334695929, 40.690109221408186], [-73.94933624687106, 40.6901082290781], [-73.94933950385396, 40.690107124369526], [-73.94934289789705, 40.690105973060106], [-73.94934628111187, 40.69010483546965], [-73.94934944430521, 40.690103777380614], [-73.94935258585457, 40.69010273026106], [-73.9493560952928, 40.690101570767695], [-73.94935928011505, 40.6901005209222], [-73.94936242164742, 40.690099495760535], [-73.94936571826956, 40.690098424005896], [-73.94936913751981, 40.69009731662311], [-73.94937231150305, 40.69009629422022], [-73.94937572352879, 40.69009520330269], [-73.94937914997804, 40.69009411239139], [-73.949382067866, 40.690093188687285], [-73.94938535003463, 40.69009215535252], [-73.94938880171667, 40.690091075431134], [-73.94939221011296, 40.690090014704005], [-73.94939554636795, 40.690088984137496], [-73.9493986012948, 40.690088041279836], [-73.94940200607034, 40.6900869997642], [-73.94940533509653, 40.690085991152394], [-73.9494085162447, 40.69008502913659], [-73.94941183805265, 40.69008402875576], [-73.94941531494399, 40.69008299001617], [-73.94941888560564, 40.69008192935958], [-73.94942194771454, 40.690081024931246], [-73.94942503145877, 40.69008012051235], [-73.94942862374523, 40.69007907358876], [-73.94943179765177, 40.690078149995905], [-73.94943514106744, 40.69007718530588], [-73.94943862153276, 40.69007618773877], [-73.94944181706413, 40.69007527787899], [-73.949445290307, 40.690074294032335], [-73.94944836680969, 40.69007342803641], [-73.9494517462715, 40.690072479830356], [-73.949455255567, 40.69007150423351], [-73.94945863501823, 40.69007056975111], [-73.94946190265692, 40.6900696736463], [-73.94946511619227, 40.690068796731], [-73.94946893924974, 40.69006775814185], [-73.94947216359844, 40.690066886720665], [-73.94947529416837, 40.69006604819547], [-73.94947882867753, 40.690065108291016], [-73.94948236318453, 40.6900641711312], [-73.9494856127618, 40.69006331618931], [-73.94948885151712, 40.690062466732186], [-73.94949238240336, 40.69006154878388], [-73.94949580147913, 40.690060666468405], [-73.94949907267912, 40.69005982800431], [-73.94950259633868, 40.69005892926587], [-73.94950616687917, 40.6900580250584], [-73.94950940200312, 40.69005720853633], [-73.9495125541681, 40.690056422170215], [-73.94951610666214, 40.69005553991265], [-73.9495196771857, 40.690054657662905], [-73.9495229303264, 40.690053857616974], [-73.94952649362753, 40.6900529890877], [-73.94952974675977, 40.69005220002063], [-73.94953299627974, 40.69005141918622], [-73.94953644415816, 40.69005059452234], [-73.94954002908196, 40.690049742470734], [-73.94954358875597, 40.69004890138709], [-73.94954676252239, 40.69004815894582], [-73.94955014546706, 40.69004736993508], [-73.94955369791444, 40.69004654806132], [-73.94955717462095, 40.69004574811237], [-73.9495604529627, 40.69004500022709], [-73.94956403424884, 40.6900441893447], [-73.94956746766543, 40.6900434140794], [-73.94957399186615, 40.69004195672062], [-73.94958098850347, 40.690040417225326], [-73.94958793463688, 40.690038905155184], [-73.94959463911573, 40.69003746983234], [-73.94960145899181, 40.69003602358058], [-73.94960837983106, 40.69003458011741], [-73.94961526098628, 40.690033161339336], [-73.94962227196031, 40.690031734383396], [-73.94962910620077, 40.69003036498986], [-73.94963592960875, 40.690029014804544], [-73.94964300184505, 40.690027637280046], [-73.94964987210857, 40.6900263145621], [-73.94965689382632, 40.69002498367573], [-73.9496637929138, 40.69002369116205], [-73.94967063428362, 40.690022428815155], [-73.94967772808982, 40.69002113638584], [-73.94968478942383, 40.690019868644775], [-73.94969183992536, 40.69001862011195], [-73.94969876058278, 40.69001741269349], [-73.94970563434653, 40.69001622721223], [-73.94971274972268, 40.690015019878025], [-73.94971983984472, 40.690013829000996], [-73.94972674241984, 40.69001269019219], [-73.94973385415413, 40.6900115295162], [-73.94974090121761, 40.69001005590767], [-73.94974783623279, 40.69000893358041], [-73.94975494073792, 40.6900077948581], [-73.94976218948129, 40.69000665345356], [-73.94976915691588, 40.6900055750555], [-73.9497760774651, 40.69000450761561], [-73.94978335862996, 40.690003407395416], [-73.94979050274313, 40.690002342796994], [-73.9497976360342, 40.690001283682946], [-73.9498047801262, 40.69000024653131], [-73.9498116970126, 40.68999925319652], [-73.94981886272728, 40.68999823252209], [-73.94982617989412, 40.68999720642369], [-73.94983335279747, 40.68999621594396], [-73.94984047881755, 40.68999523367765], [-73.94984761203482, 40.689994270627395], [-73.94985477769886, 40.68999331582523], [-73.94986197581794, 40.68999235829191], [-73.94986910179803, 40.68999142817447], [-73.94987619531433, 40.689990511766275], [-73.94988357372216, 40.68998956254447], [-73.9498909557253, 40.689988627047626], [-73.94989792660505, 40.689987757245774], [-73.94990508140462, 40.68998686282066], [-73.94991238765627, 40.68998596297144], [-73.9499197155288, 40.68998508234458], [-73.94992688473486, 40.68998420988256], [-73.94993408999784, 40.68998334018052], [-73.94994125558526, 40.68998248418458], [-73.94994864474926, 40.68998161456166], [-73.9499560050616, 40.68998075041524], [-73.94997827347396, 40.689978199226125], [-73.94999978092459, 40.689975798664456], [-73.95000710513334, 40.68997499213923], [-73.95001431033046, 40.68997420752001], [-73.95002169222725, 40.68997340925325], [-73.95002911739682, 40.689972608260035], [-73.95003646322183, 40.68997182644525], [-73.95004382707413, 40.6899710473826], [-73.95005102864806, 40.689970284717674], [-73.95005841413135, 40.68996951115305], [-73.95006579600656, 40.689968740331125], [-73.95007318148333, 40.68996797499984], [-73.95009532347676, 40.68996569546552], [-73.95090983141655, 40.68987071443577], [-73.95108606682871, 40.68985047268891], [-73.95110220815256, 40.689848700937404], [-73.95112181138123, 40.6898466040264], [-73.95114128119624, 40.68984449882114], [-73.95127632212312, 40.68982990174692], [-73.95129530866348, 40.689827897867474], [-73.95130476046037, 40.68982690277094], [-73.95131435290315, 40.689825885774994], [-73.9513238732196, 40.6898248797268], [-73.95134275518197, 40.6898228812848], [-73.95136046513731, 40.68982100311429], [-73.95150588088984, 40.68980538361116], [-73.95153612959147, 40.68980207792657], [-73.95155507650706, 40.68979999713403], [-73.95157393687988, 40.68979791630192], [-73.95159303165885, 40.689795802628055], [-73.95161174418942, 40.68979371898281], [-73.95163086061733, 40.689791583353625], [-73.95164958036726, 40.689789485981386], [-73.95166864631813, 40.689787339345656], [-73.95168755360027, 40.68978520361921], [-73.9517064680989, 40.68978305965839], [-73.95172535014727, 40.68978091019132], [-73.95174429350463, 40.68977874702302], [-73.95176315392311, 40.68977658656156], [-73.95178196385973, 40.68977442333112], [-73.95180104426335, 40.68977222452885], [-73.95229089981653, 40.68971492022602], [-73.95232039131606, 40.68971145207993], [-73.95233670574468, 40.68970955671234], [-73.95235311392965, 40.68970765589172], [-73.95236958341772, 40.68970574960455], [-73.9523859266888, 40.68970385698668], [-73.9524023492945, 40.689701956165], [-73.95241866732242, 40.68970006353206], [-73.95243511877733, 40.68969815722809], [-73.9524515485959, 40.68969625091279], [-73.95248428202791, 40.6896924327336], [-73.95457238476536, 40.68945271330696], [-73.95459160923693, 40.68945048939595], [-73.95461086256174, 40.689448254514005], [-73.95462988509956, 40.68944603326173], [-73.95464846408478, 40.689443853003056], [-73.95466826916518, 40.68944153049632], [-73.95468733860545, 40.689439265336674], [-73.95470666408616, 40.68943696459263], [-73.95472580926408, 40.68943467475351], [-73.9547448534686, 40.68943239585053], [-73.95476412848534, 40.68943006213976], [-73.95478327369094, 40.68942772562999], [-73.95480225662689, 40.68942539454285], [-73.95482156052199, 40.689423008683164], [-73.95484071657276, 40.68942062550697], [-73.95485984377704, 40.68941823957153], [-73.9548830135195, 40.689415339201005], [-73.95490257707849, 40.68941288481029], [-73.95491217674663, 40.689411678128096], [-73.95492183411407, 40.689410463233386], [-73.95493177636969, 40.68940921276745], [-73.9549414120993, 40.689408000607415], [-73.9549510225855, 40.68940679118143], [-73.95496069076918, 40.6894055762877], [-73.95497049598885, 40.68940434223341], [-73.95498026153977, 40.68940311365229], [-73.95498992611645, 40.68940189875467], [-73.9549997096942, 40.6894006729237], [-73.95500937787611, 40.689399458025896], [-73.95501900638742, 40.68939825134606], [-73.95502881881298, 40.689397022779154], [-73.95503859878342, 40.689395796943465], [-73.95504839317697, 40.68939457111261], [-73.95505808298867, 40.68939336170868], [-73.95506771149267, 40.689392163259086], [-73.95507750587777, 40.68939094840482], [-73.95508718847293, 40.689389744485204], [-73.95509696482615, 40.68938853236698], [-73.95510675920833, 40.68938732025502], [-73.95511627951947, 40.68938614371731], [-73.95512608471677, 40.68938493435266], [-73.95513589712361, 40.68938372773474], [-73.95514556167439, 40.689382543016556], [-73.95515537047464, 40.68938133639561], [-73.95516517927456, 40.689380129773795], [-73.95517484743011, 40.68937894505454], [-73.95518451198134, 40.689377757588296], [-73.95519431717064, 40.689376556452174], [-73.95520412235955, 40.68937535531516], [-73.95521377608472, 40.68937417882133], [-73.95522347669332, 40.68937299136584], [-73.95523329630473, 40.68937179023201], [-73.9552430978845, 40.68937059183505], [-73.95525275161015, 40.68936941259319], [-73.95526245221372, 40.68936823062396], [-73.9552722682141, 40.68936703497491], [-73.95528205176129, 40.68936583931239], [-73.95529175597149, 40.68936465459732], [-73.95530142051305, 40.68936347535558], [-73.95531125454514, 40.68936227422069], [-73.95532105251263, 40.68936108130523], [-73.95533075311373, 40.68935989933027], [-73.95534042125973, 40.689358720086595], [-73.95535025168085, 40.68935752443651], [-73.95536004603923, 40.689356334261106], [-73.95536974663709, 40.68935515502761], [-73.95537954099477, 40.689353964850575], [-73.95538936059133, 40.68935277742723], [-73.95539894218145, 40.68935161735851], [-73.95540877980858, 40.689350427195755], [-73.95541857415935, 40.689349245249666], [-73.9554380438549, 40.68934689777759], [-73.95550492737519, 40.68933890618315], [-73.95557377616511, 40.689330789049144], [-73.95583318787857, 40.68930141006883], [-73.95585512752484, 40.68929912934862], [-73.95587214486459, 40.68929728315531], [-73.9558890431951, 40.68929545887199], [-73.95589770151238, 40.68929452896858], [-73.95590615067617, 40.68929361819773], [-73.95591451688283, 40.68929274033173], [-73.95592303094821, 40.689291835074066], [-73.95593158467975, 40.68929092708623], [-73.95594012759165, 40.68929002183835], [-73.95594857674335, 40.68928912753302], [-73.95595703310664, 40.689288233229846], [-73.95596557962006, 40.68928733347098], [-73.95597406482801, 40.68928644192235], [-73.95598258248498, 40.68928555587506], [-73.95599110735161, 40.68928467257465], [-73.95599954928119, 40.68928379198663], [-73.95600801283672, 40.68928292513021], [-73.95601649443041, 40.689282044556116], [-73.95602501567765, 40.689281180465215], [-73.95603356578245, 40.689280299916085], [-73.95604200769101, 40.68927944951745], [-73.95605048566168, 40.68927859364244], [-73.95605899970711, 40.68927771307766], [-73.95606754980204, 40.68927684624984], [-73.95607600973908, 40.689275995855596], [-73.95608444444377, 40.68927513172724], [-73.95609299454165, 40.689274259408045], [-73.9561015229986, 40.689273395314196], [-73.95610997573029, 40.68927253393563], [-73.9561184032188, 40.68927167529158], [-73.95612688478073, 40.68927083862573], [-73.95613540963272, 40.689269971783226], [-73.95614393087868, 40.68926910493875], [-73.95615239081377, 40.68926825453888], [-73.95616092287506, 40.689267390442026], [-73.95617214870222, 40.689266252893475], [-73.95618636760383, 40.68926480906913], [-73.95619756458497, 40.68926366876231], [-73.95620605698414, 40.689262799157504], [-73.95621457101831, 40.68926192956025], [-73.95622308144817, 40.68926105721625], [-73.95623153778796, 40.68926018759579], [-73.9562399833081, 40.689259320715436], [-73.9562485334037, 40.68925844563986], [-73.95625698974462, 40.689257573272755], [-73.95626550378286, 40.68925669543747], [-73.95627402503622, 40.68925581211473], [-73.95628244171186, 40.6892549397307], [-73.9562908908456, 40.689254059124096], [-73.95629934719261, 40.68925317577482], [-73.95630785763105, 40.68925228695592], [-73.95631637167693, 40.68925139539306], [-73.95632482802864, 40.68925050380759], [-73.95633334568349, 40.68924960675526], [-73.95634177318786, 40.689248715157596], [-73.95635021872486, 40.68924781807666], [-73.95635873998137, 40.68924692651331], [-73.95636722157124, 40.6892460376791], [-73.95637567793777, 40.689245121386996], [-73.95638414149967, 40.68924422979992], [-73.95639262309425, 40.68924333272953], [-73.95640114435494, 40.689242432928744], [-73.95640957185928, 40.68924153858138], [-73.95641803542559, 40.68924063875752], [-73.95642652784048, 40.689239736199134], [-73.95643492659038, 40.68923869911097], [-73.95644344065255, 40.68923777734619], [-73.95645193307928, 40.689236855572595], [-73.95646033543608, 40.689235815739124], [-73.95646878464387, 40.68923481434959], [-73.95647720859955, 40.689233829418505], [-73.95648568303712, 40.68923284450588], [-73.95649415386504, 40.689231865080814], [-73.956502610271, 40.689230882904916], [-73.95651109552904, 40.68922989250496], [-73.95651952669341, 40.68922891031828], [-73.9565279470417, 40.68922792538211], [-73.95653642509086, 40.689226929488], [-73.95654490674382, 40.68922593633943], [-73.95655333791612, 40.68922494042642], [-73.95656176908821, 40.689223944512776], [-73.95657021829292, 40.68922294311577], [-73.95657867470914, 40.68922194172091], [-73.95660422786806, 40.68921891838844], [-73.95701353656465, 40.68916973201669], [-73.95707895220362, 40.68916162642352], [-73.95708604911545, 40.689160745254156], [-73.95709436490498, 40.689159716321214], [-73.95710270954113, 40.68915868739844], [-73.95711106498581, 40.689157672202924], [-73.95711938076924, 40.689156651502486], [-73.95712777228091, 40.68915562259536], [-73.95713613133421, 40.689154601909834], [-73.95714442908051, 40.68915359217995], [-73.95715277370807, 40.689152574232644], [-73.95716121208966, 40.6891515535748], [-73.95716951343576, 40.68915055207877], [-73.95717786165962, 40.689149547854804], [-73.95718625315533, 40.68914854090157], [-73.9571946049775, 40.68914754765684], [-73.95720297843465, 40.6891465544195], [-73.95721136631495, 40.68914556118691], [-73.95721976500737, 40.68914457619207], [-73.95724492847009, 40.68914187096586], [-73.95729736162177, 40.689135824491736], [-73.95732227635422, 40.68913299289688], [-73.95733062814256, 40.689132046303335], [-73.95733896550196, 40.689131107938145], [-73.95734728483002, 40.68913017231043], [-73.95735557530396, 40.68912924765052], [-73.95736390905148, 40.689128317516484], [-73.95737223558706, 40.689127387379216], [-73.95738052966794, 40.68912645997406], [-73.9573888778365, 40.689125532588335], [-73.95739724043175, 40.68912459971781], [-73.95740550205213, 40.68912368327793], [-73.95741378170504, 40.68912276135459], [-73.95742214790376, 40.68912183122835], [-73.95743041312927, 40.68912091478801], [-73.95743876850993, 40.68911998465658], [-73.95744703734086, 40.689119068216336], [-73.95745533862785, 40.68911814629803], [-73.9574636759785, 40.68911721615808], [-73.95747200971951, 40.68911629150577], [-73.95748019589652, 40.689114933124635], [-73.95748846113263, 40.68911399746671], [-73.95749679848932, 40.68911305634533], [-73.9575050673763, 40.68911204932355], [-73.95751332181159, 40.689111086212165], [-73.95753815720022, 40.68910824905174], [-73.9576026310772, 40.68910094154153], [-73.95762760708331, 40.68909810990312], [-73.95763595525881, 40.68909716054132], [-73.95764430343938, 40.68909620294462], [-73.9576525722872, 40.689095250807625], [-73.95766088080445, 40.68909429045035], [-73.9576692398123, 40.68909331638716], [-73.957677505064, 40.68909234777845], [-73.95768574146686, 40.68909138190328], [-73.95769409326746, 40.68909039960136], [-73.95770240540507, 40.689089414539474], [-73.9577106742739, 40.689088426716296], [-73.95771898281384, 40.689087427928065], [-73.95772729135358, 40.6890864291392], [-73.9577355241682, 40.68908543306667], [-73.95774376059025, 40.689084434250134], [-73.95775207995028, 40.689083429973955], [-73.95776038850121, 40.68908241196926], [-73.9577686285318, 40.68908140766274], [-73.95777695868087, 40.68908044730501], [-73.95778520953552, 40.689079432022176], [-73.9578100125869, 40.68907637520957], [-73.95789033583586, 40.68906641915478], [-73.95791490810082, 40.689063364979866], [-73.95792313371543, 40.68906234144361], [-73.95793135211805, 40.68906131790413], [-73.95793951282147, 40.68906030257727], [-73.9579476410702, 40.689059289982715], [-73.95795587028962, 40.68905826644544], [-73.95796412835746, 40.68905724017332], [-73.9579722529996, 40.689056227575776], [-73.95798047861066, 40.68905520678017], [-73.95798872225427, 40.68905418050102], [-73.95799686131906, 40.68905316790699], [-73.95800504725982, 40.68905215532947], [-73.95801329450855, 40.68905112904987], [-73.95802152011841, 40.68905010825135], [-73.95802970245249, 40.689049095670754], [-73.95803790642499, 40.68904807760796], [-73.95806259767147, 40.6890450207001], [-73.9583974518887, 40.68900513721293], [-73.95842240262013, 40.689002247752676], [-73.95843896193593, 40.68900029396825], [-73.9584639415431, 40.688997352358825], [-73.95864831898133, 40.68897548804391], [-73.95867323730954, 40.68897248323733], [-73.95868149172944, 40.688971489849656], [-73.95868978942784, 40.68897048275309], [-73.95869811236186, 40.68896948389931], [-73.95871464284859, 40.688967475169406], [-73.9588519709661, 40.688951398828735], [-73.9612056157541, 40.68867458829878], [-73.96124593901955, 40.6886698314741], [-73.96125425825602, 40.68866885988188], [-73.96126249815576, 40.68866790198623], [-73.96127086426917, 40.688666927663796], [-73.96127910416689, 40.68866597251173], [-73.9612873981535, 40.68866501463246], [-73.96131245320174, 40.688662124580695], [-73.9615368522544, 40.68863630289189], [-73.96156187124637, 40.688633371602194], [-73.96157831497601, 40.68863144477507], [-73.9616033303617, 40.6886285079856], [-73.96190094356609, 40.68859377576397], [-73.96192631226856, 40.688590885682395], [-73.96193472883334, 40.688589930541795], [-73.96194323194108, 40.68858896993968], [-73.96195173865594, 40.68858800659335], [-73.96196024897482, 40.68858704599236], [-73.96196866913975, 40.688586099084795], [-73.96197708569866, 40.68858515217543], [-73.96198557798297, 40.688584199800914], [-73.96199411714444, 40.68858324469648], [-73.96200262385157, 40.68858229232546], [-73.9620110764647, 40.68858135091506], [-73.96201949301616, 40.68858041498163], [-73.96202801774858, 40.68857946810424], [-73.96203654969246, 40.688578521228585], [-73.96204501672331, 40.68857758805477], [-73.96205342966483, 40.68857665760722], [-73.96206194357259, 40.68857572170281], [-73.9620705115707, 40.68857478032608], [-73.9620789713858, 40.68857385263691], [-73.96208750332048, 40.68857291948133], [-73.96209603164748, 40.6885719890687], [-73.96210451309528, 40.68857106412955], [-73.96211296208567, 40.688570147413365], [-73.9621215264703, 40.68856921701075], [-73.96213006200335, 40.6885682948323], [-73.96213853262653, 40.68856738086615], [-73.96214709700577, 40.6885664586959], [-73.9621555928693, 40.6885655447368], [-73.96216403824465, 40.68856464173955], [-73.9621726603181, 40.6885637168416], [-73.96218118502289, 40.688562811124406], [-73.96218967727496, 40.68856190539592], [-73.96219825967728, 40.688560991462126], [-73.96222388787334, 40.68855827981021], [-73.96252131404128, 40.688527997940575], [-73.96254650581342, 40.68852545076092], [-73.96255487542513, 40.68852460260574], [-73.96256326667469, 40.68852374896747], [-73.96258492092954, 40.68852154646965], [-73.96261065001018, 40.68851891985233], [-73.96261922516803, 40.68851804431153], [-73.96262775344981, 40.688517168754906], [-73.96263642957967, 40.688516276777015], [-73.96264497228591, 40.688515398479005], [-73.96265349696426, 40.688514517429766], [-73.96266206851975, 40.68851363365033], [-73.96267065810723, 40.68851274438652], [-73.96267925130186, 40.688511852378504], [-73.96268773270936, 40.68851097131268], [-73.96269631869338, 40.688510076556256], [-73.96270491189038, 40.68850917905679], [-73.96271344378347, 40.68850828977111], [-73.96272204058887, 40.68850738678198], [-73.96273054724372, 40.6885064919973], [-73.96273908274657, 40.6885055944766], [-73.96274763628286, 40.688504688726795], [-73.96275617539563, 40.68850378297167], [-73.9627647397505, 40.688502874479276], [-73.96277328968333, 40.68850196323688], [-73.96278183240125, 40.68850105748101], [-73.96279035348701, 40.688500146227966], [-73.96281224940448, 40.68849778731358], [-73.96283295533244, 40.68849554329107], [-73.96284145479254, 40.68849461281387], [-73.96285001916037, 40.68849367686743], [-73.96285855107548, 40.68849274090992], [-73.96286702168972, 40.68849180767675], [-73.96287552836513, 40.688490868965076], [-73.96288406028411, 40.68848992477135], [-73.96289259220437, 40.68848897783222], [-73.96290107003696, 40.68848803087502], [-73.96290954426199, 40.6884870866608], [-73.96291802570298, 40.688486134213974], [-73.96292655041825, 40.68848517354616], [-73.96293508595076, 40.68848421288121], [-73.96294353133429, 40.68848325767609], [-73.9629520452344, 40.68848229151335], [-73.96297744991178, 40.688479392977314], [-73.9634315283432, 40.688426860530235], [-73.96347544647647, 40.68842179665231], [-73.96564464573075, 40.68817143071944], [-73.96799041451015, 40.687900523045904], [-73.96799519600954, 40.68790008246775], [-73.97104173233194, 40.68754820835657], [-73.97115725999447, 40.687534977382875], [-73.97245855361817, 40.687384660416676], [-73.9724686286142, 40.68738351002376], [-73.97247757133934, 40.687382502087274], [-73.97248703331773, 40.68738143937883], [-73.97249655298697, 40.68738037942811], [-73.97250607986511, 40.68737932496794], [-73.97251559952922, 40.687378275994746], [-73.97252512640344, 40.68737722976728], [-73.97253464606241, 40.68737619177159], [-73.97254416932687, 40.687375153775996], [-73.97255372864642, 40.68737412127775], [-73.97256324829885, 40.68737309700356], [-73.97257281121908, 40.6873720754837], [-73.97258233086642, 40.68737106218699], [-73.97259189017582, 40.68737005164373], [-73.97260145669306, 40.687369049335715], [-73.97261097633165, 40.687368055250055], [-73.97262048875501, 40.68736706939622], [-73.97263008411078, 40.68736608356131], [-73.97263965422475, 40.687365100464376], [-73.9726491666417, 40.687364128331986], [-73.97265876199435, 40.68736314798426], [-73.97266879005697, 40.68736212382213], [-73.97267789140076, 40.687361187271755], [-73.97268790143733, 40.68736015486941], [-73.97397745720345, 40.68723203136976], [-73.97399237697009, 40.687234274475706], [-73.97411684210797, 40.6872398167829], [-73.97414981001931, 40.687238709816505], [-73.97417709181256, 40.68723716514625], [-73.97418556556056, 40.68723662907233], [-73.97422117349572, 40.68723394717917], [-73.97425676357295, 40.687230815128586], [-73.97429238983045, 40.687227356447366], [-73.97432795487502, 40.68722366718067], [-73.97436349473764, 40.68721981595592], [-73.9743990418224, 40.687215926294975], [-73.97443458896298, 40.68721188017111], [-73.97447012168885, 40.687207801095894], [-73.97450567605017, 40.687203708290596], [-73.97454120876628, 40.687199631938114], [-73.97457675950056, 40.6871955720473], [-73.97461228858343, 40.68719154507798], [-73.97464782125941, 40.687187540056655], [-73.97468337195052, 40.68718355973122], [-73.97471894787151, 40.68717959586898], [-73.97475447690402, 40.68717565668841], [-73.97479001313759, 40.687171733967055], [-73.97482556017914, 40.68716782496094], [-73.97486110360552, 40.687163929666944], [-73.97489662899278, 40.68716005082663], [-73.97493215797651, 40.6871561857], [-73.97496774103939, 40.68715232880848], [-73.97500328442663, 40.68714849385548], [-73.97503881338056, 40.68714467535701], [-73.97507434953575, 40.68714087331773], [-73.9751099037034, 40.687137104208674], [-73.97514545425109, 40.68713336253551], [-73.97518106220383, 40.687130381165346], [-73.9752166127551, 40.68712660927774], [-73.97525218132502, 40.68712285385161], [-73.97528772824629, 40.68711912585759], [-73.9753232967574, 40.687115507648066], [-73.97535886890896, 40.68711178512702], [-73.9753944735084, 40.68710806260193], [-73.9754300276162, 40.68710435926841], [-73.9754655853268, 40.68710065317992], [-73.97550117187137, 40.687096969044696], [-73.97553653844496, 40.6870933287681], [-73.97557092059773, 40.68708981453112], [-73.97560548303048, 40.68708631130116], [-73.9756401031406, 40.68708283826547], [-73.97567468356988, 40.6870794036378], [-73.97570928922184, 40.68707600743181], [-73.97574388043425, 40.68707264689444], [-73.97577852211779, 40.687069302825925], [-73.97581311689716, 40.68706603010116], [-73.97584775494217, 40.687062757375045], [-73.97588237854487, 40.687059528551856], [-73.97591703098131, 40.687056324427196], [-73.97595164373924, 40.68705315322105], [-73.97598629975899, 40.68704999299263], [-73.97602093773881, 40.68704685470815], [-73.97605560455641, 40.6870437301431], [-73.97609022448616, 40.687040633005594], [-73.97612489488834, 40.687037549592], [-73.97615954364687, 40.68703448263207], [-73.97619422124531, 40.68703142390201], [-73.97622865363776, 40.687028398048135], [-73.9762616220447, 40.687025506375676], [-73.97629480680155, 40.68702259278022], [-73.97632796992106, 40.687019679170724], [-73.97636110058684, 40.68701676280019], [-73.97639428173609, 40.6870138299619], [-73.97642743404315, 40.68701087789474], [-73.97646059716358, 40.68700792856498], [-73.97649373505347, 40.68700494353851], [-73.97652720108277, 40.68700190367399], [-73.97655021371826, 40.68699978665789], [-73.97656012263333, 40.68699888564703], [-73.9765983916909, 40.68699534170221], [-73.97660865038821, 40.68699436664953], [-73.97662621816822, 40.68699273433571], [-73.97663380131101, 40.68699201125623], [-73.97665963014819, 40.68698955443842], [-73.97666923978696, 40.686988642378374], [-73.97669303131347, 40.686986358060544], [-73.97670463500475, 40.6869852323093], [-73.97672645772535, 40.68698313423041], [-73.97674002662083, 40.68698180027046], [-73.97675985170048, 40.686979858233386], [-73.97677544349649, 40.686978302351285], [-73.97679323126556, 40.686976535562636], [-73.97681082793383, 40.68697475500882], [-73.97682661444833, 40.68697316896659], [-73.97684619075103, 40.6869711555005], [-73.97686000485727, 40.686969750211674], [-73.97688157161318, 40.68696749834476], [-73.97689336643303, 40.6869662847802], [-73.97691691282435, 40.68696379450905], [-73.97692671720517, 40.68696276993095], [-73.97696201516895, 40.68695898921913], [-73.97698760611567, 40.686956202907545], [-73.97699340797566, 40.68695558374944], [-73.97702291852478, 40.686952337092045], [-73.97705825619649, 40.68694839441715], [-73.97709386793088, 40.686944363953295], [-73.97712757576983, 40.68694050053102], [-73.97716095548682, 40.686936623309876], [-73.97719437848103, 40.68693271040562], [-73.97722775461163, 40.68692875356608], [-73.97726110190166, 40.68692476926343], [-73.97729445280662, 40.686920746525004], [-73.97732782895795, 40.6869166935894], [-73.97735223365041, 40.68691370933956], [-73.9773766635828, 40.68691071959988], [-73.97741100611462, 40.68690651586776], [-73.97744539913081, 40.68690228743231], [-73.9774797669062, 40.68689804800261], [-73.97751414189149, 40.68689380032973], [-73.97754852769513, 40.68688953618004], [-73.97758288465029, 40.68688526652491], [-73.97761725242198, 40.68688098588256], [-73.97765160216235, 40.6868766997369], [-73.97768595550595, 40.68687240809213], [-73.97772034851369, 40.68686809997618], [-73.97774820043193, 40.68686460029274], [-73.97777598382898, 40.68686112803699], [-73.97779839444685, 40.686858321717416], [-73.97780887316812, 40.68685700899334], [-73.97782570906772, 40.68685492346809], [-73.977841776917, 40.686852917390766], [-73.97785223038814, 40.68685162936083], [-73.97787469867873, 40.686848861464334], [-73.97790762042915, 40.68684482748659], [-73.9779221305156, 40.686843057149325], [-73.97794052413602, 40.68684082643319], [-73.97795767732617, 40.68683876016284], [-73.97797338455283, 40.686836877512796], [-73.97798917471057, 40.68683499487649], [-73.97800504779768, 40.6868331177434], [-73.97801103716587, 40.686832407992334], [-73.97802096054612, 40.68683124336046], [-73.97802884299867, 40.68683031713315], [-73.97803684444224, 40.686829385438436], [-73.97804662719051, 40.68682824273567], [-73.97805269227477, 40.686827543975994], [-73.9780685797659, 40.68682571349795], [-73.9780844528341, 40.68682388027024], [-73.97810038357972, 40.68682208822289], [-73.97811623139607, 40.68682028517847], [-73.97813212607993, 40.686818501354146], [-73.97813527400615, 40.686818147876885], [-73.978148009943, 40.68681672575996], [-73.97816387936786, 40.68681499407712], [-73.97817143366466, 40.68681415835517], [-73.97817977403841, 40.686813243183444], [-73.97818521889864, 40.686812648600466], [-73.9781956578792, 40.68681152796762], [-73.97821155253547, 40.68680981549638], [-73.9782274399741, 40.686808119490195], [-73.97823514930533, 40.68680731673069], [-73.97824334542987, 40.68680645642246], [-73.9782592472764, 40.68680480158619], [-73.97827513469028, 40.686803174192704], [-73.97828506161726, 40.686802163245886], [-73.97829101128077, 40.686801563263614], [-73.97829656069392, 40.68680100437713], [-73.97830694915915, 40.68679997979161], [-73.97831445654754, 40.68679923737368], [-73.97832285458065, 40.68679841003513], [-73.97833239926852, 40.68679748958961], [-73.97833873474787, 40.68679688144324], [-73.97835467260349, 40.686795361094326], [-73.97837060684107, 40.68679387642456], [-73.97838648698297, 40.68679241919013], [-73.97840240317001, 40.68679099764232], [-73.9784183409899, 40.68678957884109], [-73.97843428239534, 40.68678822042334], [-73.97844012384955, 40.68678772745912], [-73.97845018052769, 40.686786872974324], [-73.97845813499782, 40.68678621297386], [-73.97846612551895, 40.68678557219296], [-73.97847608842865, 40.686784775328576], [-73.97848207410732, 40.68678429611307], [-73.97849799023287, 40.68678305296211], [-73.97851397485354, 40.68678185099331], [-73.97852989094866, 40.68678069841538], [-73.97854584669851, 40.68677957054558], [-73.9785617916111, 40.686778503056516], [-73.97857775454926, 40.68677744380295], [-73.97858430269238, 40.68677705526425], [-73.97859370664594, 40.68677645865391], [-73.97860236058399, 40.68677593052261], [-73.97860969479244, 40.686775495467565], [-73.978620461713, 40.68677490185313], [-73.9786256468582, 40.68677460363632], [-73.97864159891564, 40.6867737365058], [-73.97865755455645, 40.68677293799302], [-73.97867353543006, 40.686772161440885], [-73.97868950546057, 40.68677146448285], [-73.97870547187803, 40.686770789480114], [-73.97871094545603, 40.68677057091119], [-73.97872142746043, 40.686770169368586], [-73.97872909333564, 40.68676992101167], [-73.97873741546792, 40.68676963160394], [-73.97874720153871, 40.68676931227351], [-73.97875339625496, 40.68676912128349], [-73.97876937701375, 40.68676869879346], [-73.97878533252346, 40.68676830374429], [-73.9788012591635, 40.68676798279637], [-73.97881724707739, 40.686767735966335], [-73.97883320613134, 40.68676753304513], [-73.97884915795024, 40.686767404229215], [-73.97885610982529, 40.686767356100866], [-73.97886512057232, 40.68676731932939], [-73.97887426832163, 40.68676733198824], [-73.97888109758688, 40.686767330497], [-73.97889702411332, 40.68676736635602], [-73.97891299026557, 40.68676752024529], [-73.978928909539, 40.68676768784762], [-73.97894479991629, 40.686768014639135], [-73.97897337156962, 40.68676865665025], [-73.97899263684307, 40.68676921735734], [-73.97900133739925, 40.68676949067768], [-73.97900852714766, 40.68676977744563], [-73.97902442824982, 40.68677040066338], [-73.97904029687734, 40.686771097981875], [-73.97905613663868, 40.6867718611674], [-73.97907203766425, 40.68677273140796], [-73.97908789901169, 40.686773651045016], [-73.97910377477558, 40.68677459264065], [-73.97911017120703, 40.68677505766828], [-73.97911959279314, 40.686775709888956], [-73.9791282896427, 40.68677630982675], [-73.97913543966489, 40.68677680243739], [-73.97915088987175, 40.68677800470259], [-73.97916449036703, 40.686779107819106], [-73.97918392478059, 40.68678073898547], [-73.97920068738763, 40.686782229682336], [-73.97921733820044, 40.68678377525202], [-73.97924401983569, 40.68678641230307], [-73.97925068303317, 40.68678707224975], [-73.97925842789647, 40.686787910801115], [-73.97927285036887, 40.68678944772677], [-73.9792835950971, 40.686790638147485], [-73.9792951474718, 40.6867919549719], [-73.97930704236558, 40.68679335694469], [-73.97931890120334, 40.68679475616501], [-73.9793307564197, 40.68679620753408], [-73.97934261162547, 40.686797694583944], [-73.97935456056575, 40.68679923105529], [-73.97936644099751, 40.68680076751312], [-73.97937831780794, 40.68680235611974], [-73.97939020542341, 40.68680398589861], [-73.97940204615136, 40.68680565958419], [-73.97940605556107, 40.686806214745545], [-73.9794138904873, 40.68680732777968], [-73.97942579249616, 40.68680905911396], [-73.97943764401938, 40.68681080965141], [-73.9794494522625, 40.68681259860671], [-73.9794614299608, 40.6868144369969], [-73.97946365099276, 40.68681477225532], [-73.97947315887134, 40.68681625063851], [-73.97948505002394, 40.686818119203295], [-73.97949691232024, 40.686820023443715], [-73.97950873855568, 40.68682194140039], [-73.97952068737594, 40.68682389505963], [-73.97952193850341, 40.6868241038849], [-73.9795323910058, 40.6868258514188], [-73.97954423524922, 40.686827843483805], [-73.97955610472096, 40.686829876723664], [-73.97956792731708, 40.686831915443484], [-73.97957975711947, 40.68683397337678], [-73.97958753427935, 40.686835349886834], [-73.9795915472503, 40.686836061494304], [-73.97960342030795, 40.686838168838676], [-73.9796152428835, 40.68684028440727], [-73.97962186986652, 40.68684148779067], [-73.97962707626691, 40.68684243291374], [-73.97963889883395, 40.68684458141712], [-73.97965068894668, 40.686846740892605], [-73.97966251871078, 40.68684894154546], [-73.9796743737183, 40.68685113396729], [-73.97968619627085, 40.68685334010594], [-73.97969223193415, 40.68685448025121], [-73.97969804405261, 40.68685558467465], [-73.97970981972949, 40.686857799037], [-73.97972163145882, 40.68686003261783], [-73.97973429408292, 40.68686246671564], [-73.97974830879856, 40.68686510690777], [-73.97975616885088, 40.68686663712818], [-73.9797623162796, 40.6868678266953], [-73.97979068820615, 40.68687329103089], [-73.97982516427783, 40.686880016279666], [-73.97985961149469, 40.68688679366371], [-73.97989404069158, 40.686893565544764], [-73.97992849151663, 40.68690038133562], [-73.97997782600363, 40.68691004877897], [-73.97999740404634, 40.68691387564967], [-73.98003187657135, 40.68692054319564], [-73.98006630223921, 40.68692717504121], [-73.98009503839126, 40.686932655833424], [-73.98010080004687, 40.686933746503975], [-73.98012836082232, 40.68693892241502], [-73.98013533033915, 40.68694023012929], [-73.98016170130637, 40.686945128605075], [-73.98016984262986, 40.686946645121864], [-73.98019502379313, 40.6869512496945], [-73.98020440904277, 40.68695296130168], [-73.98022840038931, 40.68695731314339], [-73.98023896105626, 40.6869592198284], [-73.9802617986439, 40.68696331620133], [-73.98027355996967, 40.68696541522308], [-73.98029520773879, 40.686969261611274], [-73.98030861321043, 40.68697162166416], [-73.98032865652551, 40.68697513016465], [-73.98034312204642, 40.68697763586761], [-73.98036160056357, 40.68698082844639], [-73.98037716939898, 40.68698349353008], [-73.98039452659869, 40.6869864580964], [-73.98041126726056, 40.68698927433745], [-73.9804279754689, 40.686992101549684], [-73.98044538317612, 40.68699498926332], [-73.98046143878705, 40.686997679121234], [-73.98047950994611, 40.68700059713485], [-73.98050425501839, 40.687004644377275], [-73.98052846647157, 40.68700859271239], [-73.98054783202696, 40.68701176345317], [-73.98056197310423, 40.68701407145027], [-73.98058200209351, 40.68701733561955], [-73.98059549056754, 40.6870195227325], [-73.98061613971963, 40.68702288855695], [-73.9806289936142, 40.687024971257756], [-73.98065032062203, 40.68702843600197], [-73.98066250387942, 40.68703041428495], [-73.98068449431386, 40.68703399990418], [-73.98069603938795, 40.687035865540906], [-73.98071864277827, 40.687039539089106], [-73.98072956047893, 40.68704131678466], [-73.98075282368667, 40.68704512493044], [-73.98076307796019, 40.68704680095533], [-73.98078699017141, 40.68705073271736], [-73.9807965701996, 40.68705230981494], [-73.9808211205997, 40.68705635695677], [-73.98083006604472, 40.68705783787877], [-73.98085527625898, 40.68706203334085], [-73.9808635763019, 40.68706342357549], [-73.9808894102731, 40.6870677673514], [-73.98089705049303, 40.68706905866228], [-73.98092310799696, 40.68707350127951], [-73.98093089604072, 40.687074839273755], [-73.980936289981, 40.68707577064479], [-73.98094983973232, 40.68707811143346], [-73.98096337865955, 40.68708047966647], [-73.98097692479377, 40.68708286711245], [-73.98099041684418, 40.68708524905843], [-73.98100392330763, 40.68708766943193], [-73.98101745140504, 40.68709009529698], [-73.98103096146298, 40.68709256232903], [-73.98104441382588, 40.68709504307383], [-73.98105785537412, 40.687097518325714], [-73.9810713041193, 40.687100048472665], [-73.98109247957991, 40.68710405108503], [-73.98113255178747, 40.687111646953596], [-73.981186880283, 40.687122354965176], [-73.98122759412126, 40.68713071669659], [-73.98126830066718, 40.68713940229536], [-73.98130878720177, 40.68714834036288], [-73.98136820623681, 40.68716208483209], [-73.9814015067769, 40.68717011043933], [-73.98143303335989, 40.687177891466135], [-73.98146407675182, 40.68718576847345], [-73.98149505519102, 40.687193848575006], [-73.98152589657708, 40.68720207960855], [-73.98155218779523, 40.68720924767817], [-73.98158463353604, 40.68721828591581], [-73.98161700711898, 40.68722751077714], [-73.98164931215076, 40.68723691951807], [-73.98170220431903, 40.68725279820528], [-73.98178078160001, 40.68727735715812], [-73.9818714729345, 40.68730697657883], [-73.98197415932593, 40.68734181561677], [-73.9820680879671, 40.68737458638613], [-73.98238073283932, 40.68748587749356], [-73.98250102483216, 40.687528146104256], [-73.98256118177886, 40.68754899079071], [-73.98262168855601, 40.68756971198384], [-73.98275143120826, 40.68761352432024], [-73.98284881502488, 40.68764602323665], [-73.9829468696435, 40.68767840140007], [-73.98304476222107, 40.68771029088667], [-73.98314290378957, 40.68774179331371], [-73.98347185574606, 40.687845944690395], [-73.98357071883538, 40.687877608797095], [-73.98366943769051, 40.6879096653004], [-73.98377373784622, 40.6879440747744], [-73.98384040368761, 40.68796636071308], [-73.98390599145995, 40.68798855862967], [-73.98397141338056, 40.68801087451079], [-73.98415429551787, 40.688074164054264], [-73.98424987393254, 40.68810771278145], [-73.98434526127292, 40.68814152764588], [-73.98453559975518, 40.68820995580665], [-73.98465420665741, 40.688253267693476], [-73.98475107954063, 40.688289127272924], [-73.98485442430253, 40.68832795197465], [-73.98491853388501, 40.68835234219001], [-73.98498244155499, 40.68837688056085], [-73.98511018840637, 40.6884264896724], [-73.98545949100927, 40.68856327879781], [-73.98580949843196, 40.68869890316478], [-73.98593686785925, 40.68874871442294], [-73.9860639561428, 40.6887988987945], [-73.986161908047, 40.68883802633568], [-73.98624451475045, 40.68887141539028], [-73.98630402431506, 40.68889571919419], [-73.98636322740428, 40.6889201272322], [-73.98642395563424, 40.68894541374611], [-73.98651507862763, 40.68898377713394], [-73.98665700743824, 40.68904431311537], [-73.98681218329564, 40.68911066660801], [-73.98687906290424, 40.68913884931837], [-73.98693498533088, 40.68916198585878], [-73.9869686001461, 40.68917565862543], [-73.9870022510734, 40.68918912827329], [-73.98703605350502, 40.68920237011243], [-73.98706996417883, 40.689215340221594], [-73.98709256052607, 40.68922377194724], [-73.98712674897068, 40.68923623977786], [-73.9871609951997, 40.689248304123495], [-73.98719536772519, 40.68925995950227], [-73.9872183897683, 40.68926749371072], [-73.9872530328994, 40.68927838880094], [-73.9872879357531, 40.689288820043295], [-73.98731120679896, 40.689295423783584], [-73.98733475192653, 40.68930186560793], [-73.98734621081327, 40.68930491630804], [-73.98738162961801, 40.68931385442372], [-73.98740541650905, 40.68931946733951], [-73.98741686106305, 40.68932207063355], [-73.98744099059402, 40.68932728009825], [-73.98745255418335, 40.6893296775439], [-73.98747649991978, 40.68933435724048], [-73.98750215124583, 40.689338998690545], [-73.98753675939648, 40.68934457158232], [-73.98754858994187, 40.689346354218756], [-73.98757296863762, 40.689349738410606], [-73.98759729691886, 40.68935277126133], [-73.98760941601343, 40.68935414495187], [-73.98762913256085, 40.68935621388492], [-73.98765369537135, 40.689358478213315], [-73.98767719091761, 40.6893603444305], [-73.98771134899572, 40.68936246430088], [-73.98774533773049, 40.6893638732476], [-73.98777929053975, 40.68936456305071], [-73.98781333002316, 40.68936452823369], [-73.98784709919535, 40.689363782482616], [-73.98787411823008, 40.689362681935236], [-73.98790675897983, 40.689360731093714], [-73.98791467398381, 40.689360152778676], [-73.98793919791727, 40.689358124221705], [-73.9879484723886, 40.68935725510123], [-73.98797161894358, 40.689354847614766], [-73.98798220240941, 40.689353632787395], [-73.98800390306141, 40.6893509149844], [-73.98801575947276, 40.68934929680544], [-73.98803605027187, 40.68934631535163], [-73.98804920127264, 40.68934424167196], [-73.98806808941903, 40.68934105969866], [-73.988082441264, 40.689338483846754], [-73.98809995920206, 40.689335148019175], [-73.98811546141603, 40.689332026072876], [-73.9881315658639, 40.689328599517104], [-73.98814827615215, 40.68932486286242], [-73.98816297070506, 40.68932140596457], [-73.98818084580294, 40.689317016169724], [-73.9881941088127, 40.689313603037164], [-73.98821305137214, 40.689308494217045], [-73.98822498019274, 40.68930515230831], [-73.9882449757931, 40.68929930250276], [-73.98825548747725, 40.68929610317412], [-73.98827649646385, 40.68928944924884], [-73.98828568836468, 40.6892864254483], [-73.98830761338256, 40.68927893994526], [-73.98831548548958, 40.689276154803196], [-73.98833850685277, 40.68926771422563], [-73.98834492212228, 40.68926528849877], [-73.98837232141597, 40.689254493344976], [-73.98837945433736, 40.689251573630116], [-73.98839817017705, 40.68924369528357], [-73.98842768649646, 40.689230608446955], [-73.98845654302671, 40.68921696434822], [-73.98848493449113, 40.68920272458061], [-73.98851344509629, 40.689187559830295], [-73.98853605967284, 40.68917486203403], [-73.98855775114333, 40.68916213943862], [-73.98857875030954, 40.6891492411051], [-73.98858972414536, 40.689142297925265], [-73.98859927353013, 40.689136128628476], [-73.98862042434045, 40.68912197594236], [-73.98862987281616, 40.68911544981295], [-73.98863887773564, 40.68910911851759], [-73.98864780333611, 40.68910271859444], [-73.98865666404153, 40.68909624730023], [-73.98867432058361, 40.68908305767401], [-73.9886914001959, 40.68906978015568], [-73.9887084654542, 40.689056052491104], [-73.98872481674343, 40.68904233573311], [-73.9887331763284, 40.68903521661808], [-73.98874113923796, 40.68902827038413], [-73.98875732116511, 40.68901380153787], [-73.98876502446683, 40.68900674274133], [-73.98878067275749, 40.68899203229988], [-73.9887960578465, 40.68897712695194], [-73.98880350517575, 40.6889697607136], [-73.98881849004563, 40.68895461103916], [-73.98883311073811, 40.68893933781271], [-73.98884748624982, 40.688923921832604], [-73.98886168870747, 40.68890830546566], [-73.98888253448324, 40.68888461188026], [-73.98890294760345, 40.688860550450016], [-73.9889162414374, 40.68884447286723], [-73.98893596589602, 40.68881993102993], [-73.9889551891439, 40.688795290329324], [-73.9889660991934, 40.68878099661248], [-73.98898144904231, 40.68876059346119], [-73.98899992542346, 40.68873851904162]]]}, "properties": {"objectid": "16", "service_name": "Brooklyn-Queens Crosstown Local", "service": "G", "shape_stlength": "55554.243543589524"}}]}