date,start_hour,venue_id,event_type,title,tags
2019-01-24,20,msg,Concert,Billy Joel MSG residency,"concerts,rock,residency"
2019-03-17,11,st_patricks,StreetClosure,NYC St. Patrick's Day Parade 2019,"street_closure,parade,st_patricks"
2019-03-21,20,msg,Concert,Billy Joel MSG residency,"concerts,rock,residency"
2019-03-28,13,yankee,MLB,Baltimore Orioles @ New York Yankees,"sports,mlb"
2019-03-30,13,yankee,MLB,Baltimore Orioles @ New York Yankees,"sports,mlb"
2019-03-31,13,yankee,MLB,Baltimore Orioles @ New York Yankees,"sports,mlb"
2019-04-01,18,yankee,MLB,Detroit Tigers @ New York Yankees,"sports,mlb"
2019-04-02,18,yankee,MLB,Detroit Tigers @ New York Yankees,"sports,mlb"
2019-04-03,16,yankee,MLB,Detroit Tigers @ New York Yankees,"sports,mlb"
2019-04-04,13,citi,MLB,Washington Nationals @ New York Mets,"sports,mlb"
2019-04-06,13,citi,MLB,Washington Nationals @ New York Mets,"sports,mlb"
2019-04-07,13,citi,MLB,Washington Nationals @ New York Mets,"sports,mlb"
2019-04-09,19,citi,MLB,Minnesota Twins @ New York Mets,"sports,mlb"
2019-04-10,19,citi,MLB,Minnesota Twins @ New York Mets,"sports,mlb"
2019-04-12,19,yankee,MLB,Chicago White Sox @ New York Yankees,"sports,mlb"
2019-04-13,13,yankee,MLB,Chicago White Sox @ New York Yankees,"sports,mlb"
2019-04-14,13,yankee,MLB,Chicago White Sox @ New York Yankees,"sports,mlb"
2019-04-16,18,yankee,MLB,Boston Red Sox @ New York Yankees,"sports,mlb"
2019-04-17,18,yankee,MLB,Boston Red Sox @ New York Yankees,"sports,mlb"
2019-04-18,18,yankee,MLB,Kansas City Royals @ New York Yankees,"sports,mlb"
2019-04-19,19,yankee,MLB,Kansas City Royals @ New York Yankees,"sports,mlb"
2019-04-20,13,yankee,MLB,Kansas City Royals @ New York Yankees,"sports,mlb"
2019-04-21,13,yankee,MLB,Kansas City Royals @ New York Yankees,"sports,mlb"
2019-04-22,19,citi,MLB,Philadelphia Phillies @ New York Mets,"sports,mlb"
2019-04-23,19,citi,MLB,Philadelphia Phillies @ New York Mets,"sports,mlb"
2019-04-24,19,citi,MLB,Philadelphia Phillies @ New York Mets,"sports,mlb"
2019-04-26,19,citi,MLB,Milwaukee Brewers @ New York Mets,"sports,mlb"
2019-04-27,19,citi,MLB,Milwaukee Brewers @ New York Mets,"sports,mlb"
2019-04-28,13,citi,MLB,Milwaukee Brewers @ New York Mets,"sports,mlb"
2019-04-29,19,citi,MLB,Cincinnati Reds @ New York Mets,"sports,mlb"
2019-04-30,19,citi,MLB,Cincinnati Reds @ New York Mets,"sports,mlb"
2019-05-01,19,citi,MLB,Cincinnati Reds @ New York Mets,"sports,mlb"
2019-05-02,12,citi,MLB,Cincinnati Reds @ New York Mets,"sports,mlb"
2019-05-03,19,yankee,MLB,Minnesota Twins @ New York Yankees,"sports,mlb"
2019-05-04,13,yankee,MLB,Minnesota Twins @ New York Yankees,"sports,mlb"
2019-05-05,16,yankee,MLB,Minnesota Twins @ New York Yankees,"sports,mlb"
2019-05-06,18,yankee,MLB,Seattle Mariners @ New York Yankees,"sports,mlb"
2019-05-07,18,yankee,MLB,Seattle Mariners @ New York Yankees,"sports,mlb"
2019-05-08,18,yankee,MLB,Seattle Mariners @ New York Yankees,"sports,mlb"
2019-05-09,20,msg,Concert,Billy Joel MSG residency,"concerts,rock,residency"
2019-05-09,18,yankee,MLB,Seattle Mariners @ New York Yankees,"sports,mlb"
2019-05-10,19,citi,MLB,Miami Marlins @ New York Mets,"sports,mlb"
2019-05-11,19,citi,MLB,Miami Marlins @ New York Mets,"sports,mlb"
2019-05-12,13,citi,MLB,Miami Marlins @ New York Mets,"sports,mlb"
2019-05-13,18,yankee,MLB,Baltimore Orioles @ New York Yankees,"sports,mlb"
2019-05-14,13,yankee,MLB,Baltimore Orioles @ New York Yankees,"sports,mlb"
2019-05-15,15,yankee,MLB,Baltimore Orioles @ New York Yankees,"sports,mlb"
2019-05-17,19,yankee,MLB,Tampa Bay Rays @ New York Yankees,"sports,mlb"
2019-05-18,13,yankee,MLB,Tampa Bay Rays @ New York Yankees,"sports,mlb"
2019-05-19,13,yankee,MLB,Tampa Bay Rays @ New York Yankees,"sports,mlb"
2019-05-20,19,citi,MLB,Washington Nationals @ New York Mets,"sports,mlb"
2019-05-21,19,citi,MLB,Washington Nationals @ New York Mets,"sports,mlb"
2019-05-22,19,citi,MLB,Washington Nationals @ New York Mets,"sports,mlb"
2019-05-23,12,citi,MLB,Washington Nationals @ New York Mets,"sports,mlb"
2019-05-24,19,citi,MLB,Detroit Tigers @ New York Mets,"sports,mlb"
2019-05-25,16,citi,MLB,Detroit Tigers @ New York Mets,"sports,mlb"
2019-05-26,13,citi,MLB,Detroit Tigers @ New York Mets,"sports,mlb"
2019-05-27,13,yankee,MLB,San Diego Padres @ New York Yankees,"sports,mlb"
2019-05-28,18,yankee,MLB,San Diego Padres @ New York Yankees,"sports,mlb"
2019-05-29,13,yankee,MLB,San Diego Padres @ New York Yankees,"sports,mlb"
2019-05-30,19,yankee,MLB,Boston Red Sox @ New York Yankees,"sports,mlb"
2019-05-31,19,yankee,MLB,Boston Red Sox @ New York Yankees,"sports,mlb"
2019-06-01,19,yankee,MLB,Boston Red Sox @ New York Yankees,"sports,mlb"
2019-06-02,20,msg,Concert,Billy Joel MSG residency,"concerts,rock,residency"
2019-06-02,19,yankee,MLB,Boston Red Sox @ New York Yankees,"sports,mlb"
2019-06-04,19,citi,MLB,San Francisco Giants @ New York Mets,"sports,mlb"
2019-06-05,19,citi,MLB,San Francisco Giants @ New York Mets,"sports,mlb"
2019-06-06,12,citi,MLB,San Francisco Giants @ New York Mets,"sports,mlb"
2019-06-07,19,citi,MLB,Colorado Rockies @ New York Mets,"sports,mlb"
2019-06-08,19,citi,MLB,Colorado Rockies @ New York Mets,"sports,mlb"
2019-06-09,13,citi,MLB,Colorado Rockies @ New York Mets,"sports,mlb"
2019-06-10,19,yankee,MLB,New York Mets @ New York Yankees,"sports,mlb"
2019-06-11,13,yankee,MLB,New York Mets @ New York Yankees,"sports,mlb"
2019-06-13,19,citi,MLB,St. Louis Cardinals @ New York Mets,"sports,mlb"
2019-06-14,18,citi,MLB,St. Louis Cardinals @ New York Mets,"sports,mlb"
2019-06-15,19,citi,MLB,St. Louis Cardinals @ New York Mets,"sports,mlb"
2019-06-16,13,citi,MLB,St. Louis Cardinals @ New York Mets,"sports,mlb"
2019-06-17,19,yankee,MLB,Tampa Bay Rays @ New York Yankees,"sports,mlb"
2019-06-18,19,yankee,MLB,Tampa Bay Rays @ New York Yankees,"sports,mlb"
2019-06-19,13,yankee,MLB,Tampa Bay Rays @ New York Yankees,"sports,mlb"
2019-06-20,19,yankee,MLB,Houston Astros @ New York Yankees,"sports,mlb"
2019-06-21,19,yankee,MLB,Houston Astros @ New York Yankees,"sports,mlb"
2019-06-22,19,yankee,MLB,Houston Astros @ New York Yankees,"sports,mlb"
2019-06-23,14,yankee,MLB,Houston Astros @ New York Yankees,"sports,mlb"
2019-06-24,19,yankee,MLB,Toronto Blue Jays @ New York Yankees,"sports,mlb"
2019-06-25,19,yankee,MLB,Toronto Blue Jays @ New York Yankees,"sports,mlb"
2019-06-26,13,yankee,MLB,Toronto Blue Jays @ New York Yankees,"sports,mlb"
2019-06-28,19,citi,MLB,Atlanta Braves @ New York Mets,"sports,mlb"
2019-06-29,16,citi,MLB,Atlanta Braves @ New York Mets,"sports,mlb"
2019-06-30,19,citi,MLB,Atlanta Braves @ New York Mets,"sports,mlb"
2019-06-30,12,times_sq,StreetClosure,NYC Pride March 2019,"street_closure,parade,pride"
2019-07-02,19,citi,MLB,New York Yankees @ New York Mets,"sports,mlb"
2019-07-03,19,citi,MLB,New York Yankees @ New York Mets,"sports,mlb"
2019-07-05,19,citi,MLB,Philadelphia Phillies @ New York Mets,"sports,mlb"
2019-07-06,19,citi,MLB,Philadelphia Phillies @ New York Mets,"sports,mlb"
2019-07-07,13,citi,MLB,Philadelphia Phillies @ New York Mets,"sports,mlb"
2019-07-10,20,msg,Concert,BTS Love Yourself Tour,"concerts,kpop"
2019-07-11,20,msg,Concert,Billy Joel MSG residency,"concerts,rock,residency"
2019-07-11,20,msg,Concert,BTS Love Yourself Tour,"concerts,kpop"
2019-07-12,19,yankee,MLB,Toronto Blue Jays @ New York Yankees,"sports,mlb"
2019-07-13,13,yankee,MLB,Toronto Blue Jays @ New York Yankees,"sports,mlb"
2019-07-14,13,yankee,MLB,Toronto Blue Jays @ New York Yankees,"sports,mlb"
2019-07-15,19,yankee,MLB,Tampa Bay Rays @ New York Yankees,"sports,mlb"
2019-07-16,19,yankee,MLB,Tampa Bay Rays @ New York Yankees,"sports,mlb"
2019-07-17,19,yankee,MLB,Tampa Bay Rays @ New York Yankees,"sports,mlb"
2019-07-18,15,yankee,MLB,Tampa Bay Rays @ New York Yankees,"sports,mlb"
2019-07-19,19,yankee,MLB,Colorado Rockies @ New York Yankees,"sports,mlb"
2019-07-20,13,yankee,MLB,Colorado Rockies @ New York Yankees,"sports,mlb"
2019-07-21,13,yankee,MLB,Colorado Rockies @ New York Yankees,"sports,mlb"
2019-07-23,19,citi,MLB,San Diego Padres @ New York Mets,"sports,mlb"
2019-07-24,19,citi,MLB,San Diego Padres @ New York Mets,"sports,mlb"
2019-07-25,12,citi,MLB,San Diego Padres @ New York Mets,"sports,mlb"
2019-07-26,19,citi,MLB,Pittsburgh Pirates @ New York Mets,"sports,mlb"
2019-07-27,19,citi,MLB,Pittsburgh Pirates @ New York Mets,"sports,mlb"
2019-07-28,13,citi,MLB,Pittsburgh Pirates @ New York Mets,"sports,mlb"
2019-07-30,19,yankee,MLB,Arizona Diamondbacks @ New York Yankees,"sports,mlb"
2019-07-31,13,yankee,MLB,Arizona Diamondbacks @ New York Yankees,"sports,mlb"
2019-08-01,20,msg,Concert,Dead & Company,"concerts,rock"
2019-08-02,20,msg,Concert,Dead & Company,"concerts,rock"
2019-08-02,19,yankee,MLB,Boston Red Sox @ New York Yankees,"sports,mlb"
2019-08-03,13,yankee,MLB,Boston Red Sox @ New York Yankees,"sports,mlb"
2019-08-04,19,yankee,MLB,Boston Red Sox @ New York Yankees,"sports,mlb"
2019-08-05,16,citi,MLB,Miami Marlins @ New York Mets,"sports,mlb"
2019-08-06,19,citi,MLB,Miami Marlins @ New York Mets,"sports,mlb"
2019-08-07,12,citi,MLB,Miami Marlins @ New York Mets,"sports,mlb"
2019-08-09,19,citi,MLB,Washington Nationals @ New York Mets,"sports,mlb"
2019-08-10,19,citi,MLB,Washington Nationals @ New York Mets,"sports,mlb"
2019-08-11,13,citi,MLB,Washington Nationals @ New York Mets,"sports,mlb"
2019-08-12,13,yankee,MLB,Baltimore Orioles @ New York Yankees,"sports,mlb"
2019-08-13,19,yankee,MLB,Baltimore Orioles @ New York Yankees,"sports,mlb"
2019-08-14,13,yankee,MLB,Baltimore Orioles @ New York Yankees,"sports,mlb"
2019-08-15,19,yankee,MLB,Cleveland Indians @ New York Yankees,"sports,mlb"
2019-08-16,19,yankee,MLB,Cleveland Indians @ New York Yankees,"sports,mlb"
2019-08-17,13,yankee,MLB,Cleveland Indians @ New York Yankees,"sports,mlb"
2019-08-18,13,yankee,MLB,Cleveland Indians @ New York Yankees,"sports,mlb"
2019-08-20,19,citi,MLB,Cleveland Indians @ New York Mets,"sports,mlb"
2019-08-21,19,citi,MLB,Cleveland Indians @ New York Mets,"sports,mlb"
2019-08-22,19,citi,MLB,Cleveland Indians @ New York Mets,"sports,mlb"
2019-08-23,19,citi,MLB,Atlanta Braves @ New York Mets,"sports,mlb"
2019-08-24,19,citi,MLB,Atlanta Braves @ New York Mets,"sports,mlb"
2019-08-25,13,citi,MLB,Atlanta Braves @ New York Mets,"sports,mlb"
2019-08-27,19,citi,MLB,Chicago Cubs @ New York Mets,"sports,mlb"
2019-08-28,19,citi,MLB,Chicago Cubs @ New York Mets,"sports,mlb"
2019-08-28,20,msg,Concert,Billy Joel MSG residency,"concerts,rock,residency"
2019-08-28,11,us_open,Tennis,US Open 2019,"sports,tennis"
2019-08-29,19,citi,MLB,Chicago Cubs @ New York Mets,"sports,mlb"
2019-08-29,11,us_open,Tennis,US Open 2019,"sports,tennis"
2019-08-30,11,us_open,Tennis,US Open 2019,"sports,tennis"
2019-08-30,19,yankee,MLB,Oakland Athletics @ New York Yankees,"sports,mlb"
2019-08-31,11,us_open,Tennis,US Open 2019,"sports,tennis"
2019-08-31,13,yankee,MLB,Oakland Athletics @ New York Yankees,"sports,mlb"
2019-09-01,11,us_open,Tennis,US Open 2019,"sports,tennis"
2019-09-01,13,yankee,MLB,Oakland Athletics @ New York Yankees,"sports,mlb"
2019-09-02,11,us_open,Tennis,US Open 2019,"sports,tennis"
2019-09-02,13,yankee,MLB,Texas Rangers @ New York Yankees,"sports,mlb"
2019-09-03,11,us_open,Tennis,US Open 2019,"sports,tennis"
2019-09-03,18,yankee,MLB,Texas Rangers @ New York Yankees,"sports,mlb"
2019-09-04,11,us_open,Tennis,US Open 2019,"sports,tennis"
2019-09-04,18,yankee,MLB,Texas Rangers @ New York Yankees,"sports,mlb"
2019-09-05,11,us_open,Tennis,US Open 2019,"sports,tennis"
2019-09-06,19,citi,MLB,Philadelphia Phillies @ New York Mets,"sports,mlb"
2019-09-06,11,us_open,Tennis,US Open 2019,"sports,tennis"
2019-09-07,19,citi,MLB,Philadelphia Phillies @ New York Mets,"sports,mlb"
2019-09-07,11,us_open,Tennis,US Open 2019,"sports,tennis"
2019-09-08,13,citi,MLB,Philadelphia Phillies @ New York Mets,"sports,mlb"
2019-09-08,13,metlife,NFL,BUF @ NYJ,"sports,nfl"
2019-09-08,11,us_open,Tennis,US Open 2019,"sports,tennis"
2019-09-09,19,citi,MLB,Arizona Diamondbacks @ New York Mets,"sports,mlb"
2019-09-09,11,us_open,Tennis,US Open 2019,"sports,tennis"
2019-09-10,19,citi,MLB,Arizona Diamondbacks @ New York Mets,"sports,mlb"
2019-09-10,11,us_open,Tennis,US Open 2019,"sports,tennis"
2019-09-11,19,citi,MLB,Arizona Diamondbacks @ New York Mets,"sports,mlb"
2019-09-12,13,citi,MLB,Arizona Diamondbacks @ New York Mets,"sports,mlb"
2019-09-13,19,citi,MLB,Los Angeles Dodgers @ New York Mets,"sports,mlb"
2019-09-14,19,citi,MLB,Los Angeles Dodgers @ New York Mets,"sports,mlb"
2019-09-15,19,citi,MLB,Los Angeles Dodgers @ New York Mets,"sports,mlb"
2019-09-15,13,metlife,NFL,BUF @ NYG,"sports,nfl"
2019-09-16,20,metlife,NFL,CLE @ NYJ,"sports,nfl"
2019-09-17,18,yankee,MLB,Los Angeles Angels @ New York Yankees,"sports,mlb"
2019-09-18,18,yankee,MLB,Los Angeles Angels @ New York Yankees,"sports,mlb"
2019-09-19,18,yankee,MLB,Los Angeles Angels @ New York Yankees,"sports,mlb"
2019-09-20,19,yankee,MLB,Toronto Blue Jays @ New York Yankees,"sports,mlb"
2019-09-21,13,yankee,MLB,Toronto Blue Jays @ New York Yankees,"sports,mlb"
2019-09-22,13,yankee,MLB,Toronto Blue Jays @ New York Yankees,"sports,mlb"
2019-09-23,19,citi,MLB,Miami Marlins @ New York Mets,"sports,mlb"
2019-09-24,19,citi,MLB,Miami Marlins @ New York Mets,"sports,mlb"
2019-09-25,19,citi,MLB,Miami Marlins @ New York Mets,"sports,mlb"
2019-09-26,19,citi,MLB,Miami Marlins @ New York Mets,"sports,mlb"
2019-09-27,19,citi,MLB,Atlanta Braves @ New York Mets,"sports,mlb"
2019-09-27,20,msg,Concert,Billy Joel MSG residency,"concerts,rock,residency"
2019-09-28,19,citi,MLB,Atlanta Braves @ New York Mets,"sports,mlb"
2019-09-29,15,citi,MLB,Atlanta Braves @ New York Mets,"sports,mlb"
2019-09-29,13,metlife,NFL,WAS @ NYG,"sports,nfl"
2019-10-06,13,metlife,NFL,MIN @ NYG,"sports,nfl"
2019-10-13,16,metlife,NFL,DAL @ NYJ,"sports,nfl"
2019-10-20,13,metlife,NFL,ARI @ NYG,"sports,nfl"
2019-10-21,20,metlife,NFL,NE @ NYJ,"sports,nfl"
2019-10-23,19,barclays,NBA,MIN @ BKN,"sports,nba"
2019-10-25,19,barclays,NBA,NYK @ BKN,"sports,nba"
2019-10-25,20,msg,Concert,Billy Joel MSG residency,"concerts,rock,residency"
2019-10-26,19,msg,NBA,BOS @ NYK,"sports,nba"
2019-10-28,19,msg,NBA,CHI @ NYK,"sports,nba"
2019-10-30,19,barclays,NBA,IND @ BKN,"sports,nba"
2019-11-01,19,barclays,NBA,HOU @ BKN,"sports,nba"
2019-11-03,8,marathon,Marathon,NYC Marathon 2019,"sports,marathon,street_closure"
2019-11-03,19,msg,NBA,SAC @ NYK,"sports,nba"
2019-11-04,19,barclays,NBA,NOP @ BKN,"sports,nba"
2019-11-04,20,metlife,NFL,DAL @ NYG,"sports,nfl"
2019-11-10,13,metlife,NFL,NYG @ NYJ,"sports,nfl"
2019-11-10,19,msg,NBA,CLE @ NYK,"sports,nba"
2019-11-14,19,msg,NBA,DAL @ NYK,"sports,nba"
2019-11-16,19,msg,NBA,CHA @ NYK,"sports,nba"
2019-11-18,19,barclays,NBA,IND @ BKN,"sports,nba"
2019-11-18,19,msg,NBA,CLE @ NYK,"sports,nba"
2019-11-20,19,barclays,NBA,CHA @ BKN,"sports,nba"
2019-11-22,19,barclays,NBA,SAC @ BKN,"sports,nba"
2019-11-23,19,msg,NBA,SAS @ NYK,"sports,nba"
2019-11-24,13,metlife,NFL,OAK @ NYJ,"sports,nfl"
2019-11-24,19,msg,NBA,BKN @ NYK,"sports,nba"
2019-11-27,18,macys_parade,StreetClosure,Macy's Balloon Inflation 2019,"street_closure,parade,thanksgiving,inflation"
2019-11-28,9,macys_parade,StreetClosure,Macy's Thanksgiving Day Parade 2019,"street_closure,parade,thanksgiving"
2019-11-29,19,barclays,NBA,BOS @ BKN,"sports,nba"
2019-11-29,19,msg,NBA,PHI @ NYK,"sports,nba"
2019-12-01,19,barclays,NBA,MIA @ BKN,"sports,nba"
2019-12-01,13,metlife,NFL,GB @ NYG,"sports,nfl"
2019-12-01,19,msg,NBA,BOS @ NYK,"sports,nba"
2019-12-05,19,msg,NBA,DEN @ NYK,"sports,nba"
2019-12-07,19,msg,NBA,IND @ NYK,"sports,nba"
2019-12-08,19,barclays,NBA,DEN @ BKN,"sports,nba"
2019-12-08,13,metlife,NFL,MIA @ NYJ,"sports,nfl"
2019-12-11,19,barclays,NBA,CHA @ BKN,"sports,nba"
2019-12-15,19,barclays,NBA,PHI @ BKN,"sports,nba"
2019-12-15,13,metlife,NFL,MIA @ NYG,"sports,nfl"
2019-12-17,19,msg,NBA,ATL @ NYK,"sports,nba"
2019-12-21,19,barclays,NBA,ATL @ BKN,"sports,nba"
2019-12-21,19,msg,NBA,MIL @ NYK,"sports,nba"
2019-12-22,13,metlife,NFL,PIT @ NYJ,"sports,nfl"
2019-12-23,19,msg,NBA,WAS @ NYK,"sports,nba"
2019-12-26,19,barclays,NBA,NYK @ BKN,"sports,nba"
2019-12-29,16,metlife,NFL,PHI @ NYG,"sports,nfl"
2019-12-30,20,msg,Concert,Phish NYE run,"concerts,rock"
2019-12-31,20,msg,Concert,Phish NYE run,"concerts,rock"
2019-12-31,18,times_sq,StreetClosure,Times Square NYE 2019,"street_closure,nye,times_square"
2020-01-01,19,msg,NBA,POR @ NYK,"sports,nba"
2020-01-04,19,barclays,NBA,TOR @ BKN,"sports,nba"
2020-01-07,19,barclays,NBA,OKC @ BKN,"sports,nba"
2020-01-10,19,barclays,NBA,MIA @ BKN,"sports,nba"
2020-01-10,19,msg,NBA,NOP @ NYK,"sports,nba"
2020-01-12,19,barclays,NBA,ATL @ BKN,"sports,nba"
2020-01-12,19,msg,NBA,MIA @ NYK,"sports,nba"
2020-01-14,19,barclays,NBA,UTA @ BKN,"sports,nba"
2020-01-16,19,msg,NBA,PHX @ NYK,"sports,nba"
2020-01-18,19,barclays,NBA,MIL @ BKN,"sports,nba"
2020-01-18,19,msg,NBA,PHI @ NYK,"sports,nba"
2020-01-20,19,barclays,NBA,PHI @ BKN,"sports,nba"
2020-01-22,19,msg,NBA,LAL @ NYK,"sports,nba"
2020-01-23,19,barclays,NBA,LAL @ BKN,"sports,nba"
2020-01-24,19,msg,NBA,TOR @ NYK,"sports,nba"
2020-01-25,20,msg,Concert,Billy Joel MSG residency,"concerts,rock,residency"
2020-01-26,19,msg,NBA,BKN @ NYK,"sports,nba"
2020-01-29,19,barclays,NBA,DET @ BKN,"sports,nba"
2020-01-29,19,msg,NBA,MEM @ NYK,"sports,nba"
2020-01-31,19,barclays,NBA,CHI @ BKN,"sports,nba"
2020-02-02,18,times_sq,Super Bowl,Super Bowl LIV watch parties NYC,"sports,superbowl"
2020-02-03,19,barclays,NBA,PHX @ BKN,"sports,nba"
2020-02-05,19,barclays,NBA,GSW @ BKN,"sports,nba"
2020-02-06,19,msg,NBA,ORL @ NYK,"sports,nba"
2020-02-12,19,barclays,NBA,TOR @ BKN,"sports,nba"
2020-02-12,19,msg,NBA,WAS @ NYK,"sports,nba"
2020-02-14,20,msg,Concert,Billie Eilish Where Do We Go Tour,"concerts,pop"
2020-02-20,20,msg,Concert,Billy Joel MSG residency,"concerts,rock,residency"
2020-02-21,19,msg,NBA,IND @ NYK,"sports,nba"
2020-02-24,19,barclays,NBA,ORL @ BKN,"sports,nba"
2020-02-29,19,msg,NBA,CHI @ NYK,"sports,nba"
2020-03-02,19,msg,NBA,HOU @ NYK,"sports,nba"
2020-03-04,19,barclays,NBA,MEM @ BKN,"sports,nba"
2020-03-04,19,msg,NBA,UTA @ NYK,"sports,nba"
2020-03-06,19,barclays,NBA,SAS @ BKN,"sports,nba"
2020-03-06,19,msg,NBA,OKC @ NYK,"sports,nba"
2020-03-08,19,barclays,NBA,CHI @ BKN,"sports,nba"
2020-03-08,19,msg,NBA,DET @ NYK,"sports,nba"
2020-03-17,11,st_patricks,StreetClosure,NYC St. Patrick's Day Parade 2020,"street_closure,parade,st_patricks"
2020-06-28,12,times_sq,StreetClosure,NYC Pride March 2020,"street_closure,parade,pride"
2020-07-24,16,citi,MLB,Atlanta Braves @ New York Mets,"sports,mlb"
2020-07-25,16,citi,MLB,Atlanta Braves @ New York Mets,"sports,mlb"
2020-07-26,19,citi,MLB,Atlanta Braves @ New York Mets,"sports,mlb"
2020-07-29,19,citi,MLB,Boston Red Sox @ New York Mets,"sports,mlb"
2020-07-29,19,yankee,MLB,Philadelphia Phillies @ New York Yankees,"sports,mlb"
2020-07-30,19,citi,MLB,Boston Red Sox @ New York Mets,"sports,mlb"
2020-07-30,19,yankee,MLB,Philadelphia Phillies @ New York Yankees,"sports,mlb"
2020-07-31,19,barclays,NBA,ORL @ BKN,"sports,nba"
2020-07-31,19,yankee,MLB,Boston Red Sox @ New York Yankees,"sports,mlb"
2020-08-01,19,yankee,MLB,Boston Red Sox @ New York Yankees,"sports,mlb"
2020-08-02,19,barclays,NBA,WAS @ BKN,"sports,nba"
2020-08-02,19,yankee,MLB,Boston Red Sox @ New York Yankees,"sports,mlb"
2020-08-03,19,yankee,MLB,Philadelphia Phillies @ New York Yankees,"sports,mlb"
2020-08-05,16,yankee,MLB,Philadelphia Phillies @ New York Yankees,"sports,mlb"
2020-08-07,19,barclays,NBA,SAC @ BKN,"sports,nba"
2020-08-07,19,citi,MLB,Miami Marlins @ New York Mets,"sports,mlb"
2020-08-08,19,citi,MLB,Miami Marlins @ New York Mets,"sports,mlb"
2020-08-09,13,citi,MLB,Miami Marlins @ New York Mets,"sports,mlb"
2020-08-10,19,citi,MLB,Washington Nationals @ New York Mets,"sports,mlb"
2020-08-11,19,citi,MLB,Washington Nationals @ New York Mets,"sports,mlb"
2020-08-11,19,yankee,MLB,Atlanta Braves @ New York Yankees,"sports,mlb"
2020-08-12,19,citi,MLB,Washington Nationals @ New York Mets,"sports,mlb"
2020-08-12,19,yankee,MLB,Atlanta Braves @ New York Yankees,"sports,mlb"
2020-08-13,19,barclays,NBA,POR @ BKN,"sports,nba"
2020-08-13,13,citi,MLB,Washington Nationals @ New York Mets,"sports,mlb"
2020-08-14,19,yankee,MLB,Boston Red Sox @ New York Yankees,"sports,mlb"
2020-08-15,19,yankee,MLB,Boston Red Sox @ New York Yankees,"sports,mlb"
2020-08-16,19,yankee,MLB,Boston Red Sox @ New York Yankees,"sports,mlb"
2020-08-17,19,yankee,MLB,Boston Red Sox @ New York Yankees,"sports,mlb"
2020-08-18,19,yankee,MLB,Tampa Bay Rays @ New York Yankees,"sports,mlb"
2020-08-19,19,yankee,MLB,Tampa Bay Rays @ New York Yankees,"sports,mlb"
2020-08-20,13,yankee,MLB,Tampa Bay Rays @ New York Yankees,"sports,mlb"
2020-08-21,19,barclays,NBA,TOR @ BKN,"sports,nba"
2020-08-21,19,citi,MLB,New York Yankees @ New York Mets,"sports,mlb"
2020-08-22,19,citi,MLB,New York Yankees @ New York Mets,"sports,mlb"
2020-08-23,19,barclays,NBA,TOR @ BKN,"sports,nba"
2020-08-23,13,citi,MLB,New York Yankees @ New York Mets,"sports,mlb"
2020-08-25,17,citi,MLB,Miami Marlins @ New York Mets,"sports,mlb"
2020-08-26,19,citi,MLB,Miami Marlins @ New York Mets,"sports,mlb"
2020-08-27,19,citi,MLB,Miami Marlins @ New York Mets,"sports,mlb"
2020-08-28,16,citi,MLB,New York Yankees @ New York Mets,"sports,mlb"
2020-08-28,11,us_open,Tennis,US Open 2020,"sports,tennis"
2020-08-28,16,yankee,MLB,New York Mets @ New York Yankees,"sports,mlb"
2020-08-29,11,us_open,Tennis,US Open 2020,"sports,tennis"
2020-08-29,13,yankee,MLB,New York Mets @ New York Yankees,"sports,mlb"
2020-08-30,13,citi,MLB,New York Yankees @ New York Mets,"sports,mlb"
2020-08-30,11,us_open,Tennis,US Open 2020,"sports,tennis"
2020-08-30,13,yankee,MLB,New York Mets @ New York Yankees,"sports,mlb"
2020-08-31,13,citi,MLB,Miami Marlins @ New York Mets,"sports,mlb"
2020-08-31,11,us_open,Tennis,US Open 2020,"sports,tennis"
2020-08-31,19,yankee,MLB,Tampa Bay Rays @ New York Yankees,"sports,mlb"
2020-09-01,11,us_open,Tennis,US Open 2020,"sports,tennis"
2020-09-01,19,yankee,MLB,Tampa Bay Rays @ New York Yankees,"sports,mlb"
2020-09-02,11,us_open,Tennis,US Open 2020,"sports,tennis"
2020-09-02,19,yankee,MLB,Tampa Bay Rays @ New York Yankees,"sports,mlb"
2020-09-03,16,citi,MLB,New York Yankees @ New York Mets,"sports,mlb"
2020-09-03,11,us_open,Tennis,US Open 2020,"sports,tennis"
2020-09-04,19,citi,MLB,Philadelphia Phillies @ New York Mets,"sports,mlb"
2020-09-04,11,us_open,Tennis,US Open 2020,"sports,tennis"
2020-09-05,19,citi,MLB,Philadelphia Phillies @ New York Mets,"sports,mlb"
2020-09-05,11,us_open,Tennis,US Open 2020,"sports,tennis"
2020-09-06,13,citi,MLB,Philadelphia Phillies @ New York Mets,"sports,mlb"
2020-09-06,11,us_open,Tennis,US Open 2020,"sports,tennis"
2020-09-07,13,citi,MLB,Philadelphia Phillies @ New York Mets,"sports,mlb"
2020-09-07,11,us_open,Tennis,US Open 2020,"sports,tennis"
2020-09-08,19,citi,MLB,Baltimore Orioles @ New York Mets,"sports,mlb"
2020-09-08,11,us_open,Tennis,US Open 2020,"sports,tennis"
2020-09-09,19,citi,MLB,Baltimore Orioles @ New York Mets,"sports,mlb"
2020-09-09,11,us_open,Tennis,US Open 2020,"sports,tennis"
2020-09-10,11,us_open,Tennis,US Open 2020,"sports,tennis"
2020-09-10,19,yankee,MLB,Baltimore Orioles @ New York Yankees,"sports,mlb"
2020-09-11,16,yankee,MLB,Baltimore Orioles @ New York Yankees,"sports,mlb"
2020-09-12,13,yankee,MLB,Baltimore Orioles @ New York Yankees,"sports,mlb"
2020-09-13,13,yankee,MLB,Baltimore Orioles @ New York Yankees,"sports,mlb"
2020-09-14,19,metlife,NFL,PIT @ NYG,"sports,nfl"
2020-09-15,19,yankee,MLB,Toronto Blue Jays @ New York Yankees,"sports,mlb"
2020-09-16,19,yankee,MLB,Toronto Blue Jays @ New York Yankees,"sports,mlb"
2020-09-17,19,yankee,MLB,Toronto Blue Jays @ New York Yankees,"sports,mlb"
2020-09-18,19,citi,MLB,Atlanta Braves @ New York Mets,"sports,mlb"
2020-09-19,19,citi,MLB,Atlanta Braves @ New York Mets,"sports,mlb"
2020-09-20,13,citi,MLB,Atlanta Braves @ New York Mets,"sports,mlb"
2020-09-20,13,metlife,NFL,SF @ NYJ,"sports,nfl"
2020-09-21,19,citi,MLB,Tampa Bay Rays @ New York Mets,"sports,mlb"
2020-09-22,19,citi,MLB,Tampa Bay Rays @ New York Mets,"sports,mlb"
2020-09-23,19,citi,MLB,Tampa Bay Rays @ New York Mets,"sports,mlb"
2020-09-25,19,yankee,MLB,Miami Marlins @ New York Yankees,"sports,mlb"
2020-09-26,13,yankee,MLB,Miami Marlins @ New York Yankees,"sports,mlb"
2020-09-27,13,metlife,NFL,SF @ NYG,"sports,nfl"
2020-09-27,15,yankee,MLB,Miami Marlins @ New York Yankees,"sports,mlb"
2020-10-01,20,metlife,NFL,DEN @ NYJ,"sports,nfl"
2020-10-11,13,metlife,NFL,ARI @ NYJ,"sports,nfl"
2020-10-18,13,metlife,NFL,WAS @ NYG,"sports,nfl"
2020-10-25,13,metlife,NFL,BUF @ NYJ,"sports,nfl"
2020-11-01,8,marathon,Marathon,NYC Marathon 2020,"sports,marathon,street_closure"
2020-11-02,20,metlife,NFL,TB @ NYG,"sports,nfl"
2020-11-09,20,metlife,NFL,NE @ NYJ,"sports,nfl"
2020-11-15,13,metlife,NFL,PHI @ NYG,"sports,nfl"
2020-11-25,18,macys_parade,StreetClosure,Macy's Balloon Inflation 2020,"street_closure,parade,thanksgiving,inflation"
2020-11-26,9,macys_parade,StreetClosure,Macy's Thanksgiving Day Parade 2020,"street_closure,parade,thanksgiving"
2020-11-29,13,metlife,NFL,MIA @ NYJ,"sports,nfl"
2020-12-06,13,metlife,NFL,LV @ NYJ,"sports,nfl"
2020-12-13,19,barclays,NBA,WAS @ BKN,"sports,nba"
2020-12-13,13,metlife,NFL,ARI @ NYG,"sports,nfl"
2020-12-16,19,msg,NBA,CLE @ NYK,"sports,nba"
2020-12-18,19,msg,NBA,CLE @ NYK,"sports,nba"
2020-12-20,20,metlife,NFL,CLE @ NYG,"sports,nfl"
2020-12-22,19,barclays,NBA,GSW @ BKN,"sports,nba"
2020-12-26,19,msg,NBA,PHI @ NYK,"sports,nba"
2020-12-27,13,metlife,NFL,CLE @ NYJ,"sports,nfl"
2020-12-27,19,msg,NBA,MIL @ NYK,"sports,nba"
2020-12-28,19,barclays,NBA,MEM @ BKN,"sports,nba"
2020-12-30,19,barclays,NBA,ATL @ BKN,"sports,nba"
2020-12-31,18,times_sq,StreetClosure,Times Square NYE 2020,"street_closure,nye,times_square"
2021-01-01,19,barclays,NBA,ATL @ BKN,"sports,nba"
2021-01-03,19,barclays,NBA,WAS @ BKN,"sports,nba"
2021-01-03,13,metlife,NFL,DAL @ NYG,"sports,nfl"
2021-01-05,19,barclays,NBA,UTA @ BKN,"sports,nba"
2021-01-06,19,msg,NBA,UTA @ NYK,"sports,nba"
2021-01-07,19,barclays,NBA,PHI @ BKN,"sports,nba"
2021-01-08,19,msg,NBA,OKC @ NYK,"sports,nba"
2021-01-10,19,barclays,NBA,OKC @ BKN,"sports,nba"
2021-01-10,19,msg,NBA,DEN @ NYK,"sports,nba"
2021-01-12,19,barclays,NBA,DEN @ BKN,"sports,nba"
2021-01-13,19,msg,NBA,BKN @ NYK,"sports,nba"
2021-01-16,19,barclays,NBA,ORL @ BKN,"sports,nba"
2021-01-18,19,barclays,NBA,MIL @ BKN,"sports,nba"
2021-01-18,19,msg,NBA,ORL @ NYK,"sports,nba"
2021-01-23,19,barclays,NBA,MIA @ BKN,"sports,nba"
2021-01-25,19,barclays,NBA,MIA @ BKN,"sports,nba"
2021-01-29,19,msg,NBA,CLE @ NYK,"sports,nba"
2021-01-31,19,msg,NBA,LAC @ NYK,"sports,nba"
2021-02-02,19,barclays,NBA,LAC @ BKN,"sports,nba"
2021-02-05,19,barclays,NBA,TOR @ BKN,"sports,nba"
2021-02-06,19,msg,NBA,POR @ NYK,"sports,nba"
2021-02-07,19,msg,NBA,MIA @ NYK,"sports,nba"
2021-02-10,19,barclays,NBA,IND @ BKN,"sports,nba"
2021-02-13,19,msg,NBA,HOU @ NYK,"sports,nba"
2021-02-15,19,msg,NBA,ATL @ NYK,"sports,nba"
2021-02-21,19,msg,NBA,MIN @ NYK,"sports,nba"
2021-02-23,19,barclays,NBA,SAC @ BKN,"sports,nba"
2021-02-23,19,msg,NBA,GSW @ NYK,"sports,nba"
2021-02-25,19,barclays,NBA,ORL @ BKN,"sports,nba"
2021-02-25,19,msg,NBA,SAC @ NYK,"sports,nba"
2021-02-27,19,barclays,NBA,DAL @ BKN,"sports,nba"
2021-02-27,19,msg,NBA,IND @ NYK,"sports,nba"
2021-03-04,19,msg,NBA,DET @ NYK,"sports,nba"
2021-03-11,19,barclays,NBA,BOS @ BKN,"sports,nba"
2021-03-13,19,barclays,NBA,DET @ BKN,"sports,nba"
2021-03-15,19,barclays,NBA,NYK @ BKN,"sports,nba"
2021-03-17,11,st_patricks,StreetClosure,NYC St. Patrick's Day Parade 2021,"street_closure,parade,st_patricks"
2021-03-18,19,msg,NBA,ORL @ NYK,"sports,nba"
2021-03-21,19,barclays,NBA,WAS @ BKN,"sports,nba"
2021-03-21,19,msg,NBA,PHI @ NYK,"sports,nba"
2021-03-23,19,msg,NBA,WAS @ NYK,"sports,nba"
2021-03-25,19,msg,NBA,WAS @ NYK,"sports,nba"
2021-03-29,19,barclays,NBA,MIN @ BKN,"sports,nba"
2021-03-29,19,msg,NBA,MIA @ NYK,"sports,nba"
2021-03-31,19,barclays,NBA,HOU @ BKN,"sports,nba"
2021-04-01,19,barclays,NBA,CHA @ BKN,"sports,nba"
2021-04-01,13,yankee,MLB,Toronto Blue Jays @ New York Yankees,"sports,mlb"
2021-04-02,19,msg,NBA,DAL @ NYK,"sports,nba"
2021-04-03,13,yankee,MLB,Toronto Blue Jays @ New York Yankees,"sports,mlb"
2021-04-04,13,yankee,MLB,Toronto Blue Jays @ New York Yankees,"sports,mlb"
2021-04-05,19,barclays,NBA,NYK @ BKN,"sports,nba"
2021-04-05,18,yankee,MLB,Baltimore Orioles @ New York Yankees,"sports,mlb"
2021-04-06,18,yankee,MLB,Baltimore Orioles @ New York Yankees,"sports,mlb"
2021-04-07,19,barclays,NBA,NOP @ BKN,"sports,nba"
2021-04-07,18,yankee,MLB,Baltimore Orioles @ New York Yankees,"sports,mlb"
2021-04-08,13,citi,MLB,Miami Marlins @ New York Mets,"sports,mlb"
2021-04-09,19,msg,NBA,MEM @ NYK,"sports,nba"
2021-04-10,19,barclays,NBA,LAL @ BKN,"sports,nba"
2021-04-10,13,citi,MLB,Miami Marlins @ New York Mets,"sports,mlb"
2021-04-11,13,citi,MLB,Miami Marlins @ New York Mets,"sports,mlb"
2021-04-11,19,msg,NBA,TOR @ NYK,"sports,nba"
2021-04-12,19,citi,MLB,Philadelphia Phillies @ New York Mets,"sports,mlb"
2021-04-12,19,msg,NBA,LAL @ NYK,"sports,nba"
2021-04-13,16,citi,MLB,Philadelphia Phillies @ New York Mets,"sports,mlb"
2021-04-14,19,citi,MLB,Philadelphia Phillies @ New York Mets,"sports,mlb"
2021-04-15,12,citi,MLB,Philadelphia Phillies @ New York Mets,"sports,mlb"
2021-04-16,19,barclays,NBA,CHA @ BKN,"sports,nba"
2021-04-16,19,yankee,MLB,Tampa Bay Rays @ New York Yankees,"sports,mlb"
2021-04-17,13,yankee,MLB,Tampa Bay Rays @ New York Yankees,"sports,mlb"
2021-04-18,19,msg,NBA,NOP @ NYK,"sports,nba"
2021-04-18,13,yankee,MLB,Tampa Bay Rays @ New York Yankees,"sports,mlb"
2021-04-20,19,msg,NBA,CHA @ NYK,"sports,nba"
2021-04-20,18,yankee,MLB,Atlanta Braves @ New York Yankees,"sports,mlb"
2021-04-21,19,msg,NBA,ATL @ NYK,"sports,nba"
2021-04-21,18,yankee,MLB,Atlanta Braves @ New York Yankees,"sports,mlb"
2021-04-23,19,barclays,NBA,BOS @ BKN,"sports,nba"
2021-04-23,19,citi,MLB,Washington Nationals @ New York Mets,"sports,mlb"
2021-04-24,16,citi,MLB,Washington Nationals @ New York Mets,"sports,mlb"
2021-04-24,19,msg,NBA,TOR @ NYK,"sports,nba"
2021-04-25,19,barclays,NBA,PHX @ BKN,"sports,nba"
2021-04-25,13,citi,MLB,Washington Nationals @ New York Mets,"sports,mlb"
2021-04-26,19,msg,NBA,PHX @ NYK,"sports,nba"
2021-04-27,19,citi,MLB,Boston Red Sox @ New York Mets,"sports,mlb"
2021-04-28,18,citi,MLB,Boston Red Sox @ New York Mets,"sports,mlb"
2021-04-28,19,msg,NBA,CHI @ NYK,"sports,nba"
2021-04-30,19,barclays,NBA,POR @ BKN,"sports,nba"
2021-04-30,19,yankee,MLB,Detroit Tigers @ New York Yankees,"sports,mlb"
2021-05-01,13,yankee,MLB,Detroit Tigers @ New York Yankees,"sports,mlb"
2021-05-02,13,yankee,MLB,Detroit Tigers @ New York Yankees,"sports,mlb"
2021-05-04,19,yankee,MLB,Houston Astros @ New York Yankees,"sports,mlb"
2021-05-05,19,yankee,MLB,Houston Astros @ New York Yankees,"sports,mlb"
2021-05-06,13,yankee,MLB,Houston Astros @ New York Yankees,"sports,mlb"
2021-05-07,19,citi,MLB,Arizona Diamondbacks @ New York Mets,"sports,mlb"
2021-05-07,19,yankee,MLB,Washington Nationals @ New York Yankees,"sports,mlb"
2021-05-08,19,citi,MLB,Arizona Diamondbacks @ New York Mets,"sports,mlb"
2021-05-08,13,yankee,MLB,Washington Nationals @ New York Yankees,"sports,mlb"
2021-05-09,13,citi,MLB,Arizona Diamondbacks @ New York Mets,"sports,mlb"
2021-05-09,13,yankee,MLB,Washington Nationals @ New York Yankees,"sports,mlb"
2021-05-11,19,citi,MLB,Baltimore Orioles @ New York Mets,"sports,mlb"
2021-05-12,19,barclays,NBA,SAS @ BKN,"sports,nba"
2021-05-12,12,citi,MLB,Baltimore Orioles @ New York Mets,"sports,mlb"
2021-05-13,19,msg,NBA,SAS @ NYK,"sports,nba"
2021-05-15,19,barclays,NBA,CHI @ BKN,"sports,nba"
2021-05-15,19,msg,NBA,CHA @ NYK,"sports,nba"
2021-05-16,19,barclays,NBA,CLE @ BKN,"sports,nba"
2021-05-16,19,msg,NBA,BOS @ NYK,"sports,nba"
2021-05-21,19,yankee,MLB,Chicago White Sox @ New York Yankees,"sports,mlb"
2021-05-22,19,barclays,NBA,BOS @ BKN,"sports,nba"
2021-05-22,13,yankee,MLB,Chicago White Sox @ New York Yankees,"sports,mlb"
2021-05-23,19,msg,NBA,ATL @ NYK,"sports,nba"
2021-05-23,13,yankee,MLB,Chicago White Sox @ New York Yankees,"sports,mlb"
2021-05-24,19,citi,MLB,Colorado Rockies @ New York Mets,"sports,mlb"
2021-05-25,19,barclays,NBA,BOS @ BKN,"sports,nba"
2021-05-25,19,citi,MLB,Colorado Rockies @ New York Mets,"sports,mlb"
2021-05-25,19,yankee,MLB,Toronto Blue Jays @ New York Yankees,"sports,mlb"
2021-05-26,19,citi,MLB,Colorado Rockies @ New York Mets,"sports,mlb"
2021-05-26,19,msg,NBA,ATL @ NYK,"sports,nba"
2021-05-26,19,yankee,MLB,Toronto Blue Jays @ New York Yankees,"sports,mlb"
2021-05-27,12,citi,MLB,Colorado Rockies @ New York Mets,"sports,mlb"
2021-05-27,16,yankee,MLB,Toronto Blue Jays @ New York Yankees,"sports,mlb"
2021-05-28,19,citi,MLB,Atlanta Braves @ New York Mets,"sports,mlb"
2021-05-29,19,citi,MLB,Atlanta Braves @ New York Mets,"sports,mlb"
2021-05-30,19,citi,MLB,Atlanta Braves @ New York Mets,"sports,mlb"
2021-05-31,13,yankee,MLB,Tampa Bay Rays @ New York Yankees,"sports,mlb"
2021-06-01,19,barclays,NBA,BOS @ BKN,"sports,nba"
2021-06-01,19,yankee,MLB,Tampa Bay Rays @ New York Yankees,"sports,mlb"
2021-06-02,19,msg,NBA,ATL @ NYK,"sports,nba"
2021-06-02,19,yankee,MLB,Tampa Bay Rays @ New York Yankees,"sports,mlb"
2021-06-03,13,yankee,MLB,Tampa Bay Rays @ New York Yankees,"sports,mlb"
2021-06-04,19,yankee,MLB,Boston Red Sox @ New York Yankees,"sports,mlb"
2021-06-05,19,barclays,NBA,MIL @ BKN,"sports,nba"
2021-06-05,19,yankee,MLB,Boston Red Sox @ New York Yankees,"sports,mlb"
2021-06-06,19,yankee,MLB,Boston Red Sox @ New York Yankees,"sports,mlb"
2021-06-07,19,barclays,NBA,MIL @ BKN,"sports,nba"
2021-06-11,19,citi,MLB,San Diego Padres @ New York Mets,"sports,mlb"
2021-06-12,16,citi,MLB,San Diego Padres @ New York Mets,"sports,mlb"
2021-06-13,13,citi,MLB,San Diego Padres @ New York Mets,"sports,mlb"
2021-06-14,19,citi,MLB,Chicago Cubs @ New York Mets,"sports,mlb"
2021-06-15,19,barclays,NBA,MIL @ BKN,"sports,nba"
2021-06-15,19,citi,MLB,Chicago Cubs @ New York Mets,"sports,mlb"
2021-06-16,19,citi,MLB,Chicago Cubs @ New York Mets,"sports,mlb"
2021-06-17,19,citi,MLB,Chicago Cubs @ New York Mets,"sports,mlb"
2021-06-18,19,yankee,MLB,Oakland Athletics @ New York Yankees,"sports,mlb"
2021-06-19,19,barclays,NBA,MIL @ BKN,"sports,nba"
2021-06-19,13,yankee,MLB,Oakland Athletics @ New York Yankees,"sports,mlb"
2021-06-20,13,yankee,MLB,Oakland Athletics @ New York Yankees,"sports,mlb"
2021-06-21,17,citi,MLB,Atlanta Braves @ New York Mets,"sports,mlb"
2021-06-22,19,citi,MLB,Atlanta Braves @ New York Mets,"sports,mlb"
2021-06-22,19,yankee,MLB,Kansas City Royals @ New York Yankees,"sports,mlb"
2021-06-23,19,citi,MLB,Atlanta Braves @ New York Mets,"sports,mlb"
2021-06-23,19,yankee,MLB,Kansas City Royals @ New York Yankees,"sports,mlb"
2021-06-24,13,yankee,MLB,Kansas City Royals @ New York Yankees,"sports,mlb"
2021-06-25,16,citi,MLB,Philadelphia Phillies @ New York Mets,"sports,mlb"
2021-06-26,16,citi,MLB,Philadelphia Phillies @ New York Mets,"sports,mlb"
2021-06-27,13,citi,MLB,Philadelphia Phillies @ New York Mets,"sports,mlb"
2021-06-27,12,times_sq,StreetClosure,NYC Pride March 2021,"street_closure,parade,pride"
2021-06-28,19,yankee,MLB,Los Angeles Angels @ New York Yankees,"sports,mlb"
2021-06-29,19,yankee,MLB,Los Angeles Angels @ New York Yankees,"sports,mlb"
2021-06-30,19,yankee,MLB,Los Angeles Angels @ New York Yankees,"sports,mlb"
2021-07-01,13,yankee,MLB,Los Angeles Angels @ New York Yankees,"sports,mlb"
2021-07-02,19,yankee,MLB,New York Mets @ New York Yankees,"sports,mlb"
2021-07-03,13,yankee,MLB,New York Mets @ New York Yankees,"sports,mlb"
2021-07-04,14,yankee,MLB,New York Mets @ New York Yankees,"sports,mlb"
2021-07-05,19,citi,MLB,Milwaukee Brewers @ New York Mets,"sports,mlb"
2021-07-06,19,citi,MLB,Milwaukee Brewers @ New York Mets,"sports,mlb"
2021-07-07,14,citi,MLB,Milwaukee Brewers @ New York Mets,"sports,mlb"
2021-07-08,19,citi,MLB,Pittsburgh Pirates @ New York Mets,"sports,mlb"
2021-07-09,19,citi,MLB,Pittsburgh Pirates @ New York Mets,"sports,mlb"
2021-07-10,16,citi,MLB,Pittsburgh Pirates @ New York Mets,"sports,mlb"
2021-07-11,13,citi,MLB,Pittsburgh Pirates @ New York Mets,"sports,mlb"
2021-07-15,19,yankee,MLB,Boston Red Sox @ New York Yankees,"sports,mlb"
2021-07-16,19,yankee,MLB,Boston Red Sox @ New York Yankees,"sports,mlb"
2021-07-17,19,yankee,MLB,Boston Red Sox @ New York Yankees,"sports,mlb"
2021-07-18,19,yankee,MLB,Boston Red Sox @ New York Yankees,"sports,mlb"
2021-07-20,19,yankee,MLB,Philadelphia Phillies @ New York Yankees,"sports,mlb"
2021-07-21,19,yankee,MLB,Philadelphia Phillies @ New York Yankees,"sports,mlb"
2021-07-23,19,citi,MLB,Toronto Blue Jays @ New York Mets,"sports,mlb"
2021-07-24,19,citi,MLB,Toronto Blue Jays @ New York Mets,"sports,mlb"
2021-07-25,13,citi,MLB,Toronto Blue Jays @ New York Mets,"sports,mlb"
2021-07-26,17,citi,MLB,Atlanta Braves @ New York Mets,"sports,mlb"
2021-07-27,19,citi,MLB,Atlanta Braves @ New York Mets,"sports,mlb"
2021-07-28,19,citi,MLB,Atlanta Braves @ New York Mets,"sports,mlb"
2021-07-29,12,citi,MLB,Atlanta Braves @ New York Mets,"sports,mlb"
2021-07-30,19,citi,MLB,Cincinnati Reds @ New York Mets,"sports,mlb"
2021-07-31,19,citi,MLB,Cincinnati Reds @ New York Mets,"sports,mlb"
2021-08-01,13,citi,MLB,Cincinnati Reds @ New York Mets,"sports,mlb"
2021-08-02,19,yankee,MLB,Baltimore Orioles @ New York Yankees,"sports,mlb"
2021-08-03,19,yankee,MLB,Baltimore Orioles @ New York Yankees,"sports,mlb"
2021-08-04,19,yankee,MLB,Baltimore Orioles @ New York Yankees,"sports,mlb"
2021-08-05,19,yankee,MLB,Seattle Mariners @ New York Yankees,"sports,mlb"
2021-08-06,19,yankee,MLB,Seattle Mariners @ New York Yankees,"sports,mlb"
2021-08-07,13,yankee,MLB,Seattle Mariners @ New York Yankees,"sports,mlb"
2021-08-08,13,yankee,MLB,Seattle Mariners @ New York Yankees,"sports,mlb"
2021-08-10,19,citi,MLB,Washington Nationals @ New York Mets,"sports,mlb"
2021-08-11,16,citi,MLB,Washington Nationals @ New York Mets,"sports,mlb"
2021-08-12,12,citi,MLB,Washington Nationals @ New York Mets,"sports,mlb"
2021-08-13,19,citi,MLB,Los Angeles Dodgers @ New York Mets,"sports,mlb"
2021-08-14,19,citi,MLB,Los Angeles Dodgers @ New York Mets,"sports,mlb"
2021-08-15,19,citi,MLB,Los Angeles Dodgers @ New York Mets,"sports,mlb"
2021-08-16,19,yankee,MLB,Los Angeles Angels @ New York Yankees,"sports,mlb"
2021-08-17,13,yankee,MLB,Boston Red Sox @ New York Yankees,"sports,mlb"
2021-08-18,19,yankee,MLB,Boston Red Sox @ New York Yankees,"sports,mlb"
2021-08-19,19,yankee,MLB,Minnesota Twins @ New York Yankees,"sports,mlb"
2021-08-20,19,yankee,MLB,Minnesota Twins @ New York Yankees,"sports,mlb"
2021-08-21,13,yankee,MLB,Minnesota Twins @ New York Yankees,"sports,mlb"
2021-08-22,13,yankee,MLB,Minnesota Twins @ New York Yankees,"sports,mlb"
2021-08-24,19,citi,MLB,San Francisco Giants @ New York Mets,"sports,mlb"
2021-08-25,19,citi,MLB,San Francisco Giants @ New York Mets,"sports,mlb"
2021-08-26,19,citi,MLB,San Francisco Giants @ New York Mets,"sports,mlb"
2021-08-27,19,citi,MLB,Washington Nationals @ New York Mets,"sports,mlb"
2021-08-28,19,citi,MLB,Washington Nationals @ New York Mets,"sports,mlb"
2021-08-28,11,us_open,Tennis,US Open 2021,"sports,tennis"
2021-08-29,13,citi,MLB,Washington Nationals @ New York Mets,"sports,mlb"
2021-08-29,11,us_open,Tennis,US Open 2021,"sports,tennis"
2021-08-30,11,us_open,Tennis,US Open 2021,"sports,tennis"
2021-08-31,13,citi,MLB,Miami Marlins @ New York Mets,"sports,mlb"
2021-08-31,11,us_open,Tennis,US Open 2021,"sports,tennis"
2021-09-01,19,citi,MLB,Miami Marlins @ New York Mets,"sports,mlb"
2021-09-01,11,us_open,Tennis,US Open 2021,"sports,tennis"
2021-09-02,19,citi,MLB,Miami Marlins @ New York Mets,"sports,mlb"
2021-09-02,11,us_open,Tennis,US Open 2021,"sports,tennis"
2021-09-03,11,us_open,Tennis,US Open 2021,"sports,tennis"
2021-09-03,19,yankee,MLB,Baltimore Orioles @ New York Yankees,"sports,mlb"
2021-09-04,11,us_open,Tennis,US Open 2021,"sports,tennis"
2021-09-04,13,yankee,MLB,Baltimore Orioles @ New York Yankees,"sports,mlb"
2021-09-05,11,us_open,Tennis,US Open 2021,"sports,tennis"
2021-09-05,13,yankee,MLB,Baltimore Orioles @ New York Yankees,"sports,mlb"
2021-09-06,11,us_open,Tennis,US Open 2021,"sports,tennis"
2021-09-06,13,yankee,MLB,Toronto Blue Jays @ New York Yankees,"sports,mlb"
2021-09-07,11,us_open,Tennis,US Open 2021,"sports,tennis"
2021-09-07,19,yankee,MLB,Toronto Blue Jays @ New York Yankees,"sports,mlb"
2021-09-08,11,us_open,Tennis,US Open 2021,"sports,tennis"
2021-09-08,19,yankee,MLB,Toronto Blue Jays @ New York Yankees,"sports,mlb"
2021-09-09,11,us_open,Tennis,US Open 2021,"sports,tennis"
2021-09-09,19,yankee,MLB,Toronto Blue Jays @ New York Yankees,"sports,mlb"
2021-09-10,19,citi,MLB,New York Yankees @ New York Mets,"sports,mlb"
2021-09-10,20,msg,Concert,The Weeknd After Hours Tour,"concerts,pop"
2021-09-10,11,us_open,Tennis,US Open 2021,"sports,tennis"
2021-09-11,19,citi,MLB,New York Yankees @ New York Mets,"sports,mlb"
2021-09-12,20,citi,MLB,New York Yankees @ New York Mets,"sports,mlb"
2021-09-12,16,metlife,NFL,DEN @ NYG,"sports,nfl"
2021-09-13,19,citi,MLB,St. Louis Cardinals @ New York Mets,"sports,mlb"
2021-09-13,14,yankee,MLB,Minnesota Twins @ New York Yankees,"sports,mlb"
2021-09-14,19,citi,MLB,St. Louis Cardinals @ New York Mets,"sports,mlb"
2021-09-15,19,citi,MLB,St. Louis Cardinals @ New York Mets,"sports,mlb"
2021-09-17,19,citi,MLB,Philadelphia Phillies @ New York Mets,"sports,mlb"
2021-09-17,19,yankee,MLB,Cleveland Indians @ New York Yankees,"sports,mlb"
2021-09-18,19,citi,MLB,Philadelphia Phillies @ New York Mets,"sports,mlb"
2021-09-18,13,yankee,MLB,Cleveland Indians @ New York Yankees,"sports,mlb"
2021-09-19,19,citi,MLB,Philadelphia Phillies @ New York Mets,"sports,mlb"
2021-09-19,13,metlife,NFL,NE @ NYJ,"sports,nfl"
2021-09-19,13,yankee,MLB,Cleveland Indians @ New York Yankees,"sports,mlb"
2021-09-20,19,yankee,MLB,Texas Rangers @ New York Yankees,"sports,mlb"
2021-09-21,19,yankee,MLB,Texas Rangers @ New York Yankees,"sports,mlb"
2021-09-22,19,yankee,MLB,Texas Rangers @ New York Yankees,"sports,mlb"
2021-09-26,13,metlife,NFL,ATL @ NYG,"sports,nfl"
2021-09-28,16,citi,MLB,Miami Marlins @ New York Mets,"sports,mlb"
2021-09-29,19,citi,MLB,Miami Marlins @ New York Mets,"sports,mlb"
2021-09-30,19,citi,MLB,Miami Marlins @ New York Mets,"sports,mlb"
2021-10-01,19,yankee,MLB,Tampa Bay Rays @ New York Yankees,"sports,mlb"
2021-10-02,13,yankee,MLB,Tampa Bay Rays @ New York Yankees,"sports,mlb"
2021-10-03,13,metlife,NFL,TEN @ NYJ,"sports,nfl"
2021-10-03,15,yankee,MLB,Tampa Bay Rays @ New York Yankees,"sports,mlb"
2021-10-05,19,msg,NBA,IND @ NYK,"sports,nba"
2021-10-08,19,barclays,NBA,MIL @ BKN,"sports,nba"
2021-10-13,19,msg,NBA,DET @ NYK,"sports,nba"
2021-10-14,19,barclays,NBA,MIN @ BKN,"sports,nba"
2021-10-15,19,msg,NBA,WAS @ NYK,"sports,nba"
2021-10-17,13,metlife,NFL,LA @ NYG,"sports,nfl"
2021-10-20,19,msg,NBA,BOS @ NYK,"sports,nba"
2021-10-24,19,barclays,NBA,CHA @ BKN,"sports,nba"
2021-10-24,13,metlife,NFL,CAR @ NYG,"sports,nfl"
2021-10-24,19,msg,NBA,ORL @ NYK,"sports,nba"
2021-10-25,19,barclays,NBA,WAS @ BKN,"sports,nba"
2021-10-26,19,msg,NBA,PHI @ NYK,"sports,nba"
2021-10-27,19,barclays,NBA,MIA @ BKN,"sports,nba"
2021-10-29,19,barclays,NBA,IND @ BKN,"sports,nba"
2021-10-31,19,barclays,NBA,DET @ BKN,"sports,nba"
2021-10-31,13,metlife,NFL,CIN @ NYJ,"sports,nfl"
2021-11-01,19,msg,NBA,TOR @ NYK,"sports,nba"
2021-11-03,19,barclays,NBA,ATL @ BKN,"sports,nba"
2021-11-05,20,msg,Concert,Billy Joel MSG residency,"concerts,rock,residency"
2021-11-07,8,marathon,Marathon,NYC Marathon 2021,"sports,marathon,street_closure"
2021-11-07,13,metlife,NFL,LV @ NYG,"sports,nfl"
2021-11-07,19,msg,NBA,CLE @ NYK,"sports,nba"
2021-11-10,19,msg,NBA,MIL @ NYK,"sports,nba"
2021-11-14,13,metlife,NFL,BUF @ NYJ,"sports,nfl"
2021-11-15,19,msg,NBA,IND @ NYK,"sports,nba"
2021-11-16,19,barclays,NBA,GSW @ BKN,"sports,nba"
2021-11-17,19,barclays,NBA,CLE @ BKN,"sports,nba"
2021-11-17,19,msg,NBA,ORL @ NYK,"sports,nba"
2021-11-19,19,barclays,NBA,ORL @ BKN,"sports,nba"
2021-11-20,19,msg,NBA,HOU @ NYK,"sports,nba"
2021-11-21,13,metlife,NFL,MIA @ NYJ,"sports,nfl"
2021-11-23,19,msg,NBA,LAL @ NYK,"sports,nba"
2021-11-24,18,macys_parade,StreetClosure,Macy's Balloon Inflation 2021,"street_closure,parade,thanksgiving,inflation"
2021-11-25,9,macys_parade,StreetClosure,Macy's Thanksgiving Day Parade 2021,"street_closure,parade,thanksgiving"
2021-11-26,19,msg,NBA,PHX @ NYK,"sports,nba"
2021-11-27,19,barclays,NBA,PHX @ BKN,"sports,nba"
2021-11-28,13,metlife,NFL,PHI @ NYG,"sports,nfl"
2021-11-30,19,barclays,NBA,NYK @ BKN,"sports,nba"
2021-12-02,19,msg,NBA,CHI @ NYK,"sports,nba"
2021-12-03,19,barclays,NBA,MIN @ BKN,"sports,nba"
2021-12-04,19,barclays,NBA,CHI @ BKN,"sports,nba"
2021-12-04,19,msg,NBA,DEN @ NYK,"sports,nba"
2021-12-05,13,metlife,NFL,PHI @ NYJ,"sports,nfl"
2021-12-12,13,metlife,NFL,NO @ NYJ,"sports,nfl"
2021-12-12,19,msg,NBA,MIL @ NYK,"sports,nba"
2021-12-14,19,barclays,NBA,TOR @ BKN,"sports,nba"
2021-12-14,19,msg,NBA,GSW @ NYK,"sports,nba"
2021-12-16,19,barclays,NBA,PHI @ BKN,"sports,nba"
2021-12-18,19,barclays,NBA,ORL @ BKN,"sports,nba"
2021-12-19,13,metlife,NFL,DAL @ NYG,"sports,nfl"
2021-12-19,20,msg,Concert,Harry Styles Love On Tour,"concerts,pop"
2021-12-20,20,msg,Concert,Billy Joel MSG residency,"concerts,rock,residency"
2021-12-21,19,msg,NBA,DET @ NYK,"sports,nba"
2021-12-23,19,msg,NBA,WAS @ NYK,"sports,nba"
2021-12-25,19,msg,NBA,ATL @ NYK,"sports,nba"
2021-12-26,13,metlife,NFL,JAX @ NYJ,"sports,nfl"
2021-12-30,19,barclays,NBA,PHI @ BKN,"sports,nba"
2021-12-31,18,times_sq,StreetClosure,Times Square NYE 2021,"street_closure,nye,times_square"
2022-01-01,19,barclays,NBA,LAC @ BKN,"sports,nba"
2022-01-02,13,metlife,NFL,TB @ NYJ,"sports,nfl"
2022-01-03,19,barclays,NBA,MEM @ BKN,"sports,nba"
2022-01-04,19,msg,NBA,IND @ NYK,"sports,nba"
2022-01-06,19,msg,NBA,BOS @ NYK,"sports,nba"
2022-01-07,19,barclays,NBA,MIL @ BKN,"sports,nba"
2022-01-09,19,barclays,NBA,SAS @ BKN,"sports,nba"
2022-01-09,13,metlife,NFL,WAS @ NYG,"sports,nfl"
2022-01-10,19,msg,NBA,SAS @ NYK,"sports,nba"
2022-01-12,19,msg,NBA,DAL @ NYK,"sports,nba"
2022-01-13,19,barclays,NBA,OKC @ BKN,"sports,nba"
2022-01-15,19,barclays,NBA,NOP @ BKN,"sports,nba"
2022-01-17,19,msg,NBA,CHA @ NYK,"sports,nba"
2022-01-18,19,msg,NBA,MIN @ NYK,"sports,nba"
2022-01-20,19,msg,NBA,NOP @ NYK,"sports,nba"
2022-01-23,19,msg,NBA,LAC @ NYK,"sports,nba"
2022-01-25,19,barclays,NBA,LAL @ BKN,"sports,nba"
2022-01-26,19,barclays,NBA,DEN @ BKN,"sports,nba"
2022-01-31,19,msg,NBA,SAC @ NYK,"sports,nba"
2022-02-02,19,msg,NBA,MEM @ NYK,"sports,nba"
2022-02-08,19,barclays,NBA,BOS @ BKN,"sports,nba"
2022-02-12,20,msg,Concert,Billy Joel MSG residency,"concerts,rock,residency"
2022-02-14,19,barclays,NBA,SAC @ BKN,"sports,nba"
2022-02-14,19,msg,NBA,OKC @ NYK,"sports,nba"
2022-02-16,19,msg,NBA,BKN @ NYK,"sports,nba"
2022-02-17,19,barclays,NBA,WAS @ BKN,"sports,nba"
2022-02-24,19,barclays,NBA,BOS @ BKN,"sports,nba"
2022-02-25,19,msg,NBA,MIA @ NYK,"sports,nba"
2022-02-27,19,msg,NBA,PHI @ NYK,"sports,nba"
2022-02-28,19,barclays,NBA,TOR @ BKN,"sports,nba"
2022-03-03,19,barclays,NBA,MIA @ BKN,"sports,nba"
2022-03-13,19,barclays,NBA,NYK @ BKN,"sports,nba"
2022-03-16,19,barclays,NBA,DAL @ BKN,"sports,nba"
2022-03-16,19,msg,NBA,POR @ NYK,"sports,nba"
2022-03-17,11,st_patricks,StreetClosure,NYC St. Patrick's Day Parade 2022,"street_closure,parade,st_patricks"
2022-03-18,19,barclays,NBA,POR @ BKN,"sports,nba"
2022-03-18,19,msg,NBA,WAS @ NYK,"sports,nba"
2022-03-20,19,msg,NBA,UTA @ NYK,"sports,nba"
2022-03-21,19,barclays,NBA,UTA @ BKN,"sports,nba"
2022-03-22,19,msg,NBA,ATL @ NYK,"sports,nba"
2022-03-24,20,msg,Concert,Billy Joel MSG residency,"concerts,rock,residency"
2022-03-27,19,barclays,NBA,CHA @ BKN,"sports,nba"
2022-03-28,19,msg,NBA,CHI @ NYK,"sports,nba"
2022-03-29,19,barclays,NBA,DET @ BKN,"sports,nba"
2022-03-30,19,msg,NBA,CHA @ NYK,"sports,nba"
2022-03-31,19,barclays,NBA,MIL @ BKN,"sports,nba"
2022-04-02,19,msg,NBA,CLE @ NYK,"sports,nba"
2022-04-05,19,barclays,NBA,HOU @ BKN,"sports,nba"
2022-04-06,19,msg,NBA,BKN @ NYK,"sports,nba"
2022-04-07,13,yankee,MLB,Boston Red Sox @ New York Yankees,"sports,mlb"
2022-04-08,19,barclays,NBA,CLE @ BKN,"sports,nba"
2022-04-08,13,yankee,MLB,Boston Red Sox @ New York Yankees,"sports,mlb"
2022-04-09,16,yankee,MLB,Boston Red Sox @ New York Yankees,"sports,mlb"
2022-04-10,19,barclays,NBA,IND @ BKN,"sports,nba"
2022-04-10,19,msg,NBA,TOR @ NYK,"sports,nba"
2022-04-10,19,yankee,MLB,Boston Red Sox @ New York Yankees,"sports,mlb"
2022-04-11,19,yankee,MLB,Toronto Blue Jays @ New York Yankees,"sports,mlb"
2022-04-12,19,barclays,NBA,CLE @ BKN,"sports,nba"
2022-04-12,19,yankee,MLB,Toronto Blue Jays @ New York Yankees,"sports,mlb"
2022-04-13,19,yankee,MLB,Toronto Blue Jays @ New York Yankees,"sports,mlb"
2022-04-14,19,yankee,MLB,Toronto Blue Jays @ New York Yankees,"sports,mlb"
2022-04-15,13,citi,MLB,Arizona Diamondbacks @ New York Mets,"sports,mlb"
2022-04-16,13,citi,MLB,Arizona Diamondbacks @ New York Mets,"sports,mlb"
2022-04-17,13,citi,MLB,Arizona Diamondbacks @ New York Mets,"sports,mlb"
2022-04-18,19,citi,MLB,San Francisco Giants @ New York Mets,"sports,mlb"
2022-04-19,15,citi,MLB,San Francisco Giants @ New York Mets,"sports,mlb"
2022-04-20,19,citi,MLB,San Francisco Giants @ New York Mets,"sports,mlb"
2022-04-21,13,citi,MLB,San Francisco Giants @ New York Mets,"sports,mlb"
2022-04-22,19,yankee,MLB,Cleveland Guardians @ New York Yankees,"sports,mlb"
2022-04-23,19,barclays,NBA,BOS @ BKN,"sports,nba"
2022-04-23,13,yankee,MLB,Cleveland Guardians @ New York Yankees,"sports,mlb"
2022-04-24,13,yankee,MLB,Cleveland Guardians @ New York Yankees,"sports,mlb"
2022-04-25,19,barclays,NBA,BOS @ BKN,"sports,nba"
2022-04-26,19,yankee,MLB,Baltimore Orioles @ New York Yankees,"sports,mlb"
2022-04-27,19,yankee,MLB,Baltimore Orioles @ New York Yankees,"sports,mlb"
2022-04-28,13,yankee,MLB,Baltimore Orioles @ New York Yankees,"sports,mlb"
2022-04-29,19,citi,MLB,Philadelphia Phillies @ New York Mets,"sports,mlb"
2022-04-30,19,citi,MLB,Philadelphia Phillies @ New York Mets,"sports,mlb"
2022-05-01,19,citi,MLB,Philadelphia Phillies @ New York Mets,"sports,mlb"
2022-05-02,19,citi,MLB,Atlanta Braves @ New York Mets,"sports,mlb"
2022-05-03,15,citi,MLB,Atlanta Braves @ New York Mets,"sports,mlb"
2022-05-04,13,citi,MLB,Atlanta Braves @ New York Mets,"sports,mlb"
2022-05-06,19,yankee,MLB,Texas Rangers @ New York Yankees,"sports,mlb"
2022-05-07,13,yankee,MLB,Texas Rangers @ New York Yankees,"sports,mlb"
2022-05-08,13,yankee,MLB,Texas Rangers @ New York Yankees,"sports,mlb"
2022-05-09,13,yankee,MLB,Texas Rangers @ New York Yankees,"sports,mlb"
2022-05-10,19,yankee,MLB,Toronto Blue Jays @ New York Yankees,"sports,mlb"
2022-05-11,12,yankee,MLB,Toronto Blue Jays @ New York Yankees,"sports,mlb"
2022-05-13,19,citi,MLB,Seattle Mariners @ New York Mets,"sports,mlb"
2022-05-14,19,citi,MLB,Seattle Mariners @ New York Mets,"sports,mlb"
2022-05-14,20,msg,Concert,Billy Joel MSG residency,"concerts,rock,residency"
2022-05-15,13,citi,MLB,Seattle Mariners @ New York Mets,"sports,mlb"
2022-05-16,19,citi,MLB,St. Louis Cardinals @ New York Mets,"sports,mlb"
2022-05-17,15,citi,MLB,St. Louis Cardinals @ New York Mets,"sports,mlb"
2022-05-18,19,citi,MLB,St. Louis Cardinals @ New York Mets,"sports,mlb"
2022-05-19,13,citi,MLB,St. Louis Cardinals @ New York Mets,"sports,mlb"
2022-05-20,19,yankee,MLB,Chicago White Sox @ New York Yankees,"sports,mlb"
2022-05-21,13,yankee,MLB,Chicago White Sox @ New York Yankees,"sports,mlb"
2022-05-22,15,yankee,MLB,Chicago White Sox @ New York Yankees,"sports,mlb"
2022-05-23,19,yankee,MLB,Baltimore Orioles @ New York Yankees,"sports,mlb"
2022-05-24,19,yankee,MLB,Baltimore Orioles @ New York Yankees,"sports,mlb"
2022-05-25,19,yankee,MLB,Baltimore Orioles @ New York Yankees,"sports,mlb"
2022-05-27,19,citi,MLB,Philadelphia Phillies @ New York Mets,"sports,mlb"
2022-05-28,19,citi,MLB,Philadelphia Phillies @ New York Mets,"sports,mlb"
2022-05-29,19,citi,MLB,Philadelphia Phillies @ New York Mets,"sports,mlb"
2022-05-30,19,citi,MLB,Washington Nationals @ New York Mets,"sports,mlb"
2022-05-31,19,citi,MLB,Washington Nationals @ New York Mets,"sports,mlb"
2022-05-31,19,yankee,MLB,Los Angeles Angels @ New York Yankees,"sports,mlb"
2022-06-01,13,citi,MLB,Washington Nationals @ New York Mets,"sports,mlb"
2022-06-01,19,yankee,MLB,Los Angeles Angels @ New York Yankees,"sports,mlb"
2022-06-02,13,yankee,MLB,Los Angeles Angels @ New York Yankees,"sports,mlb"
2022-06-03,19,yankee,MLB,Detroit Tigers @ New York Yankees,"sports,mlb"
2022-06-04,13,yankee,MLB,Detroit Tigers @ New York Yankees,"sports,mlb"
2022-06-05,11,yankee,MLB,Detroit Tigers @ New York Yankees,"sports,mlb"
2022-06-10,20,msg,Concert,Billy Joel MSG residency,"concerts,rock,residency"
2022-06-10,19,yankee,MLB,Chicago Cubs @ New York Yankees,"sports,mlb"
2022-06-11,19,yankee,MLB,Chicago Cubs @ New York Yankees,"sports,mlb"
2022-06-12,13,yankee,MLB,Chicago Cubs @ New York Yankees,"sports,mlb"
2022-06-14,19,citi,MLB,Milwaukee Brewers @ New York Mets,"sports,mlb"
2022-06-14,19,yankee,MLB,Tampa Bay Rays @ New York Yankees,"sports,mlb"
2022-06-15,19,citi,MLB,Milwaukee Brewers @ New York Mets,"sports,mlb"
2022-06-15,19,yankee,MLB,Tampa Bay Rays @ New York Yankees,"sports,mlb"
2022-06-16,19,citi,MLB,Milwaukee Brewers @ New York Mets,"sports,mlb"
2022-06-16,19,yankee,MLB,Tampa Bay Rays @ New York Yankees,"sports,mlb"
2022-06-17,19,citi,MLB,Miami Marlins @ New York Mets,"sports,mlb"
2022-06-18,16,citi,MLB,Miami Marlins @ New York Mets,"sports,mlb"
2022-06-19,13,citi,MLB,Miami Marlins @ New York Mets,"sports,mlb"
2022-06-20,13,citi,MLB,Miami Marlins @ New York Mets,"sports,mlb"
2022-06-23,19,yankee,MLB,Houston Astros @ New York Yankees,"sports,mlb"
2022-06-24,19,yankee,MLB,Houston Astros @ New York Yankees,"sports,mlb"
2022-06-25,13,yankee,MLB,Houston Astros @ New York Yankees,"sports,mlb"
2022-06-26,12,times_sq,StreetClosure,NYC Pride March 2022,"street_closure,parade,pride"
2022-06-26,13,yankee,MLB,Houston Astros @ New York Yankees,"sports,mlb"
2022-06-27,19,yankee,MLB,Oakland Athletics @ New York Yankees,"sports,mlb"
2022-06-28,19,citi,MLB,Houston Astros @ New York Mets,"sports,mlb"
2022-06-28,19,yankee,MLB,Oakland Athletics @ New York Yankees,"sports,mlb"
2022-06-29,13,citi,MLB,Houston Astros @ New York Mets,"sports,mlb"
2022-06-29,13,yankee,MLB,Oakland Athletics @ New York Yankees,"sports,mlb"
2022-07-01,19,citi,MLB,Texas Rangers @ New York Mets,"sports,mlb"
2022-07-02,16,citi,MLB,Texas Rangers @ New York Mets,"sports,mlb"
2022-07-03,13,citi,MLB,Texas Rangers @ New York Mets,"sports,mlb"
2022-07-07,19,citi,MLB,Miami Marlins @ New York Mets,"sports,mlb"
2022-07-08,19,citi,MLB,Miami Marlins @ New York Mets,"sports,mlb"
2022-07-09,16,citi,MLB,Miami Marlins @ New York Mets,"sports,mlb"
2022-07-10,13,citi,MLB,Miami Marlins @ New York Mets,"sports,mlb"
2022-07-12,19,yankee,MLB,Cincinnati Reds @ New York Yankees,"sports,mlb"
2022-07-13,19,yankee,MLB,Cincinnati Reds @ New York Yankees,"sports,mlb"
2022-07-14,19,yankee,MLB,Cincinnati Reds @ New York Yankees,"sports,mlb"
2022-07-15,19,yankee,MLB,Boston Red Sox @ New York Yankees,"sports,mlb"
2022-07-16,19,yankee,MLB,Boston Red Sox @ New York Yankees,"sports,mlb"
2022-07-17,13,yankee,MLB,Boston Red Sox @ New York Yankees,"sports,mlb"
2022-07-20,20,msg,Concert,Billy Joel MSG residency,"concerts,rock,residency"
2022-07-22,19,citi,MLB,San Diego Padres @ New York Mets,"sports,mlb"
2022-07-23,19,citi,MLB,San Diego Padres @ New York Mets,"sports,mlb"
2022-07-24,19,citi,MLB,San Diego Padres @ New York Mets,"sports,mlb"
2022-07-26,19,citi,MLB,New York Yankees @ New York Mets,"sports,mlb"
2022-07-27,19,citi,MLB,New York Yankees @ New York Mets,"sports,mlb"
2022-07-28,19,yankee,MLB,Kansas City Royals @ New York Yankees,"sports,mlb"
2022-07-29,19,yankee,MLB,Kansas City Royals @ New York Yankees,"sports,mlb"
2022-07-30,14,yankee,MLB,Kansas City Royals @ New York Yankees,"sports,mlb"
2022-07-31,13,yankee,MLB,Kansas City Royals @ New York Yankees,"sports,mlb"
2022-08-01,19,yankee,MLB,Seattle Mariners @ New York Yankees,"sports,mlb"
2022-08-02,19,yankee,MLB,Seattle Mariners @ New York Yankees,"sports,mlb"
2022-08-03,13,yankee,MLB,Seattle Mariners @ New York Yankees,"sports,mlb"
2022-08-04,19,citi,MLB,Atlanta Braves @ New York Mets,"sports,mlb"
2022-08-05,19,citi,MLB,Atlanta Braves @ New York Mets,"sports,mlb"
2022-08-06,13,citi,MLB,Atlanta Braves @ New York Mets,"sports,mlb"
2022-08-07,16,citi,MLB,Atlanta Braves @ New York Mets,"sports,mlb"
2022-08-08,19,citi,MLB,Cincinnati Reds @ New York Mets,"sports,mlb"
2022-08-09,19,citi,MLB,Cincinnati Reds @ New York Mets,"sports,mlb"
2022-08-10,13,citi,MLB,Cincinnati Reds @ New York Mets,"sports,mlb"
2022-08-12,19,citi,MLB,Philadelphia Phillies @ New York Mets,"sports,mlb"
2022-08-13,19,citi,MLB,Philadelphia Phillies @ New York Mets,"sports,mlb"
2022-08-14,13,citi,MLB,Philadelphia Phillies @ New York Mets,"sports,mlb"
2022-08-15,19,yankee,MLB,Tampa Bay Rays @ New York Yankees,"sports,mlb"
2022-08-16,19,yankee,MLB,Tampa Bay Rays @ New York Yankees,"sports,mlb"
2022-08-17,19,yankee,MLB,Tampa Bay Rays @ New York Yankees,"sports,mlb"
2022-08-18,19,yankee,MLB,Toronto Blue Jays @ New York Yankees,"sports,mlb"
2022-08-19,19,yankee,MLB,Toronto Blue Jays @ New York Yankees,"sports,mlb"
2022-08-20,13,yankee,MLB,Toronto Blue Jays @ New York Yankees,"sports,mlb"
2022-08-21,13,yankee,MLB,Toronto Blue Jays @ New York Yankees,"sports,mlb"
2022-08-21,20,yankee,Concert,Bad Bunny World's Hottest Tour,"concerts,latin"
2022-08-22,19,yankee,MLB,New York Mets @ New York Yankees,"sports,mlb"
2022-08-23,19,yankee,MLB,New York Mets @ New York Yankees,"sports,mlb"
2022-08-24,20,msg,Concert,Billy Joel MSG residency,"concerts,rock,residency"
2022-08-25,19,citi,MLB,Colorado Rockies @ New York Mets,"sports,mlb"
2022-08-26,19,citi,MLB,Colorado Rockies @ New York Mets,"sports,mlb"
2022-08-27,19,citi,MLB,Colorado Rockies @ New York Mets,"sports,mlb"
2022-08-27,20,yankee,Concert,Bad Bunny World's Hottest Tour,"concerts,latin"
2022-08-28,13,citi,MLB,Colorado Rockies @ New York Mets,"sports,mlb"
2022-08-28,11,us_open,Tennis,US Open 2022,"sports,tennis"
2022-08-29,11,us_open,Tennis,US Open 2022,"sports,tennis"
2022-08-30,19,citi,MLB,Los Angeles Dodgers @ New York Mets,"sports,mlb"
2022-08-30,11,us_open,Tennis,US Open 2022,"sports,tennis"
2022-08-31,19,citi,MLB,Los Angeles Dodgers @ New York Mets,"sports,mlb"
2022-08-31,11,us_open,Tennis,US Open 2022,"sports,tennis"
2022-09-01,16,citi,MLB,Los Angeles Dodgers @ New York Mets,"sports,mlb"
2022-09-01,11,us_open,Tennis,US Open 2022,"sports,tennis"
2022-09-02,19,citi,MLB,Washington Nationals @ New York Mets,"sports,mlb"
2022-09-02,11,us_open,Tennis,US Open 2022,"sports,tennis"
2022-09-03,19,citi,MLB,Washington Nationals @ New York Mets,"sports,mlb"
2022-09-03,11,us_open,Tennis,US Open 2022,"sports,tennis"
2022-09-04,13,citi,MLB,Washington Nationals @ New York Mets,"sports,mlb"
2022-09-04,11,us_open,Tennis,US Open 2022,"sports,tennis"
2022-09-05,11,us_open,Tennis,US Open 2022,"sports,tennis"
2022-09-05,13,yankee,MLB,Minnesota Twins @ New York Yankees,"sports,mlb"
2022-09-06,11,us_open,Tennis,US Open 2022,"sports,tennis"
2022-09-06,19,yankee,MLB,Minnesota Twins @ New York Yankees,"sports,mlb"
2022-09-07,11,us_open,Tennis,US Open 2022,"sports,tennis"
2022-09-07,15,yankee,MLB,Minnesota Twins @ New York Yankees,"sports,mlb"
2022-09-08,11,us_open,Tennis,US Open 2022,"sports,tennis"
2022-09-08,19,yankee,MLB,Minnesota Twins @ New York Yankees,"sports,mlb"
2022-09-09,20,barclays,Concert,Bruce Springsteen,"concerts,rock"
2022-09-09,11,us_open,Tennis,US Open 2022,"sports,tennis"
2022-09-09,19,yankee,MLB,Tampa Bay Rays @ New York Yankees,"sports,mlb"
2022-09-10,11,us_open,Tennis,US Open 2022,"sports,tennis"
2022-09-10,13,yankee,MLB,Tampa Bay Rays @ New York Yankees,"sports,mlb"
2022-09-11,20,barclays,Concert,Bruce Springsteen,"concerts,rock"
2022-09-11,13,metlife,NFL,BAL @ NYJ,"sports,nfl"
2022-09-11,13,yankee,MLB,Tampa Bay Rays @ New York Yankees,"sports,mlb"
2022-09-12,19,citi,MLB,Chicago Cubs @ New York Mets,"sports,mlb"
2022-09-13,19,citi,MLB,Chicago Cubs @ New York Mets,"sports,mlb"
2022-09-14,19,citi,MLB,Chicago Cubs @ New York Mets,"sports,mlb"
2022-09-15,19,citi,MLB,Pittsburgh Pirates @ New York Mets,"sports,mlb"
2022-09-16,19,citi,MLB,Pittsburgh Pirates @ New York Mets,"sports,mlb"
2022-09-17,19,citi,MLB,Pittsburgh Pirates @ New York Mets,"sports,mlb"
2022-09-18,13,citi,MLB,Pittsburgh Pirates @ New York Mets,"sports,mlb"
2022-09-18,13,metlife,NFL,CAR @ NYG,"sports,nfl"
2022-09-20,19,yankee,MLB,Pittsburgh Pirates @ New York Yankees,"sports,mlb"
2022-09-21,19,yankee,MLB,Pittsburgh Pirates @ New York Yankees,"sports,mlb"
2022-09-22,19,yankee,MLB,Boston Red Sox @ New York Yankees,"sports,mlb"
2022-09-23,19,yankee,MLB,Boston Red Sox @ New York Yankees,"sports,mlb"
2022-09-24,13,yankee,MLB,Boston Red Sox @ New York Yankees,"sports,mlb"
2022-09-25,13,metlife,NFL,CIN @ NYJ,"sports,nfl"
2022-09-25,19,yankee,MLB,Boston Red Sox @ New York Yankees,"sports,mlb"
2022-09-26,20,metlife,NFL,DAL @ NYG,"sports,nfl"
2022-09-27,19,citi,MLB,Miami Marlins @ New York Mets,"sports,mlb"
2022-09-28,19,citi,MLB,Miami Marlins @ New York Mets,"sports,mlb"
2022-09-30,19,yankee,MLB,Baltimore Orioles @ New York Yankees,"sports,mlb"
2022-10-01,13,yankee,MLB,Baltimore Orioles @ New York Yankees,"sports,mlb"
2022-10-02,13,metlife,NFL,CHI @ NYG,"sports,nfl"
2022-10-02,13,yankee,MLB,Baltimore Orioles @ New York Yankees,"sports,mlb"
2022-10-03,19,barclays,NBA,PHI @ BKN,"sports,nba"
2022-10-03,19,citi,MLB,Washington Nationals @ New York Mets,"sports,mlb"
2022-10-04,16,citi,MLB,Washington Nationals @ New York Mets,"sports,mlb"
2022-10-04,19,msg,NBA,DET @ NYK,"sports,nba"
2022-10-05,16,citi,MLB,Washington Nationals @ New York Mets,"sports,mlb"
2022-10-06,19,barclays,NBA,MIA @ BKN,"sports,nba"
2022-10-07,19,msg,NBA,IND @ NYK,"sports,nba"
2022-10-09,13,metlife,NFL,MIA @ NYJ,"sports,nfl"
2022-10-09,20,msg,Concert,Billy Joel MSG residency,"concerts,rock,residency"
2022-10-14,19,msg,NBA,WAS @ NYK,"sports,nba"
2022-10-16,13,metlife,NFL,BAL @ NYG,"sports,nfl"
2022-10-19,19,barclays,NBA,NOP @ BKN,"sports,nba"
2022-10-21,19,barclays,NBA,TOR @ BKN,"sports,nba"
2022-10-21,19,msg,NBA,DET @ NYK,"sports,nba"
2022-10-24,19,msg,NBA,ORL @ NYK,"sports,nba"
2022-10-26,19,msg,NBA,CHA @ NYK,"sports,nba"
2022-10-27,19,barclays,NBA,DAL @ BKN,"sports,nba"
2022-10-29,19,barclays,NBA,IND @ BKN,"sports,nba"
2022-10-30,13,metlife,NFL,NE @ NYJ,"sports,nfl"
2022-10-31,19,barclays,NBA,IND @ BKN,"sports,nba"
2022-11-01,19,barclays,NBA,CHI @ BKN,"sports,nba"
2022-11-02,19,msg,NBA,ATL @ NYK,"sports,nba"
2022-11-05,19,msg,NBA,BOS @ NYK,"sports,nba"
2022-11-06,8,marathon,Marathon,NYC Marathon 2022,"sports,marathon,street_closure"
2022-11-06,13,metlife,NFL,BUF @ NYJ,"sports,nfl"
2022-11-09,19,barclays,NBA,NYK @ BKN,"sports,nba"
2022-11-11,19,msg,NBA,DET @ NYK,"sports,nba"
2022-11-13,13,metlife,NFL,HOU @ NYG,"sports,nfl"
2022-11-13,19,msg,NBA,OKC @ NYK,"sports,nba"
2022-11-20,19,barclays,NBA,MEM @ BKN,"sports,nba"
2022-11-20,13,metlife,NFL,DET @ NYG,"sports,nfl"
2022-11-23,18,macys_parade,StreetClosure,Macy's Balloon Inflation 2022,"street_closure,parade,thanksgiving,inflation"
2022-11-23,20,msg,Concert,Billy Joel MSG residency,"concerts,rock,residency"
2022-11-24,9,macys_parade,StreetClosure,Macy's Thanksgiving Day Parade 2022,"street_closure,parade,thanksgiving"
2022-11-25,19,msg,NBA,POR @ NYK,"sports,nba"
2022-11-27,19,barclays,NBA,POR @ BKN,"sports,nba"
2022-11-27,13,metlife,NFL,CHI @ NYJ,"sports,nfl"
2022-11-27,19,msg,NBA,MEM @ NYK,"sports,nba"
2022-11-28,19,barclays,NBA,ORL @ BKN,"sports,nba"
2022-11-30,19,barclays,NBA,WAS @ BKN,"sports,nba"
2022-11-30,19,msg,NBA,MIL @ NYK,"sports,nba"
2022-12-02,19,barclays,NBA,TOR @ BKN,"sports,nba"
2022-12-03,19,msg,NBA,DAL @ NYK,"sports,nba"
2022-12-04,19,barclays,NBA,BOS @ BKN,"sports,nba"
2022-12-04,13,metlife,NFL,WAS @ NYG,"sports,nfl"
2022-12-04,19,msg,NBA,CLE @ NYK,"sports,nba"
2022-12-07,19,barclays,NBA,CHA @ BKN,"sports,nba"
2022-12-07,19,msg,NBA,ATL @ NYK,"sports,nba"
2022-12-09,19,barclays,NBA,ATL @ BKN,"sports,nba"
2022-12-11,13,metlife,NFL,PHI @ NYG,"sports,nfl"
2022-12-11,19,msg,NBA,SAC @ NYK,"sports,nba"
2022-12-16,20,msg,Concert,Phish NYE run,"concerts,rock"
2022-12-17,20,msg,Concert,Phish NYE run,"concerts,rock"
2022-12-18,13,metlife,NFL,DET @ NYJ,"sports,nfl"
2022-12-20,19,msg,NBA,GSW @ NYK,"sports,nba"
2022-12-21,19,barclays,NBA,GSW @ BKN,"sports,nba"
2022-12-21,19,msg,NBA,TOR @ NYK,"sports,nba"
2022-12-22,20,metlife,NFL,JAX @ NYJ,"sports,nfl"
2022-12-23,19,barclays,NBA,MIL @ BKN,"sports,nba"
2022-12-23,19,msg,NBA,CHI @ NYK,"sports,nba"
2022-12-25,19,msg,NBA,PHI @ NYK,"sports,nba"
2022-12-30,20,msg,Concert,Phish NYE run,"concerts,rock"
2022-12-31,20,msg,Concert,Phish NYE run,"concerts,rock"
2022-12-31,18,times_sq,StreetClosure,Times Square NYE 2022,"street_closure,nye,times_square"
2023-01-01,13,metlife,NFL,IND @ NYG,"sports,nfl"
2023-01-02,19,barclays,NBA,SAS @ BKN,"sports,nba"
2023-01-02,19,msg,NBA,PHX @ NYK,"sports,nba"
2023-01-04,19,msg,NBA,SAS @ NYK,"sports,nba"
2023-01-09,19,msg,NBA,MIL @ NYK,"sports,nba"
2023-01-11,19,msg,NBA,IND @ NYK,"sports,nba"
2023-01-12,19,barclays,NBA,BOS @ BKN,"sports,nba"
2023-01-13,20,msg,Concert,Billy Joel MSG residency,"concerts,rock,residency"
2023-01-15,19,barclays,NBA,OKC @ BKN,"sports,nba"
2023-01-16,19,msg,NBA,TOR @ NYK,"sports,nba"
2023-01-18,19,msg,NBA,WAS @ NYK,"sports,nba"
2023-01-24,19,msg,NBA,CLE @ NYK,"sports,nba"
2023-01-26,19,barclays,NBA,DET @ BKN,"sports,nba"
2023-01-28,19,barclays,NBA,NYK @ BKN,"sports,nba"
2023-01-30,19,barclays,NBA,LAL @ BKN,"sports,nba"
2023-01-31,19,msg,NBA,LAL @ NYK,"sports,nba"
2023-02-02,19,msg,NBA,MIA @ NYK,"sports,nba"
2023-02-04,19,barclays,NBA,WAS @ BKN,"sports,nba"
2023-02-04,19,msg,NBA,LAC @ NYK,"sports,nba"
2023-02-05,19,msg,NBA,PHI @ NYK,"sports,nba"
2023-02-06,19,barclays,NBA,LAC @ BKN,"sports,nba"
2023-02-07,19,barclays,NBA,PHX @ BKN,"sports,nba"
2023-02-09,19,barclays,NBA,CHI @ BKN,"sports,nba"
2023-02-11,19,barclays,NBA,PHI @ BKN,"sports,nba"
2023-02-11,19,msg,NBA,UTA @ NYK,"sports,nba"
2023-02-13,19,msg,NBA,BKN @ NYK,"sports,nba"
2023-02-14,20,msg,Concert,Billy Joel MSG residency,"concerts,rock,residency"
2023-02-15,19,barclays,NBA,MIA @ BKN,"sports,nba"
2023-02-25,19,msg,NBA,NOP @ NYK,"sports,nba"
2023-02-27,19,msg,NBA,BOS @ NYK,"sports,nba"
2023-02-28,19,barclays,NBA,MIL @ BKN,"sports,nba"
2023-03-01,19,msg,NBA,BKN @ NYK,"sports,nba"
2023-03-04,19,red_bulls,MLS,Nashville @ Red Bulls,"sports,mls,soccer"
2023-03-05,19,barclays,NBA,CHA @ BKN,"sports,nba"
2023-03-07,19,msg,NBA,CHA @ NYK,"sports,nba"
2023-03-11,19,yankee,MLS,Miami @ NYCFC,"sports,mls,soccer"
2023-03-16,19,barclays,NBA,SAC @ BKN,"sports,nba"
2023-03-17,11,st_patricks,StreetClosure,NYC St. Patrick's Day Parade 2023,"street_closure,parade,st_patricks"
2023-03-18,19,msg,NBA,DEN @ NYK,"sports,nba"
2023-03-18,19,red_bulls,MLS,Columbus @ Red Bulls,"sports,mls,soccer"
2023-03-18,19,yankee,MLS,D.C. @ NYCFC,"sports,mls,soccer"
2023-03-19,19,barclays,NBA,DEN @ BKN,"sports,nba"
2023-03-20,19,msg,NBA,MIN @ NYK,"sports,nba"
2023-03-21,19,barclays,NBA,CLE @ BKN,"sports,nba"
2023-03-23,19,barclays,NBA,CLE @ BKN,"sports,nba"
2023-03-26,20,msg,Concert,Billy Joel MSG residency,"concerts,rock,residency"
2023-03-27,19,msg,NBA,HOU @ NYK,"sports,nba"
2023-03-29,19,barclays,NBA,HOU @ BKN,"sports,nba"
2023-03-29,19,msg,NBA,MIA @ NYK,"sports,nba"
2023-03-30,13,yankee,MLB,San Francisco Giants @ New York Yankees,"sports,mlb"
2023-03-31,19,barclays,NBA,ATL @ BKN,"sports,nba"
2023-04-01,16,yankee,MLB,San Francisco Giants @ New York Yankees,"sports,mlb"
2023-04-02,19,barclays,NBA,UTA @ BKN,"sports,nba"
2023-04-02,19,msg,NBA,WAS @ NYK,"sports,nba"
2023-04-02,13,yankee,MLB,San Francisco Giants @ New York Yankees,"sports,mlb"
2023-04-03,19,yankee,MLB,Philadelphia Phillies @ New York Yankees,"sports,mlb"
2023-04-04,19,barclays,NBA,MIN @ BKN,"sports,nba"
2023-04-04,19,yankee,MLB,Philadelphia Phillies @ New York Yankees,"sports,mlb"
2023-04-05,13,yankee,MLB,Philadelphia Phillies @ New York Yankees,"sports,mlb"
2023-04-06,13,citi,MLB,Miami Marlins @ New York Mets,"sports,mlb"
2023-04-07,19,barclays,NBA,ORL @ BKN,"sports,nba"
2023-04-07,13,citi,MLB,Miami Marlins @ New York Mets,"sports,mlb"
2023-04-08,16,citi,MLB,Miami Marlins @ New York Mets,"sports,mlb"
2023-04-08,19,red_bulls,MLS,San Jose @ Red Bulls,"sports,mls,soccer"
2023-04-08,19,yankee,MLS,Atlanta @ NYCFC,"sports,mls,soccer"
2023-04-09,19,barclays,NBA,PHI @ BKN,"sports,nba"
2023-04-09,13,citi,MLB,Miami Marlins @ New York Mets,"sports,mlb"
2023-04-09,19,msg,NBA,IND @ NYK,"sports,nba"
2023-04-10,19,citi,MLB,San Diego Padres @ New York Mets,"sports,mlb"
2023-04-11,19,citi,MLB,San Diego Padres @ New York Mets,"sports,mlb"
2023-04-12,13,citi,MLB,San Diego Padres @ New York Mets,"sports,mlb"
2023-04-13,19,yankee,MLB,Minnesota Twins @ New York Yankees,"sports,mlb"
2023-04-14,19,yankee,MLB,Minnesota Twins @ New York Yankees,"sports,mlb"
2023-04-15,19,citi,MLS,Nashville @ NYCFC,"sports,mls,soccer"
2023-04-15,13,yankee,MLB,Minnesota Twins @ New York Yankees,"sports,mlb"
2023-04-16,7,red_bulls,MLS,Houston @ Red Bulls,"sports,mls,soccer"
2023-04-16,13,yankee,MLB,Minnesota Twins @ New York Yankees,"sports,mlb"
2023-04-18,19,yankee,MLB,Los Angeles Angels @ New York Yankees,"sports,mlb"
2023-04-19,19,yankee,MLB,Los Angeles Angels @ New York Yankees,"sports,mlb"
2023-04-20,19,barclays,NBA,PHI @ BKN,"sports,nba"
2023-04-20,16,yankee,MLB,Los Angeles Angels @ New York Yankees,"sports,mlb"
2023-04-21,19,msg,NBA,CLE @ NYK,"sports,nba"
2023-04-21,19,yankee,MLB,Toronto Blue Jays @ New York Yankees,"sports,mlb"
2023-04-22,19,barclays,NBA,PHI @ BKN,"sports,nba"
2023-04-22,19,citi,MLS,Dallas @ NYCFC,"sports,mls,soccer"
2023-04-22,13,yankee,MLB,Toronto Blue Jays @ New York Yankees,"sports,mlb"
2023-04-23,19,msg,NBA,CLE @ NYK,"sports,nba"
2023-04-23,13,yankee,MLB,Toronto Blue Jays @ New York Yankees,"sports,mlb"
2023-04-25,19,citi,MLB,Washington Nationals @ New York Mets,"sports,mlb"
2023-04-26,19,citi,MLB,Washington Nationals @ New York Mets,"sports,mlb"
2023-04-27,19,citi,MLB,Washington Nationals @ New York Mets,"sports,mlb"
2023-04-28,19,citi,MLB,Atlanta Braves @ New York Mets,"sports,mlb"
2023-04-29,16,citi,MLB,Atlanta Braves @ New York Mets,"sports,mlb"
2023-04-30,13,citi,MLB,Atlanta Braves @ New York Mets,"sports,mlb"
2023-04-30,19,msg,NBA,MIA @ NYK,"sports,nba"
2023-05-01,13,citi,MLB,Atlanta Braves @ New York Mets,"sports,mlb"
2023-05-01,19,yankee,MLB,Cleveland Guardians @ New York Yankees,"sports,mlb"
2023-05-02,19,msg,NBA,MIA @ NYK,"sports,nba"
2023-05-02,19,yankee,MLB,Cleveland Guardians @ New York Yankees,"sports,mlb"
2023-05-03,19,yankee,MLB,Cleveland Guardians @ New York Yankees,"sports,mlb"
2023-05-05,19,citi,MLB,Colorado Rockies @ New York Mets,"sports,mlb"
2023-05-06,16,citi,MLB,Colorado Rockies @ New York Mets,"sports,mlb"
2023-05-06,19,red_bulls,MLS,Philadelphia @ Red Bulls,"sports,mls,soccer"
2023-05-07,13,citi,MLB,Colorado Rockies @ New York Mets,"sports,mlb"
2023-05-08,19,yankee,MLB,Oakland Athletics @ New York Yankees,"sports,mlb"
2023-05-09,19,yankee,MLB,Oakland Athletics @ New York Yankees,"sports,mlb"
2023-05-10,19,msg,NBA,MIA @ NYK,"sports,nba"
2023-05-10,12,yankee,MLB,Oakland Athletics @ New York Yankees,"sports,mlb"
2023-05-11,19,yankee,MLB,Tampa Bay Rays @ New York Yankees,"sports,mlb"
2023-05-12,19,yankee,MLB,Tampa Bay Rays @ New York Yankees,"sports,mlb"
2023-05-13,19,red_bulls,MLS,New York City @ Red Bulls,"sports,mls,soccer"
2023-05-13,13,yankee,MLB,Tampa Bay Rays @ New York Yankees,"sports,mlb"
2023-05-14,13,yankee,MLB,Tampa Bay Rays @ New York Yankees,"sports,mlb"
2023-05-16,19,citi,MLB,Tampa Bay Rays @ New York Mets,"sports,mlb"
2023-05-17,19,citi,MLB,Tampa Bay Rays @ New York Mets,"sports,mlb"
2023-05-18,13,citi,MLB,Tampa Bay Rays @ New York Mets,"sports,mlb"
2023-05-19,19,citi,MLB,Cleveland Guardians @ New York Mets,"sports,mlb"
2023-05-19,20,msg,Concert,Harry Styles Love On Tour,"concerts,pop"
2023-05-20,16,citi,MLB,Cleveland Guardians @ New York Mets,"sports,mlb"
2023-05-20,20,msg,Concert,Harry Styles Love On Tour,"concerts,pop"
2023-05-20,19,red_bulls,MLS,Montréal @ Red Bulls,"sports,mls,soccer"
2023-05-21,13,citi,MLB,Cleveland Guardians @ New York Mets,"sports,mlb"
2023-05-22,20,msg,Concert,Harry Styles Love On Tour,"concerts,pop"
2023-05-23,19,yankee,MLB,Baltimore Orioles @ New York Yankees,"sports,mlb"
2023-05-24,19,yankee,MLB,Baltimore Orioles @ New York Yankees,"sports,mlb"
2023-05-25,19,yankee,MLB,Baltimore Orioles @ New York Yankees,"sports,mlb"
2023-05-26,19,yankee,MLB,San Diego Padres @ New York Yankees,"sports,mlb"
2023-05-27,19,citi,MLS,Philadelphia @ NYCFC,"sports,mls,soccer"
2023-05-27,13,yankee,MLB,San Diego Padres @ New York Yankees,"sports,mlb"
2023-05-28,13,yankee,MLB,San Diego Padres @ New York Yankees,"sports,mlb"
2023-05-30,19,citi,MLB,Philadelphia Phillies @ New York Mets,"sports,mlb"
2023-05-31,19,citi,MLB,Philadelphia Phillies @ New York Mets,"sports,mlb"
2023-05-31,19,yankee,MLS,Cincinnati @ NYCFC,"sports,mls,soccer"
2023-06-01,13,citi,MLB,Philadelphia Phillies @ New York Mets,"sports,mlb"
2023-06-02,19,citi,MLB,Toronto Blue Jays @ New York Mets,"sports,mlb"
2023-06-02,20,msg,Concert,Billy Joel MSG residency,"concerts,rock,residency"
2023-06-03,16,citi,MLB,Toronto Blue Jays @ New York Mets,"sports,mlb"
2023-06-03,19,red_bulls,MLS,Orlando @ Red Bulls,"sports,mls,soccer"
2023-06-03,15,yankee,MLS,New England @ NYCFC,"sports,mls,soccer"
2023-06-04,13,citi,MLB,Toronto Blue Jays @ New York Mets,"sports,mlb"
2023-06-06,19,yankee,MLB,Chicago White Sox @ New York Yankees,"sports,mlb"
2023-06-07,19,yankee,MLB,Chicago White Sox @ New York Yankees,"sports,mlb"
2023-06-08,16,yankee,MLB,Chicago White Sox @ New York Yankees,"sports,mlb"
2023-06-09,19,yankee,MLB,Boston Red Sox @ New York Yankees,"sports,mlb"
2023-06-10,19,yankee,MLB,Boston Red Sox @ New York Yankees,"sports,mlb"
2023-06-11,19,yankee,MLB,Boston Red Sox @ New York Yankees,"sports,mlb"
2023-06-13,19,citi,MLB,New York Yankees @ New York Mets,"sports,mlb"
2023-06-14,19,citi,MLB,New York Yankees @ New York Mets,"sports,mlb"
2023-06-16,19,citi,MLB,St. Louis Cardinals @ New York Mets,"sports,mlb"
2023-06-17,16,citi,MLB,St. Louis Cardinals @ New York Mets,"sports,mlb"
2023-06-17,15,yankee,MLS,Columbus @ NYCFC,"sports,mls,soccer"
2023-06-18,13,citi,MLB,St. Louis Cardinals @ New York Mets,"sports,mlb"
2023-06-20,19,yankee,MLB,Seattle Mariners @ New York Yankees,"sports,mlb"
2023-06-21,19,red_bulls,MLS,Charlotte @ Red Bulls,"sports,mls,soccer"
2023-06-21,19,yankee,MLB,Seattle Mariners @ New York Yankees,"sports,mlb"
2023-06-22,19,yankee,MLB,Seattle Mariners @ New York Yankees,"sports,mlb"
2023-06-23,19,yankee,MLB,Texas Rangers @ New York Yankees,"sports,mlb"
2023-06-24,19,red_bulls,MLS,Atlanta @ Red Bulls,"sports,mls,soccer"
2023-06-24,16,yankee,MLB,Texas Rangers @ New York Yankees,"sports,mlb"
2023-06-25,12,times_sq,StreetClosure,NYC Pride March 2023,"street_closure,parade,pride"
2023-06-25,13,yankee,MLB,Texas Rangers @ New York Yankees,"sports,mlb"
2023-06-26,19,citi,MLB,Milwaukee Brewers @ New York Mets,"sports,mlb"
2023-06-27,19,citi,MLB,Milwaukee Brewers @ New York Mets,"sports,mlb"
2023-06-28,19,citi,MLB,Milwaukee Brewers @ New York Mets,"sports,mlb"
2023-06-29,19,citi,MLB,Milwaukee Brewers @ New York Mets,"sports,mlb"
2023-06-30,19,citi,MLB,San Francisco Giants @ New York Mets,"sports,mlb"
2023-07-01,16,citi,MLB,San Francisco Giants @ New York Mets,"sports,mlb"
2023-07-02,19,citi,MLB,San Francisco Giants @ New York Mets,"sports,mlb"
2023-07-03,19,yankee,MLB,Baltimore Orioles @ New York Yankees,"sports,mlb"
2023-07-04,13,yankee,MLB,Baltimore Orioles @ New York Yankees,"sports,mlb"
2023-07-05,19,citi,MLS,Charlotte @ NYCFC,"sports,mls,soccer"
2023-07-05,19,yankee,MLB,Baltimore Orioles @ New York Yankees,"sports,mlb"
2023-07-06,19,yankee,MLB,Baltimore Orioles @ New York Yankees,"sports,mlb"
2023-07-07,19,yankee,MLB,Chicago Cubs @ New York Yankees,"sports,mlb"
2023-07-08,19,red_bulls,MLS,New England @ Red Bulls,"sports,mls,soccer"
2023-07-08,13,yankee,MLB,Chicago Cubs @ New York Yankees,"sports,mlb"
2023-07-09,13,yankee,MLB,Chicago Cubs @ New York Yankees,"sports,mlb"
2023-07-12,19,red_bulls,MLS,Cincinnati @ Red Bulls,"sports,mls,soccer"
2023-07-14,19,citi,MLB,Los Angeles Dodgers @ New York Mets,"sports,mlb"
2023-07-15,19,citi,MLB,Los Angeles Dodgers @ New York Mets,"sports,mlb"
2023-07-16,17,citi,MLB,Los Angeles Dodgers @ New York Mets,"sports,mlb"
2023-07-18,19,citi,MLB,Chicago White Sox @ New York Mets,"sports,mlb"
2023-07-19,19,citi,MLB,Chicago White Sox @ New York Mets,"sports,mlb"
2023-07-20,13,citi,MLB,Chicago White Sox @ New York Mets,"sports,mlb"
2023-07-21,19,yankee,MLB,Kansas City Royals @ New York Yankees,"sports,mlb"
2023-07-22,13,yankee,MLB,Kansas City Royals @ New York Yankees,"sports,mlb"
2023-07-23,13,yankee,MLB,Kansas City Royals @ New York Yankees,"sports,mlb"
2023-07-24,20,msg,Concert,Billy Joel MSG residency,"concerts,rock,residency"
2023-07-25,19,yankee,MLB,New York Mets @ New York Yankees,"sports,mlb"
2023-07-26,19,yankee,MLB,New York Mets @ New York Yankees,"sports,mlb"
2023-07-27,19,citi,MLB,Washington Nationals @ New York Mets,"sports,mlb"
2023-07-28,19,citi,MLB,Washington Nationals @ New York Mets,"sports,mlb"
2023-07-28,20,msg,Concert,Pink Summer Carnival Tour,"concerts,pop"
2023-07-29,19,citi,MLB,Washington Nationals @ New York Mets,"sports,mlb"
2023-07-30,13,citi,MLB,Washington Nationals @ New York Mets,"sports,mlb"
2023-07-31,19,yankee,MLB,Tampa Bay Rays @ New York Yankees,"sports,mlb"
2023-08-01,20,msg,Concert,Pink Summer Carnival Tour,"concerts,pop"
2023-08-01,19,yankee,MLB,Tampa Bay Rays @ New York Yankees,"sports,mlb"
2023-08-02,19,yankee,MLB,Tampa Bay Rays @ New York Yankees,"sports,mlb"
2023-08-03,19,yankee,MLB,Houston Astros @ New York Yankees,"sports,mlb"
2023-08-04,20,msg,Concert,Beyonce Renaissance Tour,"concerts,pop"
2023-08-04,19,yankee,MLB,Houston Astros @ New York Yankees,"sports,mlb"
2023-08-05,20,msg,Concert,Beyonce Renaissance Tour,"concerts,pop"
2023-08-05,13,yankee,MLB,Houston Astros @ New York Yankees,"sports,mlb"
2023-08-06,13,yankee,MLB,Houston Astros @ New York Yankees,"sports,mlb"
2023-08-07,19,citi,MLB,Chicago Cubs @ New York Mets,"sports,mlb"
2023-08-08,19,citi,MLB,Chicago Cubs @ New York Mets,"sports,mlb"
2023-08-09,19,citi,MLB,Chicago Cubs @ New York Mets,"sports,mlb"
2023-08-11,19,citi,MLB,Atlanta Braves @ New York Mets,"sports,mlb"
2023-08-12,13,citi,MLB,Atlanta Braves @ New York Mets,"sports,mlb"
2023-08-13,19,citi,MLB,Atlanta Braves @ New York Mets,"sports,mlb"
2023-08-14,19,citi,MLB,Pittsburgh Pirates @ New York Mets,"sports,mlb"
2023-08-15,19,citi,MLB,Pittsburgh Pirates @ New York Mets,"sports,mlb"
2023-08-16,13,citi,MLB,Pittsburgh Pirates @ New York Mets,"sports,mlb"
2023-08-18,19,yankee,MLB,Boston Red Sox @ New York Yankees,"sports,mlb"
2023-08-19,13,yankee,MLB,Boston Red Sox @ New York Yankees,"sports,mlb"
2023-08-20,19,citi,MLS,Minnesota @ NYCFC,"sports,mls,soccer"
2023-08-20,19,red_bulls,MLS,D.C. @ Red Bulls,"sports,mls,soccer"
2023-08-20,13,yankee,MLB,Boston Red Sox @ New York Yankees,"sports,mlb"
2023-08-22,19,yankee,MLB,Washington Nationals @ New York Yankees,"sports,mlb"
2023-08-23,19,yankee,MLB,Washington Nationals @ New York Yankees,"sports,mlb"
2023-08-24,13,yankee,MLB,Washington Nationals @ New York Yankees,"sports,mlb"
2023-08-25,19,citi,MLB,Los Angeles Angels @ New York Mets,"sports,mlb"
2023-08-26,19,citi,MLB,Los Angeles Angels @ New York Mets,"sports,mlb"
2023-08-26,19,red_bulls,MLS,Miami @ Red Bulls,"sports,mls,soccer"
2023-08-27,12,citi,MLB,Los Angeles Angels @ New York Mets,"sports,mlb"
2023-08-28,19,citi,MLB,Texas Rangers @ New York Mets,"sports,mlb"
2023-08-28,11,us_open,Tennis,US Open 2023,"sports,tennis"
2023-08-29,19,citi,MLB,Texas Rangers @ New York Mets,"sports,mlb"
2023-08-29,20,msg,Concert,Billy Joel MSG residency,"concerts,rock,residency"
2023-08-29,11,us_open,Tennis,US Open 2023,"sports,tennis"
2023-08-30,18,citi,MLB,Texas Rangers @ New York Mets,"sports,mlb"
2023-08-30,11,us_open,Tennis,US Open 2023,"sports,tennis"
2023-08-30,19,yankee,MLS,Montréal @ NYCFC,"sports,mls,soccer"
2023-08-31,11,us_open,Tennis,US Open 2023,"sports,tennis"
2023-09-01,19,citi,MLB,Seattle Mariners @ New York Mets,"sports,mlb"
2023-09-01,11,us_open,Tennis,US Open 2023,"sports,tennis"
2023-09-02,19,citi,MLB,Seattle Mariners @ New York Mets,"sports,mlb"
2023-09-02,11,us_open,Tennis,US Open 2023,"sports,tennis"
2023-09-02,15,yankee,MLS,Vancouver @ NYCFC,"sports,mls,soccer"
2023-09-03,13,citi,MLB,Seattle Mariners @ New York Mets,"sports,mlb"
2023-09-03,11,us_open,Tennis,US Open 2023,"sports,tennis"
2023-09-04,11,us_open,Tennis,US Open 2023,"sports,tennis"
2023-09-05,11,us_open,Tennis,US Open 2023,"sports,tennis"
2023-09-05,19,yankee,MLB,Detroit Tigers @ New York Yankees,"sports,mlb"
2023-09-06,11,us_open,Tennis,US Open 2023,"sports,tennis"
2023-09-06,19,yankee,MLB,Detroit Tigers @ New York Yankees,"sports,mlb"
2023-09-07,11,us_open,Tennis,US Open 2023,"sports,tennis"
2023-09-07,19,yankee,MLB,Detroit Tigers @ New York Yankees,"sports,mlb"
2023-09-08,11,us_open,Tennis,US Open 2023,"sports,tennis"
2023-09-08,19,yankee,MLB,Milwaukee Brewers @ New York Yankees,"sports,mlb"
2023-09-09,11,us_open,Tennis,US Open 2023,"sports,tennis"
2023-09-09,14,yankee,MLB,Milwaukee Brewers @ New York Yankees,"sports,mlb"
2023-09-10,20,metlife,NFL,DAL @ NYG,"sports,nfl"
2023-09-10,11,us_open,Tennis,US Open 2023,"sports,tennis"
2023-09-10,13,yankee,MLB,Milwaukee Brewers @ New York Yankees,"sports,mlb"
2023-09-11,19,citi,MLB,Arizona Diamondbacks @ New York Mets,"sports,mlb"
2023-09-11,20,metlife,NFL,BUF @ NYJ,"sports,nfl"
2023-09-12,19,citi,MLB,Arizona Diamondbacks @ New York Mets,"sports,mlb"
2023-09-13,19,citi,MLB,Arizona Diamondbacks @ New York Mets,"sports,mlb"
2023-09-14,16,citi,MLB,Arizona Diamondbacks @ New York Mets,"sports,mlb"
2023-09-15,19,citi,MLB,Cincinnati Reds @ New York Mets,"sports,mlb"
2023-09-16,19,citi,MLB,Cincinnati Reds @ New York Mets,"sports,mlb"
2023-09-16,15,yankee,MLS,New York @ NYCFC,"sports,mls,soccer"
2023-09-17,13,citi,MLB,Cincinnati Reds @ New York Mets,"sports,mlb"
2023-09-19,19,yankee,MLB,Toronto Blue Jays @ New York Yankees,"sports,mlb"
2023-09-20,19,citi,MLS,Orlando @ NYCFC,"sports,mls,soccer"
2023-09-20,19,red_bulls,MLS,Austin @ Red Bulls,"sports,mls,soccer"
2023-09-20,19,yankee,MLB,Toronto Blue Jays @ New York Yankees,"sports,mlb"
2023-09-21,19,yankee,MLB,Toronto Blue Jays @ New York Yankees,"sports,mlb"
2023-09-22,19,yankee,MLB,Arizona Diamondbacks @ New York Yankees,"sports,mlb"
2023-09-23,13,yankee,MLB,Arizona Diamondbacks @ New York Yankees,"sports,mlb"
2023-09-24,13,metlife,NFL,NE @ NYJ,"sports,nfl"
2023-09-24,13,red_bulls,MLS,Toronto @ NYCFC,"sports,mls,soccer"
2023-09-24,13,yankee,MLB,Arizona Diamondbacks @ New York Yankees,"sports,mlb"
2023-09-25,13,yankee,MLB,Arizona Diamondbacks @ New York Yankees,"sports,mlb"
2023-09-26,19,citi,MLB,Miami Marlins @ New York Mets,"sports,mlb"
2023-09-27,16,citi,MLB,Miami Marlins @ New York Mets,"sports,mlb"
2023-09-28,19,citi,MLB,Miami Marlins @ New York Mets,"sports,mlb"
2023-09-29,19,citi,MLB,Philadelphia Phillies @ New York Mets,"sports,mlb"
2023-09-29,20,msg,Concert,Drake It's All a Blur Tour,"concerts,hiphop"
2023-09-30,16,citi,MLB,Philadelphia Phillies @ New York Mets,"sports,mlb"
2023-09-30,19,red_bulls,MLS,Chicago @ Red Bulls,"sports,mls,soccer"
2023-10-01,15,citi,MLB,Philadelphia Phillies @ New York Mets,"sports,mlb"
2023-10-01,20,metlife,NFL,KC @ NYJ,"sports,nfl"
2023-10-01,20,msg,Concert,Drake It's All a Blur Tour,"concerts,hiphop"
2023-10-02,13,citi,MLB,Miami Marlins @ New York Mets,"sports,mlb"
2023-10-02,20,metlife,NFL,SEA @ NYG,"sports,nfl"
2023-10-07,19,red_bulls,MLS,Toronto @ Red Bulls,"sports,mls,soccer"
2023-10-09,19,msg,NBA,BOS @ NYK,"sports,nba"
2023-10-12,19,barclays,NBA,MRA @ BKN,"sports,nba"
2023-10-14,19,msg,NBA,MIN @ NYK,"sports,nba"
2023-10-15,16,metlife,NFL,PHI @ NYJ,"sports,nfl"
2023-10-16,19,barclays,NBA,PHI @ BKN,"sports,nba"
2023-10-18,19,msg,NBA,WAS @ NYK,"sports,nba"
2023-10-20,20,msg,Concert,Billy Joel MSG residency,"concerts,rock,residency"
2023-10-21,18,citi,MLS,Chicago @ NYCFC,"sports,mls,soccer"
2023-10-22,13,metlife,NFL,WAS @ NYG,"sports,nfl"
2023-10-25,19,barclays,NBA,CLE @ BKN,"sports,nba"
2023-10-25,19,msg,NBA,BOS @ NYK,"sports,nba"
2023-10-29,13,metlife,NFL,NYJ @ NYG,"sports,nfl"
2023-11-01,19,msg,NBA,CLE @ NYK,"sports,nba"
2023-11-04,19,barclays,NBA,BOS @ BKN,"sports,nba"
2023-11-05,8,marathon,Marathon,NYC Marathon 2023,"sports,marathon,street_closure"
2023-11-06,19,barclays,NBA,MIL @ BKN,"sports,nba"
2023-11-06,20,metlife,NFL,LAC @ NYJ,"sports,nfl"
2023-11-06,19,msg,NBA,LAC @ NYK,"sports,nba"
2023-11-08,19,barclays,NBA,LAC @ BKN,"sports,nba"
2023-11-08,19,msg,NBA,SAS @ NYK,"sports,nba"
2023-11-12,19,barclays,NBA,WAS @ BKN,"sports,nba"
2023-11-12,19,msg,NBA,CHA @ NYK,"sports,nba"
2023-11-14,19,barclays,NBA,ORL @ BKN,"sports,nba"
2023-11-19,19,barclays,NBA,PHI @ BKN,"sports,nba"
2023-11-22,18,macys_parade,StreetClosure,Macy's Balloon Inflation 2023,"street_closure,parade,thanksgiving,inflation"
2023-11-22,20,msg,Concert,Billy Joel MSG residency,"concerts,rock,residency"
2023-11-23,9,macys_parade,StreetClosure,Macy's Thanksgiving Day Parade 2023,"street_closure,parade,thanksgiving"
2023-11-24,15,metlife,NFL,MIA @ NYJ,"sports,nfl"
2023-11-24,19,msg,NBA,MIA @ NYK,"sports,nba"
2023-11-25,19,barclays,NBA,MIA @ BKN,"sports,nba"
2023-11-26,19,barclays,NBA,CHI @ BKN,"sports,nba"
2023-11-26,13,metlife,NFL,NE @ NYG,"sports,nfl"
2023-11-26,19,msg,NBA,PHX @ NYK,"sports,nba"
2023-11-28,19,barclays,NBA,TOR @ BKN,"sports,nba"
2023-11-28,19,msg,NBA,CHA @ NYK,"sports,nba"
2023-11-30,19,barclays,NBA,CHA @ BKN,"sports,nba"
2023-11-30,19,msg,NBA,DET @ NYK,"sports,nba"
2023-12-02,19,barclays,NBA,ORL @ BKN,"sports,nba"
2023-12-03,13,metlife,NFL,ATL @ NYJ,"sports,nfl"
2023-12-08,19,barclays,NBA,WAS @ BKN,"sports,nba"
2023-12-08,20,msg,Concert,Phish NYE run,"concerts,rock"
2023-12-09,20,msg,Concert,Phish NYE run,"concerts,rock"
2023-12-10,13,metlife,NFL,HOU @ NYJ,"sports,nfl"
2023-12-11,20,metlife,NFL,GB @ NYG,"sports,nfl"
2023-12-11,19,msg,NBA,TOR @ NYK,"sports,nba"
2023-12-19,20,msg,Concert,Billy Joel MSG residency,"concerts,rock,residency"
2023-12-20,19,barclays,NBA,NYK @ BKN,"sports,nba"
2023-12-22,19,barclays,NBA,DEN @ BKN,"sports,nba"
2023-12-23,19,barclays,NBA,DET @ BKN,"sports,nba"
2023-12-23,19,msg,NBA,MIL @ NYK,"sports,nba"
2023-12-24,13,metlife,NFL,WAS @ NYJ,"sports,nfl"
2023-12-25,19,msg,NBA,MIL @ NYK,"sports,nba"
2023-12-27,19,barclays,NBA,MIL @ BKN,"sports,nba"
2023-12-30,20,msg,Concert,Phish NYE run,"concerts,rock"
2023-12-31,13,metlife,NFL,LA @ NYG,"sports,nfl"
2023-12-31,20,msg,Concert,Phish NYE run,"concerts,rock"
2023-12-31,18,times_sq,StreetClosure,Times Square NYE 2023,"street_closure,nye,times_square"
2024-01-01,19,msg,NBA,MIN @ NYK,"sports,nba"
2024-01-03,19,msg,NBA,CHI @ NYK,"sports,nba"
2024-01-05,19,barclays,NBA,OKC @ BKN,"sports,nba"
2024-01-07,19,barclays,NBA,POR @ BKN,"sports,nba"
2024-01-07,16,metlife,NFL,PHI @ NYG,"sports,nfl"
2024-01-09,19,msg,NBA,POR @ NYK,"sports,nba"
2024-01-11,20,msg,Concert,Billy Joel MSG residency,"concerts,rock,residency"
2024-01-15,19,barclays,NBA,MIA @ BKN,"sports,nba"
2024-01-15,19,msg,NBA,ORL @ NYK,"sports,nba"
2024-01-17,19,msg,NBA,HOU @ NYK,"sports,nba"
2024-01-18,19,msg,NBA,WAS @ NYK,"sports,nba"
2024-01-20,19,msg,NBA,TOR @ NYK,"sports,nba"
2024-01-23,19,barclays,NBA,NYK @ BKN,"sports,nba"
2024-01-25,19,barclays,NBA,MIN @ BKN,"sports,nba"
2024-01-25,19,msg,NBA,DEN @ NYK,"sports,nba"
2024-01-27,19,barclays,NBA,HOU @ BKN,"sports,nba"
2024-01-27,19,msg,NBA,MIA @ NYK,"sports,nba"
2024-01-29,19,barclays,NBA,UTA @ BKN,"sports,nba"
2024-01-30,19,msg,NBA,UTA @ NYK,"sports,nba"
2024-01-31,19,barclays,NBA,PHX @ BKN,"sports,nba"
2024-02-01,19,msg,NBA,IND @ NYK,"sports,nba"
2024-02-02,20,msg,Concert,Billy Joel with Stevie Nicks (MSG adjacent billing),"concerts,rock"
2024-02-03,19,msg,NBA,LAL @ NYK,"sports,nba"
2024-02-05,19,barclays,NBA,GSW @ BKN,"sports,nba"
2024-02-06,19,barclays,NBA,DAL @ BKN,"sports,nba"
2024-02-06,19,msg,NBA,MEM @ NYK,"sports,nba"
2024-02-08,19,barclays,NBA,CLE @ BKN,"sports,nba"
2024-02-08,19,msg,NBA,DAL @ NYK,"sports,nba"
2024-02-09,20,msg,Concert,Billy Joel MSG residency,"concerts,rock,residency"
2024-02-10,19,barclays,NBA,SAS @ BKN,"sports,nba"
2024-02-10,19,msg,NBA,IND @ NYK,"sports,nba"
2024-02-13,19,barclays,NBA,BOS @ BKN,"sports,nba"
2024-02-24,19,msg,NBA,BOS @ NYK,"sports,nba"
2024-02-26,19,msg,NBA,DET @ NYK,"sports,nba"
2024-02-27,19,msg,NBA,NOP @ NYK,"sports,nba"
2024-02-29,19,barclays,NBA,ATL @ BKN,"sports,nba"
2024-02-29,19,msg,NBA,GSW @ NYK,"sports,nba"
2024-03-02,19,barclays,NBA,ATL @ BKN,"sports,nba"
2024-03-04,19,barclays,NBA,MEM @ BKN,"sports,nba"
2024-03-05,19,barclays,NBA,PHI @ BKN,"sports,nba"
2024-03-05,19,msg,NBA,ATL @ NYK,"sports,nba"
2024-03-08,19,msg,NBA,ORL @ NYK,"sports,nba"
2024-03-09,19,red_bulls,MLS,Dallas @ Red Bulls,"sports,mls,soccer"
2024-03-09,14,yankee,MLS,Portland @ NYCFC,"sports,mls,soccer"
2024-03-10,19,msg,NBA,PHI @ NYK,"sports,nba"
2024-03-12,19,msg,NBA,PHI @ NYK,"sports,nba"
2024-03-15,20,barclays,Concert,Travis Scott Circus Maximus Tour,"concerts,hiphop"
2024-03-16,19,yankee,MLS,Toronto @ NYCFC,"sports,mls,soccer"
2024-03-17,11,st_patricks,StreetClosure,NYC St. Patrick's Day Parade 2024,"street_closure,parade,st_patricks"
2024-03-19,19,barclays,NBA,NOP @ BKN,"sports,nba"
2024-03-23,19,msg,NBA,BKN @ NYK,"sports,nba"
2024-03-23,14,red_bulls,MLS,Miami @ Red Bulls,"sports,mls,soccer"
2024-03-25,19,msg,NBA,DET @ NYK,"sports,nba"
2024-03-28,13,citi,MLB,Milwaukee Brewers @ New York Mets,"sports,mlb"
2024-03-28,20,msg,Concert,Billy Joel MSG residency,"concerts,rock,residency"
2024-03-29,19,barclays,NBA,CHI @ BKN,"sports,nba"
2024-03-29,13,citi,MLB,Milwaukee Brewers @ New York Mets,"sports,mlb"
2024-03-30,13,citi,MLB,Milwaukee Brewers @ New York Mets,"sports,mlb"
2024-03-31,19,barclays,NBA,LAL @ BKN,"sports,nba"
2024-03-31,13,citi,MLB,Milwaukee Brewers @ New York Mets,"sports,mlb"
2024-03-31,19,msg,NBA,OKC @ NYK,"sports,nba"
2024-04-01,19,citi,MLB,Detroit Tigers @ New York Mets,"sports,mlb"
2024-04-02,19,citi,MLB,Detroit Tigers @ New York Mets,"sports,mlb"
2024-04-03,19,barclays,NBA,IND @ BKN,"sports,nba"
2024-04-03,19,citi,MLB,Detroit Tigers @ New York Mets,"sports,mlb"
2024-04-04,12,citi,MLB,Detroit Tigers @ New York Mets,"sports,mlb"
2024-04-04,19,msg,NBA,SAC @ NYK,"sports,nba"
2024-04-05,13,yankee,MLB,Toronto Blue Jays @ New York Yankees,"sports,mlb"
2024-04-06,19,barclays,NBA,DET @ BKN,"sports,nba"
2024-04-06,19,citi,MLS,Atlanta @ NYCFC,"sports,mls,soccer"
2024-04-06,19,yankee,MLB,Toronto Blue Jays @ New York Yankees,"sports,mlb"
2024-04-07,19,barclays,NBA,SAC @ BKN,"sports,nba"
2024-04-07,13,yankee,MLB,Toronto Blue Jays @ New York Yankees,"sports,mlb"
2024-04-08,18,yankee,MLB,Miami Marlins @ New York Yankees,"sports,mlb"
2024-04-09,19,yankee,MLB,Miami Marlins @ New York Yankees,"sports,mlb"
2024-04-10,19,barclays,NBA,TOR @ BKN,"sports,nba"
2024-04-10,19,yankee,MLB,Miami Marlins @ New York Yankees,"sports,mlb"
2024-04-12,19,citi,MLB,Kansas City Royals @ New York Mets,"sports,mlb"
2024-04-12,19,msg,NBA,BKN @ NYK,"sports,nba"
2024-04-13,13,citi,MLB,Kansas City Royals @ New York Mets,"sports,mlb"
2024-04-13,19,red_bulls,MLS,Chicago @ Red Bulls,"sports,mls,soccer"
2024-04-13,19,yankee,MLS,New England @ NYCFC,"sports,mls,soccer"
2024-04-14,13,citi,MLB,Kansas City Royals @ New York Mets,"sports,mlb"
2024-04-14,19,msg,NBA,CHI @ NYK,"sports,nba"
2024-04-15,19,citi,MLB,Pittsburgh Pirates @ New York Mets,"sports,mlb"
2024-04-16,19,citi,MLB,Pittsburgh Pirates @ New York Mets,"sports,mlb"
2024-04-17,13,citi,MLB,Pittsburgh Pirates @ New York Mets,"sports,mlb"
2024-04-19,19,yankee,MLB,Tampa Bay Rays @ New York Yankees,"sports,mlb"
2024-04-20,19,citi,MLS,D.C. @ NYCFC,"sports,mls,soccer"
2024-04-20,19,msg,NBA,PHI @ NYK,"sports,nba"
2024-04-20,13,yankee,MLB,Tampa Bay Rays @ New York Yankees,"sports,mlb"
2024-04-21,13,yankee,MLB,Tampa Bay Rays @ New York Yankees,"sports,mlb"
2024-04-22,19,msg,NBA,PHI @ NYK,"sports,nba"
2024-04-22,13,yankee,MLB,Oakland Athletics @ New York Yankees,"sports,mlb"
2024-04-23,19,yankee,MLB,Oakland Athletics @ New York Yankees,"sports,mlb"
2024-04-24,19,yankee,MLB,Oakland Athletics @ New York Yankees,"sports,mlb"
2024-04-25,19,yankee,MLB,Oakland Athletics @ New York Yankees,"sports,mlb"
2024-04-26,19,citi,MLB,St. Louis Cardinals @ New York Mets,"sports,mlb"
2024-04-26,20,msg,Concert,Billy Joel MSG residency,"concerts,rock,residency"
2024-04-27,16,citi,MLB,St. Louis Cardinals @ New York Mets,"sports,mlb"
2024-04-27,19,red_bulls,MLS,Vancouver @ Red Bulls,"sports,mls,soccer"
2024-04-27,19,yankee,MLS,Charlotte @ NYCFC,"sports,mls,soccer"
2024-04-28,13,citi,MLB,St. Louis Cardinals @ New York Mets,"sports,mlb"
2024-04-29,19,citi,MLB,Chicago Cubs @ New York Mets,"sports,mlb"
2024-04-30,19,citi,MLB,Chicago Cubs @ New York Mets,"sports,mlb"
2024-04-30,19,msg,NBA,PHI @ NYK,"sports,nba"
2024-05-01,19,citi,MLB,Chicago Cubs @ New York Mets,"sports,mlb"
2024-05-02,13,citi,MLB,Chicago Cubs @ New York Mets,"sports,mlb"
2024-05-03,19,yankee,MLB,Detroit Tigers @ New York Yankees,"sports,mlb"
2024-05-04,13,yankee,MLB,Detroit Tigers @ New York Yankees,"sports,mlb"
2024-05-05,16,citi,MLS,Colorado @ NYCFC,"sports,mls,soccer"
2024-05-05,13,yankee,MLB,Detroit Tigers @ New York Yankees,"sports,mlb"
2024-05-06,19,msg,NBA,IND @ NYK,"sports,nba"
2024-05-07,19,yankee,MLB,Houston Astros @ New York Yankees,"sports,mlb"
2024-05-08,19,msg,NBA,IND @ NYK,"sports,nba"
2024-05-08,19,yankee,MLB,Houston Astros @ New York Yankees,"sports,mlb"
2024-05-09,20,msg,Concert,Billy Joel MSG residency,"concerts,rock,residency"
2024-05-09,17,yankee,MLB,Houston Astros @ New York Yankees,"sports,mlb"
2024-05-10,19,citi,MLB,Atlanta Braves @ New York Mets,"sports,mlb"
2024-05-11,16,citi,MLB,Atlanta Braves @ New York Mets,"sports,mlb"
2024-05-11,19,red_bulls,MLS,New England @ Red Bulls,"sports,mls,soccer"
2024-05-12,19,citi,MLB,Atlanta Braves @ New York Mets,"sports,mlb"
2024-05-13,19,citi,MLB,Philadelphia Phillies @ New York Mets,"sports,mlb"
2024-05-14,13,citi,MLB,Philadelphia Phillies @ New York Mets,"sports,mlb"
2024-05-14,19,msg,NBA,IND @ NYK,"sports,nba"
2024-05-17,19,yankee,MLB,Chicago White Sox @ New York Yankees,"sports,mlb"
2024-05-18,19,citi,MLS,New York @ NYCFC,"sports,mls,soccer"
2024-05-18,13,yankee,MLB,Chicago White Sox @ New York Yankees,"sports,mlb"
2024-05-19,19,msg,NBA,IND @ NYK,"sports,nba"
2024-05-19,13,yankee,MLB,Chicago White Sox @ New York Yankees,"sports,mlb"
2024-05-20,19,yankee,MLB,Seattle Mariners @ New York Yankees,"sports,mlb"
2024-05-21,19,yankee,MLB,Seattle Mariners @ New York Yankees,"sports,mlb"
2024-05-22,19,yankee,MLB,Seattle Mariners @ New York Yankees,"sports,mlb"
2024-05-23,12,yankee,MLB,Seattle Mariners @ New York Yankees,"sports,mlb"
2024-05-24,19,citi,MLB,San Francisco Giants @ New York Mets,"sports,mlb"
2024-05-25,13,citi,MLB,San Francisco Giants @ New York Mets,"sports,mlb"
2024-05-26,13,citi,MLB,San Francisco Giants @ New York Mets,"sports,mlb"
2024-05-27,16,citi,MLB,Los Angeles Dodgers @ New York Mets,"sports,mlb"
2024-05-28,16,citi,MLB,Los Angeles Dodgers @ New York Mets,"sports,mlb"
2024-05-29,16,citi,MLB,Los Angeles Dodgers @ New York Mets,"sports,mlb"
2024-05-29,19,red_bulls,MLS,Charlotte @ Red Bulls,"sports,mls,soccer"
2024-05-30,19,citi,MLB,Arizona Diamondbacks @ New York Mets,"sports,mlb"
2024-05-31,19,citi,MLB,Arizona Diamondbacks @ New York Mets,"sports,mlb"
2024-05-31,19,yankee,MLS,San Jose @ NYCFC,"sports,mls,soccer"
2024-06-01,16,citi,MLB,Arizona Diamondbacks @ New York Mets,"sports,mlb"
2024-06-01,19,red_bulls,MLS,Orlando @ Red Bulls,"sports,mls,soccer"
2024-06-02,13,citi,MLB,Arizona Diamondbacks @ New York Mets,"sports,mlb"
2024-06-04,19,yankee,MLB,Minnesota Twins @ New York Yankees,"sports,mlb"
2024-06-05,19,yankee,MLB,Minnesota Twins @ New York Yankees,"sports,mlb"
2024-06-06,19,yankee,MLB,Minnesota Twins @ New York Yankees,"sports,mlb"
2024-06-07,20,msg,Concert,Madonna Celebration Tour,"concerts,pop"
2024-06-07,19,yankee,MLB,Los Angeles Dodgers @ New York Yankees,"sports,mlb"
2024-06-08,13,citi,MLB,Philadelphia Phillies @ New York Mets,"sports,mlb"
2024-06-08,20,msg,Concert,Billy Joel MSG residency,"concerts,rock,residency"
2024-06-08,20,msg,Concert,Madonna Celebration Tour,"concerts,pop"
2024-06-08,19,yankee,MLB,Los Angeles Dodgers @ New York Yankees,"sports,mlb"
2024-06-09,19,yankee,MLB,Los Angeles Dodgers @ New York Yankees,"sports,mlb"
2024-06-11,19,citi,MLB,Miami Marlins @ New York Mets,"sports,mlb"
2024-06-12,19,citi,MLB,Miami Marlins @ New York Mets,"sports,mlb"
2024-06-13,19,citi,MLB,Miami Marlins @ New York Mets,"sports,mlb"
2024-06-14,19,citi,MLB,San Diego Padres @ New York Mets,"sports,mlb"
2024-06-14,20,yankee,MLS,Columbus @ NYCFC,"sports,mls,soccer"
2024-06-15,16,citi,MLB,San Diego Padres @ New York Mets,"sports,mlb"
2024-06-15,19,red_bulls,MLS,Nashville @ Red Bulls,"sports,mls,soccer"
2024-06-16,13,citi,MLB,San Diego Padres @ New York Mets,"sports,mlb"
2024-06-18,19,yankee,MLB,Baltimore Orioles @ New York Yankees,"sports,mlb"
2024-06-19,19,yankee,MLB,Baltimore Orioles @ New York Yankees,"sports,mlb"
2024-06-20,16,yankee,MLB,Baltimore Orioles @ New York Yankees,"sports,mlb"
2024-06-21,19,yankee,MLB,Atlanta Braves @ New York Yankees,"sports,mlb"
2024-06-22,19,red_bulls,MLS,Toronto @ Red Bulls,"sports,mls,soccer"
2024-06-22,19,yankee,MLB,Atlanta Braves @ New York Yankees,"sports,mlb"
2024-06-23,13,yankee,MLB,Atlanta Braves @ New York Yankees,"sports,mlb"
2024-06-25,19,citi,MLB,New York Yankees @ New York Mets,"sports,mlb"
2024-06-26,19,citi,MLB,New York Yankees @ New York Mets,"sports,mlb"
2024-06-28,19,citi,MLB,Houston Astros @ New York Mets,"sports,mlb"
2024-06-28,19,yankee,MLS,Orlando @ NYCFC,"sports,mls,soccer"
2024-06-29,16,citi,MLB,Houston Astros @ New York Mets,"sports,mlb"
2024-06-29,19,red_bulls,MLS,D.C. @ Red Bulls,"sports,mls,soccer"
2024-06-30,13,citi,MLB,Houston Astros @ New York Mets,"sports,mlb"
2024-06-30,12,times_sq,StreetClosure,NYC Pride March 2024,"street_closure,parade,pride"
2024-07-02,19,yankee,MLB,Cincinnati Reds @ New York Yankees,"sports,mlb"
2024-07-03,19,citi,MLS,Montréal @ NYCFC,"sports,mls,soccer"
2024-07-03,19,yankee,MLB,Cincinnati Reds @ New York Yankees,"sports,mlb"
2024-07-04,13,yankee,MLB,Cincinnati Reds @ New York Yankees,"sports,mlb"
2024-07-05,19,yankee,MLB,Boston Red Sox @ New York Yankees,"sports,mlb"
2024-07-06,13,yankee,MLB,Boston Red Sox @ New York Yankees,"sports,mlb"
2024-07-07,19,yankee,MLB,Boston Red Sox @ New York Yankees,"sports,mlb"
2024-07-09,19,citi,MLB,Washington Nationals @ New York Mets,"sports,mlb"
2024-07-10,19,citi,MLB,Washington Nationals @ New York Mets,"sports,mlb"
2024-07-11,13,citi,MLB,Washington Nationals @ New York Mets,"sports,mlb"
2024-07-12,19,citi,MLB,Colorado Rockies @ New York Mets,"sports,mlb"
2024-07-13,16,citi,MLB,Colorado Rockies @ New York Mets,"sports,mlb"
2024-07-14,13,citi,MLB,Colorado Rockies @ New York Mets,"sports,mlb"
2024-07-17,19,red_bulls,MLS,Montréal @ Red Bulls,"sports,mls,soccer"
2024-07-19,19,yankee,MLB,Tampa Bay Rays @ New York Yankees,"sports,mlb"
2024-07-20,19,red_bulls,MLS,Cincinnati @ Red Bulls,"sports,mls,soccer"
2024-07-20,13,yankee,MLB,Tampa Bay Rays @ New York Yankees,"sports,mlb"
2024-07-21,13,yankee,MLB,Tampa Bay Rays @ New York Yankees,"sports,mlb"
2024-07-22,13,yankee,MLB,Tampa Bay Rays @ New York Yankees,"sports,mlb"
2024-07-23,19,yankee,MLB,New York Mets @ New York Yankees,"sports,mlb"
2024-07-24,19,yankee,MLB,New York Mets @ New York Yankees,"sports,mlb"
2024-07-25,19,citi,MLB,Atlanta Braves @ New York Mets,"sports,mlb"
2024-07-25,20,msg,Concert,Billy Joel MSG residency,"concerts,rock,residency"
2024-07-26,19,citi,MLB,Atlanta Braves @ New York Mets,"sports,mlb"
2024-07-27,16,citi,MLB,Atlanta Braves @ New York Mets,"sports,mlb"
2024-07-28,13,citi,MLB,Atlanta Braves @ New York Mets,"sports,mlb"
2024-07-29,19,citi,MLB,Minnesota Twins @ New York Mets,"sports,mlb"
2024-07-30,19,citi,MLB,Minnesota Twins @ New York Mets,"sports,mlb"
2024-07-31,13,citi,MLB,Minnesota Twins @ New York Mets,"sports,mlb"
2024-08-02,20,citi,Concert,Dead & Company Citi Field,"concerts,rock"
2024-08-02,19,yankee,MLB,Toronto Blue Jays @ New York Yankees,"sports,mlb"
2024-08-03,20,citi,Concert,Dead & Company Citi Field,"concerts,rock"
2024-08-03,13,yankee,MLB,Toronto Blue Jays @ New York Yankees,"sports,mlb"
2024-08-04,13,yankee,MLB,Toronto Blue Jays @ New York Yankees,"sports,mlb"
2024-08-06,19,yankee,MLB,Los Angeles Angels @ New York Yankees,"sports,mlb"
2024-08-07,16,yankee,MLB,Los Angeles Angels @ New York Yankees,"sports,mlb"
2024-08-08,19,yankee,MLB,Los Angeles Angels @ New York Yankees,"sports,mlb"
2024-08-09,19,yankee,MLB,Texas Rangers @ New York Yankees,"sports,mlb"
2024-08-10,13,yankee,MLB,Texas Rangers @ New York Yankees,"sports,mlb"
2024-08-11,13,yankee,MLB,Texas Rangers @ New York Yankees,"sports,mlb"
2024-08-13,19,citi,MLB,Oakland Athletics @ New York Mets,"sports,mlb"
2024-08-14,19,citi,MLB,Oakland Athletics @ New York Mets,"sports,mlb"
2024-08-15,13,citi,MLB,Oakland Athletics @ New York Mets,"sports,mlb"
2024-08-16,19,citi,MLB,Miami Marlins @ New York Mets,"sports,mlb"
2024-08-17,16,citi,MLB,Miami Marlins @ New York Mets,"sports,mlb"
2024-08-18,12,citi,MLB,Miami Marlins @ New York Mets,"sports,mlb"
2024-08-19,19,citi,MLB,Baltimore Orioles @ New York Mets,"sports,mlb"
2024-08-20,19,citi,MLB,Baltimore Orioles @ New York Mets,"sports,mlb"
2024-08-20,19,yankee,MLB,Cleveland Guardians @ New York Yankees,"sports,mlb"
2024-08-21,13,citi,MLB,Baltimore Orioles @ New York Mets,"sports,mlb"
2024-08-21,19,yankee,MLB,Cleveland Guardians @ New York Yankees,"sports,mlb"
2024-08-22,13,yankee,MLB,Cleveland Guardians @ New York Yankees,"sports,mlb"
2024-08-23,19,yankee,MLB,Colorado Rockies @ New York Yankees,"sports,mlb"
2024-08-24,19,citi,MLS,Chicago @ NYCFC,"sports,mls,soccer"
2024-08-24,14,yankee,MLB,Colorado Rockies @ New York Yankees,"sports,mlb"
2024-08-25,13,yankee,MLB,Colorado Rockies @ New York Yankees,"sports,mlb"
2024-08-28,11,us_open,Tennis,US Open 2024,"sports,tennis"
2024-08-29,11,us_open,Tennis,US Open 2024,"sports,tennis"
2024-08-30,11,us_open,Tennis,US Open 2024,"sports,tennis"
2024-08-30,19,yankee,MLB,St. Louis Cardinals @ New York Yankees,"sports,mlb"
2024-08-31,19,red_bulls,MLS,Philadelphia @ Red Bulls,"sports,mls,soccer"
2024-08-31,11,us_open,Tennis,US Open 2024,"sports,tennis"
2024-08-31,13,yankee,MLB,St. Louis Cardinals @ New York Yankees,"sports,mlb"
2024-09-01,11,us_open,Tennis,US Open 2024,"sports,tennis"
2024-09-01,13,yankee,MLB,St. Louis Cardinals @ New York Yankees,"sports,mlb"
2024-09-02,19,citi,MLB,Boston Red Sox @ New York Mets,"sports,mlb"
2024-09-02,11,us_open,Tennis,US Open 2024,"sports,tennis"
2024-09-03,19,citi,MLB,Boston Red Sox @ New York Mets,"sports,mlb"
2024-09-03,11,us_open,Tennis,US Open 2024,"sports,tennis"
2024-09-04,19,citi,MLB,Boston Red Sox @ New York Mets,"sports,mlb"
2024-09-04,11,us_open,Tennis,US Open 2024,"sports,tennis"
2024-09-05,11,us_open,Tennis,US Open 2024,"sports,tennis"
2024-09-06,19,citi,MLB,Cincinnati Reds @ New York Mets,"sports,mlb"
2024-09-06,11,us_open,Tennis,US Open 2024,"sports,tennis"
2024-09-07,16,citi,MLB,Cincinnati Reds @ New York Mets,"sports,mlb"
2024-09-07,19,red_bulls,MLS,Kansas City @ Red Bulls,"sports,mls,soccer"
2024-09-07,11,us_open,Tennis,US Open 2024,"sports,tennis"
2024-09-08,13,citi,MLB,Cincinnati Reds @ New York Mets,"sports,mlb"
2024-09-08,13,metlife,NFL,MIN @ NYG,"sports,nfl"
2024-09-08,11,us_open,Tennis,US Open 2024,"sports,tennis"
2024-09-09,11,us_open,Tennis,US Open 2024,"sports,tennis"
2024-09-09,19,yankee,MLB,Kansas City Royals @ New York Yankees,"sports,mlb"
2024-09-10,11,us_open,Tennis,US Open 2024,"sports,tennis"
2024-09-10,19,yankee,MLB,Kansas City Royals @ New York Yankees,"sports,mlb"
2024-09-11,19,yankee,MLB,Kansas City Royals @ New York Yankees,"sports,mlb"
2024-09-12,19,yankee,MLB,Boston Red Sox @ New York Yankees,"sports,mlb"
2024-09-13,19,yankee,MLB,Boston Red Sox @ New York Yankees,"sports,mlb"
2024-09-14,13,yankee,MLB,Boston Red Sox @ New York Yankees,"sports,mlb"
2024-09-15,13,yankee,MLB,Boston Red Sox @ New York Yankees,"sports,mlb"
2024-09-16,19,citi,MLB,Washington Nationals @ New York Mets,"sports,mlb"
2024-09-17,19,citi,MLB,Washington Nationals @ New York Mets,"sports,mlb"
2024-09-18,19,citi,MLB,Washington Nationals @ New York Mets,"sports,mlb"
2024-09-18,19,yankee,MLS,Philadelphia @ NYCFC,"sports,mls,soccer"
2024-09-19,19,citi,MLB,Philadelphia Phillies @ New York Mets,"sports,mlb"
2024-09-19,20,metlife,NFL,NE @ NYJ,"sports,nfl"
2024-09-20,19,citi,MLB,Philadelphia Phillies @ New York Mets,"sports,mlb"
2024-09-21,16,citi,MLB,Philadelphia Phillies @ New York Mets,"sports,mlb"
2024-09-21,19,red_bulls,MLS,Atlanta @ Red Bulls,"sports,mls,soccer"
2024-09-21,14,yankee,MLS,Miami @ NYCFC,"sports,mls,soccer"
2024-09-22,19,citi,MLB,Philadelphia Phillies @ New York Mets,"sports,mlb"
2024-09-24,19,yankee,MLB,Baltimore Orioles @ New York Yankees,"sports,mlb"
2024-09-25,19,yankee,MLB,Baltimore Orioles @ New York Yankees,"sports,mlb"
2024-09-26,20,metlife,NFL,DAL @ NYG,"sports,nfl"
2024-09-26,19,yankee,MLB,Baltimore Orioles @ New York Yankees,"sports,mlb"
2024-09-27,19,yankee,MLB,Pittsburgh Pirates @ New York Yankees,"sports,mlb"
2024-09-28,19,red_bulls,MLS,New York City @ Red Bulls,"sports,mls,soccer"
2024-09-28,13,yankee,MLB,Pittsburgh Pirates @ New York Yankees,"sports,mlb"
2024-09-29,13,metlife,NFL,DEN @ NYJ,"sports,nfl"
2024-09-29,15,yankee,MLB,Pittsburgh Pirates @ New York Yankees,"sports,mlb"
2024-10-02,19,red_bulls,MLS,Cincinnati @ NYCFC,"sports,mls,soccer"
2024-10-05,20,barclays,Concert,Bad Bunny Most Wanted Tour,"concerts,latin"
2024-10-06,20,barclays,Concert,Bad Bunny Most Wanted Tour,"concerts,latin"
2024-10-06,16,red_bulls,MLS,Nashville @ NYCFC,"sports,mls,soccer"
2024-10-09,19,msg,NBA,WAS @ NYK,"sports,nba"
2024-10-13,20,metlife,NFL,CIN @ NYG,"sports,nfl"
2024-10-13,19,msg,NBA,MIN @ NYK,"sports,nba"
2024-10-14,19,barclays,NBA,WAS @ BKN,"sports,nba"
2024-10-14,20,metlife,NFL,BUF @ NYJ,"sports,nfl"
2024-10-15,19,msg,NBA,CHA @ NYK,"sports,nba"
2024-10-18,19,barclays,NBA,TOR @ BKN,"sports,nba"
2024-10-19,18,red_bulls,MLS,Columbus @ Red Bulls,"sports,mls,soccer"
2024-10-20,13,metlife,NFL,PHI @ NYG,"sports,nfl"
2024-10-25,19,msg,NBA,IND @ NYK,"sports,nba"
2024-10-27,19,barclays,NBA,MIL @ BKN,"sports,nba"
2024-10-28,19,msg,NBA,CLE @ NYK,"sports,nba"
2024-10-29,19,barclays,NBA,DEN @ BKN,"sports,nba"
2024-10-31,20,metlife,NFL,HOU @ NYJ,"sports,nfl"
2024-11-01,19,barclays,NBA,CHI @ BKN,"sports,nba"
2024-11-03,19,barclays,NBA,DET @ BKN,"sports,nba"
2024-11-03,8,marathon,Marathon,NYC Marathon 2024,"sports,marathon,street_closure"
2024-11-03,13,metlife,NFL,WAS @ NYG,"sports,nfl"
2024-11-04,19,barclays,NBA,MEM @ BKN,"sports,nba"
2024-11-08,19,msg,NBA,MIL @ NYK,"sports,nba"
2024-11-13,19,barclays,NBA,BOS @ BKN,"sports,nba"
2024-11-13,19,msg,NBA,CHI @ NYK,"sports,nba"
2024-11-15,19,msg,NBA,BKN @ NYK,"sports,nba"
2024-11-17,13,metlife,NFL,IND @ NYJ,"sports,nfl"
2024-11-17,19,msg,NBA,BKN @ NYK,"sports,nba"
2024-11-18,19,msg,NBA,WAS @ NYK,"sports,nba"
2024-11-19,19,barclays,NBA,CHA @ BKN,"sports,nba"
2024-11-22,20,msg,Concert,Phish,"concerts,rock"
2024-11-24,13,metlife,NFL,TB @ NYG,"sports,nfl"
2024-11-27,18,macys_parade,StreetClosure,Macy's Balloon Inflation 2024,"street_closure,parade,thanksgiving,inflation"
2024-11-28,9,macys_parade,StreetClosure,Macy's Thanksgiving Day Parade 2024,"street_closure,parade,thanksgiving"
2024-11-29,19,barclays,NBA,ORL @ BKN,"sports,nba"
2024-12-01,19,barclays,NBA,ORL @ BKN,"sports,nba"
2024-12-01,13,metlife,NFL,SEA @ NYJ,"sports,nfl"
2024-12-01,19,msg,NBA,NOP @ NYK,"sports,nba"
2024-12-03,19,msg,NBA,ORL @ NYK,"sports,nba"
2024-12-04,19,barclays,NBA,IND @ BKN,"sports,nba"
2024-12-05,19,msg,NBA,CHA @ NYK,"sports,nba"
2024-12-07,19,msg,NBA,DET @ NYK,"sports,nba"
2024-12-08,19,barclays,NBA,MIL @ BKN,"sports,nba"
2024-12-08,13,metlife,NFL,NO @ NYG,"sports,nfl"
2024-12-11,19,msg,NBA,ATL @ NYK,"sports,nba"
2024-12-15,13,metlife,NFL,BAL @ NYG,"sports,nfl"
2024-12-16,19,barclays,NBA,CLE @ BKN,"sports,nba"
2024-12-21,19,barclays,NBA,UTA @ BKN,"sports,nba"
2024-12-22,13,metlife,NFL,LA @ NYJ,"sports,nfl"
2024-12-23,19,msg,NBA,TOR @ NYK,"sports,nba"
2024-12-25,19,msg,NBA,SAS @ NYK,"sports,nba"
2024-12-27,19,barclays,NBA,SAS @ BKN,"sports,nba"
2024-12-28,20,msg,Concert,Phish NYE run,"concerts,rock"
2024-12-29,13,metlife,NFL,IND @ NYG,"sports,nfl"
2024-12-29,20,msg,Concert,Phish NYE run,"concerts,rock"
2024-12-30,20,msg,Concert,Phish NYE run,"concerts,rock"
2024-12-31,20,msg,Concert,Phish NYE run,"concerts,rock"
2024-12-31,18,times_sq,StreetClosure,Times Square NYE 2024,"street_closure,nye,times_square"
2025-01-01,19,msg,NBA,UTA @ NYK,"sports,nba"
2025-01-04,19,barclays,NBA,PHI @ BKN,"sports,nba"
2025-01-05,16,metlife,NFL,MIA @ NYJ,"sports,nfl"
2025-01-06,19,barclays,NBA,IND @ BKN,"sports,nba"
2025-01-06,19,msg,NBA,ORL @ NYK,"sports,nba"
2025-01-08,19,barclays,NBA,DET @ BKN,"sports,nba"
2025-01-08,19,msg,NBA,TOR @ NYK,"sports,nba"
2025-01-10,19,msg,NBA,OKC @ NYK,"sports,nba"
2025-01-12,19,msg,NBA,MIL @ NYK,"sports,nba"
2025-01-13,19,msg,NBA,DET @ NYK,"sports,nba"
2025-01-17,19,msg,NBA,MIN @ NYK,"sports,nba"
2025-01-20,19,msg,NBA,ATL @ NYK,"sports,nba"
2025-01-21,19,barclays,NBA,NYK @ BKN,"sports,nba"
2025-01-22,19,barclays,NBA,PHX @ BKN,"sports,nba"
2025-01-25,19,barclays,NBA,MIA @ BKN,"sports,nba"
2025-01-25,19,msg,NBA,SAC @ NYK,"sports,nba"
2025-01-27,19,barclays,NBA,SAC @ BKN,"sports,nba"
2025-01-27,19,msg,NBA,MEM @ NYK,"sports,nba"
2025-01-29,19,msg,NBA,DEN @ NYK,"sports,nba"
2025-02-01,19,msg,NBA,LAL @ NYK,"sports,nba"
2025-02-03,19,msg,NBA,HOU @ NYK,"sports,nba"
2025-02-04,19,barclays,NBA,HOU @ BKN,"sports,nba"
2025-02-05,19,barclays,NBA,WAS @ BKN,"sports,nba"
2025-02-07,19,barclays,NBA,MIA @ BKN,"sports,nba"
2025-02-08,19,msg,NBA,BOS @ NYK,"sports,nba"
2025-02-10,19,barclays,NBA,CHA @ BKN,"sports,nba"
2025-02-12,19,barclays,NBA,PHI @ BKN,"sports,nba"
2025-02-12,19,msg,NBA,ATL @ NYK,"sports,nba"
2025-02-20,19,barclays,NBA,CLE @ BKN,"sports,nba"
2025-02-20,19,msg,NBA,CHI @ NYK,"sports,nba"
2025-02-26,19,barclays,NBA,OKC @ BKN,"sports,nba"
2025-02-26,19,msg,NBA,PHI @ NYK,"sports,nba"
2025-02-28,19,barclays,NBA,POR @ BKN,"sports,nba"
2025-03-04,19,msg,NBA,GSW @ NYK,"sports,nba"
2025-03-06,19,barclays,NBA,GSW @ BKN,"sports,nba"
2025-03-08,19,yankee,MLS,Orlando @ NYCFC,"sports,mls,soccer"
2025-03-10,19,barclays,NBA,LAL @ BKN,"sports,nba"
2025-03-15,19,barclays,NBA,BOS @ BKN,"sports,nba"
2025-03-15,19,yankee,MLS,New England @ NYCFC,"sports,mls,soccer"
2025-03-16,19,barclays,NBA,ATL @ BKN,"sports,nba"
2025-03-17,19,msg,NBA,MIA @ NYK,"sports,nba"
2025-03-17,11,st_patricks,StreetClosure,NYC St. Patrick's Day Parade 2025,"street_closure,parade,st_patricks"
2025-03-22,19,msg,NBA,WAS @ NYK,"sports,nba"
2025-03-24,19,barclays,NBA,DAL @ BKN,"sports,nba"
2025-03-25,19,msg,NBA,DAL @ NYK,"sports,nba"
2025-03-26,19,barclays,NBA,TOR @ BKN,"sports,nba"
2025-03-26,19,msg,NBA,LAC @ NYK,"sports,nba"
2025-03-27,15,yankee,MLB,Milwaukee Brewers @ New York Yankees,"sports,mlb"
2025-03-28,19,barclays,NBA,LAC @ BKN,"sports,nba"
2025-03-28,20,msg,Concert,Lady Gaga Mayhem Ball,"concerts,pop"
2025-03-29,20,msg,Concert,Lady Gaga Mayhem Ball,"concerts,pop"
2025-03-29,13,yankee,MLB,Milwaukee Brewers @ New York Yankees,"sports,mlb"
2025-03-30,19,msg,NBA,POR @ NYK,"sports,nba"
2025-03-30,13,yankee,MLB,Milwaukee Brewers @ New York Yankees,"sports,mlb"
2025-04-01,19,msg,NBA,PHI @ NYK,"sports,nba"
2025-04-01,19,yankee,MLB,Arizona Diamondbacks @ New York Yankees,"sports,mlb"
2025-04-02,19,yankee,MLB,Arizona Diamondbacks @ New York Yankees,"sports,mlb"
2025-04-03,19,barclays,NBA,MIN @ BKN,"sports,nba"
2025-04-03,19,yankee,MLB,Arizona Diamondbacks @ New York Yankees,"sports,mlb"
2025-04-04,15,citi,MLB,Toronto Blue Jays @ New York Mets,"sports,mlb"
2025-04-05,19,citi,MLB,Toronto Blue Jays @ New York Mets,"sports,mlb"
2025-04-06,19,barclays,NBA,TOR @ BKN,"sports,nba"
2025-04-06,13,citi,MLB,Toronto Blue Jays @ New York Mets,"sports,mlb"
2025-04-06,19,msg,NBA,PHX @ NYK,"sports,nba"
2025-04-06,15,yankee,MLS,Minnesota @ NYCFC,"sports,mls,soccer"
2025-04-07,19,citi,MLB,Miami Marlins @ New York Mets,"sports,mlb"
2025-04-08,19,barclays,NBA,NOP @ BKN,"sports,nba"
2025-04-08,16,citi,MLB,Miami Marlins @ New York Mets,"sports,mlb"
2025-04-08,19,msg,NBA,BOS @ NYK,"sports,nba"
2025-04-09,13,citi,MLB,Miami Marlins @ New York Mets,"sports,mlb"
2025-04-10,19,barclays,NBA,ATL @ BKN,"sports,nba"
2025-04-11,19,msg,NBA,CLE @ NYK,"sports,nba"
2025-04-11,19,yankee,MLB,San Francisco Giants @ New York Yankees,"sports,mlb"
2025-04-12,19,citi,MLS,Philadelphia @ NYCFC,"sports,mls,soccer"
2025-04-12,15,yankee,MLB,San Francisco Giants @ New York Yankees,"sports,mlb"
2025-04-13,19,barclays,NBA,NYK @ BKN,"sports,nba"
2025-04-13,13,yankee,MLB,San Francisco Giants @ New York Yankees,"sports,mlb"
2025-04-14,19,yankee,MLB,Kansas City Royals @ New York Yankees,"sports,mlb"
2025-04-15,19,yankee,MLB,Kansas City Royals @ New York Yankees,"sports,mlb"
2025-04-16,19,yankee,MLB,Kansas City Royals @ New York Yankees,"sports,mlb"
2025-04-17,19,citi,MLB,St. Louis Cardinals @ New York Mets,"sports,mlb"
2025-04-18,19,citi,MLB,St. Louis Cardinals @ New York Mets,"sports,mlb"
2025-04-19,16,citi,MLB,St. Louis Cardinals @ New York Mets,"sports,mlb"
2025-04-19,19,msg,NBA,DET @ NYK,"sports,nba"
2025-04-20,13,citi,MLB,St. Louis Cardinals @ New York Mets,"sports,mlb"
2025-04-21,19,citi,MLB,Philadelphia Phillies @ New York Mets,"sports,mlb"
2025-04-21,19,msg,NBA,DET @ NYK,"sports,nba"
2025-04-22,19,citi,MLB,Philadelphia Phillies @ New York Mets,"sports,mlb"
2025-04-23,13,citi,MLB,Philadelphia Phillies @ New York Mets,"sports,mlb"
2025-04-25,19,yankee,MLB,Toronto Blue Jays @ New York Yankees,"sports,mlb"
2025-04-26,13,yankee,MLB,Toronto Blue Jays @ New York Yankees,"sports,mlb"
2025-04-27,13,yankee,MLB,Toronto Blue Jays @ New York Yankees,"sports,mlb"
2025-04-29,19,citi,MLB,Arizona Diamondbacks @ New York Mets,"sports,mlb"
2025-04-29,19,msg,NBA,DET @ NYK,"sports,nba"
2025-04-30,19,citi,MLB,Arizona Diamondbacks @ New York Mets,"sports,mlb"
2025-05-01,13,citi,MLB,Arizona Diamondbacks @ New York Mets,"sports,mlb"
2025-05-02,19,yankee,MLB,Tampa Bay Rays @ New York Yankees,"sports,mlb"
2025-05-03,13,yankee,MLB,Tampa Bay Rays @ New York Yankees,"sports,mlb"
2025-05-04,15,citi,MLS,Cincinnati @ NYCFC,"sports,mls,soccer"
2025-05-04,13,yankee,MLB,Tampa Bay Rays @ New York Yankees,"sports,mlb"
2025-05-05,19,yankee,MLB,San Diego Padres @ New York Yankees,"sports,mlb"
2025-05-06,19,yankee,MLB,San Diego Padres @ New York Yankees,"sports,mlb"
2025-05-07,19,yankee,MLB,San Diego Padres @ New York Yankees,"sports,mlb"
2025-05-09,19,citi,MLB,Chicago Cubs @ New York Mets,"sports,mlb"
2025-05-10,19,citi,MLB,Chicago Cubs @ New York Mets,"sports,mlb"
2025-05-10,19,msg,NBA,BOS @ NYK,"sports,nba"
2025-05-10,19,yankee,MLS,Montréal @ NYCFC,"sports,mls,soccer"
2025-05-11,12,citi,MLB,Chicago Cubs @ New York Mets,"sports,mlb"
2025-05-12,19,citi,MLB,Pittsburgh Pirates @ New York Mets,"sports,mlb"
2025-05-12,19,msg,NBA,BOS @ NYK,"sports,nba"
2025-05-13,19,citi,MLB,Pittsburgh Pirates @ New York Mets,"sports,mlb"
2025-05-14,19,citi,MLB,Pittsburgh Pirates @ New York Mets,"sports,mlb"
2025-05-16,19,msg,NBA,BOS @ NYK,"sports,nba"
2025-05-16,19,yankee,MLB,New York Mets @ New York Yankees,"sports,mlb"
2025-05-17,16,citi,MLS,New York @ NYCFC,"sports,mls,soccer"
2025-05-17,13,yankee,MLB,New York Mets @ New York Yankees,"sports,mlb"
2025-05-18,19,yankee,MLB,New York Mets @ New York Yankees,"sports,mlb"
2025-05-20,19,yankee,MLB,Texas Rangers @ New York Yankees,"sports,mlb"
2025-05-21,19,msg,NBA,IND @ NYK,"sports,nba"
2025-05-21,19,yankee,MLB,Texas Rangers @ New York Yankees,"sports,mlb"
2025-05-22,12,yankee,MLB,Texas Rangers @ New York Yankees,"sports,mlb"
2025-05-23,19,citi,MLB,Los Angeles Dodgers @ New York Mets,"sports,mlb"
2025-05-23,19,msg,NBA,IND @ NYK,"sports,nba"
2025-05-24,19,citi,MLB,Los Angeles Dodgers @ New York Mets,"sports,mlb"
2025-05-25,19,citi,MLB,Los Angeles Dodgers @ New York Mets,"sports,mlb"
2025-05-25,15,yankee,MLS,Chicago @ NYCFC,"sports,mls,soccer"
2025-05-26,16,citi,MLB,Chicago White Sox @ New York Mets,"sports,mlb"
2025-05-27,19,citi,MLB,Chicago White Sox @ New York Mets,"sports,mlb"
2025-05-28,13,citi,MLB,Chicago White Sox @ New York Mets,"sports,mlb"
2025-05-28,19,yankee,MLS,Houston @ NYCFC,"sports,mls,soccer"
2025-05-29,19,msg,NBA,IND @ NYK,"sports,nba"
2025-05-30,19,citi,MLB,Colorado Rockies @ New York Mets,"sports,mlb"
2025-05-31,16,citi,MLB,Colorado Rockies @ New York Mets,"sports,mlb"
2025-06-01,13,citi,MLB,Colorado Rockies @ New York Mets,"sports,mlb"
2025-06-03,19,yankee,MLB,Cleveland Guardians @ New York Yankees,"sports,mlb"
2025-06-04,19,yankee,MLB,Cleveland Guardians @ New York Yankees,"sports,mlb"
2025-06-05,19,yankee,MLB,Cleveland Guardians @ New York Yankees,"sports,mlb"
2025-06-06,19,yankee,MLB,Boston Red Sox @ New York Yankees,"sports,mlb"
2025-06-07,19,yankee,MLB,Boston Red Sox @ New York Yankees,"sports,mlb"
2025-06-08,19,yankee,MLB,Boston Red Sox @ New York Yankees,"sports,mlb"
2025-06-10,19,citi,MLB,Washington Nationals @ New York Mets,"sports,mlb"
2025-06-11,19,citi,MLB,Washington Nationals @ New York Mets,"sports,mlb"
2025-06-12,13,citi,MLB,Washington Nationals @ New York Mets,"sports,mlb"
2025-06-12,19,yankee,MLS,Atlanta @ NYCFC,"sports,mls,soccer"
2025-06-13,19,citi,MLB,Tampa Bay Rays @ New York Mets,"sports,mlb"
2025-06-14,16,citi,MLB,Tampa Bay Rays @ New York Mets,"sports,mlb"
2025-06-15,13,citi,MLB,Tampa Bay Rays @ New York Mets,"sports,mlb"
2025-06-16,19,yankee,MLB,Los Angeles Angels @ New York Yankees,"sports,mlb"
2025-06-17,19,yankee,MLB,Los Angeles Angels @ New York Yankees,"sports,mlb"
2025-06-18,19,yankee,MLB,Los Angeles Angels @ New York Yankees,"sports,mlb"
2025-06-19,13,yankee,MLB,Los Angeles Angels @ New York Yankees,"sports,mlb"
2025-06-20,19,yankee,MLB,Baltimore Orioles @ New York Yankees,"sports,mlb"
2025-06-21,13,yankee,MLB,Baltimore Orioles @ New York Yankees,"sports,mlb"
2025-06-22,11,yankee,MLB,Baltimore Orioles @ New York Yankees,"sports,mlb"
2025-06-23,19,citi,MLB,Atlanta Braves @ New York Mets,"sports,mlb"
2025-06-24,19,citi,MLB,Atlanta Braves @ New York Mets,"sports,mlb"
2025-06-25,19,citi,MLB,Atlanta Braves @ New York Mets,"sports,mlb"
2025-06-26,19,citi,MLB,Atlanta Braves @ New York Mets,"sports,mlb"
2025-06-27,19,yankee,MLB,Athletics @ New York Yankees,"sports,mlb"
2025-06-28,13,yankee,MLB,Athletics @ New York Yankees,"sports,mlb"
2025-06-29,12,times_sq,StreetClosure,NYC Pride March 2025,"street_closure,parade,pride"
2025-06-29,13,yankee,MLB,Athletics @ New York Yankees,"sports,mlb"
2025-07-01,19,citi,MLB,Milwaukee Brewers @ New York Mets,"sports,mlb"
2025-07-02,13,citi,MLB,Milwaukee Brewers @ New York Mets,"sports,mlb"
2025-07-03,19,citi,MLB,Milwaukee Brewers @ New York Mets,"sports,mlb"
2025-07-03,19,yankee,MLS,Toronto @ NYCFC,"sports,mls,soccer"
2025-07-04,15,citi,MLB,New York Yankees @ New York Mets,"sports,mlb"
2025-07-05,16,citi,MLB,New York Yankees @ New York Mets,"sports,mlb"
2025-07-06,13,citi,MLB,New York Yankees @ New York Mets,"sports,mlb"
2025-07-08,19,yankee,MLB,Seattle Mariners @ New York Yankees,"sports,mlb"
2025-07-09,19,yankee,MLB,Seattle Mariners @ New York Yankees,"sports,mlb"
2025-07-10,19,yankee,MLB,Seattle Mariners @ New York Yankees,"sports,mlb"
2025-07-11,19,yankee,MLB,Chicago Cubs @ New York Yankees,"sports,mlb"
2025-07-12,13,yankee,MLB,Chicago Cubs @ New York Yankees,"sports,mlb"
2025-07-13,13,yankee,MLB,Chicago Cubs @ New York Yankees,"sports,mlb"
2025-07-18,19,citi,MLB,Cincinnati Reds @ New York Mets,"sports,mlb"
2025-07-19,16,citi,MLB,Cincinnati Reds @ New York Mets,"sports,mlb"
2025-07-20,13,citi,MLB,Cincinnati Reds @ New York Mets,"sports,mlb"
2025-07-21,19,citi,MLB,Los Angeles Angels @ New York Mets,"sports,mlb"
2025-07-22,19,citi,MLB,Los Angeles Angels @ New York Mets,"sports,mlb"
2025-07-23,13,citi,MLB,Los Angeles Angels @ New York Mets,"sports,mlb"
2025-07-25,19,yankee,MLB,Philadelphia Phillies @ New York Yankees,"sports,mlb"
2025-07-26,13,yankee,MLB,Philadelphia Phillies @ New York Yankees,"sports,mlb"
2025-07-27,13,yankee,MLB,Philadelphia Phillies @ New York Yankees,"sports,mlb"
2025-07-28,19,yankee,MLB,Tampa Bay Rays @ New York Yankees,"sports,mlb"
2025-07-29,19,yankee,MLB,Tampa Bay Rays @ New York Yankees,"sports,mlb"
2025-07-30,19,yankee,MLB,Tampa Bay Rays @ New York Yankees,"sports,mlb"
2025-07-31,13,yankee,MLB,Tampa Bay Rays @ New York Yankees,"sports,mlb"
2025-08-01,19,citi,MLB,San Francisco Giants @ New York Mets,"sports,mlb"
2025-08-02,16,citi,MLB,San Francisco Giants @ New York Mets,"sports,mlb"
2025-08-03,13,citi,MLB,San Francisco Giants @ New York Mets,"sports,mlb"
2025-08-04,19,citi,MLB,Cleveland Guardians @ New York Mets,"sports,mlb"
2025-08-05,19,citi,MLB,Cleveland Guardians @ New York Mets,"sports,mlb"
2025-08-06,13,citi,MLB,Cleveland Guardians @ New York Mets,"sports,mlb"
2025-08-08,19,yankee,MLB,Houston Astros @ New York Yankees,"sports,mlb"
2025-08-09,14,yankee,MLB,Houston Astros @ New York Yankees,"sports,mlb"
2025-08-10,13,yankee,MLB,Houston Astros @ New York Yankees,"sports,mlb"
2025-08-11,19,yankee,MLB,Minnesota Twins @ New York Yankees,"sports,mlb"
2025-08-12,19,citi,MLB,Atlanta Braves @ New York Mets,"sports,mlb"
2025-08-12,19,yankee,MLB,Minnesota Twins @ New York Yankees,"sports,mlb"
2025-08-13,19,citi,MLB,Atlanta Braves @ New York Mets,"sports,mlb"
2025-08-13,19,yankee,MLB,Minnesota Twins @ New York Yankees,"sports,mlb"
2025-08-14,19,citi,MLB,Atlanta Braves @ New York Mets,"sports,mlb"
2025-08-15,19,citi,MLB,Seattle Mariners @ New York Mets,"sports,mlb"
2025-08-16,16,citi,MLB,Seattle Mariners @ New York Mets,"sports,mlb"
2025-08-17,19,citi,MLB,Seattle Mariners @ New York Mets,"sports,mlb"
2025-08-17,17,yankee,MLS,Nashville @ NYCFC,"sports,mls,soccer"
2025-08-21,19,yankee,MLB,Boston Red Sox @ New York Yankees,"sports,mlb"
2025-08-22,19,yankee,MLB,Boston Red Sox @ New York Yankees,"sports,mlb"
2025-08-23,13,yankee,MLB,Boston Red Sox @ New York Yankees,"sports,mlb"
2025-08-24,19,yankee,MLB,Boston Red Sox @ New York Yankees,"sports,mlb"
2025-08-25,19,citi,MLB,Philadelphia Phillies @ New York Mets,"sports,mlb"
2025-08-25,19,yankee,MLB,Washington Nationals @ New York Yankees,"sports,mlb"
2025-08-26,19,citi,MLB,Philadelphia Phillies @ New York Mets,"sports,mlb"
2025-08-26,19,yankee,MLB,Washington Nationals @ New York Yankees,"sports,mlb"
2025-08-27,19,citi,MLB,Philadelphia Phillies @ New York Mets,"sports,mlb"
2025-08-27,13,yankee,MLB,Washington Nationals @ New York Yankees,"sports,mlb"
2025-08-28,19,citi,MLB,Miami Marlins @ New York Mets,"sports,mlb"
2025-08-28,11,us_open,Tennis,US Open 2025,"sports,tennis"
2025-08-29,19,citi,MLB,Miami Marlins @ New York Mets,"sports,mlb"
2025-08-29,11,us_open,Tennis,US Open 2025,"sports,tennis"
2025-08-30,16,citi,MLB,Miami Marlins @ New York Mets,"sports,mlb"
2025-08-30,11,us_open,Tennis,US Open 2025,"sports,tennis"
2025-08-30,19,yankee,MLS,D.C. @ NYCFC,"sports,mls,soccer"
2025-08-31,13,citi,MLB,Miami Marlins @ New York Mets,"sports,mlb"
2025-08-31,11,us_open,Tennis,US Open 2025,"sports,tennis"
2025-09-01,11,us_open,Tennis,US Open 2025,"sports,tennis"
2025-09-02,11,us_open,Tennis,US Open 2025,"sports,tennis"
2025-09-03,11,us_open,Tennis,US Open 2025,"sports,tennis"
2025-09-04,11,us_open,Tennis,US Open 2025,"sports,tennis"
2025-09-05,11,us_open,Tennis,US Open 2025,"sports,tennis"
2025-09-05,19,yankee,MLB,Toronto Blue Jays @ New York Yankees,"sports,mlb"
2025-09-06,11,us_open,Tennis,US Open 2025,"sports,tennis"
2025-09-06,13,yankee,MLB,Toronto Blue Jays @ New York Yankees,"sports,mlb"
2025-09-07,13,metlife,NFL,PIT @ NYJ,"sports,nfl"
2025-09-07,11,us_open,Tennis,US Open 2025,"sports,tennis"
2025-09-07,13,yankee,MLB,Toronto Blue Jays @ New York Yankees,"sports,mlb"
2025-09-08,11,us_open,Tennis,US Open 2025,"sports,tennis"
2025-09-09,11,us_open,Tennis,US Open 2025,"sports,tennis"
2025-09-09,19,yankee,MLB,Detroit Tigers @ New York Yankees,"sports,mlb"
2025-09-10,11,us_open,Tennis,US Open 2025,"sports,tennis"
2025-09-10,19,yankee,MLB,Detroit Tigers @ New York Yankees,"sports,mlb"
2025-09-11,19,yankee,MLB,Detroit Tigers @ New York Yankees,"sports,mlb"
2025-09-12,19,citi,MLB,Texas Rangers @ New York Mets,"sports,mlb"
2025-09-13,16,citi,MLB,Texas Rangers @ New York Mets,"sports,mlb"
2025-09-14,13,citi,MLB,Texas Rangers @ New York Mets,"sports,mlb"
2025-09-14,13,metlife,NFL,BUF @ NYJ,"sports,nfl"
2025-09-16,19,citi,MLB,San Diego Padres @ New York Mets,"sports,mlb"
2025-09-17,19,citi,MLB,San Diego Padres @ New York Mets,"sports,mlb"
2025-09-17,19,yankee,MLS,Columbus @ NYCFC,"sports,mls,soccer"
2025-09-18,13,citi,MLB,San Diego Padres @ New York Mets,"sports,mlb"
2025-09-19,19,citi,MLB,Washington Nationals @ New York Mets,"sports,mlb"
2025-09-20,16,citi,MLB,Washington Nationals @ New York Mets,"sports,mlb"
2025-09-20,12,yankee,MLS,Charlotte @ NYCFC,"sports,mls,soccer"
2025-09-21,13,citi,MLB,Washington Nationals @ New York Mets,"sports,mlb"
2025-09-21,20,metlife,NFL,KC @ NYG,"sports,nfl"
2025-09-23,19,yankee,MLB,Chicago White Sox @ New York Yankees,"sports,mlb"
2025-09-24,19,citi,MLS,Miami @ NYCFC,"sports,mls,soccer"
2025-09-24,19,yankee,MLB,Chicago White Sox @ New York Yankees,"sports,mlb"
2025-09-25,19,yankee,MLB,Chicago White Sox @ New York Yankees,"sports,mlb"
2025-09-26,19,yankee,MLB,Baltimore Orioles @ New York Yankees,"sports,mlb"
2025-09-27,13,yankee,MLB,Baltimore Orioles @ New York Yankees,"sports,mlb"
2025-09-28,13,metlife,NFL,LAC @ NYG,"sports,nfl"
2025-09-28,15,yankee,MLB,Baltimore Orioles @ New York Yankees,"sports,mlb"
2025-10-05,13,metlife,NFL,DAL @ NYJ,"sports,nfl"
2025-10-09,20,metlife,NFL,PHI @ NYG,"sports,nfl"
2025-10-12,9,metlife,NFL,DEN @ NYJ,"sports,nfl"
2025-10-18,18,citi,MLS,Seattle @ NYCFC,"sports,mls,soccer"
2025-10-19,13,metlife,NFL,CAR @ NYJ,"sports,nfl"
2025-11-02,8,marathon,Marathon,NYC Marathon 2025,"sports,marathon,street_closure"
2025-11-02,13,metlife,NFL,SF @ NYG,"sports,nfl"
2025-11-09,13,metlife,NFL,CLE @ NYJ,"sports,nfl"
2025-11-16,13,metlife,NFL,GB @ NYG,"sports,nfl"
2025-11-26,18,macys_parade,StreetClosure,Macy's Balloon Inflation 2025,"street_closure,parade,thanksgiving,inflation"
2025-11-27,9,macys_parade,StreetClosure,Macy's Thanksgiving Day Parade 2025,"street_closure,parade,thanksgiving"
2025-11-30,13,metlife,NFL,ATL @ NYJ,"sports,nfl"
2025-12-07,13,metlife,NFL,MIA @ NYJ,"sports,nfl"
2025-12-14,13,metlife,NFL,WAS @ NYG,"sports,nfl"
2025-12-21,13,metlife,NFL,MIN @ NYG,"sports,nfl"
2025-12-28,13,metlife,NFL,NE @ NYJ,"sports,nfl"
2025-12-31,18,times_sq,StreetClosure,Times Square NYE 2025,"street_closure,nye,times_square"
