{"type": "FeatureCollection", "features": [{"type": "Feature", "geometry": {"type": "MultiLineString", "coordinates": [[[-74.00381844975472, 40.712713456171144], [-74.00383898338083, 40.712681833087636], [-74.00385981269949, 40.712648947399984], [-74.00386959437641, 40.71263383990258], [-74.00387967544258, 40.712618759841874], [-74.00389018933824, 40.71260330098848], [-74.0039010711561, 40.712587833887326], [-74.0039123966394, 40.71257225149007], [-74.0039243858097, 40.71255633146329], [-74.0039369016137, 40.71254038396967], [-74.00395000176592, 40.7125244227307], [-74.00396376922693, 40.71250839833778], [-74.00397825089298, 40.712492379408026], [-74.00399349005778, 40.71247651141202], [-74.00401188171806, 40.712458557285125], [-74.0040314673377, 40.71244078152298], [-74.00406713280951, 40.71241158423621], [-74.00410730718603, 40.71238293024037], [-74.0041498407347, 40.712356683301564], [-74.00419426093345, 40.71233298341734], [-74.00423658922963, 40.71231333486146], [-74.00427617991957, 40.71229712557843], [-74.00430227678791, 40.7122874301069], [-74.00432836647956, 40.712278429054486], [-74.0043535472297, 40.712270328312485], [-74.0043787280075, 40.712262740835435], [-74.00440386913245, 40.712255625453416], [-74.00442895617323, 40.71224893001658], [-74.00445402880455, 40.712242594138644], [-74.00447898963301, 40.71223659312052], [-74.00450378815692, 40.71223088853765], [-74.00452848208654, 40.71222542274782], [-74.00455307502607, 40.71222014909008], [-74.0045774154764, 40.7122150593361], [-74.00460159000421, 40.71221009035316], [-74.0046255913931, 40.71220520920449], [-74.00464941603306, 40.71220037197409], [-74.0046722631545, 40.71219571044326], [-74.00469898064243, 40.71219018140516], [-74.0047176543849, 40.71218630778226], [-74.00474791397072, 40.71217968891711], [-74.0047581038959, 40.71217739936488], [-74.00479632419335, 40.71216837300143], [-74.00483661125803, 40.71215801807365], [-74.00484435196032, 40.712155879578575], [-74.0048778865657, 40.71214640049933], [-74.00489177362977, 40.71214222512708], [-74.00490092827013, 40.71213947448617], [-74.00492456871461, 40.71213207359897], [-74.0049388489144, 40.712127450807984], [-74.0049479782819, 40.712124442156785], [-74.00497131209288, 40.71211678875505], [-74.0049856860625, 40.71211205341897], [-74.00499460261487, 40.712109157308525], [-74.00502456611724, 40.71209937916237], [-74.00503230677664, 40.71209684266412], [-74.00504052714719, 40.71209386423774], [-74.00506321884178, 40.712085812854944], [-74.00507864602473, 40.71208044342086], [-74.00508592136622, 40.71207794536624], [-74.00510687449737, 40.71207083550498], [-74.00513145267533, 40.712062569933565], [-74.0051480268958, 40.71205706045618], [-74.00517809493927, 40.71204703798149], [-74.00518967344274, 40.71204318655899], [-74.0051972914474, 40.71204064456566], [-74.00520109323377, 40.712039354355824], [-74.0052049058424, 40.712038077869146], [-74.00520870041579, 40.71203680687268], [-74.00521250580954, 40.712035524896535], [-74.00521615970884, 40.71203429507767], [-74.00521999035115, 40.71203300212111], [-74.0052238101722, 40.71203171190969], [-74.00522755424538, 40.71203044091489], [-74.00523138127949, 40.71202913972387], [-74.00523519388501, 40.712027838533324], [-74.005238833354, 40.71202659499057], [-74.00524260988823, 40.71202529380142], [-74.0052463936365, 40.71202399261185], [-74.00525018459817, 40.71202268318749], [-74.00525395391753, 40.71202137925358], [-74.0052576402751, 40.71202009728143], [-74.00526142402148, 40.71201877962277], [-74.00526520776731, 40.712017456474456], [-74.00526888330226, 40.71201616352334], [-74.00527263097699, 40.712014843121246], [-74.00527637143689, 40.7120135172298], [-74.00528005418454, 40.71201221055419], [-74.00528380546439, 40.712010870938215], [-74.00528758559958, 40.71200951485219], [-74.00529132966447, 40.712008169746746], [-74.00529509897741, 40.71200680542671], [-74.00529869876097, 40.71200549875434], [-74.00530244643079, 40.7120041316903], [-74.00530607867603, 40.7120028003133], [-74.00530973256262, 40.712001455211436], [-74.00531357401243, 40.71200003599222], [-74.00531730725145, 40.71199864697023], [-74.00532088899624, 40.71199731010562], [-74.00532450320328, 40.711995954026094], [-74.0053282400474, 40.71199454579023], [-74.00533194082085, 40.7119931430455], [-74.00533558748822, 40.7119917485374], [-74.00533924858321, 40.71199034579428], [-74.00534293492643, 40.711988926581235], [-74.00534644091955, 40.711987570506004], [-74.00535015611729, 40.711986126588585], [-74.00535379917437, 40.711984701887694], [-74.00537205412442, 40.71197743839688], [-74.00537531483661, 40.711976120758855], [-74.00539024412758, 40.71196998826236], [-74.00540003707205, 40.71196590085272], [-74.00541093013598, 40.711961264438074], [-74.00543151151477, 40.71195231554454], [-74.00544332793393, 40.71194697367941], [-74.00545184758451, 40.71194311139606], [-74.00547785015881, 40.71193098380285], [-74.00548624714305, 40.71192686625987], [-74.0055003034353, 40.71192000642866], [-74.00552250418237, 40.711908724393645], [-74.00552735912754, 40.711906234661456], [-74.00554445241467, 40.71189731610745], [-74.0055619821097, 40.71188784583265], [-74.00558756244301, 40.71187369809006], [-74.0055967168046, 40.71186840848881], [-74.00560876391569, 40.711861474633416], [-74.00561481632197, 40.71185794731907], [-74.00563341716273, 40.711846813655264], [-74.0056520504464, 40.71183550706679], [-74.00567055384488, 40.711823923260724], [-74.00567421484696, 40.711821620224924], [-74.0056778830616, 40.71181930072009], [-74.00568157652374, 40.71181695925577], [-74.00568527359125, 40.71181460132259], [-74.00568894540963, 40.71181225162481], [-74.00569259919227, 40.71180990192781], [-74.00569618804984, 40.71180758517106], [-74.00569987789937, 40.711805194300624], [-74.0057035641406, 40.7118027924512], [-74.0057071097083, 40.7118004290353], [-74.00571072020199, 40.71179804914749], [-74.00571440644055, 40.7117956253396], [-74.00571801693349, 40.711793242706804], [-74.00572162021173, 40.71179085732948], [-74.00572528841259, 40.71178841705358], [-74.00572888086813, 40.71178602069755], [-74.00573252021204, 40.711783583167566], [-74.00573610184482, 40.71178117583281], [-74.00573967265464, 40.71177875202985], [-74.00575407852392, 40.71176895799942], [-74.00576840502684, 40.71175909260732], [-74.00577193976197, 40.71175665233661], [-74.0057755177777, 40.71175416265789], [-74.00577911382713, 40.71175165650957], [-74.00578263413102, 40.71174919153639], [-74.00578616165002, 40.711746740286586], [-74.00578974326936, 40.71174422315963], [-74.00579330324662, 40.71174171426791], [-74.00579687404341, 40.71173918890697], [-74.00580042319815, 40.71173667178133], [-74.00580393628346, 40.7117341738707], [-74.00580749625702, 40.71173163478617], [-74.00581105262297, 40.71172909295697], [-74.0058146089949, 40.711726622491476], [-74.00581811125684, 40.71172411360192], [-74.0058216207366, 40.71172164862807], [-74.00582518431376, 40.71171908483997], [-74.0058287082146, 40.71171654301184], [-74.00583222490073, 40.71171399843923], [-74.0058357848683, 40.71171141543761], [-74.00583926548451, 40.711708887335156], [-74.00584274609999, 40.71170635374311], [-74.00584624835577, 40.711703798191714], [-74.00584984440125, 40.711701308509774], [-74.00585339354521, 40.711698714529106], [-74.00585689220033, 40.711696241320475], [-74.00586040527463, 40.71169366655476], [-74.00586394720287, 40.71169106433987], [-74.005870937279, 40.71168591206503], [-74.00588592373305, 40.71167480050252], [-74.00590492823095, 40.711660960438415], [-74.00590882722871, 40.71165803981142], [-74.0059236838101, 40.711646870610586], [-74.00594260171903, 40.71163299486275], [-74.00594657645392, 40.711629980908654], [-74.00596140418422, 40.71161901481679], [-74.00598424628886, 40.711601891805095], [-74.00599480348598, 40.711593827144505], [-74.00602161668054, 40.71157353646289], [-74.00602807650858, 40.71156857084997], [-74.0060590122907, 40.711545189341415], [-74.00609668923646, 40.71151701236803], [-74.00612854832401, 40.711493004985876], [-74.00616027032187, 40.711469019560326], [-74.00619201033632, 40.711445078041145], [-74.00619935021574, 40.711439588121614], [-74.00623314610533, 40.71141429331246], [-74.00625588709786, 40.711397444728114], [-74.00627559113816, 40.71138283054133], [-74.00628732772458, 40.711374216836894], [-74.00631392439448, 40.7113547358033], [-74.00631881163297, 40.711351186557515], [-74.00635762819665, 40.71132306158589], [-74.00638403730457, 40.711304063624496], [-74.00638900388834, 40.711300486923705], [-74.00642045892155, 40.71127798910175], [-74.00645198968127, 40.71125548577742], [-74.0064896015096, 40.71122874144393], [-74.0065262755358, 40.71120264217034], [-74.00655909386815, 40.71117937295475], [-74.00656301807145, 40.711176584052545], [-74.00659309159948, 40.71115524180682], [-74.00659975696857, 40.711150498475526], [-74.006624438303, 40.71113293881307], [-74.00663643090776, 40.711124390932305], [-74.00666472982556, 40.71110411648255], [-74.00667299659868, 40.711098203785504], [-74.00670231620006, 40.711077037219454], [-74.00670945403883, 40.7110719123323], [-74.00673977629401, 40.711049925014294], [-74.00674581044757, 40.71104556872294], [-74.00677718585094, 40.711022735946415], [-74.0067820730354, 40.71101913727509], [-74.00681450158827, 40.71099548923187], [-74.00681830313188, 40.71099271405191], [-74.00682438055044, 40.710988267176724], [-74.00685447908633, 40.710966216711945], [-74.00689061172095, 40.71093965623355], [-74.00692009343778, 40.71091788575417], [-74.00692661807378, 40.710913032621754], [-74.00694683398196, 40.710898017553], [-74.00696208697418, 40.71088665331497], [-74.0069677567988, 40.71088240682441], [-74.00699951069572, 40.71085869015038], [-74.00700627696553, 40.71085358722536], [-74.00703720486531, 40.71083026858171], [-74.0070442308111, 40.71082492958895], [-74.00707474388733, 40.71080172624051], [-74.0070816003052, 40.71079646959875], [-74.00711212054634, 40.710773049403606], [-74.00711881825723, 40.71076787236758], [-74.00714933123433, 40.71074422983719], [-74.00715583777726, 40.71073915162229], [-74.00718631102437, 40.71071526480059], [-74.00719261918599, 40.71071028815219], [-74.0072230779542, 40.71068617625108], [-74.0072292310154, 40.710681268229436], [-74.00725963922851, 40.71065687910069], [-74.0072656119425, 40.71065205892086], [-74.00729591910428, 40.710627414525916], [-74.00730165375528, 40.71062264925453], [-74.00733193561311, 40.710597749588686], [-74.00733747909628, 40.71059307216005], [-74.00736760940167, 40.71056789527339], [-74.00737306992954, 40.71056331940458], [-74.00740303424874, 40.7105378158924], [-74.00740828557605, 40.71053334433635], [-74.00743748160446, 40.71050812357505], [-74.00744321260657, 40.71050316616341], [-74.00746900748194, 40.710480553138396], [-74.00747847136746, 40.710472241382796], [-74.00750092641634, 40.71045225530528], [-74.00751415562642, 40.71044045470805], [-74.00753257478293, 40.7104238284771], [-74.00754883353173, 40.71040900020433], [-74.00756393454013, 40.71039521501514], [-74.00758328414406, 40.710377383764055], [-74.00759502733116, 40.71036642315265], [-74.00761737400062, 40.7103455752038], [-74.0076259108717, 40.710337483078305], [-74.00765125820642, 40.710313604705995], [-74.00765660320415, 40.71030845792063], [-74.00768684102773, 40.71027944101927], [-74.00771095837753, 40.71025597991972], [-74.00773514421923, 40.71023231020847], [-74.0077592398587, 40.710208555410425], [-74.00777337766371, 40.71019438873631], [-74.00779185779128, 40.71017592072343], [-74.00780348539358, 40.71016418333044], [-74.0078243422155, 40.71014313781894], [-74.00783322159286, 40.71013412890381], [-74.00785668592641, 40.710110283550875], [-74.00786286758063, 40.710103992132616], [-74.00788892860687, 40.710077407322416], [-74.0078924305787, 40.71007383889083], [-74.0079211171418, 40.710044456979944], [-74.007953258755, 40.71001151486582], [-74.00798087050737, 40.70998318974771], [-74.00798538951605, 40.70997857823289], [-74.00801034682607, 40.70995299805447], [-74.00801755992131, 40.70994563335376], [-74.00803988083197, 40.709922822818115], [-74.00804975194066, 40.70991272140117], [-74.0080693931708, 40.709892661299385], [-74.00808197639375, 40.709879831395206], [-74.00811420081807, 40.709846966083], [-74.00811912373844, 40.709841926351295], [-74.00814637110821, 40.70981411997878], [-74.00815353728632, 40.70980678546507], [-74.00817545055942, 40.70978433724032], [-74.00818079182648, 40.709778858314195], [-74.00820446505668, 40.70975453528569], [-74.00820796699193, 40.7097509448862], [-74.00823907685476, 40.70971904302971], [-74.00825634126453, 40.7097013353274], [-74.00826766933648, 40.709689704954], [-74.00829930569174, 40.7096572513458], [-74.00833089152064, 40.70962481420097], [-74.00836247010106, 40.709592346855516], [-74.00839400536294, 40.709559846567224], [-74.00842556584425, 40.70952735724737], [-74.00845697479522, 40.70949481303457], [-74.00848842339217, 40.7094622688102], [-74.00851983949225, 40.70942969713181], [-74.00855127720547, 40.70939714191169], [-74.00857921661151, 40.709368264926056], [-74.00858271489368, 40.70936463059905], [-74.00861015659319, 40.70933637944887], [-74.00861425715469, 40.709332132993694], [-74.00864110376027, 40.70930450219698], [-74.00864581381386, 40.709299643612766], [-74.00867209779061, 40.709272644146466], [-74.00867743537032, 40.709267176176255], [-74.00868530108812, 40.70925913617208], [-74.00869272321152, 40.70925157653441], [-74.00869853684287, 40.70924562819374], [-74.00870596617646, 40.709238063065136], [-74.00871175456253, 40.7092321586419], [-74.00871921274724, 40.70922458253119], [-74.00872502638501, 40.70921871927677], [-74.00873252784476, 40.7092111019905], [-74.00873832705311, 40.70920524422605], [-74.00874587900674, 40.70919762419026], [-74.00875163493653, 40.70919182132366], [-74.00875921574202, 40.70918419579528], [-74.008764957246, 40.70917842586628], [-74.00877258493374, 40.709170761906705], [-74.00877830119326, 40.709165041384715], [-74.00878601904364, 40.7091573170326], [-74.00879168841927, 40.70915166238779], [-74.00879947118834, 40.70914391332695], [-74.0088051153203, 40.70913831357864], [-74.00881296300726, 40.70913053431948], [-74.00881855664916, 40.70912500593823], [-74.0088264728548, 40.70911714981958], [-74.00883201961359, 40.70911169280509], [-74.00884006205075, 40.70910377354619], [-74.00884551143737, 40.709098448287165], [-74.00885365485438, 40.70909044393192], [-74.00885906817814, 40.70908518454932], [-74.00886730536774, 40.709077144503965], [-74.00887265738153, 40.7090719619788], [-74.00888104604846, 40.70906383957788], [-74.00888949240938, 40.709055604636575], [-74.00889472180054, 40.70905054837895], [-74.00891681146902, 40.70902924730814], [-74.0089222211858, 40.70902406203144], [-74.0089329360391, 40.709013867150176], [-74.00894854488132, 40.70899902225878], [-74.00895526374707, 40.708992609969606], [-74.00896417174982, 40.708984166384816], [-74.00896957425127, 40.70897902502263], [-74.0089797012281, 40.7089693407087], [-74.00898328606914, 40.7089659671151], [-74.00899541827133, 40.70895459735869], [-74.00901119301815, 40.70893985125722], [-74.00902686676606, 40.70892512163008], [-74.00903902421229, 40.70891382872039], [-74.00904266675681, 40.70891044414132], [-74.00905298127388, 40.70890076529565], [-74.00905839460044, 40.708895755677005], [-74.00906703933121, 40.70888775401175], [-74.00907422704417, 40.70888111111849], [-74.00909000897941, 40.70886643362457], [-74.00910006023304, 40.7088571665099], [-74.00911301830526, 40.70884523125446], [-74.00913600236005, 40.70882397124163], [-74.00915899001015, 40.70880273318196], [-74.00916626425975, 40.708796007933124], [-74.00917306606419, 40.708789746586405], [-74.00918708440035, 40.70877674901464], [-74.00920116043768, 40.70876372124408], [-74.00921519319441, 40.70875075111537], [-74.00922914658307, 40.708737706882594], [-74.00924316128813, 40.70872469283563], [-74.00925708942121, 40.708711676049106], [-74.0092615830646, 40.708707478944646], [-74.00927101393353, 40.7086985988764], [-74.00928491679923, 40.708685524448455], [-74.00929233887189, 40.70867854666136], [-74.00929874391295, 40.70867244179068], [-74.00931258906049, 40.70865939206689], [-74.00932293954686, 40.70864955674228], [-74.00932639812339, 40.70864627098051], [-74.00934011700369, 40.70863311970738], [-74.00935383949397, 40.708620028817045], [-74.00937781863855, 40.70859688576686], [-74.0094131471226, 40.708562353761145], [-74.00944169187767, 40.70853425877101], [-74.00946084548896, 40.708515181093375], [-74.00946997689965, 40.708506084196905], [-74.00947801555682, 40.70849799471781], [-74.00948535096312, 40.70849059972121], [-74.00949504855355, 40.70848081109568], [-74.00949859003117, 40.708477239866426], [-74.00951178580274, 40.70846382237365], [-74.00952496353094, 40.70845038017797], [-74.00952891973276, 40.7084463395589], [-74.00953811599919, 40.708436894066615], [-74.00954572905958, 40.708429048901884], [-74.0095512251753, 40.70842338050969], [-74.0095643126995, 40.70840983127115], [-74.00957735332787, 40.70839627654543], [-74.00959035787785, 40.70838269437361], [-74.00959582151945, 40.708376995789536], [-74.00960334077999, 40.70836910396781], [-74.0096124071636, 40.708359567903166], [-74.0096162948164, 40.70835547788105], [-74.00962925606015, 40.70834184355785], [-74.009642152372, 40.70832819277005], [-74.00964544136194, 40.708324701155476], [-74.00965503424733, 40.70831451727911], [-74.00966190794358, 40.70830721288699], [-74.00966789808011, 40.70830082257488], [-74.00968076551094, 40.708287103166015], [-74.00969470040785, 40.70827220890706], [-74.00971103711565, 40.70825472338713], [-74.009727391839, 40.708237166499465], [-74.00974125096901, 40.70822226400692], [-74.00975998944958, 40.70820207742945], [-74.00977137822264, 40.708189771688765], [-74.00977624676051, 40.708184517798216], [-74.00979247520732, 40.70816695542235], [-74.00980141166441, 40.708157257412495], [-74.00980868200222, 40.70814937932219], [-74.00983138375491, 40.70812471019637], [-74.00983948353684, 40.708115926261236], [-74.00986136302582, 40.70809213552402], [-74.00987026700165, 40.70808244300106], [-74.00989128455602, 40.70805955261438], [-74.00990101436464, 40.70804894601183], [-74.00992116277229, 40.70802695597674], [-74.00993177251779, 40.70801545175802], [-74.00995108424728, 40.70799439500936], [-74.00996254146274, 40.70798197121874], [-74.00998108504567, 40.707961842261525], [-74.00999336809383, 40.70794853732707], [-74.01001113631814, 40.70792933616232], [-74.0100242848743, 40.70791515831441], [-74.01004127052572, 40.70789687121931], [-74.01005529541054, 40.707881831435614], [-74.01007152373958, 40.70786446389793], [-74.01008332713805, 40.7078518259732], [-74.01010176610548, 40.7078320702932], [-74.01011140573135, 40.70782183147876], [-74.01013221044197, 40.707799775474115], [-74.01013960693808, 40.7077918699037], [-74.01016264031941, 40.70776746692425], [-74.01016780451933, 40.707761952238215], [-74.01019320001798, 40.70773518031288], [-74.01019612832074, 40.70773206749162], [-74.01022365508275, 40.70770286076534], [-74.01025097987404, 40.70767390107912], [-74.01027828660348, 40.70764491668502], [-74.01030539131376, 40.70761586093859], [-74.01030887136156, 40.70761213598269], [-74.01032555033511, 40.70759424137359], [-74.01033242385085, 40.70758672559395], [-74.01034206698326, 40.70757629737087], [-74.01035926879341, 40.70755749968254], [-74.010374984812, 40.707540272130394], [-74.01038589007477, 40.70752819418681], [-74.01039135713727, 40.70752218815053], [-74.0103983820697, 40.70751431004438], [-74.01040763206292, 40.70750406849511], [-74.01041084880798, 40.70750040394473], [-74.01042324340136, 40.70748648138168], [-74.01043555502967, 40.70747254510093], [-74.01043992215845, 40.707467601385524], [-74.01044774040822, 40.70745857863794], [-74.01045578584208, 40.707449264924186], [-74.01045984281534, 40.707444557285875], [-74.01047186586187, 40.707430505747325], [-74.01048376265912, 40.70741642677138], [-74.01048722820084, 40.707412331268245], [-74.01049562338372, 40.70740235328698], [-74.01050268784941, 40.70739373133977], [-74.01050719193188, 40.70738817552696], [-74.01051883983271, 40.707374041674754], [-74.01053025326347, 40.70735978158363], [-74.01053302275758, 40.70735619392404], [-74.01054157291124, 40.70734552149996], [-74.01054807116391, 40.70733736895638], [-74.01055271942283, 40.70733124496243], [-74.01056379378353, 40.70731691079037], [-74.0105774176416, 40.70729918111025], [-74.01058731628802, 40.70728565400443], [-74.01060170093986, 40.70726642835509], [-74.01061160310513, 40.70725240993411], [-74.01062545034243, 40.707233305100885], [-74.01063666501224, 40.70721692880441], [-74.01064682315693, 40.70720233670103], [-74.01066086124959, 40.70718143951497], [-74.01066354773592, 40.70717762678921], [-74.0106726023116, 40.70716388291772], [-74.01067664821188, 40.70715780289069], [-74.01068638067818, 40.707142875962], [-74.01069594720356, 40.70712781180966], [-74.01070546683972, 40.70711277236373], [-74.0107106846104, 40.70710454307645], [-74.01071491071656, 40.707097661560205], [-74.01072428965901, 40.707082506845694], [-74.01073355316791, 40.7070672862668], [-74.0107426940349, 40.70705203276145], [-74.0107471220383, 40.70704466265718], [-74.01075182046597, 40.707036751809014], [-74.01076086391973, 40.70702137205209], [-74.01076991459189, 40.70700604718902], [-74.01077878489889, 40.70699060157252], [-74.01078230776817, 40.70698439533148], [-74.01079394375434, 40.70696429982464], [-74.01079960843967, 40.70695416013555], [-74.01080523346067, 40.706944097303285], [-74.01081660972758, 40.70692391673074], [-74.01082012535478, 40.70691757874054], [-74.01082779121322, 40.70690370049343], [-74.01084054125226, 40.706880972648285], [-74.01084797271368, 40.70686743202782], [-74.01086086695638, 40.70684436381601], [-74.01086808566119, 40.70683115533067], [-74.01088106278361, 40.70680770009698], [-74.01088796052242, 40.706794790819934], [-74.01090107102151, 40.70677095953858], [-74.01090783175465, 40.70675842356117], [-74.01092107563957, 40.70673427387215], [-74.01092763443572, 40.7067220563053], [-74.01094089627408, 40.706697503131856], [-74.01094735413626, 40.7066856753299], [-74.01096066278728, 40.706660748861715], [-74.01096672754774, 40.70664921204107], [-74.01098034271519, 40.70662399459633], [-74.01098616947243, 40.70661277893462], [-74.01099985669646, 40.706587168979304], [-74.01100547431076, 40.70657630741115], [-74.011019312945, 40.706550329640535], [-74.01102480077157, 40.70653985235076], [-74.01103884492223, 40.70651353420723], [-74.01104410917314, 40.706503372585836], [-74.0110582578447, 40.70647668663141]], [[-74.00381402027426, 40.71271498240558], [-74.00265355981267, 40.714520974719406], [-74.00179103957842, 40.715563679387984], [-74.00028999582035, 40.71764405937048], [-74.00026567119276, 40.71767317584303], [-74.00024079822101, 40.717703228274615], [-74.000214558024, 40.71773519654571], [-74.0001874339865, 40.71776749692811], [-74.00016082217644, 40.71780013216397], [-74.00013458551214, 40.71783299520816], [-74.00010830192569, 40.71786595705761], [-74.0000823610184, 40.717899078096764], [-74.00005677000553, 40.717932468116246], [-74.00003030957758, 40.717965484842736], [-74.00000463554234, 40.717998924256015], [-73.99998682206866, 40.71802101957213], [-73.99996938736304, 40.71804329329494], [-73.99994240016257, 40.7180768836554], [-73.99991525060034, 40.71811052067019], [-73.99988791703188, 40.71814401220599], [-73.99986012168472, 40.718177223769075], [-73.99983301532978, 40.71821069882329], [-73.99980628412084, 40.71824433581238], [-73.99978003267371, 40.718278233548205], [-73.99975344931576, 40.71831195286784], [-73.99972620216239, 40.71834535378744], [-73.99969877821718, 40.71837868333622], [-73.9996710872941, 40.718411864660574], [-73.99964328451233, 40.71844507068059], [-73.99961573062139, 40.718477530119955], [-73.9995925092885, 40.718504565922885], [-73.99956867827359, 40.71853212596781], [-73.99954456946564, 40.71855956249247], [-73.99952030551754, 40.718586941371356], [-73.99949629046807, 40.718613815210375], [-73.99946941826688, 40.718643634158205], [-73.99944199770424, 40.718673823639506], [-73.99942753164517, 40.71868949340109], [-73.99941392055385, 40.71870452363613], [-73.99938849850092, 40.71873211382732], [-73.99936347686067, 40.71875919897923], [-73.9993384227323, 40.71878633627583], [-73.99931343351801, 40.71881347082255], [-73.9993017487908, 40.71882604998532], [-73.99928813403686, 40.718840978649105], [-73.99927631221375, 40.71885377464439], [-73.99925729338817, 40.718874599013866], [-73.99924500618198, 40.71888801531852], [-73.99922697940357, 40.718907884513094], [-73.99921363878651, 40.71892262927086], [-73.99919688183617, 40.71894126881705], [-73.99917890553264, 40.71896122858137], [-73.99916705479804, 40.71897477388433], [-73.99915331010526, 40.71899041342367], [-73.99913756683166, 40.71900838324717], [-73.99912806819172, 40.71901935672402], [-73.99911803563415, 40.71903087640315], [-73.99910840350665, 40.71904217101417], [-73.99909825910495, 40.71905408044649], [-73.99908849710027, 40.71906545190805], [-73.9990795431789, 40.719076090524496], [-73.9990691029456, 40.71908853792471], [-73.99905929763857, 40.719100087792754], [-73.99905094255868, 40.71911015550183], [-73.99904034718747, 40.71912297069585], [-73.9990225655715, 40.71914435771181], [-73.998994354499, 40.71917860383222], [-73.9989663995278, 40.71921295699348], [-73.99893863572208, 40.719247491303655], [-73.998910893533, 40.719281998159595], [-73.99888331725946, 40.719316537947385], [-73.99885578785364, 40.71935114909265], [-73.99882829810109, 40.71938579591347], [-73.99880082275074, 40.7194204015563], [-73.99877338705332, 40.71945506483276], [-73.99874594411307, 40.71948969242062], [-73.99871835323825, 40.71952422393354], [-73.99869064689419, 40.719558771906904], [-73.99866289001754, 40.7195932567434], [-73.99863507900082, 40.71962767295343], [-73.99860716333757, 40.7196620836658], [-73.99857916467295, 40.7196964751569], [-73.99855112990551, 40.719730809000616], [-73.99852302295915, 40.719765126367896], [-73.9985031125035, 40.71978935684495], [-73.99849486547957, 40.719799394321825], [-73.99847533380617, 40.719823073102354], [-73.99846623898273, 40.71983409867915], [-73.99844111186006, 40.71986441420674], [-73.9984162769355, 40.719894263123685], [-73.99839132654806, 40.71992409556498], [-73.99838131175575, 40.71993598023171], [-73.99836626791385, 40.71995386761454], [-73.9983524687021, 40.719970160308115], [-73.99834111546265, 40.71998358750672], [-73.99831555172092, 40.72001366969551], [-73.99828695754208, 40.72004699064917], [-73.99825863391153, 40.72007986969344], [-73.9982302056356, 40.72011270481287], [-73.99820175207982, 40.72014550424283], [-73.99817317223317, 40.72017825974749], [-73.99814455628437, 40.720210965838696], [-73.99811594752224, 40.720243682901774], [-73.99808736037704, 40.72027641093699], [-73.99805882010249, 40.72030911975245], [-73.9980498333889, 40.72031951125816], [-73.99803033030393, 40.72034188620151], [-73.99802037672393, 40.72035339754998], [-73.99800186572902, 40.72037469381517], [-73.99799104629238, 40.72038731951821], [-73.99797364283027, 40.72040757004489], [-73.99796185291592, 40.72042131284493], [-73.99794540908074, 40.720440454501635], [-73.9979327496963, 40.72045538301898], [-73.99791743504296, 40.720473489917744], [-73.99790379074669, 40.72048953827567], [-73.99788934192782, 40.72050652806949], [-73.9978748750556, 40.720523773123716], [-73.99786150852347, 40.720539750117915], [-73.99784595933453, 40.72055801619864], [-73.99783339009998, 40.720572780020966], [-73.99781672972782, 40.72059218789642], [-73.99780513094899, 40.72060594715228], [-73.99778953844853, 40.72062390581139], [-73.99777395315246, 40.72064193583219], [-73.99775809006171, 40.720660064656805], [-73.99774212234453, 40.720678141326665], [-73.99772594898931, 40.720696152116055], [-73.9977095158814, 40.72071412721604], [-73.99769279776442, 40.72073215445838], [-73.99767574053173, 40.7207500279849], [-73.99765839829625, 40.720767764265126], [-73.99764085041787, 40.72078554994412], [-73.99762279747692, 40.7208031215188], [-73.99760451003756, 40.72082058878487], [-73.99758572114318, 40.72083783096729], [-73.99756649211741, 40.72085498804976], [-73.9975468446141, 40.720871823983245], [-73.99752673173056, 40.72088844855699], [-73.99750604524061, 40.720904823341655], [-73.99748497274142, 40.7209208687431], [-73.99746314625749, 40.720936634158654], [-73.99744101313343, 40.720952009807476], [-73.99741813685252, 40.72096696548725], [-73.99739483487934, 40.720981580802764], [-73.9973709484848, 40.72099573772544], [-73.99734637666121, 40.72100931548327], [-73.99732457193372, 40.72102077983593], [-73.99730230544161, 40.72103188735495], [-73.99728186444304, 40.72104152372213], [-73.99723634304755, 40.721061221771855], [-73.99721130234217, 40.72107105289377], [-73.9971895013255, 40.72107903961157], [-73.99714151966404, 40.72109487019857], [-73.99711529573524, 40.72110252742134], [-73.99709241610773, 40.72110864216824], [-73.9970423493967, 40.72112030886223], [-73.99701543289284, 40.72112563025473], [-73.99699158650084, 40.72112979068831], [-73.99694017793078, 40.72113709588121], [-73.99691285386193, 40.72114007870449], [-73.99688835818533, 40.72114221895685], [-73.99683623188763, 40.721145206578505], [-73.9968089043113, 40.72114593318539], [-73.9967839469521, 40.721146099921214], [-73.99673330717488, 40.7211450390187], [-73.99670147021796, 40.721143424192874], [-73.99667132525666, 40.72114117811268], [-73.99664133545282, 40.72113836111934], [-73.99661156934978, 40.72113500615202], [-73.99658191150675, 40.721131083015145], [-73.99655249179591, 40.72112663013938], [-73.9965234256588, 40.72112168869971], [-73.99649448581576, 40.72111629162658], [-73.99646577688644, 40.72111046088142], [-73.99643729165427, 40.721104232145954], [-73.99640904454887, 40.72109762737896], [-73.99638102835365, 40.72109067951743], [-73.9963532286364, 40.72108342973249], [-73.99632564539677, 40.7210758890033], [-73.9962983399568, 40.72106818908041], [-73.99627118966758, 40.72106016801929], [-73.99624428110414, 40.721051957571326], [-73.99621748800179, 40.721043544008694], [-73.99619092579985, 40.72103499320952], [-73.99616463778673, 40.721026351836294], [-73.99613841111943, 40.721017537539325], [-73.99611233958271, 40.72100876990248], [-73.99608645926294, 40.720999867773074], [-73.99606072325568, 40.72099092996091], [-73.9960138364174, 40.72097451743453], [-73.99599969858691, 40.72096946933279], [-73.9959671083446, 40.720957962167084], [-73.99595189188551, 40.72095237879379], [-73.99592044523105, 40.720941415117274], [-73.99590402026, 40.72093548585519], [-73.99587387233252, 40.72092483236986], [-73.99585626049942, 40.7209185023236], [-73.99582729944686, 40.7209084142891], [-73.99580839612851, 40.72090175481766], [-73.99578066885793, 40.720892073040616], [-73.99576052456572, 40.720885018270515], [-73.99573390480205, 40.72087587724045], [-73.99571253757098, 40.720868490300816], [-73.99568715158485, 40.7208597857225], [-73.99566458306096, 40.72085207484739], [-73.99564033705171, 40.72084384240018], [-73.99561642293803, 40.720835727985126], [-73.99559347203017, 40.72082797042059], [-73.99557858027646, 40.72082295517533], [-73.99556318708123, 40.720817794436606], [-73.9955465168387, 40.720812139589825], [-73.99552369941954, 40.72080450004113], [-73.99550083150494, 40.72079678088797], [-73.99547789143955, 40.72078912760162], [-73.99545490809476, 40.720781383731946], [-73.99543190310793, 40.7207736673044], [-73.99540882237226, 40.72076587950549], [-73.99538562980453, 40.72075813012413], [-73.99536247692983, 40.72075031761021], [-73.99533914007432, 40.72074250508416], [-73.99531581405185, 40.720734623934824], [-73.99528956235841, 40.720725812187894], [-73.99526605597438, 40.720717854167845], [-73.99524261452684, 40.720709972998925], [-73.99521928853072, 40.72070204242437], [-73.99519602025433, 40.72069420791404], [-73.99517277362902, 40.72068637065518], [-73.99514962080764, 40.72067851143747], [-73.99512639223155, 40.720670668680455], [-73.99510330435534, 40.720662836903756], [-73.99508027059443, 40.720655054530354], [-73.99505733784987, 40.720647285880524], [-73.9950290516119, 40.72063772741231], [-73.99500081949436, 40.720628185407975], [-73.99497803106439, 40.720620504580864], [-73.99495531118403, 40.72061281551797], [-73.99493264181241, 40.72060515938987], [-73.99491009509737, 40.72059758011601], [-73.99488766382939, 40.72059000358756], [-73.99486540211254, 40.72058255057648], [-73.99484319812449, 40.72057506188181], [-73.99482106267746, 40.72056767199723], [-73.99479915090271, 40.72056030407657], [-73.99477754936991, 40.720553106340894], [-73.99473529147635, 40.72053901007925], [-73.99470160494306, 40.720527763256634], [-73.99467977254912, 40.72052054353385], [-73.99465776700467, 40.72051322773235], [-73.9946356568435, 40.720505939369325], [-73.99461338435404, 40.72049856316216], [-73.99459097838822, 40.720491206157774], [-73.99456838484106, 40.72048376405255], [-73.99454579129745, 40.72047634115627], [-73.9945231003534, 40.72046893471944], [-73.99447457638107, 40.72045310337604], [-73.9944260343853, 40.7204373763121], [-73.99437742747128, 40.720421709609255], [-73.99432875203469, 40.7204060648405], [-73.99428014155393, 40.72039045573622], [-73.99423151306003, 40.72037482465241], [-73.99418287738249, 40.72035909473636], [-73.9941342705786, 40.72034347459156], [-73.99408562050448, 40.72032788187153], [-73.99403694159766, 40.72031223423427], [-73.99398833125387, 40.720296622261856], [-73.99393969928862, 40.720280999288704], [-73.99389102405856, 40.72026534335553], [-73.99384241378239, 40.72024973955566], [-73.9937937674556, 40.720234113775234], [-73.99374510310977, 40.72021853188937], [-73.99369646403251, 40.72020302409283], [-73.99364776364803, 40.720187532740816], [-73.99359900556708, 40.7201720248964], [-73.99355030161585, 40.720156580163824], [-73.99350156161121, 40.7201411408981], [-73.99345277473336, 40.720125679650955], [-73.99340716241053, 40.72011125882865], [-73.9933647498931, 40.7200978619678], [-73.99331913760265, 40.72008349875052], [-73.99327347121984, 40.72006912453291], [-73.9932278337168, 40.7200547530436], [-73.9931821637614, 40.720040422705665], [-73.99313648300131, 40.720026108817486], [-73.99309081669239, 40.72001178118824], [-73.993045110716, 40.719997494709794], [-73.99301839058346, 40.719989162748654], [-73.99298850314626, 40.71997985345418], [-73.9929537529288, 40.719968979341736], [-73.99290806143594, 40.719954742215364], [-73.99287300100055, 40.7199438351223], [-73.9928378720347, 40.71993291703523], [-73.99280268897071, 40.71992196874167], [-73.99277845440042, 40.719914432860236], [-73.99275495935487, 40.71990711934576], [-73.99273104224415, 40.719899709733234], [-73.99271147567092, 40.719893645323204], [-73.99269213636919, 40.719887638564245], [-73.99266789460547, 40.71988013285139], [-73.99264516074399, 40.71987307737028], [-73.99262358486062, 40.719866408969914], [-73.99259751415828, 40.71985834593894], [-73.9925553544487, 40.71984533031724], [-73.9925211202146, 40.719834755286094], [-73.99249748813918, 40.71982744445487], [-73.99247353139697, 40.71982008693658], [-73.99244988490065, 40.71981278707365], [-73.99242631055148, 40.71980556131907], [-73.99240284804073, 40.71979833556703], [-73.99237936749269, 40.71979115098036], [-73.9923559482776, 40.719783966392995], [-73.99233260121264, 40.71977682846659], [-73.99230938040996, 40.71976974269431], [-73.99228617765102, 40.71976264593952], [-73.99226295685727, 40.719755568392095], [-73.99221946252568, 40.71974229455017], [-73.99217597182148, 40.719728998733935], [-73.99213254607129, 40.71971569192669], [-73.99208906983291, 40.71970238784429], [-73.99204558639777, 40.71968907551067], [-73.99200209576627, 40.719675752181075], [-73.9919527756245, 40.719660622376146], [-73.99190343386095, 40.71964548431425], [-73.99185406326441, 40.719630307802454], [-73.99180476123249, 40.71961513676393], [-73.9917554231509, 40.71959994099882], [-73.99170612838063, 40.71958475619468], [-73.9916567903478, 40.71956953019487], [-73.99161568434754, 40.71955691229501], [-73.99157765184104, 40.719545244292036], [-73.99155815761867, 40.719539245565244], [-73.99153149555531, 40.71953107520352], [-73.99150883407219, 40.719524107335296], [-73.99148391077105, 40.719516475063564], [-73.9914594889027, 40.71950897182735], [-73.99143631879446, 40.71950186117963], [-73.99141016540177, 40.719493828065566], [-73.9913887376615, 40.719487244532], [-73.99136083470925, 40.71947867604781], [-73.99134112047552, 40.71947261962773], [-73.99130248203008, 40.7194607538655], [-73.99125404601158, 40.71944587634542], [-73.99121728342384, 40.71943458160695], [-73.99119835561929, 40.71942877225074], [-73.99117651668226, 40.71942206238726], [-73.99114018700283, 40.71941090489529], [-73.99109425455983, 40.7193967987779], [-73.99104839789113, 40.719382711861314], [-73.99100249073837, 40.71936861394353], [-73.99095654031727, 40.7193544995354], [-73.99091064402546, 40.719340404326516], [-73.9908647585752, 40.71932631184492], [-73.9908188082124, 40.71931219738175], [-73.99077292280097, 40.719298104863526], [-73.99074862374219, 40.719290639912714], [-73.99072402888605, 40.719283089845426], [-73.99069877389307, 40.719275331117856], [-73.99067512777937, 40.71926806657173], [-73.99064896735518, 40.71926003328389], [-73.99061797671224, 40.71925051468179], [-73.99059904901293, 40.71924469973736], [-73.99057734006013, 40.71923803368681], [-73.99054930384553, 40.71922942107856], [-73.99052844262663, 40.71922301309575], [-73.99049946491003, 40.719214114942886], [-73.99047958850312, 40.719208006211275], [-73.99044961878322, 40.719198803295534], [-73.99043068389874, 40.719192985578026], [-73.99039079764066, 40.71918074062881], [-73.99034142051664, 40.71916557170114], [-73.9902920542364, 40.71915041098749], [-73.99024271323029, 40.71913525574423], [-73.99019335060204, 40.7191200977332], [-73.99013729641351, 40.71910288879267], [-73.99008844246491, 40.71908788997626], [-73.99003953442849, 40.719072874665784], [-73.98999061198417, 40.71905785933329], [-73.98994172201638, 40.71904292907039], [-73.98989276713378, 40.719028012504765], [-73.9898437978419, 40.71901310415128], [-73.98979491515607, 40.71899816559228], [-73.98974600364076, 40.71898317211473], [-73.98969711380548, 40.718968093530776], [-73.98964831057648, 40.718952984741435], [-73.98959950377969, 40.718937763395935], [-73.98955080526045, 40.71892234441683], [-73.98950203820488, 40.718907032456485], [-73.98945332169939, 40.71889157500782], [-73.9894045979749, 40.71887628496817], [-73.98935578046529, 40.71886107724201], [-73.98930691246147, 40.718845943598886], [-73.98925804084722, 40.718830966385966], [-73.98920905379498, 40.71881611814518], [-73.98916021103564, 40.718801440072156], [-73.98911438034668, 40.71878790957273], [-73.98906828993327, 40.718774411967516], [-73.98904862656205, 40.71876871197785], [-73.98902212375137, 40.71876109823546], [-73.98900183269923, 40.7187553350485], [-73.98897582408084, 40.71874797111573], [-73.98895464562048, 40.71874208432128], [-73.98892231339143, 40.718733116829966], [-73.98890533021395, 40.71872848478518], [-73.98888612855393, 40.718723215739445], [-73.98886685833077, 40.7187180921562], [-73.98883557218089, 40.71870977524971], [-73.98879098589163, 40.718698053538624], [-73.98876010374093, 40.71869006602204], [-73.98873558488845, 40.71868369852817], [-73.98870701860947, 40.718676493480416], [-73.98868762573706, 40.71867150434831], [-73.98866127434367, 40.71866492531199], [-73.98863989023451, 40.71865949406941], [-73.98860746774508, 40.71865144048564], [-73.98857501280628, 40.71864332924954], [-73.9885390407478, 40.71863436677872], [-73.98851742577294, 40.7186289821513], [-73.98848692240202, 40.71862138984456], [-73.98846914561416, 40.718616919596776], [-73.98844223874711, 40.71861015655575], [-73.98842092680967, 40.71860479938821], [-73.98839102228601, 40.71859728122477], [-73.98837274771198, 40.71859263799203], [-73.98834317150903, 40.71858494143992], [-73.9883233782632, 40.71857994946107], [-73.98829540012343, 40.71857254674806], [-73.98828047673805, 40.71856876844059], [-73.98823893880798, 40.718557801634645], [-73.98819750916921, 40.718546530156516], [-73.98815633565768, 40.718535349266816], [-73.9881308682629, 40.71852839965737], [-73.98811095611445, 40.71852278731403], [-73.98807192541973, 40.718511828940905], [-73.98803260258694, 40.71850057683491], [-73.98801143515927, 40.718494420881456], [-73.98797930166334, 40.718485030452676], [-73.98796072427307, 40.71847955546067], [-73.98793033673482, 40.718470513785284], [-73.98790978980176, 40.71846439081525], [-73.9878814945099, 40.71845583791388], [-73.98785983295465, 40.71844932506168], [-73.987832652331, 40.71844102752847], [-73.9878105218576, 40.71843429229193], [-73.98778387872643, 40.71842615674491], [-73.98776120717889, 40.718419240287325], [-73.987735152044, 40.71841126673231], [-73.98771192860703, 40.7184041333702], [-73.98768642900396, 40.71839630533573], [-73.98766270056686, 40.71838899898975], [-73.98763772403167, 40.71838129725949], [-73.9876135086362, 40.71837379597313], [-73.98758910206278, 40.71836623427637], [-73.98756432755958, 40.71835854353098], [-73.98754046208536, 40.71835113558887], [-73.98751518619046, 40.71834327460349], [-73.98749186904425, 40.71833594356402], [-73.98746607732429, 40.71832793429481], [-73.98744332291794, 40.71832077348189], [-73.98741695044916, 40.718312563770795], [-73.98739471187504, 40.71830562807492], [-73.98736778750873, 40.71829726458562], [-73.9873461333202, 40.71829048814052], [-73.98731876167527, 40.71828195716021], [-73.9872975223121, 40.71827539209816], [-73.98726957350324, 40.71826678693393], [-73.9872488571944, 40.718260400330074], [-73.98722033122995, 40.718251679810066], [-73.98720015239262, 40.71824553479596], [-73.98717100237931, 40.71823668244588], [-73.98715131411873, 40.71823076529294], [-73.9871215219854, 40.718221959519525], [-73.987102248539, 40.718216300411974], [-73.9870719189408, 40.71820733811421], [-73.98705310358977, 40.718201975483964], [-73.98702227261754, 40.718192774322596], [-73.98700416795504, 40.71818733216639], [-73.98697278508605, 40.71817799094672], [-73.98695520348069, 40.718172697059], [-73.98692335891849, 40.718163127958455], [-73.98690632923093, 40.718157974108735], [-73.98687394361043, 40.71814818809691], [-73.98685745862653, 40.718143168795294], [-73.98682456442273, 40.71813312744883], [-73.98680865300256, 40.71812823720954], [-73.98677532597497, 40.71811792681296], [-73.98675998812142, 40.718113149168], [-73.98672623188905, 40.71810251482613], [-73.98671143874769, 40.71809782232502], [-73.98667729661258, 40.71808680365786], [-73.98666311311686, 40.71808219630867], [-73.98662858509803, 40.71807070273889], [-73.98661234554626, 40.718065238779516], [-73.98658020558663, 40.718054124249726], [-73.98653219778696, 40.71803693919172], [-73.98651485816528, 40.718030588532436], [-73.98648449682197, 40.71801887308177], [-73.98646298414893, 40.71800891805496], [-73.98644817690344, 40.71800281745652], [-73.98641950464935, 40.71798722658651], [-73.98640922802551, 40.717982660838125], [-73.98637735252672, 40.71796643279511], [-73.98636767491371, 40.71796102447258], [-73.9863332743496, 40.71794425814535], [-73.98629129540004, 40.71792364549706], [-73.98625166113003, 40.71790385654135], [-73.98621131272412, 40.71788353774775], [-73.98620436913265, 40.717880196543106], [-73.98619708654002, 40.7178763941777], [-73.9861730636935, 40.7178640234068], [-73.98616714456273, 40.717860923861814], [-73.98615806562081, 40.71785644332238], [-73.98614956020828, 40.71785220987962], [-73.98613568759356, 40.7178449263617], [-73.98611379285234, 40.71783396389649], [-73.98609809137615, 40.71782624373662], [-73.98607794971673, 40.717815926494836], [-73.98606026783465, 40.71780793435899], [-73.98604044335855, 40.71779895659188], [-73.98602398769386, 40.71779245500382], [-73.98601639484029, 40.717788858446276], [-73.98548074006958, 40.71760943579667], [-73.98543945542558, 40.71759979921974], [-73.98542533323904, 40.71759613317814], [-73.98538752965165, 40.71758697186668], [-73.9853734255426, 40.717583146624925], [-73.9853360513479, 40.71757354344474], [-73.98532176686064, 40.71756978130314], [-73.98528490504283, 40.71755967588058], [-73.98527048708632, 40.71755591920509], [-73.98523421341507, 40.71754525116564], [-73.98521975943012, 40.71754131606979], [-73.98518368058855, 40.717530584909944], [-73.98516920500204, 40.71752648511933], [-73.98513326326028, 40.71751574298235], [-73.98511874802503, 40.71751152515554], [-73.98508300111192, 40.71750072538802], [-73.98506846788243, 40.717496345611735], [-73.98503299880824, 40.717485309815345], [-73.9850185486191, 40.71748064733326], [-73.98498357026344, 40.7174691861476], [-73.98496897940574, 40.71746446600097], [-73.98493365100384, 40.717453649773105], [-73.98491877872526, 40.7174491546536], [-73.98488350442504, 40.71743845095256], [-73.98486852755, 40.71743390640711], [-73.98483337230118, 40.71742324113296], [-73.98481827278965, 40.717418660882956], [-73.98478325823527, 40.717408039528216], [-73.98476803608804, 40.71740342082875], [-73.98473312976455, 40.71739282966538], [-73.98471779219592, 40.71738817526208], [-73.98468298688843, 40.71737761428929], [-73.98466754471933, 40.717372929673], [-73.98463285485607, 40.71736240438226], [-73.98461732972972, 40.717357695045294], [-73.98458273727492, 40.71734719994483], [-73.98456707508498, 40.71734244666655], [-73.9845326052896, 40.71733198450461], [-73.98451683849953, 40.71732720101308], [-73.98448247332526, 40.71731677727677], [-73.98446659472168, 40.71731195808138], [-73.98443233056287, 40.717301564536086], [-73.98441634375197, 40.717296715126764], [-73.98438219503824, 40.717286351774526], [-73.98436609641399, 40.7172814666612], [-73.98433208478617, 40.717271147228814], [-73.98431584909828, 40.71726622091839], [-73.98428195652073, 40.717255939914025], [-73.98426559098345, 40.717250975152126], [-73.98423180663582, 40.71724072434014], [-73.98421535814265, 40.717235732112144], [-73.98419007219519, 40.71722806252734], [-73.98416510728858, 40.71722048630294], [-73.98413156464882, 40.717210309603274], [-73.98411486367156, 40.71720524321758], [-73.98408142926083, 40.7171950994553], [-73.9840646164708, 40.71718999736495], [-73.98403129750369, 40.71717988654124], [-73.98401436207897, 40.717174748744604], [-73.98398115133989, 40.71716467360326], [-73.98396412574502, 40.7171595083391], [-73.98393105209166, 40.717149474373784], [-73.98391388221998, 40.717144265165885], [-73.98388090958173, 40.71713425864781], [-73.98386363511118, 40.71712901922542], [-73.98383078152217, 40.71711905113631], [-73.98381341688169, 40.71711378424608], [-73.9837806390573, 40.71710383811143], [-73.9837631589974, 40.71709853551547], [-73.98373050383013, 40.71708862506564], [-73.983712922779, 40.71708329225539], [-73.98368038666064, 40.71707342023483], [-73.98366267936889, 40.71706804897239], [-73.98363025147853, 40.71705820989014], [-73.98361242876693, 40.717052805666384], [-73.98358012353337, 40.71704300226933], [-73.98356218540412, 40.71703755684998], [-73.98352997757694, 40.71702778364507], [-73.98351193484883, 40.71702231075529], [-73.98347987853448, 40.717012584218956], [-73.98346168070918, 40.717007064638096], [-73.98342973983718, 40.71699737104153], [-73.98341144462869, 40.71699182124634], [-73.9833796083769, 40.716982160588], [-73.98336120135716, 40.71697657508679], [-73.98332946251129, 40.71696694462105], [-73.9833109545005, 40.71696133164956], [-73.98327936356029, 40.71695174510753], [-73.98326070406019, 40.71694608544504], [-73.98322921774052, 40.71693652909685], [-73.98321045003613, 40.716930836473296], [-73.98317907915695, 40.716921318554846], [-73.98316021406984, 40.716915595716486], [-73.98312894781101, 40.716906107992045], [-73.9831099781273, 40.716900352193], [-73.98307880566658, 40.71689089466102], [-73.9830597602431, 40.71688511413968], [-73.98302870683061, 40.71687569229354], [-73.9830095099177, 40.716869867825395], [-73.98297856833926, 40.716860478919315], [-73.98295925961523, 40.716854621489134], [-73.98292843708485, 40.7168452682691], [-73.98290900572917, 40.716839372385664], [-73.98287829142531, 40.716830052105294], [-73.98285876990074, 40.71682413149708], [-73.98282819268009, 40.71681485239522], [-73.98280852688129, 40.71680888784079], [-73.98277804706561, 40.716799638932464], [-73.98275827667155, 40.71679363867196], [-73.9827279086894, 40.716784422704215], [-73.9827080300914, 40.71677839222642], [-73.98267777754938, 40.71676921194464], [-73.98265777631957, 40.71676314575786], [-73.98262766807424, 40.71675400940079], [-73.98260754421486, 40.71674789927057], [-73.98257754058808, 40.716738795853324], [-73.98255730131032, 40.71673265550449], [-73.98252739869538, 40.71672358228178], [-73.98250705121481, 40.71671740897055], [-73.9824772676469, 40.71670837143479], [-73.98245680474892, 40.716702165159994], [-73.98242711858597, 40.716693155073685], [-73.98240655470008, 40.71668691583737], [-73.98237701283256, 40.71667795242112], [-73.98235630467353, 40.71667166923757], [-73.98232688545936, 40.716662744253874], [-73.98230609795382, 40.716656439091004], [-73.98227674007373, 40.7166475305725], [-73.98225585518864, 40.716641189703665], [-73.98222660914037, 40.716632316871454], [-73.98220560523032, 40.716625945782724], [-73.98217649987181, 40.716617111386164], [-73.98215535890301, 40.71661069909567], [-73.9821263725901, 40.71660190313148], [-73.98210510538478, 40.71659544964075], [-73.98207623090411, 40.716586686618456], [-73.98205486992478, 40.71658020565621], [-73.98202610006156, 40.71657147557471], [-73.98200462727306, 40.71656496164859], [-73.9819759800624, 40.71655627000035], [-73.98195438103777, 40.71654971487364], [-73.98192584926566, 40.71654105891289], [-73.98190413121804, 40.7165344680762], [-73.98187571849247, 40.71652584505887], [-73.98185387781402, 40.716519221256206], [-73.98182557331279, 40.716510631180654], [-73.98180364246893, 40.716503977161864], [-73.98177547504775, 40.716495431011836], [-73.98175339993219, 40.71648873304444], [-73.98172533352196, 40.716480214345744], [-73.98170315020442, 40.716473486159146], [-73.98167520283882, 40.71646500589375], [-73.9816529077144, 40.71645823925304], [-73.98162506496537, 40.71644979192926], [-73.9816026580326, 40.716442992323806], [-73.9815749343295, 40.71643457794405], [-73.98155240837387, 40.71642774537261], [-73.98152481453627, 40.716419372173], [-73.98150220202236, 40.71641251213022], [-73.98147468033805, 40.71640416088824], [-73.98145195962421, 40.71639726513627], [-73.98142455337818, 40.71638894683801], [-73.98140171003442, 40.71638201811928], [-73.9813744084045, 40.716373732763046], [-73.9813514640749, 40.71636677108085], [-73.98132431034527, 40.71635853239763], [-73.98130121092451, 40.7163515212745], [-73.9812741690247, 40.716343318279485], [-73.98125097222412, 40.71633627968285], [-73.98122403854902, 40.716328104141226], [-73.98120073354747, 40.716321035324476], [-73.98117389727418, 40.7163128899794], [-73.98115048768074, 40.71630578545342], [-73.9811237993064, 40.7162976895266], [-73.98110024183616, 40.71629053830522], [-73.98107365447082, 40.71628247257565], [-73.9810499924065, 40.7162752938792], [-73.98102352047933, 40.71626725834942], [-73.98099973939485, 40.716260041196314], [-73.98097339011649, 40.7162520495914], [-73.98094950443968, 40.716244799473515], [-73.98092324535037, 40.71623682983012], [-73.9808992622936, 40.71622955498283], [-73.98087314749692, 40.71622162926807], [-73.98084901295668, 40.71621430772418], [-73.98082300998884, 40.71620641769855], [-73.98079877085736, 40.71619906044478], [-73.98077287971908, 40.71619120336357], [-73.98074854681533, 40.716183821380746], [-73.98072273504295, 40.71617598900438], [-73.98069830836774, 40.71616857954753], [-73.98067263728096, 40.716160788354905], [-73.98064806994469, 40.71615333220291], [-73.98062249265139, 40.71614557120722], [-73.98059782072269, 40.71613808483449], [-73.98057235886586, 40.7161303567842], [-73.98054757513016, 40.71612284018947], [-73.98052222870973, 40.716115145084736], [-73.9804973295623, 40.71610759003295], [-73.98047211661067, 40.71609994160072], [-73.9804470731946, 40.71609234259742], [-73.98042199010845, 40.71608472711337], [-73.98039683849302, 40.71607709788837], [-73.98037184559252, 40.71606951260106], [-73.98034660020791, 40.71606185041198], [-73.98032171913444, 40.71605430355956], [-73.98029635112303, 40.71604660565654], [-73.9802715746659, 40.716039083513984], [-73.98024610206191, 40.71603135813437], [-73.98022147710971, 40.716023882667976], [-73.98019585302465, 40.71601610784549], [-73.98017133268526, 40.7160086680682], [-73.98014561843718, 40.71600086577145], [-73.98012119910493, 40.71599345619325], [-73.98009537665884, 40.715985620929395], [-73.98007106554823, 40.715978241551646], [-73.98004513129705, 40.71597037332002], [-73.98002095726235, 40.715963037871596], [-73.97999491481423, 40.715955133928], [-73.97997083096526, 40.715947825932275], [-73.97994465867727, 40.71593988352806], [-73.97992069026344, 40.71593260847909], [-73.97989442420469, 40.71592464134422], [-73.97987055679664, 40.71591739923956], [-73.9798441825421, 40.71590939364766], [-73.97982044499574, 40.71590219272673], [-73.9797939372944, 40.71589414867324], [-73.97977031879016, 40.71588698069999], [-73.97974368846315, 40.71587890093149], [-73.97972017457258, 40.71587176315872], [-73.97969344687041, 40.715863650424275], [-73.97967004119815, 40.715856551086986], [-73.97964319447789, 40.71584840263795], [-73.97961991145473, 40.7158413362493], [-73.97959296014318, 40.715833160322404], [-73.97956979976827, 40.7158261296272], [-73.97954271861852, 40.71581791249406], [-73.97951967367624, 40.71581092023594], [-73.97949246990227, 40.7158026646425], [-73.97946953318038, 40.71579570258598], [-73.97944222481625, 40.71578741676962], [-73.97941940352771, 40.715780490405585], [-73.97939197254037, 40.71577216338395], [-73.97936928471891, 40.71576528095005], [-73.97934173832058, 40.715756920958626], [-73.97931915150468, 40.71575006872529], [-73.97929149690917, 40.715741678510035], [-73.97926902192062, 40.71573485647938], [-73.97924128077017, 40.71572644153355], [-73.97921888514566, 40.715719641465455], [-73.97919103579996, 40.71571119080617], [-73.9791687844632, 40.71570443741529], [-73.97914078724462, 40.71569594280088], [-73.979118647734, 40.71568922235768], [-73.9790905387122, 40.715680694773646], [-73.97906851824149, 40.71567401002432], [-73.97904030102477, 40.715665446726405], [-73.97901837795077, 40.71565879492233], [-73.97899005975208, 40.71565020140133], [-73.97896824850399, 40.715643582545205], [-73.97893981489595, 40.715634953308864], [-73.97891812990115, 40.715628372893015], [-73.97888956645555, 40.71561970519376], [-73.97886799689282, 40.71561316047153], [-73.97883931443086, 40.715604457056074], [-73.97881787112111, 40.71559795077426], [-73.97878908046472, 40.71558921164447], [-73.97876772733932, 40.71558273007281], [-73.97873884291516, 40.7155739634655], [-73.9787176340764, 40.7155675285721], [-73.97868859817314, 40.715558718008005], [-73.97866749394589, 40.71555231331708], [-73.97863834984763, 40.7155434697831], [-73.97861736465927, 40.71553710078697], [-73.97858810154605, 40.7155282187915], [-73.97856722457459, 40.71552188548823], [-73.97853784965923, 40.71551297052202], [-73.97851712418854, 40.71550668389883], [-73.97848761943743, 40.715497727724134], [-73.97846698054408, 40.715491463066144], [-73.9784374108797, 40.71548249314263], [-73.97841684413441, 40.71547625044727], [-73.97838715906273, 40.71546724206253], [-73.97836671856952, 40.71546103780853], [-73.97833691448251, 40.7154519937066], [-73.97831657499196, 40.71544582239976], [-73.97828665910338, 40.71543674532662], [-73.97826647832845, 40.715430617957054], [-73.97823643260459, 40.71542149967492], [-73.9782163420112, 40.71541540250597], [-73.97818619169973, 40.71540625399851], [-73.97816621292962, 40.715400192523894], [-73.97813594360412, 40.715391005554046], [-73.97811606944543, 40.71538497153819], [-73.97808569913973, 40.715375754343505], [-73.97806597287249, 40.71536976975282], [-73.97803544387554, 40.715360505853724], [-73.97801582943221, 40.71535455421292], [-73.97798521027626, 40.71534526283564], [-73.97796569683675, 40.7153393386532], [-73.97793496948717, 40.71533001430471], [-73.97791556426318, 40.71532412581636], [-73.97788472511382, 40.7153147657511], [-73.97786545696168, 40.71530891845207], [-73.97783447715524, 40.71529951991962], [-73.97781532804026, 40.71529370831701], [-73.9777842328288, 40.71528426857734], [-73.97776519192996, 40.715278489924366], [-73.9777339849171, 40.71526901995716], [-73.97771506305524, 40.715263277000844], [-73.97768378391842, 40.71525378504794], [-73.97766495223699, 40.715248072293186], [-73.97763353965911, 40.71523853912931], [-73.97761482701624, 40.71523285658186], [-73.97758329542457, 40.71522328769923], [-73.97756468017471, 40.71521764084444], [-73.97753304760393, 40.71520804173601], [-73.97751454778422, 40.71520242783277], [-73.97748279620086, 40.71519279026057], [-73.97746441541761, 40.71518721205444], [-73.97743256646163, 40.71517754700171], [-73.9774143119283, 40.71517200723897], [-73.97739181568124, 40.715165182092285], [-73.97736417960647, 40.7151567941617], [-73.97733207459036, 40.71514704943271], [-73.97731404009488, 40.715141575571636], [-73.97728183410011, 40.71513180061633], [-73.97726391503338, 40.71512636245205], [-73.97723158641834, 40.71511655177657], [-73.97721380442194, 40.71511115480301], [-73.97718133515224, 40.71510130291412], [-73.97716367940525, 40.71509594438448], [-73.97713110194456, 40.715086056778084], [-73.97711353277067, 40.71508072570555], [-73.97708086154536, 40.715070810618634], [-73.9770633969798, 40.71506550975161], [-73.97703061756279, 40.71505556169175], [-73.97701330088707, 40.71505030750759], [-73.97698036999691, 40.71504030999742], [-73.97696316153569, 40.71503508876447], [-73.97691768230258, 40.71502128723065], [-73.97687991460737, 40.715009825764184], [-73.97686289732682, 40.715004662194595], [-73.97682967432303, 40.71499457949498], [-73.97681276525768, 40.71498944613212], [-73.97677943406265, 40.71497933045904], [-73.97676266206669, 40.71497423828787], [-73.97672918661077, 40.71496408139971], [-73.97671253725592, 40.71495902767265], [-73.97667894278909, 40.714948832319095], [-73.97666238722009, 40.7149438087962], [-73.97662868816963, 40.7149335804696], [-73.97661225163522, 40.71492859264552], [-73.97657845882107, 40.71491833683756], [-73.97656215574827, 40.714913390204885], [-73.97652821506745, 40.71490309043586], [-73.97651202020916, 40.7148981740105], [-73.97647797133868, 40.714887838522706], [-73.97646189190748, 40.71488295779576], [-73.976427727632, 40.71487258933232], [-73.97641174919967, 40.71486774155617], [-73.97637747312653, 40.71485734011776], [-73.97636165340418, 40.714852539028165], [-73.9763272402866, 40.714842093630445], [-73.97631151795758, 40.714837320001564], [-73.97627700386238, 40.71482684712045], [-73.97626138974653, 40.71482210644418], [-73.97622676024761, 40.71481159784224], [-73.9762112471302, 40.714806890117124], [-73.97617651665588, 40.71479634854209], [-73.97616110814508, 40.71479167102424], [-73.97612629472764, 40.71478110745873], [-73.97611101246395, 40.71477646838697], [-73.97607606200161, 40.71476586360643], [-73.97606087712984, 40.71476125474063], [-73.9760258220851, 40.7147506169859], [-73.97601074903312, 40.71474604107391], [-73.975975574979, 40.71473536485243], [-73.9759606065323, 40.71473082189282], [-73.9759253315022, 40.71472011544247], [-73.97591051094264, 40.7147156191682], [-73.97587508444113, 40.714704866009804], [-73.97586036848753, 40.71470039994336], [-73.975824837404, 40.714689613810414], [-73.97581020799825, 40.71468523833286], [-73.97577456510828, 40.71467444667136], [-73.97576007279443, 40.714670043768635], [-73.9757243253306, 40.714659197174306], [-73.97570997008867, 40.71465482174183], [-73.97567409280042, 40.714643920209255], [-73.9756598602004, 40.71463957498877], [-73.97562387112002, 40.714628629500695], [-73.97560974673375, 40.71462431174453], [-73.97557364946766, 40.71461332504641], [-73.97555964411187, 40.71460904848075], [-73.97552344226641, 40.71459802331801], [-73.97550952347763, 40.71459378244656], [-73.97547322786961, 40.714582732545196], [-73.97545944614322, 40.71457854384736], [-73.97542302791675, 40.71456746371162], [-73.97540931472307, 40.71456330521475], [-73.97537278469794, 40.71455220033638], [-73.97535918331873, 40.714548085773664], [-73.97532254149407, 40.71453695889729], [-73.97530905193119, 40.71453288277919], [-73.9752722766626, 40.71452173664487], [-73.97525892777081, 40.71451770721211], [-73.97522201905937, 40.71450653907492], [-73.97520877476924, 40.714502548085456], [-73.97517174343575, 40.714491360692406], [-73.97515859653478, 40.71448740265534], [-73.97512145339786, 40.71447620424292], [-73.97510842192, 40.71447228465169], [-73.97507114894674, 40.71446106698159], [-73.97505825453224, 40.71445719407532], [-73.97502083369059, 40.71444594616449], [-73.9750080655217, 40.71444210896187], [-73.97497052927072, 40.714430847285826], [-73.97495784767194, 40.71442703479926], [-73.97492021044265, 40.7144157538715], [-73.97490763705518, 40.71441197159537], [-73.97486988803014, 40.71440066043434], [-73.97485743006527, 40.71439691660461], [-73.97480750082467, 40.71438194125076], [-73.97471436551089, 40.71435403131253], [-73.97470283451804, 40.714350559400984], [-73.97466436059212, 40.714339031177055], [-73.97465236793158, 40.71433542192074], [-73.97461405994095, 40.714323932143145], [-73.97460218270346, 40.714320358589006], [-73.97456373767753, 40.71430881112443], [-73.97455197586306, 40.714305273272466], [-73.97451345150928, 40.71429369009165], [-73.97450179069189, 40.7142901797045], [-73.97446314373306, 40.71427853609491], [-73.97445162719315, 40.7142750696509], [-73.9744128792706, 40.71426337110675], [-73.97440145290703, 40.71425992938059], [-73.97436259320037, 40.71424817315465], [-73.97435129668932, 40.71424476438956], [-73.97431235044392, 40.71423296421118], [-73.97430117296474, 40.71422958566012], [-73.97426208968922, 40.71421771681507], [-73.9742510348468, 40.71421437396843], [-73.9742118794596, 40.71420246666353], [-73.97420091479532, 40.7141991430456], [-73.97416164401413, 40.714187186292015], [-73.97415082002152, 40.71418390112756], [-73.97411144106094, 40.71417189492682], [-73.97410070724631, 40.714168628991246], [-73.97406121649709, 40.714156578831954], [-73.97405061614269, 40.714153343114155], [-73.97401102802846, 40.71414126272333], [-73.97400054670742, 40.71413805173061], [-73.97396081434101, 40.71412592462893], [-73.97395045204897, 40.71412274934046], [-73.97391062952792, 40.71411060298776], [-73.97390036462582, 40.71410745241971], [-73.97386040505963, 40.71409527857086], [-73.9738502844325, 40.71409217469205], [-73.97381021306853, 40.71407998158707], [-73.97380017539908, 40.71407691065984], [-73.97375997420461, 40.71406469006016], [-73.97375005555291, 40.71406168228521], [-73.97370975699396, 40.71404943145336], [-73.9736999248874, 40.71404650603671], [-73.97365948568516, 40.714034205749414], [-73.97364980509458, 40.71403125840502], [-73.9736092685281, 40.71401892788544], [-73.97359969253691, 40.71401601624271], [-73.97355904057353, 40.714003647252234], [-73.97354959443103, 40.71400077406186], [-73.97350883788918, 40.7139883748372], [-73.97349947110087, 40.71398552361905], [-73.97345859916126, 40.71397308866813], [-73.97344935861311, 40.71397027864638], [-73.97340838930963, 40.713957813462834], [-73.97339926418209, 40.7139550391456], [-73.9733581470183, 40.71394253273851], [-73.97334914091962, 40.713939791382], [-73.97330794082102, 40.71392725474541], [-73.973299035715, 40.71392454634554], [-73.97325770218413, 40.71391197123329], [-73.9732489377466, 40.713909304033606], [-73.97320749242456, 40.71389669594024], [-73.97319881455293, 40.71389405620448], [-73.97315725022759, 40.71388140963859], [-73.97314870580992, 40.71387881110161], [-73.97310704051301, 40.71386613704645], [-73.97309860790918, 40.713863571469], [-73.97305680196932, 40.71385085070174], [-73.97304848478537, 40.71384832082956], [-73.97300659230072, 40.71383557806571], [-73.97299837611106, 40.713833075661135], [-73.97295634658985, 40.71382028893071], [-73.97294827827908, 40.713817835963006], [-73.9729061477878, 40.71380501899808], [-73.97289815522407, 40.71380258525802], [-73.97285591654955, 40.71378973531205], [-73.97284805022574, 40.71378734002498], [-73.97280570697525, 40.71377445709875], [-73.97279795246254, 40.713772100261274], [-73.97275546856865, 40.71375917336713], [-73.97274782947632, 40.71375684949074], [-73.97270525543101, 40.713743900598644], [-73.97269771733235, 40.71374160419047], [-73.9726550170716, 40.71372861407835], [-73.97264762324505, 40.713726364362174], [-73.97260480758827, 40.71371333852208], [-73.9725975003265, 40.71371111627086], [-73.97255456566666, 40.713698054701815], [-73.97254738825134, 40.71369587090505], [-73.97250435622936, 40.71368277910166], [-73.97249729423272, 40.71368063101121], [-73.97245411796102, 40.713667495238354], [-73.97244717138295, 40.71366538285435], [-73.97240390856977, 40.71365221959433], [-73.9723970593777, 40.71365013467823], [-73.97235366674138, 40.71363693294154], [-73.97234696542789, 40.713634894718886], [-73.97230346821549, 40.71362166274574], [-73.97229684625408, 40.71361964649735], [-73.9722532336464, 40.713606378795504], [-73.97224673792361, 40.713604401001355], [-73.97220302434614, 40.713591105808476], [-73.9721966512558, 40.71358916372304], [-73.97215278982426, 40.713575819069625], [-73.97214650690276, 40.71357390994033], [-73.97212287562364, 40.713566718434436], [-73.97210256974957, 40.71356054329137], [-73.97209641306867, 40.71355866712703], [-73.97205233527266, 40.71354525925334], [-73.97204632286233, 40.71354342978237], [-73.97200212606558, 40.71352998343385], [-73.9719961821853, 40.71352817593495], [-73.9719518844203, 40.71351469935016], [-73.97194608120559, 40.71351293305441], [-73.97190167886652, 40.71349942348768], [-73.97189599467639, 40.71349769290031], [-73.97185144087567, 40.71348413661623], [-73.97184585406816, 40.71348243898735], [-73.97180123176067, 40.71346886070899], [-73.9717957567644, 40.71346719604218], [-73.97175099020758, 40.71345357653751], [-73.97174566669669, 40.713451955821725], [-73.9717007775326, 40.71343829784073], [-73.97169552976445, 40.71343670184408], [-73.97165055045312, 40.713423016373696], [-73.97164542892224, 40.71342145883252], [-73.97160034503621, 40.71340774312438], [-73.97159533892334, 40.71340621854653], [-73.97155010718357, 40.713392456121234], [-73.97154520205987, 40.713390964503326], [-73.97149989820674, 40.71337718008238], [-73.97149510128646, 40.71337572142624], [-73.97144965679182, 40.713361895779215], [-73.97144501496227, 40.71336048382041], [-73.97139945146698, 40.713346622442145], [-73.97139487816881, 40.71334522696693], [-73.97134921370655, 40.71333133535121], [-73.97134477746295, 40.71332998656906], [-73.97129900482173, 40.713316059224624], [-73.97129468760035, 40.713314748896885], [-73.97124876349895, 40.71330077483366], [-73.97124454726848, 40.713299491976876], [-73.97119855466025, 40.7132854986632], [-73.97119445023972, 40.713284248769696], [-73.97114831338352, 40.71327021422832], [-73.97114436044585, 40.71326901103195], [-73.97109810098364, 40.71325493801307], [-73.97109422018286, 40.713253754046384], [-73.97104787418169, 40.71323965353794], [-73.97104411961449, 40.71323851351754], [-73.97099403349652, 40.71322327571522], [-73.97094389690946, 40.71320801866503], [-73.97089379641105, 40.71319277532586], [-73.97084370675465, 40.71317753745717], [-73.97079359908777, 40.7131622940725], [-73.97074346980558, 40.7131470396815], [-73.97069338021792, 40.71313180174728], [-73.97064327261974, 40.71311655829712], [-73.97059314340638, 40.713101303840524], [-73.97054305388987, 40.71308606035126], [-73.97049294996762, 40.71307081683652], [-73.97044282443021, 40.71305556231532], [-73.97039273137409, 40.71304032150441], [-73.9703426239147, 40.71302507517846], [-73.97029249844365, 40.71300982608123], [-73.97024240545748, 40.71299458246003], [-73.97019229806683, 40.71297933606854], [-73.97014217266457, 40.712964086905785], [-73.97009207974592, 40.712948845963886], [-73.97004197242285, 40.712933602251596], [-73.96999184709061, 40.71291835027851], [-73.96994175424196, 40.71290310652636], [-73.96989165059475, 40.71288786274955], [-73.9698415217229, 40.71287261345473], [-73.969791428943, 40.71285736963701], [-73.96974132175744, 40.71284212579372], [-73.96968404458137, 40.712824697954936], [-73.96945595689577, 40.71275520891084], [-73.96747806429812, 40.71215440139597], [-73.96706860695572, 40.71203002137348], [-73.96127209926098, 40.710268678946115], [-73.96117316886696, 40.71023941115057], [-73.9611626996822, 40.710236056263426], [-73.96115679973768, 40.710234138428234], [-73.96114941039784, 40.71023170956415], [-73.96114608898921, 40.71023060504847], [-73.96114269185114, 40.710229470314694], [-73.96113927308076, 40.71022831910495], [-73.96113595168363, 40.71022719537564], [-73.9611326483232, 40.710226068907545], [-73.96112934496614, 40.71022493694982], [-73.96112591539281, 40.710223755543616], [-73.96112260843857, 40.7102226071159], [-73.96111934836911, 40.71022146968298], [-73.96111584668647, 40.71022023610165], [-73.96111251810657, 40.710219060218705], [-73.96110930132629, 40.71021791456584], [-73.96110580326383, 40.710216659027324], [-73.96110237372498, 40.71021541998046], [-73.96109914614007, 40.71021424687602], [-73.96109584282738, 40.710213040808725], [-73.96109242411953, 40.71021178529664], [-73.96108905229971, 40.710210535289775], [-73.96108582473445, 40.710209329247824], [-73.96108242768022, 40.71020805452941], [-73.961079099148, 40.710206799047384], [-73.9610757417727, 40.710205521597445], [-73.9610724060411, 40.710204241409905], [-73.96106911358727, 40.710202972215995], [-73.9610656011593, 40.71020161237041], [-73.96106231592779, 40.710200329454935], [-73.961059048733, 40.71019904380067], [-73.96105572745253, 40.71019772519089], [-73.96105233765678, 40.71019637636541], [-73.9610489081986, 40.71019500282356], [-73.96104563020576, 40.71019367873863], [-73.9610422728847, 40.710192310710546], [-73.96103889753674, 40.71019092895241], [-73.96103561955879, 40.71018958016431], [-73.96103234519273, 40.710188223143035], [-73.96102898789309, 40.710186819432636], [-73.96102561977897, 40.71018540473941], [-73.96102226248917, 40.71018398456023], [-73.96101889077961, 40.71018255065228], [-73.96101561283453, 40.710181146968296], [-73.96101233850307, 40.710179732306464], [-73.96100898484171, 40.71017827644624], [-73.96100562036597, 40.710176809603134], [-73.96100221623098, 40.71017531255415], [-73.96099895634575, 40.71017386770442], [-73.96099574695063, 40.71017243659553], [-73.96099230677181, 40.71017089561782], [-73.9609889711737, 40.7101693931021], [-73.96098573655411, 40.71016792081293], [-73.96098235048399, 40.71016637436376], [-73.96097902211636, 40.71016484440261], [-73.96097578751169, 40.71016334741029], [-73.96097235819016, 40.71016174605088], [-73.96096909835438, 40.71016021885743], [-73.9609658890072, 40.71015870814956], [-73.9609624921556, 40.7101570958218], [-73.96095912415693, 40.710155488993294], [-73.96095584271032, 40.710153909641626], [-73.96095257569195, 40.71015233029476], [-73.96094921492218, 40.71015069876554], [-73.9609320794267, 40.710142208888925], [-73.96091641890555, 40.71013421905745], [-73.96091310147473, 40.71013249696469], [-73.96090972274926, 40.71013073367958], [-73.96090647744911, 40.71012902807968], [-73.96090320330445, 40.71012730325655], [-73.96089992195877, 40.71012555647281], [-73.96089666946125, 40.71012382342257], [-73.9608934313951, 40.71012208488761], [-73.96089009236859, 40.71012028593346], [-73.9608868038338, 40.71011849797542], [-73.96088358020747, 40.71011674023175], [-73.96088030250043, 40.7101149412982], [-73.96087707888572, 40.710113164341024], [-73.96087381200971, 40.71011134894232], [-73.96087057758723, 40.71010955002319], [-73.96086727466258, 40.71010769893014], [-73.96086404386033, 40.71010587805392], [-73.96086083109485, 40.71010405443902], [-73.96085751376368, 40.710102167658874], [-73.9608542541334, 40.71010030011165], [-73.96085104498673, 40.71009845728433], [-73.96084785748224, 40.71009661446425], [-73.96084453296525, 40.710094681020365], [-73.96084132744383, 40.710092808001626], [-73.96083814356145, 40.71009094047966], [-73.96083481545409, 40.7100889795866], [-73.96083156307617, 40.71008704891162], [-73.96082840084594, 40.71008516492818], [-73.9608251953529, 40.71008324524802], [-73.96082189611519, 40.71008126240631], [-73.96081872308713, 40.71007933999229], [-73.96081554285009, 40.710077409341366], [-73.9608122544485, 40.71007540180024], [-73.9608090525876, 40.71007344094941], [-73.96080585073497, 40.71007146637466], [-73.96080256595543, 40.7100694341316], [-73.96079943622702, 40.7100674870289], [-73.96079625962871, 40.71006550422821], [-73.96079298568536, 40.7100634472857], [-73.96078982712731, 40.710061456256646], [-73.96078661449033, 40.71005942129295], [-73.96078334416906, 40.71005733964851], [-73.96078020726328, 40.71005533215802], [-73.96077704512162, 40.71005330270077], [-73.96077382529569, 40.71005122656282], [-73.96077061629254, 40.71004914768368], [-73.96076742892994, 40.71004707155659], [-73.96076426681167, 40.71004500367229], [-73.96076114435922, 40.71004295501476], [-73.9607578776886, 40.710040802007], [-73.96075468674078, 40.710038690196434], [-73.96075157151913, 40.710036614093454], [-73.96074843466694, 40.710034518769724], [-73.96074523292143, 40.71003236852852], [-73.96074199512393, 40.71003018808253], [-73.96073886550091, 40.710028068058115], [-73.96073568900658, 40.71002591508045], [-73.96073254137166, 40.71002375662305], [-73.96072941177188, 40.71002159817172], [-73.96072624612337, 40.71001940402609], [-73.96072315259073, 40.71001725107639], [-73.96072012759275, 40.71001509540525], [-73.96071691148254, 40.71001284085734], [-73.96071372422693, 40.710010589063934], [-73.96071066677148, 40.71000842514716], [-73.96070756966195, 40.710006222790156], [-73.96070437881286, 40.71000394903716], [-73.96070124205434, 40.710001700005435], [-73.96069809448316, 40.709999437246125], [-73.9606950010009, 40.70999720195276], [-73.96069191112743, 40.70999496391584], [-73.96068878520693, 40.709992687439836], [-73.9606856809237, 40.7099904192054], [-73.96068249732735, 40.70998808232474], [-73.9606794146882, 40.70998581135276], [-73.96067633926481, 40.70998353763844], [-73.96067322418737, 40.70998122548383], [-73.96067013795805, 40.709978927062714], [-73.96066703009988, 40.709976606676086], [-73.96066392945919, 40.7099742808023], [-73.96066081800905, 40.70997193571141], [-73.96065771016774, 40.70996958787687], [-73.96065464199387, 40.709967256524386], [-73.96065158824327, 40.709964933411065], [-73.9606484335474, 40.70996252517551], [-73.96064534735868, 40.709960160879476], [-73.9606422755965, 40.709957799333054], [-73.96063924710381, 40.709955462504176], [-73.96063609603527, 40.709953021332346], [-73.96063299544538, 40.70995061311488], [-73.96062996696632, 40.70994825432764], [-73.96062688080966, 40.70994583788064], [-73.9606238343123, 40.70994345163948], [-73.96062075898033, 40.70994102970647], [-73.96061766562339, 40.70993859129864], [-73.96061457587852, 40.70993614465766], [-73.96061155463902, 40.70993374470102], [-73.96060852258698, 40.709931331016804], [-73.96060537877521, 40.7099288212275], [-73.96059990956573, 40.7099244332243], [-73.96059014649958, 40.70991654966754], [-73.95992990221642, 40.70936950727191], [-73.95991601113126, 40.7093586496417], [-73.95959037323195, 40.70909960030658], [-73.95952916205987, 40.709048306622435], [-73.95952191212298, 40.70904233970245], [-73.95951821684389, 40.709039316418455], [-73.95951455040228, 40.70903632333695], [-73.9595108803491, 40.70903333848828], [-73.95950719947201, 40.70903035912524], [-73.95950351859032, 40.709027387996365], [-73.95949971873165, 40.70902433173784], [-73.95949590083526, 40.70902128096242], [-73.95949218748208, 40.70901832629031], [-73.95948844527874, 40.70901536337367], [-73.9594847138832, 40.709012422418795], [-73.95948076616507, 40.709009327680924], [-73.95947701311853, 40.709006403186734], [-73.95947313748314, 40.70900340179596], [-73.95946935918042, 40.709000491016475], [-73.95946545468186, 40.70899750333905], [-73.95946153214564, 40.70899452114468], [-73.95945760599281, 40.7089915554175], [-73.95945376274982, 40.70898867206227], [-73.95944968515138, 40.70898563217281], [-73.95944509558025, 40.70898224351792], [-73.9594413712721, 40.70897951665567], [-73.95943753879284, 40.70897672937039], [-73.95943389017587, 40.70897409311179], [-73.9594300216162, 40.70897132502691], [-73.95942520122482, 40.70896790060792], [-73.95942049257876, 40.70896459150819], [-73.95941656268221, 40.70896185633841], [-73.95941186481443, 40.70895861860596], [-73.95940924005787, 40.708956822605174], [-73.95940797454638, 40.70895596304795], [-73.95940664774211, 40.708955062297676], [-73.95940530290824, 40.70895415330672], [-73.95940395446577, 40.70895324705927], [-73.95940262405134, 40.70895235179718], [-73.9594012756056, 40.70895145103921], [-73.95940022280996, 40.70895074526371], [-73.95939887075735, 40.70894984450439], [-73.95939721944949, 40.70894874601662], [-73.95939587460248, 40.708947858983656], [-73.95939451893803, 40.70894696645734], [-73.95939346613417, 40.708946274405555], [-73.9593921140734, 40.70894538737003], [-73.95939043390857, 40.708944291616675], [-73.95938938831196, 40.70894361054649], [-73.95938803263769, 40.7089427344887], [-73.95938634525578, 40.7089416442223], [-73.95938529604899, 40.70894096864029], [-73.95938392595043, 40.70894008708783], [-73.95938255584849, 40.70893921102484], [-73.95938151024372, 40.70893854367837], [-73.95937980121539, 40.70893746163854], [-73.95937842750334, 40.708936591063775], [-73.95937729896583, 40.708935879771765], [-73.95937456234766, 40.70893416332886], [-73.95935994529185, 40.708925204750976], [-73.95934596262175, 40.708916965523265], [-73.95934337375215, 40.70891547420233], [-73.95934196032789, 40.70891466399794], [-73.95934050363051, 40.70891383730963], [-73.95933907938388, 40.70891302984606], [-73.95933787508324, 40.70891234871935], [-73.95933598209263, 40.708911283082436], [-73.95933394126304, 40.70891014328462], [-73.95933206629218, 40.70890910235691], [-73.95933017329172, 40.70890805318849], [-73.95932811081738, 40.70890691887247], [-73.95932624304714, 40.70890589990533], [-73.95932434282298, 40.70890486720282], [-73.95932226951965, 40.70890374660668], [-73.95932038370992, 40.70890273586732], [-73.95931846905147, 40.70890171413869], [-73.95931655439145, 40.708900695154774], [-73.95931450631178, 40.70889961573891], [-73.95931256279637, 40.70889859674471], [-73.95931066254582, 40.708897607958185], [-73.9593087298413, 40.70889660543636], [-73.95930662044735, 40.7088955205091], [-73.95930470936945, 40.70889454269773], [-73.95930260718119, 40.70889347149678], [-73.95930051219844, 40.708892414022145], [-73.95929874534102, 40.70889152958362], [-73.95929683064305, 40.70889057372891], [-73.95929487267026, 40.708889604135074], [-73.95929273079763, 40.70888854664374], [-73.95929082329859, 40.70888761549436], [-73.95928884007748, 40.70888664589149], [-73.95928669818997, 40.7088856131029], [-73.95928456351133, 40.708884588551115], [-73.95928261633293, 40.70888366287711], [-73.95928084223532, 40.70888282235193], [-73.95927868230329, 40.7088818060254], [-73.95927653679239, 40.70888080068294], [-73.95927474105, 40.708879965639596], [-73.95927259192389, 40.70887897401963], [-73.95927040673354, 40.70887797415255], [-73.9592684559251, 40.70887708690371], [-73.95926644741921, 40.70887617767629], [-73.9592644713623, 40.70887529041843], [-73.95926253496664, 40.70887442787747], [-73.95926028124491, 40.708873427985935], [-73.95925808160709, 40.70887246105071], [-73.95925633271163, 40.70887169738746], [-73.95925415109683, 40.708870749671874], [-73.95925211011047, 40.708869870625094], [-73.95925027826914, 40.708869084974296], [-73.95924790912936, 40.708868079552175], [-73.95924571307535, 40.70886715104465], [-73.95924387401021, 40.708866381859785], [-73.95924166713046, 40.70886546158265], [-73.95923958645479, 40.70886460447969], [-73.95923757068545, 40.708863777592114], [-73.95923559818421, 40.70886297542269], [-73.95923335883388, 40.70886206885772], [-73.95923113029946, 40.7088611705308], [-73.95922928760591, 40.7088604370263], [-73.95922703021273, 40.70885954417866], [-73.95922478363372, 40.7088586623138], [-73.95922293371976, 40.70885793978572], [-73.95922091071007, 40.70885715681152], [-73.95921866051421, 40.70885629141385], [-73.95921638507325, 40.708855420517686], [-73.9592141276569, 40.70885456609643], [-73.95921225248286, 40.708853862772564], [-73.95921022945669, 40.70885310724578], [-73.95920809824274, 40.708852318743446], [-73.95920579393317, 40.70885146979494], [-73.95920362665005, 40.70885068127974], [-73.95920148461047, 40.70884990100775], [-73.95919931371543, 40.708849120725525], [-73.95919727985024, 40.70884839538706], [-73.95919507649297, 40.70884761509319], [-73.95919295246806, 40.708846867764585], [-73.95919074549728, 40.70884609844841], [-73.95918856015967, 40.708845342863725], [-73.95918638563957, 40.70884459277233], [-73.95918432290577, 40.70884388938151], [-73.9591820113409, 40.70884310904903], [-73.95917964207527, 40.70884231222751], [-73.9591776117872, 40.70884163629569], [-73.95917569689567, 40.708841001576246], [-73.95917378921303, 40.70884037509361], [-73.95915533253307, 40.708834513965726], [-73.95867214329009, 40.70866780297826], [-73.95680567639545, 40.70802844417033], [-73.95660020541662, 40.707958059760784], [-73.95616724616096, 40.7078097141431], [-73.95548819445827, 40.707577109297844], [-73.95544760129543, 40.707563213322324], [-73.95472925269415, 40.70731716413316], [-73.95429891604782, 40.70716979787428], [-73.95428578663056, 40.707165293992425], [-73.95243419528755, 40.70653106040108], [-73.95219943169752, 40.706450862691014], [-73.95218271836902, 40.70644501214585], [-73.95217708236012, 40.70644303082927], [-73.95217145717587, 40.7064410440274], [-73.95216579232897, 40.70643904074018], [-73.95216027893451, 40.706437084176635], [-73.9521547366978, 40.706435111132244], [-73.95214917282853, 40.706433127099515], [-73.95214354766563, 40.706431112848655], [-73.9521379116866, 40.706429093103495], [-73.9521323983135, 40.70642710909095], [-73.95212683086041, 40.70642509486324], [-73.95212123456116, 40.706423069644245], [-73.95211560221006, 40.70642102245182], [-73.95211011409772, 40.70641902198014], [-73.95210460435477, 40.7064170077754], [-73.95209906937832, 40.70641497434649], [-73.95209348031607, 40.70641291893673], [-73.95208787683686, 40.706410849796896], [-73.95208239596342, 40.70640881638971], [-73.95207686100613, 40.70640675825691], [-73.95207129720666, 40.70640468364321], [-73.95206581274326, 40.70640262827562], [-73.95206037515868, 40.70640058665114], [-73.95205466353875, 40.70639843237692], [-73.95204914303208, 40.70639634405638], [-73.95204370546438, 40.706394280473035], [-73.95203825347961, 40.70639220315953], [-73.95203275823143, 40.70639010112489], [-73.95202711514838, 40.70638793864357], [-73.95202171726865, 40.70638585860711], [-73.95201622203732, 40.7063837346136], [-73.95201062945443, 40.706381566662984], [-73.95200521716828, 40.706379459172084], [-73.95199980488641, 40.70637734619143], [-73.9519942844386, 40.70637518101484], [-73.9519887531786, 40.70637300485445], [-73.95198334091359, 40.70637086991486], [-73.95197793226365, 40.70636872399753], [-73.9519724731367, 40.70636655335594], [-73.95196692747865, 40.706364338761794], [-73.95196149360594, 40.70636215989594], [-73.95195608858398, 40.70635998653143], [-73.95195065111706, 40.70635779119499], [-73.95194517038477, 40.70635557388209], [-73.95193973292845, 40.70635336482134], [-73.95193439644096, 40.70635118599489], [-73.95192891212277, 40.706348941232086], [-73.95192346386894, 40.70634670197362], [-73.9519180805239, 40.706344481955334], [-73.95191269357835, 40.706342253701045], [-73.95190724173862, 40.70633998699268], [-73.95190190168013, 40.70633776150219], [-73.95189645345584, 40.70633548381578], [-73.95189111340997, 40.70633324185623], [-73.95188573010276, 40.7063309724307], [-73.9518803107438, 40.70632868103175], [-73.95187497792654, 40.70632641986113], [-73.95186950809897, 40.70632409275862], [-73.95186420414268, 40.70632182336527], [-73.95185891100914, 40.70631955123142], [-73.95185339432612, 40.70631718019229], [-73.9518480218795, 40.70631485861904], [-73.95184286217065, 40.70631262496695], [-73.95183746810187, 40.7063102786813], [-73.95183209206746, 40.706307932402886], [-73.95182679175623, 40.706305613603554], [-73.95182136165045, 40.70630322613058], [-73.95181608659148, 40.7063009018518], [-73.95181082956483, 40.7062985803251], [-73.95180539947806, 40.70629616814846], [-73.95180016770566, 40.70629383839754], [-73.95179480253003, 40.70629144271617], [-73.95178949865829, 40.70628906352885], [-73.95178434262168, 40.70628674478796], [-73.95177898107377, 40.706284321659716], [-73.95177363034468, 40.70628190128055], [-73.95176832649429, 40.70627949464459], [-73.95176304789383, 40.70627708527421], [-73.95175786304054, 40.70627471711433], [-73.95175257723717, 40.706272294016614], [-73.9517472337534, 40.70626983246776], [-73.95174208497507, 40.706267456087986], [-73.95173679558597, 40.70626500554042], [-73.95173149899155, 40.7062625440105], [-73.95172630696271, 40.706260126440384], [-73.95172105004384, 40.70625766492663], [-73.9517157931273, 40.706255200667876], [-73.95171050016313, 40.706252708946074], [-73.95170526850092, 40.70625023646316], [-73.95170010895293, 40.706247794202646], [-73.95169496022976, 40.7062453464569], [-73.9516897069498, 40.706242843771754], [-73.9516843743547, 40.706240294392074], [-73.9516792472833, 40.706237832930924], [-73.95167409497674, 40.70623535499033], [-73.95166891022733, 40.70623285233298], [-73.95166375432868, 40.706230355177084], [-73.9516584938733, 40.70622780308172], [-73.9516532406379, 40.70622524275488], [-73.9516481532634, 40.70622275386134], [-73.95164310194724, 40.70622027870657], [-73.95163782349339, 40.706217679941744], [-73.95163256306988, 40.70621508667372], [-73.95162747571685, 40.7062125703316], [-73.95162238837217, 40.70621004301026], [-73.95161730102987, 40.706207512943884], [-73.9516121271649, 40.70620492794564], [-73.95160687398688, 40.70620229350802], [-73.95160181190323, 40.70619974972777], [-73.9515967354028, 40.70619719221744], [-73.95159161925002, 40.70619460449775], [-73.95158647786609, 40.7061919948091], [-73.95158132567214, 40.706189371391886], [-73.95157627443669, 40.706186791933135], [-73.95157122681046, 40.706184209730914], [-73.95156601694903, 40.70618153139342], [-73.95156092607206, 40.70617890800107], [-73.95155598302387, 40.706176353289855], [-73.95155084168661, 40.70617368321482], [-73.95154560300644, 40.70617095820329], [-73.95154059868595, 40.7061683458255], [-73.9515356628748, 40.70616576092402], [-73.95153048911608, 40.706163038683904], [-73.95152550644941, 40.706160409846014], [-73.95152050215447, 40.70615776453023], [-73.95151546181401, 40.706155089006586], [-73.95151039263772, 40.70615238876776], [-73.95150524414845, 40.70614963908947], [-73.95150029756762, 40.70614698830757], [-73.9514953293645, 40.706144312813485], [-73.95149029266483, 40.70614159337405], [-73.95148532086766, 40.70613890140944], [-73.95148032744825, 40.70613618473258], [-73.95147529076978, 40.70613343784485], [-73.95147029015551, 40.70613069646165], [-73.95146528954574, 40.706127949588726], [-73.95146035023365, 40.70612522744428], [-73.95145545780217, 40.70612251629845], [-73.9514504031358, 40.70611970901723], [-73.95143556006093, 40.706111399842975], [-73.95030860384999, 40.705480729115635], [-73.95025431969364, 40.7054503568037], [-73.95024051520687, 40.70544265451641], [-73.95018630681724, 40.70541233161075], [-73.94817161517602, 40.704284674858485], [-73.94664001233193, 40.7034273584306], [-73.94316366767261, 40.701481340523344], [-73.9431481778132, 40.70147264843256], [-73.9431403445788, 40.70146823921314], [-73.9431326735668, 40.70146391516113], [-73.94312495570362, 40.70145955265863], [-73.94311718377162, 40.701455157191766], [-73.94310942627148, 40.70145075624197], [-73.94310169761283, 40.70144636902971], [-73.94309402303914, 40.7014419983123], [-73.9430862907948, 40.7014375891391], [-73.94307854774357, 40.701433166236214], [-73.94307087319629, 40.70142876806958], [-73.94306315178862, 40.70142434243158], [-73.94305550969752, 40.70141994976949], [-73.94304778470176, 40.70141550491532], [-73.94304003087832, 40.701411032598706], [-73.94303238881132, 40.701406615232166], [-73.94302469989098, 40.701402162160015], [-73.94301708667824, 40.70139774480675], [-73.94300944463544, 40.701393302735816], [-73.94300175573929, 40.70138882495924], [-73.94299411371023, 40.7013843691635], [-73.94298645006651, 40.701379885908786], [-73.94297878642618, 40.701375399908876], [-73.94297116965765, 40.701370930400245], [-73.94296353487628, 40.70136643892405], [-73.94295584963277, 40.70136191448513], [-73.94294831940509, 40.701357466976], [-73.9429407242962, 40.701352978262754], [-73.94293311117221, 40.70134847032666], [-73.94292544759077, 40.70134392393833], [-73.94291784169596, 40.70133939953621], [-73.94291031871462, 40.701334919091], [-73.94290271283832, 40.70133037547452], [-73.9428951358058, 40.70132584285088], [-73.94288754796187, 40.701321301987115], [-73.94287994931815, 40.70131673915937], [-73.94287241195583, 40.701312212043455], [-73.94286483856224, 40.70130764648245], [-73.94285733726481, 40.70130312212825], [-73.94284976028318, 40.7012985373511], [-73.94284220493704, 40.701293958073734], [-73.94283472890957, 40.70128940902769], [-73.94282717718846, 40.70128481053773], [-73.94281964349636, 40.7012802175458], [-73.94281212062721, 40.70127562181395], [-73.94280462299524, 40.70127103707325], [-73.94279712537379, 40.701266441353], [-73.94278959892239, 40.70126182091502], [-73.9427821445742, 40.70125723344958], [-73.94277463255801, 40.70125260478348], [-73.94276711333458, 40.701247970623754], [-73.94275968784159, 40.7012433831712], [-73.94275216862961, 40.70123873803144], [-73.9427446854745, 40.701234103888225], [-73.94273725278568, 40.70122949996204], [-73.94272975881779, 40.70122486032292], [-73.9427222576426, 40.70122021519014], [-73.94271484659131, 40.70121561676281], [-73.94270734903418, 40.701210960651856], [-73.94269241878368, 40.70120171433506], [-73.94195979267796, 40.70073968572579], [-73.94192805818099, 40.70072009404293], [-73.94191038502572, 40.7007092213382], [-73.94190421041225, 40.700705427698956], [-73.94189806823637, 40.700701658778684], [-73.94189190803347, 40.70069788435941], [-73.94188574422724, 40.70069410719321], [-73.94187954437113, 40.7006903135399], [-73.94187335892971, 40.70068653361735], [-73.94186719510883, 40.70068277566351], [-73.94186102047392, 40.70067901221434], [-73.94185482058951, 40.700675254241624], [-73.94184859547711, 40.70067147704247], [-73.94184232709961, 40.7006676860973], [-73.94183615603808, 40.70066396382009], [-73.94182994170895, 40.700660230541644], [-73.94182378865487, 40.70065653846531], [-73.94181750582786, 40.70065277770388], [-73.94181116531936, 40.700648992210034], [-73.9418050194516, 40.70064533307354], [-73.9417987726508, 40.700641618990325], [-73.94179245373542, 40.70063788840173], [-73.94178621052333, 40.70063419627778], [-73.94177990962977, 40.700630479421434], [-73.94177363756243, 40.700626792771736], [-73.94176737270153, 40.700623114359615], [-73.9417611258594, 40.700619452424945], [-73.94175485017081, 40.70061578498572], [-73.94174849877558, 40.700612084570686], [-73.94174223389106, 40.70060843634966], [-73.94173594015781, 40.70060478536891], [-73.94172956351446, 40.70060109042957], [-73.94172321209322, 40.70059742295028], [-73.94171695439087, 40.700593813158235], [-73.9417106534234, 40.70059018962007], [-73.94170427675162, 40.70058653036131], [-73.94169789646932, 40.70058287658981], [-73.94169156303836, 40.70057926126848], [-73.94168521879104, 40.700575643196544], [-73.94167890336988, 40.700572055331314], [-73.94167255189893, 40.70056845097887], [-73.94166616076707, 40.70056483562688], [-73.94164697651993, 40.70055403073477], [-73.94031945870755, 40.699809109248115], [-73.9367522418921, 40.69780733651581], [-73.93673406846347, 40.6977971050121], [-73.93672951609136, 40.697794547130776], [-73.93672489523574, 40.697791950784854], [-73.93672029961182, 40.69778936817649], [-73.93671572561577, 40.69778679655885], [-73.93671113359365, 40.69778421944165], [-73.93670661726837, 40.69778168079262], [-73.93670212256575, 40.697779158623874], [-73.9366975017071, 40.69777656776639], [-73.93669281237021, 40.69777393295476], [-73.9366882996422, 40.69777140528603], [-73.93668370041216, 40.69776882541898], [-73.9366792093124, 40.69776630874089], [-73.93667470019177, 40.697763781073604], [-73.9366700180563, 40.69776115998887], [-73.93666540440756, 40.69775857462356], [-73.93666089528797, 40.697756046955774], [-73.9366563861661, 40.69775352203256], [-73.93665187344087, 40.69775099436241], [-73.93664716967967, 40.697748362285736], [-73.93664247312624, 40.69774573570237], [-73.93663804330068, 40.697743257483154], [-73.93663351255303, 40.697740721568024], [-73.93662883402193, 40.69773810597313], [-73.93662423478861, 40.69773553433798], [-73.93661968241187, 40.697732990176114], [-73.93661517329053, 40.69773046799603], [-73.93661049115975, 40.69772784690884], [-73.93660585588027, 40.69772525878447], [-73.93660145488978, 40.697722799793056], [-73.93659683042733, 40.69772021441908], [-73.93659210143663, 40.69771757134719], [-73.93658759591588, 40.69771505740232], [-73.93658306516946, 40.69771252423], [-73.93657835420096, 40.69770989214651], [-73.93657381984634, 40.69770736171663], [-73.93656931072846, 40.6977048395347], [-73.93656457452722, 40.69770219645772], [-73.93656007261748, 40.69769967976899], [-73.93655554187315, 40.69769714659554], [-73.93655082369422, 40.69769451450697], [-73.93654617400192, 40.69769191813796], [-73.93654175859834, 40.69768945090201], [-73.93653703321573, 40.69768681057461], [-73.9365323907319, 40.69768421969852], [-73.93652797893566, 40.697681752464035], [-73.93652324274038, 40.69767910664058], [-73.9365185966539, 40.69767651301719], [-73.93651406951903, 40.697673979844105], [-73.93650943785339, 40.69767139171784], [-73.93650492873776, 40.69766887227819], [-73.93650027544788, 40.6976662704158], [-73.93649564017697, 40.69766368228698], [-73.936491123855, 40.697661157353274], [-73.93648644533764, 40.697658539007726], [-73.93647158437118, 40.69765023062782], [-73.93634239563285, 40.69757776324867], [-73.936329055809, 40.69757025167421], [-73.93632480984252, 40.697567864121915], [-73.93632043772858, 40.69756539964618], [-73.93631592143822, 40.6975628554922], [-73.93631140875195, 40.697560314084775], [-73.9363070690801, 40.69755786609509], [-73.93630271859233, 40.69755541535444], [-73.9362981734685, 40.697552854715205], [-73.93629402843399, 40.69755051662341], [-73.93628968876342, 40.69754806863307], [-73.93628499946921, 40.69754542282565], [-73.93628065619563, 40.69754297208821], [-73.93627648953489, 40.69754062300474], [-73.93627197685426, 40.69753807885103], [-73.93626748580394, 40.69753554294344], [-73.9362631209069, 40.69753307846948], [-73.93625878844601, 40.697530635971425], [-73.9362544704081, 40.697528196226], [-73.93625013074312, 40.69752574548938], [-73.93624561446074, 40.69752319858788], [-73.93624112341249, 40.69752066267921], [-73.93623694594605, 40.69751830260929], [-73.93623244408212, 40.69751576394954], [-73.93622793861744, 40.697513219798104], [-73.93622362418547, 40.69751078279825], [-73.9362194611351, 40.697508433714695], [-73.93621511426265, 40.697505980228], [-73.93621045741544, 40.69750335090415], [-73.9362061646069, 40.69750093038427], [-73.93620196911927, 40.697498562068745], [-73.93619744923957, 40.69749600967378], [-73.93619278515484, 40.697493407792884], [-73.93618862210661, 40.69749105870829], [-73.93618445905607, 40.69748871236824], [-73.93617996079719, 40.69748617919796], [-73.93617544449653, 40.69748365699658], [-73.93617094624095, 40.697481121081175], [-73.93616663541417, 40.69747868957074], [-73.93616229575301, 40.69747624157554], [-73.93615777947997, 40.6974736919258], [-73.93615349027894, 40.69747127415071], [-73.9361493272335, 40.69746892506462], [-73.93614484340517, 40.697466389156226], [-73.93614048572454, 40.69746393017109], [-73.93613617490003, 40.69746149865955], [-73.93613169467373, 40.69745896824213], [-73.93612733699405, 40.69745650925655], [-73.93612287118583, 40.69745398708111], [-73.93611854955154, 40.69745154732853], [-73.93611417385443, 40.69744907460861], [-73.93610972966923, 40.697446568913264], [-73.93610544768697, 40.697444148395626], [-73.93608780072557, 40.69743418057927], [-73.9352444552156, 40.696960697801835], [-73.93522664620134, 40.69695075720922], [-73.93522216235759, 40.696948309097216], [-73.93521802458962, 40.696945992928704], [-73.93521386880116, 40.696943665770846], [-73.9352092228196, 40.69694106934959], [-73.93520474263678, 40.696938566343626], [-73.93520073102327, 40.69693631886471], [-73.9351962184032, 40.69693379662676], [-73.93519157963287, 40.6969312029536], [-73.93518744186433, 40.696928889528756], [-73.93518306621476, 40.69692643873141], [-73.93517876264845, 40.69692403189074], [-73.93517427165706, 40.696921520643144], [-73.93516976625423, 40.69691899566345], [-73.93516548071233, 40.69691659706677], [-73.93516098611836, 40.69691408307191], [-73.9351568267276, 40.696911755909944], [-73.935152465492, 40.696909318843325], [-73.93514794927468, 40.696906791111914], [-73.93514364210995, 40.6969043787784], [-73.93513914391134, 40.696901864780585], [-73.93513472512608, 40.69689927397392], [-73.9351304215686, 40.69689686164191], [-73.9351262693899, 40.69689453722766], [-73.93512190095196, 40.69689209192157], [-73.93511738473697, 40.69688956418892], [-73.9351128685196, 40.696887039200874], [-73.93510855774849, 40.69688462960875], [-73.93510426860738, 40.696882228262986], [-73.93509977401798, 40.69687971426571], [-73.93509540197577, 40.69687726895655], [-73.93509100470325, 40.69687480990918], [-73.93508655336623, 40.696872320638676], [-73.93508226422135, 40.69686992478157], [-73.9350778885768, 40.696867476724975], [-73.93507351653885, 40.696865028670224], [-73.9350689750942, 40.69686248994237], [-73.93506454178222, 40.69686000891548], [-73.93506036798108, 40.69685767350757], [-73.93505596711022, 40.696855208967285], [-73.93505145450382, 40.69685268397887], [-73.9350469346905, 40.69685015349664], [-73.93504261311334, 40.69684773566164], [-73.93503830235, 40.696845323322115], [-73.93503391229689, 40.69684286153185], [-73.93502938527504, 40.696840328300084], [-73.93502488348682, 40.69683780606148], [-73.93502066644254, 40.69683544043528], [-73.93501634126633, 40.69683301710771], [-73.9350118214584, 40.69683048387937], [-73.93500730886068, 40.69682795339967], [-73.93500297287466, 40.696825521831165], [-73.93499859363767, 40.6968230655352], [-73.9349940810784, 40.69682049662825], [-73.93498975590687, 40.6968180705549], [-73.9349853478447, 40.69681558953922], [-73.93498100105217, 40.69681314698474], [-73.93497668309409, 40.696810720914975], [-73.93497199389313, 40.6968080860329], [-73.93496774442019, 40.69680569568353], [-73.93496340123254, 40.69680325587513], [-73.93495871564159, 40.69680061824984], [-73.93495445535613, 40.69679822240429], [-73.93495010857121, 40.6967957743591], [-73.93494558156908, 40.696793227400214], [-73.93494123478213, 40.69679078209943], [-73.93493673301933, 40.69678824064401], [-73.9349321988084, 40.69678569093575], [-73.93492796015715, 40.696783300590965], [-73.93492351966458, 40.696780797596425], [-73.93491888814414, 40.696778187447705], [-73.93491454496811, 40.69677573940319], [-73.93491027748401, 40.69677333257291], [-73.93490577572081, 40.69677079386099], [-73.93488575028049, 40.69675948781193], [-73.93485722234252, 40.696743368113275], [-73.9348391144211, 40.69673312262186], [-73.93483547769702, 40.69673106747618], [-73.93483177970404, 40.696728973868915], [-73.93482834482714, 40.696727025883284], [-73.93482492796838, 40.696725091631535], [-73.93482132007927, 40.696723052970334], [-73.934817784281, 40.696721050031826], [-73.93481421604787, 40.696719025116764], [-73.93481076675225, 40.696717071632825], [-73.9348073607053, 40.69671514562108], [-73.93480441603336, 40.69671345317581], [-73.93480222103155, 40.696712205807586], [-73.9347993339985, 40.69671057652454], [-73.93479647940858, 40.69670896098361], [-73.93479340495699, 40.696707221803486], [-73.9347902331899, 40.696705427672775], [-73.93478737139598, 40.69670380389323], [-73.9347844951798, 40.69670217736072], [-73.93478143514585, 40.69670044642272], [-73.9347784363838, 40.69669875120135], [-73.93477560702812, 40.69669714665332], [-73.93477253257761, 40.696695407472625], [-73.93476937523135, 40.696693618839035], [-73.93476651343306, 40.6966920005485], [-73.93476365884479, 40.69669038500677], [-73.93476078623868, 40.696688755730925], [-73.9347579316507, 40.696687140189034], [-73.93475459049012, 40.69668524440489], [-73.93475172869255, 40.69668362611401], [-73.93474886690049, 40.6966820023335], [-73.93474572036627, 40.6966802219397], [-73.93474285496555, 40.696678600901805], [-73.93473999317123, 40.69667697986585], [-73.93473713498065, 40.696675361576624], [-73.93473399205597, 40.69667357843977], [-73.93473114107555, 40.696671962899295], [-73.9347282828854, 40.69667034460986], [-73.93472498497218, 40.69666847904183], [-73.93472211596887, 40.69666685525657], [-73.93471926138811, 40.696665234224184], [-73.93471639598867, 40.69666361318563], [-73.93471354500912, 40.69666199764469], [-73.93471032639434, 40.69666017329273], [-73.9346955849217, 40.69665182083363], [-73.93468430355412, 40.69664542735614], [-73.9346734655124, 40.696639286647844], [-73.93465231206144, 40.69662729372557], [-73.93463467637388, 40.69661730373342], [-73.93458235323745, 40.69658766069997], [-73.93442288601825, 40.696497662317995], [-73.93427562318531, 40.696414598479265], [-73.93404578698888, 40.696285476608324], [-73.93385654669294, 40.696178659643984], [-73.93362600517601, 40.696049660039144], [-73.93158862376221, 40.69491837436735], [-73.93157302524381, 40.6949095845783], [-73.9295668103946, 40.693766745170684], [-73.92802064377037, 40.69288591695405], [-73.92301546423755, 40.690034226325615], [-73.92149155989956, 40.68916586012433], [-73.92147498400001, 40.68915644248388], [-73.91734698618707, 40.68680407921815], [-73.91580705151549, 40.68592646097601], [-73.91121878840433, 40.683311297810725], [-73.90969033121914, 40.68244003158177], [-73.90963535369512, 40.68240868976356], [-73.90787193911603, 40.68140342321628], [-73.9073973906749, 40.68113291806598], [-73.90654298693931, 40.68064587794649], [-73.90630338689614, 40.68050922662071], [-73.90624105610996, 40.68047377374465], [-73.90600122608706, 40.68033745646095], [-73.90575563097288, 40.680196788974], [-73.90573801498965, 40.68018664358039], [-73.90573436210789, 40.680184538090394], [-73.90573091816756, 40.68018255354153], [-73.90572730490665, 40.680180475531486], [-73.90572374209015, 40.68017841952084], [-73.9057202801391, 40.680176423977784], [-73.9057166921009, 40.680174356967186], [-73.90571320853356, 40.68017235042715], [-73.90570975379775, 40.68017035214493], [-73.9057060468837, 40.680168213672374], [-73.90570248766616, 40.680166163153615], [-73.90569900770501, 40.68016415661606], [-73.90569550973659, 40.68016213633977], [-73.90569184245152, 40.68016001985749], [-73.90568826162202, 40.68015795559668], [-73.9056848969445, 40.680156012283], [-73.90568131612316, 40.68015394253241], [-73.90567763082763, 40.68015181505583], [-73.90567416167636, 40.68014981401593], [-73.90567070694289, 40.680147815732546], [-73.9056671045057, 40.6801457349847], [-73.90566339759825, 40.68014359376605], [-73.90565993205709, 40.68014158998391], [-73.90565646291465, 40.680139583453915], [-73.90565288569655, 40.68013751645015], [-73.90564943096054, 40.680135520910895], [-73.90564583213, 40.680133440165356], [-73.90564223329976, 40.68013135941969], [-73.90563863086822, 40.68012927592617], [-73.90563518694138, 40.68012728588486], [-73.90563157010436, 40.68012519140023], [-73.9056279856887, 40.6801231161555], [-73.9056245129428, 40.68012110962158], [-73.90562093573446, 40.68011903712731], [-73.90561735131952, 40.68011696188221], [-73.90561372728055, 40.680114861901544], [-73.90561015006907, 40.68011279215172], [-73.9056067998137, 40.68011085159236], [-73.90560318658378, 40.68010875710974], [-73.9055994832897, 40.68010661314722], [-73.9055961402807, 40.680104647890516], [-73.9055925486643, 40.680102567149184], [-73.90558881655902, 40.68010040120451], [-73.90558535103011, 40.68009839193055], [-73.90558174140693, 40.68009629745025], [-73.90557825786715, 40.680094277182235], [-73.90557479234661, 40.6800922624184], [-73.90557102421599, 40.68009007723011], [-73.90556742539812, 40.68008799099258], [-73.90556386981396, 40.68008592674858], [-73.90554621438169, 40.68007567424685], [-73.90540175445341, 40.67999158741997], [-73.90538445938971, 40.679981488896885], [-73.90538130009179, 40.67997964729985], [-73.90537821644837, 40.679977846936545], [-73.90537493467738, 40.679975928384906], [-73.90537144396662, 40.67997388889126], [-73.90536796406445, 40.67997185489596], [-73.90536486601195, 40.67997004628609], [-73.90536140772674, 40.679968023287486], [-73.90535791341537, 40.6799659810457], [-73.9053546460553, 40.679964070739636], [-73.90535136788715, 40.679962154935055], [-73.90534809332065, 40.67996024187812], [-73.9053446422433, 40.67995822162965], [-73.90534134246303, 40.679956292083155], [-73.90533808591222, 40.67995438727509], [-73.9053346204218, 40.67995236152493], [-73.9053313386572, 40.6799504402273], [-73.90532826583257, 40.67994863987154], [-73.90532460221526, 40.67994649593275], [-73.90532112592517, 40.67994445919417], [-73.90531807831523, 40.679942675327574], [-73.90531503431474, 40.67994088871905], [-73.90531156162672, 40.67993885472797], [-73.90530807813452, 40.67993681249354], [-73.90530462346204, 40.67993478675137], [-73.9053011543839, 40.67993275001813], [-73.90529831571469, 40.67993108709304], [-73.90528220972736, 40.6799215000613], [-73.90526829378216, 40.67991333936856], [-73.90526520654723, 40.679911533509724], [-73.90526154653541, 40.679909392316645], [-73.90525832240628, 40.679907509491215], [-73.90525503703293, 40.679905593677915], [-73.9052517480583, 40.6799036751168], [-73.90524850231314, 40.679901781294184], [-73.90524502960967, 40.67989976102492], [-73.90524154249275, 40.67989773525412], [-73.90523835437159, 40.67989588539509], [-73.90522155996055, 40.679886168783455], [-73.90403105436657, 40.67919412998511], [-73.90399515660775, 40.67917124155106], [-73.90395791597805, 40.67914954321723], [-73.90391996415556, 40.679128516747284], [-73.90388195093205, 40.67910758353578], [-73.90368822471973, 40.67899366158817], [-73.90363329073536, 40.67895855932353], [-73.90356934379496, 40.67891578881154], [-73.90347273936815, 40.67885354413846], [-73.9033892587018, 40.678801073569424], [-73.90336907988, 40.67878857338652], [-73.90323082661773, 40.6787044753047], [-73.90318815159097, 40.6786789925938], [-73.90316440230298, 40.67866490014556], [-73.9029959615746, 40.6785665062827], [-73.90295927931334, 40.67854557388656], [-73.90264379412656, 40.67836304605417], [-73.90255932342355, 40.678312940037536], [-73.90247376727056, 40.67826309928169], [-73.90243324244891, 40.678239473579715], [-73.90239720597621, 40.678218481165764], [-73.90236205924845, 40.67819802198198], [-73.90234317287899, 40.678187035085934], [-73.9022519505295, 40.67813407403451], [-73.90220985891034, 40.67810953565683], [-73.90219517991005, 40.6781010280997], [-73.90215665070528, 40.678078696785306], [-73.90194391997412, 40.67795489922975], [-73.90181985493545, 40.6778819470865], [-73.90180685130578, 40.67787423689404], [-73.90179402780835, 40.67786661743145], [-73.90178116469653, 40.67785897048588], [-73.90176830159973, 40.67785131530449], [-73.90175544932976, 40.67784365464137], [-73.90174248179986, 40.67783592251423], [-73.90172978804956, 40.677828341582085], [-73.90170399348804, 40.6778129597838], [-73.90157270955626, 40.677733836438705], [-73.90151621551365, 40.677699503103476], [-73.90144653122475, 40.67765697626652], [-73.90140135148853, 40.67762933609416], [-73.90116587928479, 40.6774853078163], [-73.90100922608416, 40.67738953966678], [-73.90099327284865, 40.67737988354267], [-73.90098075579596, 40.67737239051222], [-73.90096820623795, 40.67736493862406], [-73.90095573584281, 40.67735759110411], [-73.90094312488331, 40.67735021875883], [-73.90093049940788, 40.67734291227426], [-73.90091786304204, 40.67733565792969], [-73.90090517978658, 40.67732842001197], [-73.90089266590591, 40.67732123164472], [-73.90088003310457, 40.67731401023632], [-73.9008674363174, 40.67730681630533], [-73.90085493672296, 40.677299724013416], [-73.9008423688319, 40.67729249716727], [-73.90082991266871, 40.677285295118985], [-73.900817471023, 40.67727802995207], [-73.9008051735562, 40.67727078686623], [-73.90079279341693, 40.6772633790213], [-73.90078045646139, 40.67725602610774], [-73.90075560324513, 40.677240683333984], [-73.90037958871292, 40.677018994949066], [-73.90036501915839, 40.677009941041284], [-73.90035527962456, 40.67700394625039], [-73.90034544638581, 40.67699793216411], [-73.90033557344647, 40.676991948235134], [-73.90032570763724, 40.67698601920696], [-73.90031560039596, 40.676980013115056], [-73.900305687579, 40.67697418011161], [-73.90029560175915, 40.67696831676486], [-73.9002853249145, 40.67696242031437], [-73.9002752172659, 40.6769566914409], [-73.9002601960461, 40.67694833430139], [-73.90024380927531, 40.67693942976548], [-73.90024112914364, 40.67693799741345], [-73.90023836614989, 40.67693652656264], [-73.90023560314806, 40.676935061201306], [-73.90023283653298, 40.676933601326276], [-73.90022948482812, 40.67693284086178], [-73.90022686596905, 40.67693141954163], [-73.90022408860028, 40.67692991848552], [-73.9002212067547, 40.67692836793267], [-73.90021862748746, 40.67692699056308], [-73.9002160157941, 40.67692559944145], [-73.90021322397213, 40.676924120330696], [-73.90021046815714, 40.676922671443656], [-73.90020780599129, 40.67692128027807], [-73.90020506816556, 40.67691985610944], [-73.9002022943003, 40.6769184236752], [-73.90019963570708, 40.676917054470714], [-73.90019702393234, 40.67691571824409], [-73.90019423202084, 40.67691429951786], [-73.90019156257952, 40.67691295226203], [-73.90018892914921, 40.676911632485066], [-73.90018611919152, 40.676910227466884], [-73.90018329120385, 40.67690882517774], [-73.90018048841984, 40.67690744486862], [-73.90017796661974, 40.6769062130211], [-73.90017514939873, 40.676904843678415], [-73.90017230334851, 40.67690346607635], [-73.90016965542421, 40.67690219569235], [-73.90016714798782, 40.676901002283934], [-73.90016428387906, 40.676899646624186], [-73.90016143416244, 40.6768983101903], [-73.90015890868392, 40.676897127745114], [-73.90015604092508, 40.67689580227455], [-73.90015316594774, 40.67689448228717], [-73.9001504927138, 40.676893261286764], [-73.90014795637073, 40.67689211176928], [-73.90014519664504, 40.67689086873543], [-73.90014250535665, 40.67688966693257], [-73.90013981765296, 40.67688847885666], [-73.90013692458044, 40.67688720551435], [-73.90013402428113, 40.67688594314487], [-73.90013145903536, 40.67688483477349], [-73.90012887937297, 40.67688372364482], [-73.90012595741405, 40.67688248046976], [-73.90012324080357, 40.67688133628474], [-73.90012054219868, 40.676880205839204], [-73.90011775350496, 40.676879047867665], [-73.90011514494802, 40.67687797239568], [-73.90011241387602, 40.67687685564564], [-73.90010947020836, 40.67687566460201], [-73.90010673189737, 40.676874567058974], [-73.90010413409057, 40.67687353551251], [-73.90010129487119, 40.67687241317878], [-73.90009854210268, 40.676871340326], [-73.90009602352417, 40.67687036648842], [-73.90009318065056, 40.6768692770886], [-73.90009017562117, 40.676868135397164], [-73.90008766421221, 40.6768671890134], [-73.90008503748626, 40.676866209592106], [-73.90008234589152, 40.676865213645776], [-73.90008050464253, 40.67686453957669], [-73.9000783679195, 40.6768637636942], [-73.90007654467193, 40.67686310610933], [-73.90007441514291, 40.676862341212114], [-73.90007242973964, 40.67686163133561], [-73.90007093076677, 40.676861103036735], [-73.90006864266672, 40.67686029957482], [-73.90006665002849, 40.67685960616058], [-73.9000649816854, 40.676859028308556], [-73.90006281607178, 40.67685828533801], [-73.90006065405102, 40.67685755060488], [-73.90005883074211, 40.6768569341913], [-73.90005703994584, 40.676856273889484], [-73.9000548742995, 40.676855552877], [-73.9000527086408, 40.67685484009877], [-73.90005070513385, 40.676854182356884], [-73.90004885296297, 40.67685357964192], [-73.90004703321418, 40.676852993423786], [-73.90004499364711, 40.67685234114005], [-73.90004279552132, 40.67685164205728], [-73.90004094331766, 40.6768510613004], [-73.90003911633397, 40.6768504915445], [-73.90003695067155, 40.67684978151075], [-73.90003475611411, 40.67684910713393], [-73.90003292910583, 40.67684855384659], [-73.90003088588034, 40.67684793724145], [-73.90002864444307, 40.676847271058115], [-73.90002716336517, 40.67684683060707], [-73.90002510209736, 40.676846224965296], [-73.90002276339395, 40.676845509291354], [-73.90002056877094, 40.67684487883061], [-73.90001883180645, 40.67684438326159], [-73.90001698672305, 40.67684386289559], [-73.90001477405771, 40.67684324339814], [-73.9000126875085, 40.67684266792674], [-73.90001041356311, 40.67684204288641], [-73.90000880994575, 40.67684157762562], [-73.90000674139378, 40.67684102138318], [-73.90000448183223, 40.676840421058266], [-73.90000261507676, 40.676839928120934], [-73.90000048883762, 40.67683937457297], [-73.89999849953428, 40.67683886231566], [-73.89999628679111, 40.67683829496859], [-73.8999941461477, 40.67683773042886], [-73.8999922613335, 40.676837259433924], [-73.89999039092767, 40.67683679668577], [-73.89998815652046, 40.67683625127789], [-73.89998600499173, 40.676835733389794], [-73.89998409492063, 40.676835276096625], [-73.89998210194646, 40.67683480775222], [-73.89997996841905, 40.676834306348276], [-73.89997768714863, 40.676833758154736], [-73.89997580587394, 40.67683333107898], [-73.89997363627403, 40.67683284336746], [-73.8999716324474, 40.67683239971643], [-73.8999697547574, 40.676831986367574], [-73.8999675599048, 40.67683150961313], [-73.89996527494286, 40.67683101905638], [-73.89996300801516, 40.676830523025686], [-73.89996109064755, 40.67683012336608], [-73.89995919489459, 40.67682973470434], [-73.89995690989167, 40.67682927159517], [-73.89995499610457, 40.67682888840722], [-73.89995280839253, 40.67682845831987], [-73.89995048011082, 40.67682800615201], [-73.89994849784978, 40.67682760643576], [-73.89994667413507, 40.67682726175289], [-73.89994435664016, 40.676826828807705], [-73.89994206075595, 40.676826409605184], [-73.89994011807802, 40.676826059329166], [-73.89993822224712, 40.676825722817775], [-73.89993598400487, 40.676825331113], [-73.89993365927917, 40.67682491188524], [-73.89993164448094, 40.67682457252548], [-73.89992935214849, 40.6768241890079], [-73.89992748871505, 40.676823885461786], [-73.89992554598373, 40.676823570867555], [-73.89992321757882, 40.67682320104233], [-73.89992089997301, 40.676822842205574], [-73.8999189572171, 40.67682254407992], [-73.89991663601437, 40.676822179750374], [-73.89991430035796, 40.6768218373664], [-73.8999128189436, 40.67682162198522], [-73.8999104544333, 40.67682128781043], [-73.89990804666067, 40.67682095359795], [-73.89990619036362, 40.67682069946369], [-73.8999038222194, 40.676820384499], [-73.89990182174746, 40.67682010828106], [-73.8998995509106, 40.67681981535913], [-73.89989716471158, 40.67681951959209], [-73.89989562917818, 40.67681933161134], [-73.89989326098868, 40.67681904683894], [-73.89989090720354, 40.67681877305814], [-73.89988895712621, 40.67681854903453], [-73.89988662136294, 40.676818278014125], [-73.89988428197388, 40.676818020714364], [-73.8998822525658, 40.67681780760073], [-73.89988031687221, 40.67681760829249], [-73.89987799547208, 40.676817375711224], [-73.89987600569233, 40.676817181845415], [-73.89987359055304, 40.67681695192728], [-73.89987124750948, 40.6768167275614], [-73.89986930096325, 40.67681655294648], [-73.89986731115057, 40.676816381038705], [-73.89986493201799, 40.67681618134428], [-73.89986256368861, 40.676815989893505], [-73.89986058827205, 40.67681583446678], [-73.89985859482125, 40.67681568451385], [-73.89985617238929, 40.676815509484555], [-73.89985382205295, 40.676815340007465], [-73.89985188626059, 40.67681520657326], [-73.8998498891717, 40.67681507857525], [-73.89984749193488, 40.67681493101546], [-73.89984511631691, 40.67681479170874], [-73.89984312280848, 40.676814680182346], [-73.89984112568659, 40.67681457414236], [-73.89983877167097, 40.67681445406777], [-73.899836341938, 40.67681433941676], [-73.89983432676955, 40.67681424708477], [-73.89983232961471, 40.67681416300282], [-73.89982995032153, 40.67681407035381], [-73.89982756020449, 40.67681398318484], [-73.89982555941972, 40.67681391556825], [-73.89982356944647, 40.67681385070579], [-73.8998211648592, 40.67681379646143], [-73.89981877109581, 40.676813736736904], [-73.8998167774926, 40.67681368833983], [-73.89981438370855, 40.676813642339056], [-73.89981239008473, 40.67681360766578], [-73.89981037843084, 40.676813575721525], [-73.89980794496492, 40.67681354615474], [-73.89980555830468, 40.67681355780029], [-73.89980354662192, 40.676813545069365], [-73.89980114917493, 40.67681353749196], [-73.89979875172388, 40.6768135326593], [-73.89979714740348, 40.676813536751666], [-73.8997947463266, 40.676813545639654], [-73.89979233442175, 40.67681356275247], [-73.89979034064535, 40.676813629635426], [-73.89978793953135, 40.67681366322621], [-73.8997859205722, 40.67681369440502], [-73.89978391242448, 40.67681372833803], [-73.89978151128985, 40.67681377565254], [-73.89977910653762, 40.67681383119819], [-73.8997770839444, 40.676813881587144], [-73.89977470068722, 40.676814027729016], [-73.89977233916845, 40.67681410252563], [-73.89977072756342, 40.67681415601725], [-73.89976829031491, 40.67681424447167], [-73.89976590353501, 40.676814335714795], [-73.8997638700808, 40.6768144162866], [-73.89976148688541, 40.6768145212566], [-73.89975950389156, 40.67681461010659], [-73.89975707381217, 40.67681472601479], [-73.89975465814115, 40.676814850169826], [-73.89975266070171, 40.6768149554758], [-73.89975067046855, 40.676815063532736], [-73.89974864777629, 40.67681517979571], [-73.89974627534693, 40.67681531771212], [-73.89974382358268, 40.67681546928325], [-73.89974174684541, 40.6768155635408], [-73.899739752974, 40.676815693552605], [-73.89973771943308, 40.67681583176413], [-73.89973541907462, 40.67681599170134], [-73.89973301053551, 40.6768161680129], [-73.89973097697387, 40.67681631994818], [-73.89972903355456, 40.676816463727654], [-73.89972660335945, 40.676816656488825], [-73.89972457699173, 40.67681681940936], [-73.89972226216287, 40.676817012270995], [-73.89971990045409, 40.67681721332605], [-73.89971790291135, 40.67681738725074], [-73.89971588733438, 40.676817566649184], [-73.89971351478522, 40.67681778416332], [-73.89971126843443, 40.67681799080827], [-73.89970475288337, 40.6768186246617], [-73.89969448725131, 40.67681970538877], [-73.89968324069996, 40.67682098837312], [-73.8996720985626, 40.676822362025], [-73.89966131687014, 40.67682378539613], [-73.8996514906368, 40.67682515470407], [-73.89963474074878, 40.67682763235083], [-73.89961669603198, 40.676830482155054], [-73.89959471320319, 40.676834149207956], [-73.89765003702617, 40.677121751605746], [-73.89750556835308, 40.67714312832248], [-73.89746600286912, 40.67714899982833], [-73.8974424590295, 40.67715248941328], [-73.89740443693354, 40.677158123478165], [-73.89737989061402, 40.67716175762952], [-73.89734329651054, 40.67716717336575], [-73.8973178234328, 40.67717094391581], [-73.89728249863826, 40.67717617686553], [-73.89641948072183, 40.67730403161022], [-73.89492550805224, 40.67752532496314], [-73.89265178099818, 40.677861275423496], [-73.89070270702125, 40.67814923116158], [-73.89015302879757, 40.67823036752684], [-73.8901322463566, 40.67823353985847], [-73.89012721931397, 40.67823432006404], [-73.89012198670747, 40.67823513850001], [-73.89011672163069, 40.67823597062854], [-73.89011167291994, 40.67823677277097], [-73.89010640422407, 40.67823761312994], [-73.89010128697215, 40.678238439909435], [-73.89009623462408, 40.67823926126113], [-73.89009099835266, 40.678240115374294], [-73.8900857620676, 40.67824097772147], [-73.89008053658912, 40.67824184556826], [-73.89007545535307, 40.67824269433925], [-73.8900703596823, 40.67824355133049], [-73.89006512696119, 40.67824443838313], [-73.89006005290362, 40.678245306373725], [-73.89005484179583, 40.678246204425626], [-73.89004964871422, 40.67824710249454], [-73.890044527747, 40.678247995142605], [-73.89003947888959, 40.67824888511458], [-73.89003427134578, 40.67824980787194], [-73.89002904576185, 40.67825073884617], [-73.89002402933339, 40.678251639827536], [-73.89001894076314, 40.678252562697935], [-73.89001369711617, 40.67825351561244], [-73.89000854000471, 40.67825446311986], [-73.89000348385888, 40.678255399744444], [-73.88999829066263, 40.67825636643032], [-73.88999320204186, 40.67825731949206], [-73.88998814225862, 40.678258275325966], [-73.88998301754857, 40.678259250310944], [-73.88997778102967, 40.67826025263655], [-73.8899725877784, 40.67826125225859], [-73.88996753515977, 40.678262235546164], [-73.88996251498853, 40.67826321886458], [-73.88995734695101, 40.678264232233836], [-73.88995229430029, 40.67826523473415], [-73.88994712623533, 40.67826626457162], [-73.88994193651594, 40.678267308112005], [-73.88993691629405, 40.67826832162179], [-73.88993185638684, 40.678269351562], [-73.88992672794299, 40.678270403394656], [-73.8899215706342, 40.678271468923356], [-73.8899165467611, 40.6782725098765], [-73.8899115300848, 40.67827355907063], [-73.88990635470833, 40.67827464928435], [-73.88990119735809, 40.67827573951504], [-73.88989616982921, 40.67827681065635], [-73.88989100884618, 40.67827791735178], [-73.88988603539163, 40.67827899128917], [-73.88988089962699, 40.678280108987394], [-73.88987574222152, 40.67828123215422], [-73.88987089496013, 40.67828230072218], [-73.88986572310147, 40.678283443088155], [-73.88986059450592, 40.67828458549533], [-73.88985557410015, 40.67828570879238], [-73.88985048875851, 40.67828685673007], [-73.88984535652092, 40.678288021091284], [-73.88984036854401, 40.678289155397856], [-73.88983538415407, 40.678290300686726], [-73.88983025548946, 40.678291484264115], [-73.889825119596, 40.67829267881345], [-73.88982017845974, 40.678293829632636], [-73.88981508221939, 40.678295026964314], [-73.88981006170324, 40.67829621613388], [-73.88980509888952, 40.67829739437946], [-73.88979986916726, 40.67829864373335], [-73.88979488829503, 40.67829984117456], [-73.88978997233114, 40.678301030443436], [-73.88978487602166, 40.6783022689453], [-73.8897798806915, 40.678303488330286], [-73.88977474468275, 40.67830475149665], [-73.88976976736046, 40.67830598187753], [-73.88975285159206, 40.67831021458363], [-73.88973468413255, 40.678314844080276], [-73.88972977885525, 40.678316110210545], [-73.8897246824028, 40.67831743379766], [-73.88971967250859, 40.678318738254106], [-73.88971461570921, 40.67832006462355], [-73.8897096959556, 40.67832136367641], [-73.88970476537688, 40.67832266820823], [-73.8896997049399, 40.67832401378697], [-73.8896946516996, 40.67832536760674], [-73.88968977879566, 40.67832667768273], [-73.88968488062733, 40.67832800420297], [-73.8896798201441, 40.67832937722856], [-73.88967479210821, 40.678330750285056], [-73.88966987226675, 40.67833210148689], [-73.88966489470428, 40.67833347459129], [-73.88965983056502, 40.678334877805064], [-73.8896550333251, 40.67833621539991], [-73.88965004490987, 40.67833761045152], [-73.88964502401514, 40.67833902468522], [-73.88964018346134, 40.678340392430435], [-73.88963518779859, 40.678341809432645], [-73.88963011637028, 40.67834325929928], [-73.88962527938935, 40.678344646260726], [-73.8896202800798, 40.67834608796176], [-73.88961539978966, 40.67834750232905], [-73.88961057359212, 40.67834890851367], [-73.88960540471574, 40.67835042141558], [-73.8896005243977, 40.67835185225085], [-73.88959570898359, 40.678353277658616], [-73.88959072042498, 40.67835475779555], [-73.88958590859748, 40.67835619418548], [-73.88958094166108, 40.678357679832295], [-73.88957591338463, 40.67835919561261], [-73.88957110152475, 40.67836065121526], [-73.88956627161551, 40.67836212052431], [-73.88956127216699, 40.678363644565984], [-73.8895563772805, 40.678365163218174], [-73.8895515617644, 40.67836664900908], [-73.88953178378391, 40.67837280851266], [-73.88951883403223, 40.67837689951895], [-73.88949903049945, 40.67838324563716], [-73.88668940663688, 40.679278266090535], [-73.88567123053605, 40.67960260265706], [-73.88385743894716, 40.68018032903399], [-73.88085545681835, 40.68113646269604], [-73.87968681546961, 40.68150861572622], [-73.87966983485641, 40.68151401066675], [-73.87966416024605, 40.68151579981537], [-73.87965854336227, 40.681517567065875], [-73.8796528146498, 40.681519367136445], [-73.87964709677321, 40.68152115623903], [-73.87964148351868, 40.681522909768596], [-73.87963582337329, 40.681524674228015], [-73.87963006583581, 40.68152646328819], [-73.8796243515981, 40.68152823317999], [-73.8796187095137, 40.681529978444004], [-73.87961309989782, 40.6815317127626], [-73.87960741814797, 40.68153346072934], [-73.8796016642441, 40.68153523332326], [-73.87959591396033, 40.68153699768635], [-73.87959028272054, 40.68153872649166], [-73.87958464788487, 40.68154044980338], [-73.8795789661533, 40.68154218678963], [-73.87957318341924, 40.68154395111762], [-73.87956748726529, 40.68154568808823], [-73.87956181997943, 40.68154741136484], [-73.87955599757457, 40.68154918114003], [-73.87955028339249, 40.6815509180909], [-73.8795332923873, 40.68155606597059], [-73.8793337701653, 40.6816157232026], [-73.8793169705637, 40.68162067911676], [-73.8793058165368, 40.68162396114794], [-73.87929447855105, 40.68162728690151], [-73.87928343277503, 40.6816305196381], [-73.8792721128541, 40.68163382345019], [-73.87926093002878, 40.68163707799903], [-73.87924967147293, 40.681640340701634], [-73.87923853559096, 40.68164355412597], [-73.87922723018184, 40.68164680579811], [-73.87921605827295, 40.68165000271378], [-73.87920467356149, 40.6816532433214], [-73.87919357746446, 40.681656385418975], [-73.87916683298246, 40.68166387802118], [-73.87461787717848, 40.68293889981716], [-73.87292756836041, 40.68341322286943], [-73.87270136569231, 40.6834740440891], [-73.87268581250494, 40.68347907726767], [-73.87268372716322, 40.68347977213319], [-73.8726813712267, 40.683480560021664], [-73.87267915598015, 40.6834813096389], [-73.87267683970462, 40.68348209757115], [-73.87267512955006, 40.68348268306069], [-73.8726727879989, 40.683483490178325], [-73.87267045725905, 40.6834843000526], [-73.87266855585275, 40.68348496767367], [-73.8726662647844, 40.68348577210223], [-73.87266424791116, 40.683486486256626], [-73.87266192795113, 40.683487315356125], [-73.87265961158606, 40.68348814994909], [-73.87265774621942, 40.68348882584418], [-73.87265574373149, 40.683489559227766], [-73.87265342733482, 40.683490410289245], [-73.87265114339336, 40.683491258641766], [-73.87264914087389, 40.683492008493864], [-73.87264697958933, 40.68349282130004], [-73.87264500591945, 40.6834935684392], [-73.87264269667597, 40.68349444970088], [-73.87264058226346, 40.68349526255877], [-73.87263847144602, 40.6834960809102], [-73.87263646164699, 40.68349686643607], [-73.87263432554334, 40.68349770946238], [-73.8726320739675, 40.6834986017668], [-73.87263024455096, 40.68349933259671], [-73.87262790291473, 40.683500183629725], [-73.87262593633497, 40.68350099390623], [-73.87262371715121, 40.683501916438864], [-73.87262148714026, 40.683502844449], [-73.87261970094825, 40.6835035972848], [-73.8726177595809, 40.68350442131293], [-73.87261553673892, 40.68350537128911], [-73.87261333553549, 40.68350631854441], [-73.87261140134765, 40.68350715904904], [-73.87260934446077, 40.68350805705811], [-73.87260742830061, 40.683508897582634], [-73.8726052162121, 40.68350988050782], [-73.87260320258646, 40.6835107813094], [-73.87260129721136, 40.68351163831443], [-73.87259911756745, 40.683512624020196], [-73.87259720856046, 40.683513494745014], [-73.87259529232132, 40.68351437644087], [-73.87259311262484, 40.68351538959419], [-73.87259110614177, 40.68351632608557], [-73.87258912129727, 40.68351725985609], [-73.87258707870086, 40.683518226499935], [-73.87258490616276, 40.68351926710878], [-73.87258293210326, 40.68352021735979], [-73.87258122148017, 40.68352104713239], [-73.8725793664879, 40.68352195359878], [-73.87257705676004, 40.68352308737788], [-73.87257509708056, 40.6835240596029], [-73.87257339723726, 40.68352490860074], [-73.8725715421975, 40.68352583976994], [-73.8725694308957, 40.68352691063879], [-73.87256733040523, 40.683527984264416], [-73.87256522268262, 40.68352906886106], [-73.87256338562851, 40.68353002200824], [-73.87256168931698, 40.68353090943667], [-73.8725595418491, 40.68353203790558], [-73.87255755677283, 40.68353309244538], [-73.87255570162253, 40.68353408125447], [-73.87255396556576, 40.683535012555176], [-73.87255192630631, 40.683536119185604], [-73.87254994117211, 40.68353720391776], [-73.87254803903393, 40.68353825305973], [-73.87254601777583, 40.68353937343386], [-73.87254420584463, 40.683540386993606], [-73.87254257437496, 40.683541304686116], [-73.87254053862628, 40.68354246072616], [-73.87253868694981, 40.68354351815821], [-73.87253690384192, 40.68354454272886], [-73.87253487887295, 40.683545717994214], [-73.87253288637496, 40.68354688231637], [-73.872531110436, 40.683547928853066], [-73.87252927672935, 40.683549016497395], [-73.87252711093875, 40.68355029865278], [-73.8725255226565, 40.68355125756452], [-73.8725237755408, 40.68355231511212], [-73.87252177933189, 40.683553534325505], [-73.87251986251871, 40.68355471519993], [-73.8725182705783, 40.68355570155524], [-73.87251688438555, 40.68355656736836], [-73.87251528880797, 40.683557570188256], [-73.87251320948722, 40.68355888537651], [-73.87251163914846, 40.683559888224295], [-73.87251003991798, 40.683560915743044], [-73.87250818437262, 40.683562110409056], [-73.87250681977622, 40.68356299545941], [-73.8725052529956, 40.683564023014036], [-73.87250345154395, 40.683565212250365], [-73.87250166090888, 40.68356640149863], [-73.87249988469603, 40.68356759076284], [-73.87249852003123, 40.68356851149509], [-73.8724969387441, 40.68356958294994], [-73.8724951877595, 40.683570777731596], [-73.87249387720945, 40.6835716820551], [-73.87249210452835, 40.68357290974998], [-73.87249013686888, 40.68357428270181], [-73.8724888154547, 40.68357521171622], [-73.87248749403005, 40.68357614622012], [-73.87248575377782, 40.683577384929926], [-73.87248403155851, 40.683578620914915], [-73.87248230210712, 40.68357986787096], [-73.87248079648897, 40.68358096411237], [-73.8724794930499, 40.68358192059435], [-73.87247799462712, 40.68358302507805], [-73.87247629760449, 40.683584283049065], [-73.87247460416638, 40.68358555200309], [-73.87247292154485, 40.68358682096908], [-73.87247164692378, 40.68358779120677], [-73.87247017369762, 40.68358891767649], [-73.87246849463955, 40.68359020860456], [-73.87246703221423, 40.68359134332052], [-73.8724653783949, 40.68359263427653], [-73.8724641289863, 40.68359361826595], [-73.87246247874617, 40.68359492294977], [-73.87246084653384, 40.68359622765353], [-73.87245961514238, 40.683597217152425], [-73.87245799012527, 40.683598530098436], [-73.8724565600919, 40.683599695042716], [-73.87245513003748, 40.68360087096605], [-73.87245353385944, 40.68360218668873], [-73.8724521110003, 40.683603370854314], [-73.87245072062262, 40.68360453858729], [-73.87244912799223, 40.68360588450638], [-73.87244774480983, 40.683607060481556], [-73.87244636522246, 40.683608241950296], [-73.87244476892856, 40.683609618057794], [-73.8724434218069, 40.68361079132811], [-73.87244204578295, 40.68361199475895], [-73.87244049637165, 40.68361336542879], [-73.872439318958, 40.6836144098828], [-73.87243777674205, 40.68361578879489], [-73.8724362417213, 40.68361717594934], [-73.87243508231961, 40.68361822865757], [-73.87243359422362, 40.68361958841622], [-73.87243226864567, 40.68362080837147], [-73.87243091053357, 40.683622072207065], [-73.87242945488748, 40.68362343200162], [-73.87242812925162, 40.68362468214931], [-73.87242664105557, 40.68362609405845], [-73.87242518173021, 40.68362749227576], [-73.87242405832599, 40.68362857521631], [-73.87242278320456, 40.68362980620651], [-73.87242147915455, 40.68363108108104], [-73.87242002336627, 40.68363251498425], [-73.87241858923232, 40.68363393793231], [-73.87241748019241, 40.683635051081296], [-73.87241609298317, 40.68363644663364], [-73.87241483941602, 40.683637718819284], [-73.87241354970396, 40.68363903762596], [-73.87241199624476, 40.68364063885205], [-73.87241093409268, 40.68364174381861], [-73.8724097238079, 40.68364300781784], [-73.87240834369395, 40.68364446376303], [-73.87240709723787, 40.68364578810718], [-73.87240591579216, 40.6836470548831], [-73.87240455729038, 40.6836485218313], [-73.87240319154596, 40.68365000524008], [-73.87240216180686, 40.68365112945592], [-73.87240094053696, 40.68365248127569], [-73.87239965060375, 40.68365391536254], [-73.8723983353527, 40.68365539059295], [-73.8723971248626, 40.68365676163805], [-73.87239599746319, 40.68365804768727], [-73.87239500013722, 40.683659191152444], [-73.87239368841276, 40.68366070755828], [-73.87239238389412, 40.6836622267169], [-73.8723912853286, 40.683663518287595], [-73.87239001689699, 40.68366502101754], [-73.87238885323158, 40.683666416817466], [-73.8723877654511, 40.683667724868734], [-73.87238669210333, 40.68366902744647], [-73.87238555007643, 40.68367042052557], [-73.87238429959362, 40.683671964447], [-73.87238306354875, 40.68367350015009], [-73.87238210938929, 40.683674695813735], [-73.87238096003023, 40.68367615201446], [-73.87237975282453, 40.68367769049432], [-73.87237864679518, 40.68367911380578], [-73.87237754797172, 40.68368053987002], [-73.87237652141705, 40.683681883671156], [-73.87237540810817, 40.68368334265662], [-73.87237433451303, 40.683684774238365], [-73.87237342719408, 40.683685986422546], [-73.87237226318646, 40.68368756063227], [-73.87237100516623, 40.68368927472123], [-73.87237013030776, 40.683690481451805], [-73.87236906744499, 40.68369195696181], [-73.87236801902546, 40.68369342150871], [-73.87236689827915, 40.68369499851114], [-73.87236586426603, 40.683696471308316], [-73.87236491338054, 40.68369783989626], [-73.87236398055435, 40.68369919203557], [-73.87236297539614, 40.683700659375184], [-73.87236187981502, 40.68370227483232], [-73.87236095776865, 40.68370364619698], [-73.87235988383658, 40.68370525344379], [-73.87235882071066, 40.68370686619213], [-73.87235799984595, 40.68370811964371], [-73.8723572618252, 40.68370941710357], [-73.87235624920335, 40.683711016184056], [-73.87235530526586, 40.68371252201834], [-73.87235437215556, 40.68371402237507], [-73.87235354029536, 40.68371536913678], [-73.8723526179859, 40.683716877739826], [-73.87235163777191, 40.6837184988144], [-73.87235087816481, 40.68371977154725], [-73.87234989789296, 40.68372142281432], [-73.87234888140773, 40.6837231563844], [-73.87234814344443, 40.683724423651725], [-73.87234733310173, 40.683725830822254], [-73.87234641059236, 40.68372744372647], [-73.87234553507618, 40.68372899355298], [-73.87234474997234, 40.68373040075151], [-73.87234397570096, 40.68373179972774], [-73.8723430711562, 40.68373344558914], [-73.87234217741761, 40.68373509695214], [-73.87234142477428, 40.68373649869708], [-73.87234059973055, 40.683738051324326], [-73.87233984343433, 40.6837394777682], [-73.8723389857565, 40.68374112642639], [-73.87233812442048, 40.68374280252824], [-73.87233740782743, 40.68374420705792], [-73.8723367382486, 40.68374553753087], [-73.87233585148965, 40.683747309671595], [-73.87233503706791, 40.68374896386726], [-73.8723343891277, 40.68375029161942], [-73.87233373756084, 40.68375163034668], [-73.87233293028181, 40.68375332023231], [-73.87233208676845, 40.68375510340011], [-73.87233142061108, 40.68375652994393], [-73.87233068924866, 40.68375811561232], [-73.87233003027603, 40.683759555888], [-73.87232938575724, 40.68376097971106], [-73.87232861448642, 40.683762694339585], [-73.8723278757393, 40.68376437057735], [-73.87232716593128, 40.68376599744131], [-73.87232653577156, 40.683767454217545], [-73.87232592367647, 40.683768891800426], [-73.87232520289403, 40.68377060099541], [-73.87232448931735, 40.68377231294321], [-73.87232389161295, 40.68377376701068], [-73.87232330113014, 40.683775215596604], [-73.87232264541073, 40.683776839775724], [-73.87232195702036, 40.68377857919918], [-73.8723213591792, 40.6837801046306], [-73.87232083014342, 40.683781473686295], [-73.872320166992, 40.68378321313767], [-73.87231952192094, 40.683784925161405], [-73.87231899281674, 40.68378632989906], [-73.87231842738878, 40.68378787457988], [-73.87231780756713, 40.683789581142086], [-73.87231720944726, 40.68379125204627], [-73.87231668740692, 40.683792733645404], [-73.87231608194443, 40.683794473160816], [-73.87231548368251, 40.68379621817379], [-73.87231507395097, 40.68379741993049], [-73.87231449011657, 40.68379916221469], [-73.87231391348799, 40.683800907251616], [-73.87231345286838, 40.6838023230443], [-73.87231289063058, 40.68380408456587], [-73.87231232109744, 40.683805889995696], [-73.8723118784846, 40.683807316787515], [-73.87231141770204, 40.68380881766801], [-73.87231088794576, 40.68381056275695], [-73.87231044159063, 40.683812060908686], [-73.87230993347298, 40.68381380327686], [-73.87230942168674, 40.68381557857826], [-73.87230908045026, 40.68381678590052], [-73.87230859761887, 40.68381850359377], [-73.87230811106105, 40.683820284412725], [-73.87230761721314, 40.68382210639515], [-73.87230722498354, 40.683823582648756], [-73.87230684360742, 40.68382503970099], [-73.8723063858993, 40.68382681780716], [-73.87230600804986, 40.68382831603493], [-73.87230556474825, 40.68383010239137], [-73.8723051322738, 40.683831883270315], [-73.87230477244698, 40.683833384262876], [-73.87230441260431, 40.68383489348966], [-73.8723040017685, 40.68383667164785], [-73.87230361264498, 40.68383840865849], [-73.87230327077236, 40.68383994809776], [-73.8723028742905, 40.68384176195393], [-73.87230255048772, 40.683843279455076], [-73.87230224118082, 40.683844758545455], [-73.87230187356977, 40.68384655870979], [-73.87230150592715, 40.68384837534272], [-73.8723011600336, 40.68385013161477], [-73.87230091963731, 40.68385139943394], [-73.87230058090752, 40.68385318041686], [-73.87230024932586, 40.68385499434508], [-73.87229997234289, 40.6838565393459], [-73.8722997098926, 40.683858026722575], [-73.87229939633876, 40.683859840670756], [-73.87229909363313, 40.68386163816232], [-73.87229886012197, 40.683863076165196], [-73.87229856453293, 40.68386492307059], [-73.87229826514898, 40.6838668687837], [-73.87229798389278, 40.68386876236619], [-73.87229773913911, 40.68387042268333], [-73.8722975015598, 40.683872102221876], [-73.87229723465754, 40.68387403150235], [-73.87229701149525, 40.68387571380166], [-73.87229676262088, 40.683877643102136], [-73.8722965245789, 40.683879564180344], [-73.87229632303955, 40.683881251993164], [-73.87229612876386, 40.68388291236634], [-73.87229591594517, 40.68388484170682], [-73.87229570312121, 40.68388677379212], [-73.87229553044214, 40.683888453402616], [-73.87229536496899, 40.68389013576596], [-73.87229518098437, 40.68389207062801], [-73.87229500418987, 40.683894016477154], [-73.87229486035012, 40.68389569886445], [-73.87229472010546, 40.68389738674534], [-73.87229456493914, 40.68389933536322], [-73.87229442061053, 40.68390127301405], [-73.87229430199935, 40.68390296091896], [-73.87229419059402, 40.68390465157659], [-73.87229407149918, 40.683906592000206], [-73.87229395959973, 40.6839085406661], [-73.87229386982258, 40.683910234092515], [-73.8722937687504, 40.68391217728092], [-73.87229368977422, 40.683913878953646], [-73.8722936180197, 40.683915575144795], [-73.87229354578686, 40.68391752110999], [-73.87229348076514, 40.68391946708317], [-73.87229343063883, 40.683921166043106], [-73.87229338410236, 40.68392287324143], [-73.8722933370875, 40.68392483021368], [-73.87229330094198, 40.68392675975022], [-73.87229327562889, 40.68392868106449], [-73.87229325791077, 40.68393040201863], [-73.87229324743004, 40.683932109256915], [-73.87229324369264, 40.683934060787635], [-73.87229324402342, 40.68393577078272], [-73.87229324793874, 40.68393749176083], [-73.87229326585059, 40.68393943508127], [-73.87229329102092, 40.68394135370678], [-73.87229332330256, 40.68394332449088], [-73.87229335966808, 40.68394504550506], [-73.87229339968647, 40.68394674182029], [-73.87229345368043, 40.68394867145692], [-73.87229350802659, 40.68395041719397], [-73.87229356246208, 40.68395211627], [-73.87229364845417, 40.68395428199276], [-73.87229372441804, 40.68395603598814], [-73.87229380049234, 40.6839577323434], [-73.87229389773749, 40.68395967026231], [-73.8722939917713, 40.68396140231956], [-73.87229409985426, 40.68396332927139], [-73.8722942186856, 40.683965291917254], [-73.87229432718384, 40.68396700203232], [-73.87229444646199, 40.68396873137285], [-73.8722945833686, 40.68397066933578], [-73.8722947346292, 40.68397264299672], [-73.87229486482926, 40.683974317453824], [-73.87229500932027, 40.68397606054619], [-73.8722951750137, 40.68397802873356], [-73.8722953444179, 40.683979942029595], [-73.87229550339433, 40.683981652200735], [-73.87229566957137, 40.683983367869395], [-73.87229586414635, 40.683985316875415], [-73.872296069496, 40.68398728785157], [-73.87229625723828, 40.68398903922628], [-73.8722964450909, 40.68399073296079], [-73.87229665418285, 40.683992632576995], [-73.8722968812607, 40.683994554171306], [-73.87229712262939, 40.68399654440091], [-73.87229733566862, 40.68399826561109], [-73.87229755590853, 40.68399999231885], [-73.87229781175745, 40.684001952372], [-73.87229803569227, 40.684003632422666], [-73.87229826680155, 40.6840053316947], [-73.87229854427875, 40.68400729451662], [-73.87229882182956, 40.684009218911754], [-73.87229910655482, 40.68401116252828], [-73.87229933797947, 40.68401269711421], [-73.87230181159774, 40.68402766437133], [-73.87239300334082, 40.68429568299476], [-73.87242357277233, 40.684381801258105], [-73.87248511144077, 40.684584549114525], [-73.87314528104172, 40.6866741617267], [-73.8732234231389, 40.68692144216846], [-73.87325741834405, 40.68702377184251], [-73.87384521114201, 40.68871003247416], [-73.8738497199455, 40.68872448864723], [-73.87385088859955, 40.68872811028406], [-73.87385206807123, 40.68873173193267], [-73.87385324760014, 40.68873532338887], [-73.87385444155778, 40.68873891211611], [-73.87385570369412, 40.68874267658348], [-73.87385692284096, 40.688746292786035], [-73.87385814918923, 40.68874991448601], [-73.87385941860515, 40.68875364327929], [-73.87386065577118, 40.68875726499109], [-73.87386189654322, 40.6887608867068], [-73.87386313372514, 40.68876450018424], [-73.87386441394877, 40.688768234478886], [-73.87386566909261, 40.68877188365808], [-73.87386692062562, 40.688775535578024], [-73.87386819009447, 40.688779236923516], [-73.87386948106872, 40.688783006911926], [-73.87387076485739, 40.68878676316858], [-73.87387194456481, 40.68879026130245], [-73.87387322472718, 40.688794028534204], [-73.87387447971624, 40.688797760056275], [-73.87387570957361, 40.68880143391053], [-73.87387694653894, 40.68880516266804], [-73.87387817989855, 40.688808891421615], [-73.8738793773141, 40.68881255975074], [-73.87388055314666, 40.68881620060848], [-73.87388178984257, 40.688820072093854], [-73.87388299069303, 40.688823831004214], [-73.87388414124358, 40.68882749379237], [-73.87388531680146, 40.688831280122734], [-73.8738864564153, 40.688835006028654], [-73.87388757810902, 40.68883867427468], [-73.87388872836416, 40.68884249351454], [-73.87388987129866, 40.688846370386614], [-73.87389095677861, 40.688850120936124], [-73.87389200992544, 40.688853808320445], [-73.8738930845154, 40.688857597284816], [-73.87389413026914, 40.68886138072806], [-73.87389515438268, 40.6888651668923], [-73.87389619629717, 40.688869073846114], [-73.87389718434731, 40.688872862715606], [-73.87389812932985, 40.68887654449177], [-73.87389908126978, 40.6888803607694], [-73.8739000402399, 40.68888427312182], [-73.8739009560749, 40.68888811406281], [-73.87390183953528, 40.688891913796745], [-73.87390270138138, 40.68889570252795], [-73.8739035809298, 40.688899664199155], [-73.87390440305991, 40.68890348033451], [-73.87390519632255, 40.68890730741734], [-73.87390599656857, 40.688911255277795], [-73.87390674654047, 40.688915093292245], [-73.87390747485655, 40.68891894226204], [-73.87390817079279, 40.68892275276952], [-73.87390887003386, 40.68892672247751], [-73.87390954040227, 40.68893070587769], [-73.8739101569841, 40.68893453002205], [-73.87391075544329, 40.6889384035525], [-73.8739113428878, 40.688942381372264], [-73.87391189791079, 40.68894634268785], [-73.873912409835, 40.688950213378696], [-73.87391291070814, 40.68895420757219], [-73.87391337913904, 40.68895819624065], [-73.8739138045385, 40.688962058602336], [-73.87391421164932, 40.688966058182665], [-73.87391457935529, 40.68896992048118], [-73.8739149215556, 40.68897392273511], [-73.87391523851504, 40.68897792496145], [-73.87391551940559, 40.68898193263782], [-73.87391577145453, 40.68898593753774], [-73.87391596991402, 40.688989678880795], [-73.87391607753294, 40.68899188030664], [-73.87391617436035, 40.688994067996795], [-73.87391626031302, 40.688996285867525], [-73.87391632519638, 40.68899820453494], [-73.87391638646343, 40.68900012868795], [-73.87391643999463, 40.68900233005455], [-73.87391648324282, 40.68900424869826], [-73.87391651876035, 40.689006441810776], [-73.8739165475644, 40.68900837141778], [-73.87391656196058, 40.68901029277458], [-73.8739165753447, 40.68901274936114], [-73.87391656805386, 40.68901469814195], [-73.87391656077341, 40.689016641433255], [-73.87391653859206, 40.689018837227316], [-73.87391651331868, 40.68902076128551], [-73.87391647310803, 40.68902295705985], [-73.87391642980539, 40.68902488109826], [-73.87391637928063, 40.68902681061831], [-73.87391629526516, 40.689029289056265], [-73.87391622311561, 40.68903121306309], [-73.87391614374401, 40.68903314255151], [-73.87391604581894, 40.68903534924171], [-73.87391594844915, 40.689037262241776], [-73.8739158252727, 40.68903947439388], [-73.87391570622626, 40.68904140932839], [-73.87391558355318, 40.689043355237985], [-73.8739154316181, 40.68904552069743], [-73.87391527242455, 40.68904771085182], [-73.87391509876083, 40.68904992569338], [-73.87391493648043, 40.689051841367096], [-73.87391475968839, 40.689053803686036], [-73.87391458662151, 40.689055702879315], [-73.87391437336602, 40.68905787925063], [-73.87391414561439, 40.689060094032925], [-73.87391393637478, 40.68906205357157], [-73.87391372364347, 40.68906395272138], [-73.87391346344951, 40.68906616197852], [-73.87391319609571, 40.68906834378011], [-73.87391295084416, 40.68907027857634], [-73.8739126654662, 40.68907245761339], [-73.87391240219571, 40.68907438690031], [-73.87391213537646, 40.68907628599087], [-73.87391181027174, 40.689078497921685], [-73.87391147437025, 40.68908069886158], [-73.87391117505666, 40.68908261987467], [-73.87391086488395, 40.68908456283408], [-73.87391050014071, 40.68908676099759], [-73.87391013191096, 40.689088896027485], [-73.87390979291727, 40.689090825231474], [-73.87390943586321, 40.68909277088426], [-73.87390903147097, 40.68909496077001], [-73.87390860904425, 40.68909715338075], [-73.87390823764444, 40.68909905784624], [-73.87390785543752, 40.68910095681035], [-73.87390740055277, 40.68910315213028], [-73.87390699672099, 40.68910504558114], [-73.8739065238173, 40.68910723539181], [-73.87390602193688, 40.68910949379005], [-73.87390559651658, 40.68911136251425], [-73.87390517115335, 40.689113201046055], [-73.87390463321947, 40.689115456659984], [-73.87390417533078, 40.689117333582956], [-73.87390372112577, 40.68911916933837], [-73.87390307808204, 40.68912171029351], [-73.87390257679837, 40.68912365304348], [-73.87390210101523, 40.68912545858272], [-73.87390151272369, 40.68912764826694], [-73.8739009753865, 40.689129588232625], [-73.87390045258178, 40.68913147057397], [-73.87389985727563, 40.689133555949105], [-73.87389922210777, 40.6891357455819], [-73.87389864870144, 40.68913769099759], [-73.873897999162, 40.689139853166914], [-73.87389741866843, 40.68914173270029], [-73.8738968128093, 40.689143678080384], [-73.8738961380858, 40.68914581002963], [-73.8738954670719, 40.68914788708744], [-73.87389482511767, 40.689149851641375], [-73.87389420863285, 40.68915169545327], [-73.87389347616862, 40.68915385204214], [-73.87389274013486, 40.68915598941368], [-73.87389208392318, 40.68915786611927], [-73.87389142776851, 40.689159712632424], [-73.8738906484279, 40.689161869169915], [-73.87388994524648, 40.689163795229895], [-73.8738891479232, 40.68916592704469], [-73.87388834338813, 40.68916805885165], [-73.87388763314017, 40.68916990805022], [-73.87388691568557, 40.68917175449619], [-73.87388618741863, 40.689173598185484], [-73.87388530339346, 40.68917581499319], [-73.87388444843839, 40.68917791380754], [-73.87388372394844, 40.68917966692347], [-73.87388291616024, 40.68918161208223], [-73.87388199253782, 40.689183793164474], [-73.87388103274773, 40.689186031847335], [-73.87388022875214, 40.68918787819837], [-73.87387938135109, 40.68918979586593], [-73.87387844708222, 40.68919188635902], [-73.87387749475802, 40.6891939905561], [-73.87387665835618, 40.689195812168656], [-73.87387580751003, 40.68919764474445], [-73.87387495307875, 40.68919946633725], [-73.87387388511746, 40.68920170215668], [-73.87387286787182, 40.689203814516915], [-73.87387203167216, 40.689205529083516], [-73.8738709312839, 40.68920775114356], [-73.8738699684843, 40.68920967417414], [-73.87386906724396, 40.68921146003348], [-73.87386786929463, 40.68921378903269], [-73.87385972395501, 40.689228865376634], [-73.8738509117393, 40.68924382845326], [-73.8738495481474, 40.6892460365007], [-73.87384838715896, 40.68924788794968], [-73.87384722256982, 40.68924973665003], [-73.87384610502824, 40.68925149482432], [-73.87384491881936, 40.689253335266585], [-73.87384363499231, 40.68925531284044], [-73.87384233674173, 40.689257290398494], [-73.87384110724663, 40.689259139027534], [-73.87383997540591, 40.68926083131159], [-73.87383863749056, 40.68926280882611], [-73.87383748401969, 40.68926449834168], [-73.87383629802845, 40.68926622350359], [-73.8738348589824, 40.68926828873993], [-73.87383349229252, 40.689270227795994], [-73.87383229916723, 40.689271911778455], [-73.87383108800219, 40.68927360123069], [-73.87382968524304, 40.68927554573675], [-73.87382836206216, 40.689277358580895], [-73.87382714013123, 40.68927902057353], [-73.8738255241997, 40.68928118991719], [-73.87382417580874, 40.68928298626504], [-73.87382309855899, 40.689284412365794], [-73.87382165624393, 40.689286299188154], [-73.87382018865648, 40.68928820245136], [-73.87381872109493, 40.68929009199074], [-73.87381730418686, 40.689291891008146], [-73.87381601019516, 40.68929352272915], [-73.87381468730447, 40.689295181866214], [-73.87381308614363, 40.689297167326096], [-73.87381167295541, 40.689298905962474], [-73.87381039713301, 40.689300463594506], [-73.8738087707724, 40.68930242706851], [-73.87380733237929, 40.689304146463776], [-73.87380596266897, 40.6893057753569], [-73.87380447372075, 40.68930753312352], [-73.8738027968932, 40.689309488307806], [-73.8738013333054, 40.6893111829724], [-73.87379992395623, 40.68931279809809], [-73.87379839899059, 40.689314533866984], [-73.87379685237401, 40.68931627784644], [-73.87379526241422, 40.68931806020514], [-73.87379363273777, 40.689319869968024], [-73.87379219460361, 40.68932145212475], [-73.87379073843483, 40.68932303700651], [-73.87378916664952, 40.689324742531404], [-73.87378751539988, 40.68932651933323], [-73.87378584250453, 40.689328301600824], [-73.87378435751967, 40.689329869982274], [-73.87378273526221, 40.68933156996217], [-73.87378125393504, 40.68933311089984], [-73.87377954862808, 40.689334871173635], [-73.87377770605893, 40.68933675755638], [-73.87377619228906, 40.68933829296885], [-73.87377466047414, 40.68933983659576], [-73.87377293720505, 40.68934156116774], [-73.87377123564382, 40.68934324733664], [-73.87376970390146, 40.68934475253677], [-73.87376794458376, 40.689346471579555], [-73.87376623587288, 40.68934812480326], [-73.87376446577377, 40.68934982462078], [-73.87376287992745, 40.68935133799581], [-73.87376115322334, 40.6893529719863], [-73.87375936875246, 40.68935464434022], [-73.87375755901438, 40.68935633039021], [-73.8737557854181, 40.68935797256354], [-73.87375418523618, 40.689359439261565], [-73.8737525561761, 40.68936092239651], [-73.87375093796464, 40.68936238907477], [-73.87374889356897, 40.68936422034018], [-73.87374706591015, 40.68936584873015], [-73.8737454694429, 40.6893672577919], [-73.87374363098712, 40.68936887519091], [-73.87374176005753, 40.689370503533326], [-73.8737400769659, 40.68937195641632], [-73.8737382024615, 40.68937356828612], [-73.87373633160442, 40.68937515820171], [-73.87373465579715, 40.68937657266582], [-73.87373273441088, 40.68937818722886], [-73.87373085278273, 40.689379752429566], [-73.87372914091121, 40.68938116959881], [-73.8737270534622, 40.689382885536155], [-73.87372533441, 40.689384286228794], [-73.87372359371206, 40.68938569238718], [-73.87372165439466, 40.68938725477972], [-73.8737198956724, 40.68938865817352], [-73.87371758804623, 40.689390489149524], [-73.87371582575435, 40.68939187332597], [-73.87371424403679, 40.68939310948276], [-73.87371208454752, 40.68939478416918], [-73.87371012008727, 40.6893962943832], [-73.87370834341309, 40.68939765658557], [-73.87370636093888, 40.68939915854542], [-73.87370455180653, 40.68940052345689], [-73.87370255853011, 40.68940201717047], [-73.87370055083014, 40.68940351086824], [-73.8736987200883, 40.68940486203202], [-73.8736965174369, 40.68940647903055], [-73.873694683115, 40.689407816466456], [-73.87369266104834, 40.689409279955804], [-73.87369062816919, 40.68941074068848], [-73.87368876140457, 40.68941207259911], [-73.87368671773359, 40.689413519596066], [-73.87368467046186, 40.68941496384418], [-73.87368279291579, 40.68941627652952], [-73.87368072041315, 40.689417715260326], [-73.87367666211503, 40.68942050498434], [-73.8736728999404, 40.68942306172759], [-73.87366883816055, 40.68942578557292], [-73.87366493169314, 40.68942837234997], [-73.87366102889366, 40.6894309261937], [-73.87365687343805, 40.68943360876421], [-73.87365292383438, 40.6894361241294], [-73.87364893817163, 40.68943863945488], [-73.87364504643826, 40.68944106156109], [-73.87364092370994, 40.68944359869398], [-73.8736368154777, 40.68944609741581], [-73.87363275061968, 40.68944854128967], [-73.87362858474997, 40.68945100975544], [-73.87362460663533, 40.68945334667813], [-73.87362050944316, 40.68945572738629], [-73.87361626791156, 40.68945816283121], [-73.87361222497346, 40.689460455765904], [-73.87360808461395, 40.689462781530736], [-73.87360392986707, 40.68946508806624], [-73.87359975350543, 40.6894673835987], [-73.8735954328095, 40.68946973112318], [-73.87359124210182, 40.68947198546801], [-73.87358713445393, 40.68947417402943], [-73.8735829763235, 40.68947636253518], [-73.87357861610222, 40.68947863590674], [-73.87357456993566, 40.689480728468155], [-73.87357030363845, 40.6894829113651], [-73.87356587857289, 40.689485151727666], [-73.87356181086395, 40.68948719485904], [-73.87355741836006, 40.68948937761684], [-73.87355316664657, 40.68949147544122], [-73.87354893301432, 40.68949354583754], [-73.87354459114813, 40.68949564630731], [-73.87354024570176, 40.6894977330491], [-73.87353596164884, 40.689499770452294], [-73.87353182198704, 40.68950172567083], [-73.87352735031844, 40.68950382050771], [-73.87352302664691, 40.68950583316393], [-73.87351872466243, 40.689507818396066], [-73.87351444797613, 40.689509773463364], [-73.8735100919134, 40.68951175314622], [-73.87350576835533, 40.6895137054169], [-73.87350146647402, 40.68951563575304], [-73.8734970238641, 40.689517618085006], [-73.87349272564542, 40.68951951823239], [-73.87348830834385, 40.68952146490982], [-73.87348395963193, 40.689523370490896], [-73.87347979137526, 40.689525191182234], [-73.87347532361669, 40.68952712407981], [-73.87347084864604, 40.6895290569693], [-73.87346657578684, 40.689530894013785], [-73.87346217301669, 40.689532783065964], [-73.87345790739484, 40.68953460639419], [-73.87345362734399, 40.68953643245123], [-73.87344915242943, 40.68953833514742], [-73.87344477857309, 40.689540188548676], [-73.87344042636741, 40.68954203373923], [-73.87343617160369, 40.68954383512045], [-73.87343179775704, 40.68954568303168], [-73.87342738421415, 40.68954754736774], [-73.8734230536689, 40.689549378857606], [-73.87340641711394, 40.68955643658199], [-73.87338869774791, 40.689564042067175], [-73.8733844356706, 40.68956589558912], [-73.87336763614412, 40.68957332092814], [-73.87233183584652, 40.69001057982268], [-73.87231008556246, 40.69001968206042], [-73.87230282102884, 40.69002272344211], [-73.8722955925852, 40.690025748394746], [-73.87228836413558, 40.690028776091744], [-73.87228112847355, 40.690031803780265], [-73.87227397941571, 40.69003479862715], [-73.87226673292409, 40.69003783179227], [-73.87225934929155, 40.69004092518968], [-73.87225214248467, 40.690043947418886], [-73.87224499342423, 40.690046942263955], [-73.87223772526298, 40.69004999187185], [-73.87223047514115, 40.690053036009765], [-73.87222321420086, 40.69005608013514], [-73.87221601099135, 40.69005910511084], [-73.87220874282744, 40.69006215471692], [-73.87220151074824, 40.69006519063869], [-73.87219429309731, 40.69006822383126], [-73.87218697800722, 40.69007129808676], [-73.87217977479965, 40.690074320315404], [-73.87217249579892, 40.69007737814144], [-73.87216530701365, 40.69008040038518], [-73.8721581037989, 40.69008342535722], [-73.8721507490141, 40.69008651329022], [-73.87214352414672, 40.69008954647157], [-73.8721362920669, 40.69009257964449], [-73.87212898781549, 40.69009564018449], [-73.87212172326005, 40.69009868429951], [-73.87211446953219, 40.69010172293653], [-73.87210720858135, 40.690104767054635], [-73.87209995126732, 40.69010779470766], [-73.87209269394741, 40.69011082510505], [-73.87208539332951, 40.69011386917767], [-73.87207809633793, 40.69011690227476], [-73.87207084987061, 40.69011991346937], [-73.87206359619606, 40.69012292191078], [-73.87205624871444, 40.69012595769512], [-73.8720489228887, 40.69012898252402], [-73.87204166925436, 40.69013196900587], [-73.87203436511545, 40.690134966410184], [-73.87202699963848, 40.690137982959286], [-73.87201974604955, 40.69014094473687], [-73.87201240586536, 40.690143933865414], [-73.87200503682786, 40.69014692570615], [-73.8719976533714, 40.690149914785636], [-73.87199028437472, 40.690152884667285], [-73.8719830849978, 40.69015578062832], [-73.87197564386045, 40.69015876140787], [-73.87196824965737, 40.69016171204671], [-73.87196093846872, 40.69016462160581], [-73.87195348655912, 40.69016757766902], [-73.87194615737651, 40.69017046799373], [-73.87193873438146, 40.690173388406095], [-73.87193131862925, 40.69017629235742], [-73.87192394259418, 40.69017916890475], [-73.87191657019072, 40.690182031731766], [-73.87190913284853, 40.690184910954684], [-73.8719016341945, 40.69018779559837], [-73.87189426185772, 40.69019062274201], [-73.8718867921131, 40.690193474479656], [-73.87187928270798, 40.69019632342794], [-73.8718718779635, 40.69019912583107], [-73.87186440107895, 40.690201939132535], [-73.87185685927139, 40.69020476059547], [-73.87184935356989, 40.69020755739522], [-73.87184185511646, 40.690210334989146], [-73.87183439276917, 40.69021308791985], [-73.87182690157913, 40.69021583807314], [-73.87181939237999, 40.69021857722681], [-73.87181187598422, 40.690221308137616], [-73.87180424053975, 40.690224066363086], [-73.8717966664744, 40.69022678348484], [-73.87178916459547, 40.69022946500444], [-73.87178356797166, 40.690231456963616], [-73.871778047151, 40.6902334078354], [-73.87177241086671, 40.69023539700505], [-73.87176684315784, 40.690237353313556], [-73.8717612862876, 40.6902392986548], [-73.8717556464544, 40.690241257627186], [-73.87174991641481, 40.6902432466913], [-73.87174443536821, 40.690245139965505], [-73.87173890742847, 40.69024704142158], [-73.87173317022888, 40.69024900302909], [-73.8717276206688, 40.69025089622619], [-73.87172194122662, 40.69025282496027], [-73.87171633397116, 40.69025471809252], [-73.87171073394309, 40.69025660299823], [-73.87170511589039, 40.69025848513878], [-73.87169937517262, 40.69026040007959], [-73.8716937355049, 40.690262271216405], [-73.87168819687659, 40.69026410403876], [-73.87168251033121, 40.69026597512277], [-73.87167683823036, 40.690267835243475], [-73.87165937462245, 40.69027350293785], [-73.87164773831174, 40.69027723657485], [-73.87163729635259, 40.69028055982691], [-73.87163157747794, 40.69028236499781], [-73.87162576840733, 40.69028419477074], [-73.8716200603815, 40.69028598348451], [-73.87161446422354, 40.69028772840644], [-73.87160877066304, 40.69028949517759], [-73.87160295083689, 40.69029129200011], [-73.87159728977139, 40.69029303684877], [-73.87159160708592, 40.69029477343873], [-73.87158384978376, 40.690297136266295], [-73.87157605642182, 40.69029949905313], [-73.87156827391934, 40.69030183989338], [-73.87156060329512, 40.690304131452024], [-73.87155277032979, 40.69030646125581], [-73.87154497707668, 40.69030876640046], [-73.87153714056248, 40.690311066006686], [-73.87152931850322, 40.69031334915994], [-73.87152161913477, 40.69031558578846], [-73.87151377908181, 40.690317849707135], [-73.87150598596354, 40.690320083485204], [-73.87149820729488, 40.69032230355495], [-73.8714903637138, 40.6903245262965], [-73.87148253457703, 40.690326738074575], [-73.87147475958682, 40.69032891972004], [-73.87146687639188, 40.69033111496803], [-73.87145904011048, 40.69033329105446], [-73.87145122911242, 40.69033544521042], [-73.87144338566583, 40.69033759658483], [-73.8714356396422, 40.69033971513025], [-73.87142771686946, 40.690341863670184], [-73.87141981575299, 40.6903440012547], [-73.87141199042927, 40.690346103241296], [-73.87140414708071, 40.690348202462474], [-73.87139632899958, 40.69035028798747], [-73.87138841353683, 40.690352384382194], [-73.87138053416457, 40.69035446434807], [-73.87137268367633, 40.690356525132316], [-73.87136485845555, 40.690358572220354], [-73.87135693583716, 40.69036063841242], [-73.87134912147557, 40.69036266355336], [-73.87134119528211, 40.69036471327173], [-73.87133328714955, 40.69036674654108], [-73.87132555580227, 40.690368730601655], [-73.8713175971805, 40.69037076655827], [-73.8713096494025, 40.6903727888026], [-73.87130183150101, 40.69037477825435], [-73.87129387653138, 40.69037678951039], [-73.8712860586607, 40.690378762492465], [-73.8712781650333, 40.6903807518579], [-73.87127024977515, 40.69038273845383], [-73.87126242831836, 40.6903847004512], [-73.87125454553382, 40.690386676103245], [-73.8712465942203, 40.690388659912465], [-73.8712387439253, 40.690390616386374], [-73.8712308900239, 40.690392572855764], [-73.87122295314326, 40.690394551189904], [-73.87121507398884, 40.6903965131195], [-73.87120719483924, 40.69039847230375], [-73.87119928321991, 40.69040043968544], [-73.8711914148978, 40.690402393391224], [-73.87118353935274, 40.690404352577936], [-73.87117564216636, 40.69040631448459], [-73.87116786403881, 40.690408243586766], [-73.8711599884924, 40.69041020277181], [-73.87115205884064, 40.69041217013009], [-73.87114409670852, 40.690414151175325], [-73.87113627167024, 40.690416096691465], [-73.87112846467173, 40.69041803673774], [-73.87112053140157, 40.69042000957932], [-73.87111268465735, 40.690421990751595], [-73.8711047874774, 40.69042394716388], [-73.87109696965926, 40.69042588719589], [-73.87108913741172, 40.69042782995597], [-73.8710811608468, 40.69042981372546], [-73.87107340434407, 40.69043174559021], [-73.8710655756798, 40.69043369933181], [-73.87105766763682, 40.69043567768684], [-73.87104979566861, 40.6904376478475], [-73.87104194894678, 40.69043961529113], [-73.87103411664818, 40.690441582750374], [-73.87101063412022, 40.690447512588676], [-73.86999277655818, 40.69069813971436], [-73.86897094270118, 40.69096266107341], [-73.86894818101973, 40.69096858033261], [-73.86894061185923, 40.690970534225166], [-73.86893299219872, 40.690972496294016], [-73.86892528956825, 40.69097447473649], [-73.86891768076246, 40.69097641760332], [-73.8689100286685, 40.690978368654626], [-73.86890245957598, 40.69098028686268], [-73.86889483998334, 40.69098221324705], [-73.86888713381481, 40.69098415600095], [-73.86887945652597, 40.69098608231856], [-73.86887174676677, 40.690988016832975], [-73.86886427153497, 40.69098988025007], [-73.86885652213095, 40.69099180373919], [-73.86884881964181, 40.69099370806786], [-73.86884120375464, 40.69099558230224], [-73.86883359508974, 40.690997451054784], [-73.86882587099592, 40.69099933888867], [-73.86881816856979, 40.69100121027811], [-73.8688105527295, 40.69100305980754], [-73.86880291166327, 40.691004901073384], [-73.86879515515187, 40.69100676965484], [-73.86878744916666, 40.691008616335196], [-73.86877990554653, 40.69101041379423], [-73.86877218155234, 40.69101224947397], [-73.86876443592732, 40.691014082383745], [-73.86875672278249, 40.69101590160615], [-73.86874904572936, 40.69101770440055], [-73.8687413939499, 40.6910194907547], [-73.86873364837723, 40.69102129621472], [-73.86872600022998, 40.69102306884804], [-73.86871824747156, 40.69102486057498], [-73.86871050555224, 40.69102664133463], [-73.86870286105294, 40.691028392012456], [-73.8686951732763, 40.691030145385156], [-73.86868748912138, 40.69103189052713], [-73.86867976890106, 40.69103363837223], [-73.86867199097956, 40.69103538889575], [-73.86866427440219, 40.69103711753056], [-73.8686565181481, 40.691038851609086], [-73.86864877273308, 40.691040574720446], [-73.86864105619783, 40.69104228139554], [-73.86863337934938, 40.69104397713634], [-73.86862572416881, 40.69104565643276], [-73.86861796077643, 40.69104735207373], [-73.86861012163686, 40.691049058606815], [-73.86860240516454, 40.691050732342156], [-73.8685946490262, 40.691052406031645], [-73.86858696866146, 40.69105405510422], [-73.86857927387784, 40.691055701415046], [-73.86857145645864, 40.691057364053925], [-73.86856363543842, 40.69105902394342], [-73.86855585772194, 40.69106066741317], [-73.86854824236542, 40.6910622644067], [-73.86854044303401, 40.69106389687167], [-73.8685326004306, 40.691065529286675], [-73.86852488049463, 40.69106712890398], [-73.86851708841726, 40.691068739417446], [-73.86850939737154, 40.69107031710853], [-73.86850165221972, 40.69107190297162], [-73.86849382411951, 40.69107349422896], [-73.86848601045364, 40.691075080012695], [-73.86847828699605, 40.69107663570649], [-73.86847053829635, 40.691078191370934], [-73.86846267777891, 40.69107976337564], [-73.86845488221172, 40.69108131349595], [-73.86844713716023, 40.6910828472048], [-73.86843938130134, 40.69108437541125], [-73.86843155691788, 40.69108590902834], [-73.86842370008037, 40.69108744260784], [-73.86841597672824, 40.69108894340212], [-73.8684082245335, 40.69109044141814], [-73.86840040019732, 40.69109195033023], [-73.86839251456487, 40.69109345642692], [-73.86838475880097, 40.69109493522387], [-73.86837700305303, 40.69109640578601], [-73.86836914270458, 40.69109788995185], [-73.86836138698301, 40.69109934678908], [-73.86835362406543, 40.691100795383264], [-73.86834566274891, 40.691102279431995], [-73.86833791068646, 40.69110370882413], [-73.86833012615921, 40.69110514366811], [-73.86832223342543, 40.69110659211166], [-73.86831439482425, 40.69110801865841], [-73.86830661755667, 40.69110942880619], [-73.86829882226976, 40.69111083344328], [-73.86829096566483, 40.69111224624394], [-73.8682831704098, 40.691113634411366], [-73.86827530661941, 40.69111503347888], [-73.8682673923451, 40.69111643248809], [-73.86825960433902, 40.69111780144881], [-73.8682518343787, 40.691119162195356], [-73.86824397065203, 40.69112052832356], [-73.86823616104172, 40.691121880789325], [-73.86822836227067, 40.691123222287864], [-73.86822036151084, 40.691124591002286], [-73.86821257358422, 40.691125918788345], [-73.86820477485561, 40.69112723832716], [-73.86819685710262, 40.691128571453], [-73.86818902954198, 40.691129882723395], [-73.86818116231531, 40.69113119394785], [-73.8681579539012, 40.6911350182776], [-73.86813402058164, 40.69113889392274], [-73.86811044449443, 40.69114264645754], [-73.86631990597404, 40.691423934331105], [-73.86628531000619, 40.69142936721547], [-73.86626798855372, 40.69143209735031], [-73.86625073562459, 40.691434822072665], [-73.86622530528341, 40.6914388547779], [-73.8661988973758, 40.69144305651685], [-73.86618158306212, 40.69144581958428], [-73.8661642831599, 40.69144858815544], [-73.86614704817504, 40.69145135130993], [-73.8661297771013, 40.691454128143754], [-73.86611249518617, 40.69145691594146], [-73.86609518440511, 40.691459711937256], [-73.8660780070717, 40.69146249436191], [-73.86606071790166, 40.6914653013568], [-73.86604343231956, 40.6914681165876], [-73.86602611065415, 40.69147094275286], [-73.86600884668847, 40.691473766237905], [-73.86599166566461, 40.69147658707219], [-73.86597437641555, 40.691479429736056], [-73.86595710158342, 40.691482275158876], [-73.86593986641019, 40.69148512337011], [-73.86592263483043, 40.691487977072484], [-73.8659053599497, 40.691490844445674], [-73.8658881139099, 40.69149371459463], [-73.86587087146356, 40.691496590234784], [-73.86585358932227, 40.69149947954992], [-73.86583637209276, 40.69150236619336], [-73.86581916928021, 40.69150525559582], [-73.86580188709021, 40.6915081668613], [-73.86578464095311, 40.69151108091103], [-73.86576736234396, 40.69151400315461], [-73.86575018111161, 40.691516917274896], [-73.86573296739621, 40.69151984507857], [-73.86571568873832, 40.691522789272504], [-73.86569850024522, 40.69152572533476], [-73.86568125041566, 40.69152867779151], [-73.86566401138586, 40.69153163849256], [-73.86564681563203, 40.69153459649686], [-73.86562961986556, 40.69153755998805], [-73.86561241325748, 40.69154053444314], [-73.86559512005431, 40.69154353349743], [-73.86557790620348, 40.69154652166276], [-73.86554346763495, 40.69155251993117], [-73.86270908527489, 40.69204554912759], [-73.8626874774927, 40.69204928094166], [-73.86267656901201, 40.69205115358429], [-73.8626657831919, 40.69205299892453], [-73.8626549973938, 40.69205483328476], [-73.86264413584608, 40.692056678532616], [-73.86263326710836, 40.69205851279175], [-73.86262248856006, 40.69206032794417], [-73.86261169921012, 40.69206213484829], [-73.8626008341219, 40.692063947150594], [-73.86259004840505, 40.69206574033318], [-73.86257918334394, 40.692067538909605], [-73.8625683038638, 40.69206933472298], [-73.86255748573068, 40.69207110865044], [-73.8625467108918, 40.69207287164947], [-73.86253583146086, 40.69207464275688], [-73.86252494122262, 40.69207640836082], [-73.86251415199195, 40.692078154870984], [-73.86250331228204, 40.692079898575074], [-73.86249242929944, 40.69208164222641], [-73.86248156797492, 40.69208337492351], [-73.86247072830302, 40.69208509941116], [-73.86245990668328, 40.692086812940296], [-73.8624490201546, 40.692088526390805], [-73.8624381624849, 40.69209023438524], [-73.86241855740735, 40.69209329332864], [-73.86239474280542, 40.69209697578838], [-73.86238386356476, 40.69209865081465], [-73.86237300959404, 40.69210031214622], [-73.86236211956259, 40.69210197343366], [-73.86235130169635, 40.69210361284819], [-73.8623404585817, 40.69210525497626], [-73.8623294459553, 40.69210691062441], [-73.86231863173876, 40.69210852808202], [-73.86230777063216, 40.69211015097213], [-73.86229686626407, 40.692111768319855], [-73.86228593665332, 40.6921133856364], [-73.86227511888539, 40.69211497563797], [-73.86226425423303, 40.692116568327215], [-73.86225335713155, 40.69211815823178], [-73.86224240955097, 40.692119745330146], [-73.86223155215447, 40.69212131606678], [-73.86222069477442, 40.69212287856812], [-73.86220977247982, 40.69212444373547], [-73.86219894399231, 40.692125984311154], [-73.86218799647725, 40.69212753846719], [-73.86217706340842, 40.692129081660326], [-73.86216620609959, 40.69213060847457], [-73.86215533437755, 40.69213212978096], [-73.86214435806902, 40.69213365645061], [-73.86213344309076, 40.69213516946879], [-73.86212258584236, 40.69213666608648], [-73.86211167810919, 40.69213816264269], [-73.86208985185738, 40.692141139270376], [-73.86100949418433, 40.69228715423941], [-73.85998087863159, 40.69242625580161], [-73.8599555608077, 40.69242957910736], [-73.85994706624761, 40.69243068314775], [-73.85993878090667, 40.692431754504874], [-73.85993026833316, 40.692432850287766], [-73.85992182070261, 40.69243392968045], [-73.85991343079154, 40.692434998163655], [-73.85990492907564, 40.692436074744485], [-73.85989655361699, 40.692437129520265], [-73.85988815292158, 40.69243818151986], [-73.85987968010508, 40.69243923343105], [-73.85987115679809, 40.69244028802495], [-73.8598627669661, 40.692441318077755], [-73.85985440238768, 40.69244234267119], [-73.85984587912604, 40.69244337530505], [-73.85983737742528, 40.692444443646615], [-73.85982897683188, 40.69244544623609], [-73.85982047164579, 40.69244645693196], [-73.85981206747469, 40.69244744579201], [-73.85980367052693, 40.69244842917074], [-73.85979520505842, 40.69244941521015], [-73.85978666747465, 40.69245039841631], [-73.85977812989644, 40.69245137887699], [-73.85976984122125, 40.69245231846881], [-73.85976133253126, 40.69245327975011], [-73.85975283467643, 40.69245423280968], [-73.85974442340095, 40.69245516950547], [-73.85973591476218, 40.692456106081984], [-73.85972749990329, 40.69245703179306], [-73.85971905982498, 40.692457946493725], [-73.85971056564436, 40.69245886661736], [-73.85970204623848, 40.69245977847533], [-73.8596936025881, 40.69246067670114], [-73.85968510123512, 40.69246157760074], [-73.859676664831, 40.69246245936547], [-73.85966825007446, 40.69246333566645], [-73.85965961171438, 40.692464225418036], [-73.85965121141625, 40.6924650852668], [-73.85964275342702, 40.692465942299805], [-73.85963423052307, 40.692466801997774], [-73.85962582305842, 40.69246763987775], [-73.85961736871506, 40.69246847769993], [-73.85960883865036, 40.69246931268433], [-73.85960033744541, 40.69247014221376], [-73.8595918795416, 40.69247095807154], [-73.85958333869286, 40.69247177657227], [-73.8595748014731, 40.69247258409768], [-73.85956637606928, 40.6924733780351], [-73.85955796871858, 40.69247416101477], [-73.85954951449489, 40.692474941191904], [-73.8595409701143, 40.692475724003145], [-73.85953242936263, 40.692476495839074], [-73.8595239896088, 40.6924772540738], [-73.85951544888567, 40.69247801218464], [-73.85950689734997, 40.6924787675369], [-73.85949842518752, 40.692479503771985], [-73.85948999270288, 40.69248023456536], [-73.85948154942302, 40.692480954365855], [-73.8594730051623, 40.69248167953199], [-73.8594644681424, 40.692482390982434], [-73.85945601768469, 40.692483094303675], [-73.85944743380328, 40.69248379746127], [-73.85943890764145, 40.69248448970968], [-73.85943045722948, 40.69248517107091], [-73.85942198159816, 40.6924858414216], [-73.85941344826426, 40.692486514445974], [-73.85940499790966, 40.69248716835769], [-73.85939651870655, 40.69248782223352], [-73.8593878736196, 40.6924884786508], [-73.85937940165715, 40.69248911881033], [-73.85937095857182, 40.69248974528071], [-73.85936238205127, 40.692490377076915], [-73.85935394260062, 40.692490989826595], [-73.85934536250267, 40.69249160789331], [-73.85933681849389, 40.69249221227966], [-73.85932833941102, 40.69249280851036], [-73.85931986755753, 40.69249339651499], [-73.85931132358304, 40.69249398443081], [-73.85930274717144, 40.69249456407207], [-73.85929430781238, 40.6924951329011], [-73.85928582519809, 40.69249569344237], [-73.85927724882075, 40.69249625661311], [-73.859268683273, 40.692496814306864], [-73.85926023675925, 40.69249735567696], [-73.8592517541907, 40.69249789425758], [-73.85924317787077, 40.692498429978116], [-73.85923470253721, 40.69249895758723], [-73.85922611902811, 40.692499482318624], [-73.85921754273677, 40.6925000043134], [-73.85920907826151, 40.69250051272053], [-73.85920054166532, 40.69250102103875], [-73.85917503292626, 40.6925025076865], [-73.85897553413916, 40.69251331384708], [-73.85580917685176, 40.69268606574979], [-73.85578424870091, 40.692687478264645], [-73.85576759749446, 40.69268841257819], [-73.85575574293009, 40.692689078424166], [-73.85574267659548, 40.69268980587979], [-73.8557308364786, 40.692690460762186], [-73.85572257399843, 40.69269091976022], [-73.85571417087019, 40.69269138407087], [-73.85570584346895, 40.692691848475846], [-73.85569766033346, 40.692692302082015], [-73.8556893581803, 40.69269276377271], [-73.85568102718454, 40.6926932226818], [-73.85567274305551, 40.69269368713865], [-73.85566453827727, 40.69269414346011], [-73.85565620726334, 40.69269461060173], [-73.85564782214664, 40.692695083164445], [-73.85563962817434, 40.692695544987224], [-73.85563131879049, 40.69269601489894], [-73.85562299497631, 40.69269648753675], [-73.85561470721065, 40.69269696570871], [-73.85560640863267, 40.69269744112177], [-73.85559821463008, 40.69269791666541], [-73.85558987996754, 40.692698403011065], [-73.85558159217766, 40.6926988921597], [-73.85557329717554, 40.692699381298745], [-73.85556510674286, 40.69269987331313], [-73.85555690548594, 40.69270036805815], [-73.85554846618781, 40.692700881717194], [-73.85554018196169, 40.69270139008074], [-73.85553199509891, 40.69270189856589], [-73.85552369641862, 40.692702420633985], [-73.8555155023256, 40.69270293734324], [-73.85550720722732, 40.692703470393695], [-73.85549891933502, 40.69270400619741], [-73.85549072880605, 40.69270454212276], [-73.85548242645956, 40.69270509163097], [-73.85547412409507, 40.69270564937291], [-73.85546591188773, 40.69270620448267], [-73.85545776458324, 40.69270676241817], [-73.85544945496461, 40.692707339362606], [-73.85544116336415, 40.692707921818595], [-73.85543286813967, 40.69270851250378], [-73.85542468470865, 40.692709100584075], [-73.85541649404155, 40.692709699633745], [-73.85540819516297, 40.69271031227075], [-73.85539990347843, 40.69271093315047], [-73.85539173079945, 40.69271155143441], [-73.85538357973884, 40.69271217797923], [-73.85537526997597, 40.69271282079266], [-73.85536707920676, 40.69271346649984], [-73.85535879825626, 40.69271412581697], [-73.85535065072956, 40.69271478530112], [-73.8553424635183, 40.69271545296922], [-73.85533420414413, 40.6927161397594], [-73.85532601689077, 40.69271682663966], [-73.85531776109254, 40.692717527157036], [-73.85530957379716, 40.69271823324944], [-73.85530141895019, 40.692718942126845], [-73.85529313062541, 40.692719675538854], [-73.85528499016654, 40.69272040090183], [-73.85527672704806, 40.692721150812915], [-73.85526854326254, 40.69272190082326], [-73.85526050011894, 40.69272264826505], [-73.85525224775846, 40.69272342563566], [-73.8552439917798, 40.692724208490695], [-73.85523584397662, 40.69272499422599], [-73.85522769254933, 40.69272578819044], [-73.8552195302739, 40.69272659586452], [-73.85521298746201, 40.692727246378645], [-73.85520635085096, 40.69272791598784], [-73.85519972143989, 40.69272859109523], [-73.85519321465246, 40.69272925812224], [-73.85518671506505, 40.69272993064746], [-73.85518008199986, 40.692730627707306], [-73.85517358238833, 40.69273131121085], [-73.85516709357698, 40.69273200296193], [-73.85516049294203, 40.692732711040506], [-73.85515384178636, 40.692733435523834], [-73.85514720865488, 40.69273416277421], [-73.85514073061346, 40.692734876495535], [-73.85513425976009, 40.69273560120469], [-73.85512762298038, 40.692736347662695], [-73.85512115571491, 40.692737080609895], [-73.85511451889911, 40.69273784353581], [-73.85510792535587, 40.69273860651579], [-73.85510155543551, 40.69273934781877], [-73.85509495825606, 40.69274012451732], [-73.85508832138596, 40.69274091214459], [-73.85508187207233, 40.69274168079422], [-73.8550752748447, 40.69274247944975], [-73.85506878581639, 40.69274327000686], [-73.85506214889203, 40.69274408233548], [-73.85505557326445, 40.6927448974857], [-73.85504923930199, 40.692745685492234], [-73.8550426383959, 40.69274651707852], [-73.85503604107781, 40.692747356903276], [-73.85502957000725, 40.69274818041804], [-73.85502297266495, 40.69274903122109], [-73.85501650876438, 40.692749873957574], [-73.85500990417977, 40.69275073847461], [-73.85500331040126, 40.692751608494454], [-73.8549969763182, 40.69275245139337], [-73.85499038972156, 40.692753335145404], [-73.85498382836123, 40.69275422167362], [-73.85497733912175, 40.692755108292275], [-73.85497076330695, 40.69275600852539], [-73.8549643317581, 40.692756897960855], [-73.85495772704672, 40.69275782011498], [-73.85495116921987, 40.69275873958305], [-73.85494483501606, 40.692759637374415], [-73.8549382663408, 40.692760570551904], [-73.85493166517504, 40.69276152015676], [-73.85492525878392, 40.69276244804852], [-73.85491867202408, 40.69276340590507], [-73.85491207081597, 40.692764374722145], [-73.85490566798849, 40.69276532183076], [-73.85489923268248, 40.69276627987715], [-73.85489266749853, 40.69276726520715], [-73.85488623937435, 40.692768236985714], [-73.85487980402596, 40.69276921424438], [-73.8548732351935, 40.69277021878208], [-73.85486666634297, 40.69277123155367], [-73.85486010829844, 40.692772249828124], [-73.8548536801016, 40.692773254542026], [-73.85484724467457, 40.69277426748084], [-73.85484070822997, 40.69277530225001], [-73.854834301633, 40.692776323458766], [-73.85482773989774, 40.6927773801535], [-73.85482121784088, 40.69277843140838], [-73.85481488695262, 40.692779460945836], [-73.85480833960514, 40.69278053412626], [-73.85480184636025, 40.69278160188503], [-73.85479541802415, 40.69278266972528], [-73.85478884899187, 40.69278376483547], [-73.85478235209247, 40.69278485454665], [-73.85477595257431, 40.69278593614607], [-73.85476952778963, 40.692787028692365], [-73.85476295869074, 40.69278815399339], [-73.85475658798453, 40.69278925209678], [-73.85475005493976, 40.692790380187354], [-73.85474353269503, 40.69279151652556], [-73.85473716194033, 40.69279263658595], [-73.85473079839757, 40.692793756655085], [-73.85472436629166, 40.692794898595494], [-73.85471769968412, 40.692796089645405], [-73.85471133609882, 40.69279722892686], [-73.85470496527125, 40.69279838192264], [-73.85469840684475, 40.692799573108054], [-73.85469202878075, 40.69280073707307], [-73.85468556411729, 40.692801925631336], [-73.8546790381147, 40.69280313058044], [-73.85467264556594, 40.69280432197383], [-73.85466630711971, 40.69280550794565], [-73.85465977385648, 40.69280673484264], [-73.85465324418706, 40.692807967233385], [-73.85464691652246, 40.69280916968639], [-73.85464054914917, 40.692810391302274], [-73.85463404467356, 40.69281164568191], [-73.85462755100993, 40.69281290281962], [-73.85462121967846, 40.692814132714275], [-73.85461488471682, 40.69281537358315], [-73.8546083585321, 40.69281666087115], [-73.8546018575955, 40.69281794544597], [-73.8545955261913, 40.692819208276404], [-73.85458919117484, 40.692820473846716], [-73.85458271182596, 40.69282178040587], [-73.85456235012974, 40.692825926730066], [-73.85454416011702, 40.692829691527336], [-73.85453782497281, 40.69283101473488], [-73.8545314862163, 40.69283234068228], [-73.85452514742363, 40.692833683097916], [-73.85451871843125, 40.69283504735737], [-73.85451230023288, 40.69283642260917], [-73.85450592893096, 40.69283778968561], [-73.85449947103547, 40.6928391786104], [-73.85449317545427, 40.69284054852665], [-73.85448673917064, 40.69284194845713], [-73.85448029203859, 40.69284336209737], [-73.85447415876526, 40.692844715749196], [-73.85446768634831, 40.69284614857016], [-73.85446122836129, 40.69284757866429], [-73.85445496516118, 40.692848981556665], [-73.85444854319834, 40.69285042816427], [-73.85444224390112, 40.69285184747889], [-73.85443581109556, 40.692853305051194], [-73.85442939630197, 40.6928547708802], [-73.8544231005561, 40.69285621490127], [-73.85441680119189, 40.69285766440694], [-73.85441041160396, 40.69285914673541], [-73.85440402562783, 40.692860626323295], [-73.85439781640831, 40.69286207868677], [-73.85439141956546, 40.69286358021841], [-73.85438507321915, 40.69286507632402], [-73.85437877015133, 40.6928665697393], [-73.85437234439915, 40.69286809868106], [-73.85436599439797, 40.69286961673917], [-73.85435973097195, 40.69287112118266], [-73.85435334124958, 40.69287266389278], [-73.85434708501114, 40.69287417932378], [-73.85434080711207, 40.6928757057061], [-73.8543343018869, 40.69287729767492], [-73.85432804198754, 40.692878837803164], [-73.85432181455448, 40.692880372482655], [-73.85431558349102, 40.692881918136315], [-73.85430914675584, 40.692883521169456], [-73.854302807426, 40.69288510511215], [-73.85429661600436, 40.69288666179403], [-73.85429021529893, 40.69288827859564], [-73.85428395890757, 40.692889862642296], [-73.85427776383105, 40.6928914412767], [-73.85427140637943, 40.69289306636633], [-73.85426505252151, 40.69289469694971], [-73.85425869863934, 40.69289633851181], [-73.85425247464106, 40.69289795004548], [-73.85424628310311, 40.69289955887522], [-73.85423995803846, 40.69290121419662], [-73.85423369068853, 40.69290286135645], [-73.8542273728114, 40.69290452766535], [-73.8542210621401, 40.6929061967278], [-73.85421483083188, 40.69290785216658], [-73.85420867526868, 40.692909499466644], [-73.85420235011819, 40.6929111932127], [-73.85419599607678, 40.692912906135206], [-73.85418975748914, 40.69291459175591], [-73.85418360908884, 40.6929162610219], [-73.85417732716178, 40.692917976779476], [-73.85417105244049, 40.69291969529068], [-73.85416480657346, 40.69292141109328], [-73.85415852820944, 40.69292314606779], [-73.85415236890528, 40.69292485374513], [-73.85414616628601, 40.69292658058063], [-73.85413987704881, 40.69292834024328], [-73.8541335625388, 40.692930113597434], [-73.85412732739792, 40.69293187058324], [-73.85412116801409, 40.692933613940816], [-73.85411500139381, 40.69293536826802], [-73.85410871928903, 40.69293716362003], [-73.8541025562561, 40.69293892618545], [-73.85409637876258, 40.69294070520079], [-73.85408997753647, 40.69294255529625], [-73.85408386857551, 40.6929443261635], [-73.85407772351157, 40.692946116198065], [-73.85407145213883, 40.69294794998848], [-73.8540651987961, 40.69294978380144], [-73.85405904285886, 40.69295159852418], [-73.85405294824845, 40.692953402345275], [-73.8540465866085, 40.69295528817055], [-73.85404045948874, 40.69295711665269], [-73.85403432513851, 40.692958953359664], [-73.8540281871698, 40.69296079555126], [-73.85402198423148, 40.69296266510784], [-73.85401577405663, 40.69296454563402], [-73.85400959273, 40.69296642619642], [-73.8540033897485, 40.69296831496537], [-73.85399733829972, 40.69297016824417], [-73.85399107393027, 40.69297209536139], [-73.85398483842106, 40.69297401702529], [-73.85397877971093, 40.69297589225211], [-73.85397268129168, 40.69297778664162], [-73.85396646016355, 40.69297972753619], [-73.85396024985329, 40.692981668444205], [-73.8539541982938, 40.69298357112648], [-73.85394813589176, 40.69298548477381], [-73.85394191470809, 40.69298745036997], [-73.85393573319683, 40.69298941327133], [-73.85392963105478, 40.69299135980455], [-73.85392350003978, 40.692993317279814], [-73.85391737983062, 40.69299528025806], [-73.85391129929383, 40.69299724054153], [-73.85390365259838, 40.69299971210898], [-73.85389612135668, 40.69300215637483], [-73.85388849626648, 40.69300464169254], [-73.85388088197577, 40.69300713525782], [-73.85387337231474, 40.69300960425249], [-73.85386583376243, 40.69301209242337], [-73.85385828797332, 40.69301459156369], [-73.8538506555478, 40.69301713176508], [-73.8538431169216, 40.69301965287164], [-73.8538356071554, 40.693022168524855], [-73.85382800352852, 40.69302473071951], [-73.85382037823459, 40.693027306609984], [-73.85381291891555, 40.69302983879442], [-73.85380540183864, 40.69303239835268], [-73.85379780895542, 40.69303499349627], [-73.85379030626554, 40.693037569540486], [-73.8537827025088, 40.69304018937221], [-73.85377516009075, 40.69304279281268], [-73.85376777642952, 40.69304535528283], [-73.8537601726108, 40.693048002560666], [-73.85375265899742, 40.69305062524972], [-73.85374518505623, 40.693053245243924], [-73.85373762809657, 40.69305590081415], [-73.85373016133629, 40.69305853454036], [-73.85372268372701, 40.69306118197612], [-73.85371503649336, 40.693063892325576], [-73.85370762380425, 40.693066534353385], [-73.85370017501774, 40.693069192803456], [-73.8536925385522, 40.69307192512328], [-73.8536851113768, 40.6930745945789], [-73.85367764449188, 40.69307728319697], [-73.85367016676398, 40.69307998277989], [-73.85366265292663, 40.69308270427457], [-73.85365522568854, 40.69308540117594], [-73.8536477010016, 40.69308813637973], [-73.8536401871202, 40.69309087708625], [-73.85363275984419, 40.693093590454794], [-73.85362524593143, 40.69309634488419], [-73.85361777531504, 40.6930990883891], [-73.85361029747385, 40.693101837373874], [-73.8536028737472, 40.69310457544788], [-73.85359538865644, 40.693107340891125], [-73.85358788912272, 40.69311011454978], [-73.85358049063078, 40.69311285539926], [-73.85357287600279, 40.6931154916719], [-73.85356543779454, 40.69311825442803], [-73.85355792017369, 40.693121052764695], [-73.85355041697652, 40.69312385111924], [-73.85354298595446, 40.693126624862145], [-73.85353559822276, 40.6931293904254], [-73.85352812025418, 40.69313219430009], [-73.85352065311527, 40.69313499269856], [-73.85351317513935, 40.6931377993171], [-73.85350571879931, 40.69314060596265], [-73.85349824441018, 40.693143420819084], [-73.85349078445071, 40.69314623294859], [-73.85348340027853, 40.69314901772644], [-73.85347592948153, 40.693151838075536], [-73.85346850559908, 40.69315464201522], [-73.85346098426743, 40.693157484257185], [-73.8534534881898, 40.693160321041276], [-73.85344610759645, 40.693163116800335], [-73.85343547161166, 40.69316714081602], [-73.85342370957005, 40.69317159981538], [-73.85341301583104, 40.693175648458386], [-73.85339810666702, 40.693181294677785], [-73.85337576277993, 40.693189750304754], [-73.85251717398307, 40.69351286026162], [-73.85250806824348, 40.69351626583395], [-73.85137804057622, 40.693941788869225], [-73.85135676110932, 40.69394974044051], [-73.8513496691913, 40.69395237449634], [-73.85134253398705, 40.693955013985395], [-73.85133533021703, 40.69395767534356], [-73.85132826000135, 40.69396027923366], [-73.85132118980965, 40.69396287214421], [-73.85131401496642, 40.69396549785638], [-73.85130690149403, 40.693968093454934], [-73.8512997844333, 40.693970680814104], [-73.8512926240741, 40.69397327909593], [-73.85128542042251, 40.69397588555574], [-73.85127826010506, 40.69397846462335], [-73.85127120085029, 40.6939810026495], [-73.85126399003379, 40.69398358714053], [-73.8512568008902, 40.693986155190444], [-73.8512497741685, 40.693988657575325], [-73.85124256701154, 40.69399121736674], [-73.85123532378672, 40.69399377985587], [-73.85122808417972, 40.693996336859705], [-73.8512209853457, 40.69399883366006], [-73.85121383600088, 40.69400134137374], [-73.85120662892697, 40.694003862736245], [-73.85119944713209, 40.694006367662304], [-73.8511922942347, 40.69400885066716], [-73.85118505112244, 40.694011361002595], [-73.85117781885246, 40.69401386037247], [-73.85117066960862, 40.69401632142251], [-73.85116338685185, 40.694018820726235], [-73.85115621598854, 40.69402127351307], [-73.85114905957374, 40.69402371533906], [-73.8511417876889, 40.6940261899525], [-73.85113463492206, 40.694028612568935], [-73.85112731615655, 40.69403108712087], [-73.85112004793747, 40.69403353428996], [-73.85111286995071, 40.69403594589329], [-73.85110568476343, 40.69403835199732], [-73.85109845628985, 40.694040763534446], [-73.851091144832, 40.69404319417715], [-73.85108391638802, 40.69404559198955], [-73.8510766879619, 40.694047981567174], [-73.85106933685347, 40.69405040392289], [-73.85106216620409, 40.69405275789235], [-73.85105497030513, 40.6940551145734], [-73.85104761925031, 40.69405751222485], [-73.85104030790524, 40.694059890713795], [-73.85103309761706, 40.694062230906255], [-73.85102586931617, 40.69406456284066], [-73.85101852193286, 40.6940669303025], [-73.85101117456736, 40.694069289529516], [-73.85100396074462, 40.69407159677832], [-73.85099670362335, 40.69407391494973], [-73.85098939240349, 40.694076235795386], [-73.85098209923218, 40.69407854842965], [-73.8509747483378, 40.69408087196773], [-73.85096753821071, 40.694083138047475], [-73.85096026674215, 40.69408542051594], [-73.85095285094206, 40.694087741223825], [-73.85094553259898, 40.69409002088589], [-73.85093819261864, 40.694092300519436], [-73.85093099338721, 40.69409453092896], [-73.85092359931396, 40.69409681049153], [-73.85091626298731, 40.694099068170274], [-73.85090893389703, 40.6941013148788], [-73.85090168060854, 40.6941035287478], [-73.85089431546209, 40.69410577266392], [-73.85088690703552, 40.694108019268256], [-73.85087970791729, 40.69411019752404], [-73.8508723139572, 40.694112424932776], [-73.85086489475367, 40.694114652308336], [-73.85085747556197, 40.6941168741939], [-73.85085022599287, 40.6941190359138], [-73.85084289343936, 40.69412121673908], [-73.85083547430148, 40.694123413920366], [-73.85082818148199, 40.69412556460372], [-73.85082081650262, 40.694127731661744], [-73.85081338658786, 40.69412990961422], [-73.85080597112166, 40.694132076605825], [-73.8507986458881, 40.694134208031905], [-73.85079121962717, 40.69413636402947], [-73.8507839016418, 40.69413847899535], [-73.8507765656314, 40.69414059119265], [-73.85076910694458, 40.69414273342292], [-73.85076164466963, 40.694144867413684], [-73.85075432674378, 40.694146954930105], [-73.85074696193169, 40.69414904512994], [-73.85073953218418, 40.694151146224236], [-73.85073203388903, 40.69415326095301], [-73.85072468716763, 40.69415532372717], [-73.85071735128258, 40.69415737828065], [-73.85070988912105, 40.694159460117554], [-73.85070236202414, 40.69416155284884], [-73.85069504062372, 40.69416357997193], [-73.85068767594316, 40.6941656097832], [-73.85068017776149, 40.69416767235802], [-73.85067278423712, 40.694169699386144], [-73.85066531857119, 40.69417173455449], [-73.8506579250828, 40.694173745113055], [-73.85065055325535, 40.69417574472016], [-73.85064292526909, 40.69417779888983], [-73.8506355715144, 40.69417977930603], [-73.85062819974095, 40.69418175420883], [-73.8506206728296, 40.69418376184708], [-73.85061327943694, 40.69418572848653], [-73.85060584276407, 40.694187697814115], [-73.85059830146986, 40.69418968621879], [-73.85059084677775, 40.694191650032465], [-73.85058341376505, 40.69419359466046], [-73.85057589055558, 40.694195558384195], [-73.85055180918556, 40.69420179068593], [-73.85053109082571, 40.69420709138304], [-73.85052358217305, 40.69420899473732], [-73.85051614929806, 40.69421087623133], [-73.85050861541391, 40.694212774062265], [-73.85050108876004, 40.69421466366781], [-73.85049361263475, 40.6942165341251], [-73.85048614735818, 40.69421839087213], [-73.85047860992782, 40.69422026124881], [-73.85047114467504, 40.6942221070158], [-73.85046370109558, 40.69422393634181], [-73.85045600134481, 40.69422582571948], [-73.85044856861988, 40.69422763859004], [-73.85044112508228, 40.694229448701265], [-73.85043353001898, 40.694231288807565], [-73.85042606126224, 40.69423308790599], [-73.85041848427187, 40.69423490882138], [-73.8504110227574, 40.69423669420435], [-73.85040351435663, 40.694238482270656], [-73.85039580391954, 40.69424031124543], [-73.85038837492685, 40.69424206647668], [-73.8503808701803, 40.69424383258809], [-73.8503732608184, 40.69424561503165], [-73.85036579218786, 40.69424735648606], [-73.85035825862182, 40.69424910883464], [-73.85035067817564, 40.694250861121795], [-73.85034310495978, 40.694252605183515], [-73.85033557144183, 40.69425433557252], [-73.85032796578848, 40.69425607135674], [-73.85032046116814, 40.694257779824135], [-73.85031294934747, 40.69425948279214], [-73.85030534734832, 40.694261196621476], [-73.85029773814887, 40.69426290495137], [-73.85029020112722, 40.69426458867173], [-73.85028265689913, 40.6942662696374], [-73.85027497919423, 40.694267972387124], [-73.85026744583305, 40.69426963140781], [-73.85025990525921, 40.69427129041858], [-73.85025240078953, 40.694272930262436], [-73.85024472675705, 40.694274602822446], [-73.850237117684, 40.69427625350831], [-73.85022960604408, 40.694277874127934], [-73.85022204029946, 40.69427950016619], [-73.85021448539746, 40.69428111523899], [-73.85020673928967, 40.694282765744475], [-73.85019920606081, 40.694284364375854], [-73.85019165842554, 40.69428595475367], [-73.85018398813186, 40.69428756692951], [-73.85017630703177, 40.69428917360122], [-73.85016879912459, 40.694290736581515], [-73.8501612226819, 40.6942923077064], [-73.85015354524855, 40.69429388693365], [-73.85014600491591, 40.694295436146376], [-73.85013832029415, 40.694297004384154], [-73.85013067536434, 40.694298561693984], [-73.85012310261239, 40.69430009439438], [-73.85011555874011, 40.69430161340804], [-73.85010784892333, 40.694303159652776], [-73.85010017159237, 40.69430469221547], [-73.85009259530077, 40.69430619471675], [-73.8500850154089, 40.69430769446805], [-73.85007736700001, 40.694309194129616], [-73.85005447955601, 40.69431365475974], [-73.8467160377477, 40.69495594158045], [-73.84669776442519, 40.694959419570594], [-73.8466887305897, 40.69496113674337], [-73.84667962819854, 40.694962870292734], [-73.84667041035881, 40.694964625645746], [-73.84666131157287, 40.69496635919845], [-73.8466521586686, 40.694968103657445], [-73.84664304905691, 40.69496983993909], [-73.84663395748186, 40.69497157349924], [-73.84662480456353, 40.69497332344559], [-73.84661567330075, 40.69497506518574], [-73.84660657089316, 40.694976804218825], [-73.84659738911134, 40.69497855961408], [-73.84658824340977, 40.694980306822366], [-73.84657920594344, 40.69498203221598], [-73.84657001332907, 40.69498379308416], [-73.8465608387577, 40.69498554848608], [-73.84655169666665, 40.69498729295149], [-73.84654266641085, 40.69498901835188], [-73.84653353514372, 40.694990760085524], [-73.84652424152239, 40.69499253453917], [-73.84651513190403, 40.694994270810696], [-73.84650609805273, 40.69499599071387], [-73.84649688381636, 40.69499774331305], [-73.84648777060303, 40.69499947408801], [-73.84647865017686, 40.69500120485268], [-73.84646941792083, 40.695002951936054], [-73.84646018206445, 40.69500469626911], [-73.84645109413039, 40.695006410606275], [-73.84644206393254, 40.69500810855113], [-73.84643283169989, 40.69500984465254], [-73.84642359587953, 40.69501157251405], [-73.84641447912577, 40.695013273086055], [-73.84640532269727, 40.69501497634912], [-73.84639611937536, 40.69501668503841], [-73.84638688360369, 40.695018390938884], [-73.84637785708466, 40.69502005594636], [-73.84636858526298, 40.69502175630769], [-73.84635935313403, 40.69502344574222], [-73.84635021843465, 40.69502510785832], [-73.84634110539723, 40.69502675902357], [-73.84633183363056, 40.69502843467905], [-73.84632260157566, 40.69503009117343], [-73.84631344529441, 40.69503172855488], [-73.84630420245169, 40.69503337130949], [-73.84629503177642, 40.69503499494637], [-73.84628584669494, 40.69503661032898], [-73.8462766183389, 40.69503822565302], [-73.84626735032076, 40.69503983817861], [-73.8462581652949, 40.695041428856086], [-73.84624891896995, 40.6950430167062], [-73.84623963658275, 40.69504460450741], [-73.8462304804873, 40.695046159539295], [-73.84622118010633, 40.69504773084633], [-73.84621191943718, 40.695049282992244], [-73.8462027634101, 40.695050807829546], [-73.84619355328991, 40.695052332593846], [-73.8461842602209, 40.695053859991255], [-73.84617488780914, 40.69505539002671], [-73.84616568136985, 40.695056881856395], [-73.84615644970592, 40.695058365417324], [-73.84614709179364, 40.6950598625326], [-73.84613788542913, 40.69506132142294], [-73.84612865022746, 40.69506277478442], [-73.84611927436535, 40.6950642361914], [-73.84610993459638, 40.69506568392204], [-73.84610072472543, 40.69506709888831], [-73.84609143551815, 40.69506851374776], [-73.84608209583031, 40.69506992579421], [-73.84607277420461, 40.69507132414018], [-73.84606345261662, 40.6950727060168], [-73.8460542248396, 40.69507406605998], [-73.84604487804555, 40.695075431432734], [-73.84603554932008, 40.69507678036029], [-73.84602857263508, 40.69507778110296], [-73.84602155988803, 40.695078781796944], [-73.84601465537696, 40.69507976067713], [-73.8460077364599, 40.695080731303285], [-73.84600073819404, 40.69508170731241], [-73.84599370026001, 40.69508268326808], [-73.84598678860544, 40.695083631944506], [-73.84597989860683, 40.69508457241523], [-73.84597284629817, 40.69508552639216], [-73.845965959937, 40.69508645314304], [-73.84595901227061, 40.69508737981149], [-73.84595185540114, 40.69508832541287], [-73.84594497269637, 40.695089230209206], [-73.84593802868626, 40.69509013492309], [-73.84593098008409, 40.695091044986064], [-73.84592392428203, 40.695091949549436], [-73.84591702722155, 40.69509282413238], [-73.8459101409921, 40.695093693239926], [-73.84590306720935, 40.69509457581971], [-73.84589614494945, 40.695095431154265], [-73.84588908922893, 40.69509630003359], [-73.84588204435212, 40.69509715794788], [-73.84587510050537, 40.695097991294084], [-73.84586813502135, 40.6950988246109], [-73.84586110463223, 40.69509965509561], [-73.84585418607897, 40.69510046651626], [-73.84584726032587, 40.69510127243732], [-73.84584005323964, 40.695102099939255], [-73.845833095056, 40.695102894836914], [-73.84582619100928, 40.6951036705933], [-73.8458191174338, 40.695104462590756], [-73.84581215570056, 40.69510523277944], [-73.84580510020008, 40.69510600558684], [-73.84579801225651, 40.69510677286082], [-73.84579109025427, 40.695107515653774], [-73.8457841285966, 40.6951082529036], [-73.84577707677153, 40.695108995521714], [-73.84577011514524, 40.695109719046876], [-73.84576318239372, 40.69511043163122], [-73.8457559430594, 40.69511116850722], [-73.84574900673944, 40.69511186461729], [-73.84574207764442, 40.69511255524712], [-73.84573496462131, 40.69511325111953], [-73.84572800309576, 40.695113930725924], [-73.845720908135, 40.69511461289776], [-73.84571396829705, 40.69511527057419], [-73.84570704289642, 40.69511592278006], [-73.84569979650102, 40.69511659376852], [-73.84569283507003, 40.695117232201326], [-73.84568587005184, 40.69511786239459], [-73.84567878241691, 40.69511849516777], [-73.84567182103636, 40.695119111641226], [-73.84566472261443, 40.69511973067522], [-73.84565776127815, 40.69512032793446], [-73.84565078191714, 40.69512092242433], [-73.84564352484816, 40.695121530265205], [-73.84563657438085, 40.69512210557955], [-73.84562960950142, 40.69512267538459], [-73.8456225147993, 40.695123245015054], [-73.84561553552666, 40.6951238010761], [-73.84560840839403, 40.69512435968314], [-73.84560146162129, 40.69512489657353], [-73.84559449683027, 40.69512542794977], [-73.8455872543376, 40.695125969932086], [-73.84558025351629, 40.69512648753527], [-73.84557329238199, 40.695126996956944], [-73.84556616535673, 40.69512750890038], [-73.84555920786654, 40.69512800185743], [-73.84555209531034, 40.69512849460601], [-73.84554510178353, 40.695128976534825], [-73.84553813713147, 40.695129447522824], [-73.8455310029824, 40.6951299210277], [-73.84552390852032, 40.695130386351124], [-73.84551676719681, 40.69513084337686], [-73.84550977736468, 40.695131286881605], [-73.84550281640107, 40.69513172219042], [-73.84549581578203, 40.69513215195601], [-73.84548871419615, 40.69513257884086], [-73.84548157656104, 40.695133000187305], [-73.84547458681116, 40.695133408008076], [-73.84546749248192, 40.69513381568792], [-73.84546048112658, 40.69513420975491], [-73.84545348060881, 40.695134595601736], [-73.84544622763907, 40.69513498934341], [-73.84543926682093, 40.695135361518794], [-73.84543224831657, 40.695135728126715], [-73.84542512163299, 40.69513609184415], [-73.84541812840351, 40.69513644476139], [-73.84541100535778, 40.69513679475895], [-73.84540396166074, 40.695137139373145], [-73.84539458813363, 40.69513758241376], [-73.84538511365234, 40.69513801708357], [-73.84537549493001, 40.69513844881412], [-73.84536599164359, 40.69513886423032], [-73.84535661462442, 40.695139257857214], [-73.84534709696399, 40.69513965129436], [-73.84533761900964, 40.69514002831544], [-73.84532810140628, 40.695140397048135], [-73.84531859104705, 40.695140752065875], [-73.84530913119976, 40.69514109617172], [-73.84529579080584, 40.69514156132003], [-73.84528539334418, 40.69514190690827], [-73.84526169530254, 40.695142654563696], [-73.84525223920738, 40.69514293554013], [-73.84524282642457, 40.695143200105356], [-73.84523335234928, 40.69514345909789], [-73.84522383501884, 40.69514370979711], [-73.8452143285324, 40.69514394953102], [-73.84520491583214, 40.695144178411226], [-73.84519540218412, 40.695144396175806], [-73.84518588854883, 40.69514460845008], [-73.84517643985663, 40.69514480708703], [-73.84516702723897, 40.6951450002822], [-73.84515751727982, 40.695145182366545], [-73.84514800733973, 40.69514535621583], [-73.84513858757967, 40.69514551920656], [-73.84512908128387, 40.69514567659057], [-73.84511957500723, 40.695145825739466], [-73.8451101589106, 40.695145964029855], [-73.84510074643288, 40.69514609683481], [-73.84509122939492, 40.69514622126394], [-73.84508168712004, 40.69514634291356], [-73.84507227469962, 40.69514645101332], [-73.84506285867934, 40.69514655636267], [-73.84505335252356, 40.69514665335557], [-73.84504384276799, 40.69514674759811], [-73.84503439073681, 40.695146830938484], [-73.84502497838005, 40.695146911586754], [-73.84501556242982, 40.69514698673982], [-73.84500605634415, 40.695147053536445], [-73.84499654664589, 40.695147123072175], [-73.84498709827822, 40.69514718171068], [-73.8449776859724, 40.69514724039692], [-73.8449682700795, 40.695147290843266], [-73.84495872796381, 40.6951473438636], [-73.84494931208366, 40.69514738881887], [-73.84493990341588, 40.69514743378309], [-73.84493039378128, 40.69514747586572], [-73.84492094545827, 40.695147515285434], [-73.8449115332034, 40.69514755200815], [-73.84490202358154, 40.69514758859893], [-73.84489261493925, 40.695147622580265], [-73.8448831666289, 40.695147656507274], [-73.84487375438039, 40.69514769048222], [-73.84486433853206, 40.69514772170672], [-73.84485479646732, 40.695147752760306], [-73.84484538422518, 40.69514778398813], [-73.84483597197662, 40.695147817959906], [-73.84482652367905, 40.6951478463928], [-73.84481711503662, 40.69514788036794], [-73.8448076054211, 40.69514791420615], [-73.84479815711066, 40.6951479481262], [-73.84478883862927, 40.695147979475834], [-73.84477933622605, 40.69514801332146], [-73.8447698879092, 40.69514804998395], [-73.84476046844824, 40.69514808393988], [-73.84475105258065, 40.69514812338938], [-73.84474160426376, 40.69514816004961], [-73.84473210184771, 40.69514819938082], [-73.84472273286688, 40.6951482361465], [-73.8447038939256, 40.695148312284125], [-73.84329067975254, 40.69515152116323], [-73.84277097381688, 40.695152654080246], [-73.84274837361573, 40.695152727504016], [-73.84273775688052, 40.69515276789278], [-73.84272626021055, 40.69515281805721], [-73.84271522872533, 40.69515287434574], [-73.84270427296345, 40.6951529334815], [-73.84269319818458, 40.695152997943076], [-73.8426821269859, 40.6951530733876], [-73.8426711351233, 40.6951531489395], [-73.84266013963506, 40.695153232719726], [-73.84264914773996, 40.6951533219933], [-73.8426380728897, 40.69515341664199], [-73.84262704129416, 40.69515351958306], [-73.84261596641139, 40.69515362795347], [-73.8426049744644, 40.695153739180974], [-73.84259397888525, 40.695153861381556], [-73.84258290756318, 40.69515398896703], [-73.84257191555774, 40.69515412489421], [-73.84256088027153, 40.69515426350597], [-73.84254980169813, 40.69515440754697], [-73.8425388132533, 40.6951545626893], [-73.84252781758963, 40.69515472056548], [-73.84251682551906, 40.69515488393507], [-73.84250575408004, 40.69515506091885], [-73.84249471509656, 40.69515523794601], [-73.84248364723761, 40.695155425911686], [-73.84247265509555, 40.69515561946946], [-73.84246165572806, 40.695155818505825], [-73.8424506202792, 40.69515602572608], [-73.84243963169766, 40.69515623849897], [-73.84242863589076, 40.69515645675046], [-73.8424175607218, 40.69515668587135], [-73.84240649275857, 40.69515691774583], [-73.84239545723149, 40.69515715789793], [-73.84238446135292, 40.69515740633762], [-73.84237346906743, 40.69515766027072], [-73.84236251283077, 40.69515791974168], [-73.84235144117012, 40.69515819003259], [-73.84234036589675, 40.695158463062285], [-73.8423293735395, 40.69515874718356], [-73.84231833790149, 40.69515903398927], [-73.84230734191196, 40.69515932908258], [-73.84229627377263, 40.69515963505502], [-73.84228523447625, 40.69515994381074], [-73.84227432137666, 40.695160260972635], [-73.84226324959194, 40.69516058340555], [-73.84225221384942, 40.695160914121146], [-73.8422412213615, 40.69516125312932], [-73.84223018558636, 40.69516159756658], [-73.84221918946606, 40.69516194754675], [-73.84220819693239, 40.695162305765045], [-73.84219716110486, 40.695162672157274], [-73.84218608919592, 40.69516304673332], [-73.84217513267822, 40.6951634242113], [-73.84216414007905, 40.695163809873044], [-73.84215310057341, 40.69516420644848], [-73.84214202860542, 40.695164605723164], [-73.84213103595393, 40.695165013339846], [-73.84212000000853, 40.69516542913044], [-73.84210892798166, 40.69516585310479], [-73.84209805416478, 40.695166332245435], [-73.84208701456083, 40.69516676998603], [-73.84207594248801, 40.69516721317052], [-73.84206498218725, 40.69516766474168], [-73.84205398942424, 40.69516811901201], [-73.8420429533608, 40.69516858420094], [-73.8420318776032, 40.69516906031344], [-73.84202092445571, 40.69516953659313], [-73.84200996407615, 40.695170021096224], [-73.84199889188524, 40.69517051367903], [-73.84198785573646, 40.69517101454465], [-73.84197689531089, 40.69517151825789], [-73.84196590601614, 40.6951720301648], [-73.84195487342753, 40.69517255024548], [-73.84194383000067, 40.69517307854462], [-73.84193283704718, 40.69517361240148], [-73.84192180801216, 40.69517415444211], [-73.8419108510942, 40.69517469932548], [-73.84189989055679, 40.69517524969238], [-73.84188885065059, 40.69517581367308], [-73.84187777826904, 40.6951763858424], [-73.84186682489138, 40.69517695817419], [-73.84185586788782, 40.69517753873427], [-73.84184483152846, 40.69517812741858], [-73.84183387449195, 40.69517872170034], [-73.84182283448695, 40.695179326846166], [-73.84181179446875, 40.69517993748044], [-73.84180080131767, 40.69518055366761], [-73.84178984782797, 40.69518117265307], [-73.84177880775054, 40.69518180798706], [-73.84176777848486, 40.695182446079606], [-73.84175681773009, 40.69518308701011], [-73.84174585695548, 40.69518373617383], [-73.84173482403092, 40.695184396216405], [-73.84172379829897, 40.695185064502105], [-73.84171286994032, 40.6951857301759], [-73.84170190550002, 40.69518640403336], [-73.84169094824585, 40.695187088878754], [-73.84167983588634, 40.695187789978355], [-73.84166887499941, 40.69518848579571], [-73.8416579176989, 40.69518918985131], [-73.84164688824838, 40.695189904785686], [-73.84163596697667, 40.69519062261258], [-73.84162492306828, 40.695191351248795], [-73.84161390799618, 40.695192085413204], [-73.84159215191477, 40.695193556860836], [-73.8415699629466, 40.69519508809344], [-73.84155901992516, 40.69519585254425], [-73.84154806245267, 40.69519662795323], [-73.84153706169266, 40.695197408791095], [-73.8415260969747, 40.69519819791185], [-73.84151506371283, 40.69519899791629], [-73.84150406649945, 40.69519980345884], [-73.84149318829652, 40.695200606419505], [-73.84148218383766, 40.69520142567387], [-73.84147115050293, 40.695202255866484], [-73.8414602361721, 40.695203086221966], [-73.8414492316602, 40.69520392743126], [-73.8414381946597, 40.695204782318626], [-73.84142728028236, 40.695205631884335], [-73.84141635506657, 40.69520648966839], [-73.84140531801299, 40.69520736651073], [-73.84139440358251, 40.69520823803143], [-73.84138340617031, 40.69520912590536], [-73.84137240152583, 40.6952100220026], [-73.84136152671687, 40.695210912788184], [-73.841350529245, 40.69521182536185], [-73.84133953537899, 40.69521273793944], [-73.84132861362339, 40.69521365610495], [-73.8413176124987, 40.69521458788384], [-73.84130661857952, 40.69521552241638], [-73.84129569677074, 40.69521646253689], [-73.84128477495513, 40.69521740540106], [-73.84127378097621, 40.69521836463335], [-73.84126285912728, 40.695219321219305], [-73.84125194086465, 40.695220286043444], [-73.84124086027096, 40.69522127260088], [-73.84122994558768, 40.69522224840701], [-73.84121902367212, 40.695223232436405], [-73.84120802238745, 40.695224230079155], [-73.84119711126364, 40.69522522510046], [-73.84118614962672, 40.695226231030134], [-73.84117522043215, 40.695227242493075], [-73.84116422629963, 40.69522826484446], [-73.84115326462249, 40.695229287239584], [-73.84114241474339, 40.69523030704319], [-73.84113142056412, 40.69523134860479], [-73.8411204588402, 40.69523239021015], [-73.84110953316473, 40.695233437353764], [-73.84109856780124, 40.69523449267584], [-73.8410876493178, 40.69523554806163], [-73.84107668031473, 40.69523661710045], [-73.84106568244869, 40.69523769158794], [-73.84105487572988, 40.695238758104075], [-73.84104386701839, 40.695239843553566], [-73.84103291239282, 40.69524093182151], [-73.84102201546591, 40.69524202016813], [-73.84101100670097, 40.695243127572596], [-73.84100005203506, 40.69524423230601], [-73.84098916587985, 40.69524533987777], [-73.84097827249875, 40.69524645292809], [-73.84096737189184, 40.69524757145694], [-73.84095636667234, 40.69524870356403], [-73.84094541191948, 40.695249843974175], [-73.84093451488492, 40.6952509762287], [-73.84092354569347, 40.695252122106304], [-73.84091265583777, 40.695253268092564], [-73.84090168299353, 40.69525443317643], [-73.84089072457363, 40.69525559827926], [-73.84087994650214, 40.6952567471617], [-73.84086895918615, 40.69525793143591], [-73.84085798989412, 40.695259118478724], [-73.84084709634482, 40.69526030013573], [-73.84083613422509, 40.69526150365504], [-73.84082527671727, 40.6952626935941], [-73.84081429293995, 40.695263905315684], [-73.8408033343859, 40.69526512530543], [-73.84079255617371, 40.69526633181972], [-73.84078157955516, 40.69526756550627], [-73.84077063899156, 40.695268801986415], [-73.84075974890105, 40.69527004402493], [-73.84074881191007, 40.6952712942318], [-73.84073791458013, 40.695272547237344], [-73.84072697753585, 40.695273819400256], [-73.84071600802228, 40.69527509700675], [-73.84070524049433, 40.69527635842312], [-73.8406942997836, 40.69527765528083], [-73.8406833518535, 40.69527895487223], [-73.84067245800264, 40.69528026002706], [-73.84066153528221, 40.69528157337516], [-73.84065068107239, 40.695282889561874], [-73.84063974026768, 40.69528422484108], [-73.84062881026138, 40.6952855683685], [-73.84061803534053, 40.69528690387535], [-73.84060709808165, 40.6952882638593], [-73.84059616800842, 40.69528963483125], [-73.84058531005196, 40.69529100864681], [-73.8405743799319, 40.69529239883008], [-73.84056353996617, 40.69529378913715], [-73.84055264226154, 40.69529519583188], [-73.84054170484234, 40.69529662168394], [-73.84053094777167, 40.69529803131622], [-73.84052004999343, 40.69529946820024], [-73.8405091088879, 40.69530092698137], [-73.84049827598075, 40.69530238042186], [-73.84048739254052, 40.6953038530047], [-73.84047654875472, 40.69530533113102], [-73.8404656688672, 40.69530682567494], [-73.84045477811455, 40.695308339416144], [-73.84044402081686, 40.69530984236228], [-73.84043314804823, 40.695311375339756], [-73.84042225362879, 40.69531291377576], [-73.84041141326236, 40.69531446875431], [-73.84040055125165, 40.69531602644661], [-73.84038967836275, 40.69531760882575], [-73.84037898580925, 40.695319180474876], [-73.84037261860522, 40.695320121335094], [-73.84036607823792, 40.695321089402526], [-73.84035974346949, 40.69532203854133], [-73.84035345920731, 40.695322979515524], [-73.84034720740068, 40.69532392053439], [-73.84034076076742, 40.695324899709505], [-73.8403343177401, 40.69532587888923], [-73.8403280370308, 40.69532684182515], [-73.84032159035753, 40.695327837467744], [-73.84031534210361, 40.695328800448024], [-73.84030905774813, 40.695329779846475], [-73.8403026399041, 40.69533078376235], [-73.84029622565947, 40.695331790427616], [-73.84028994848295, 40.69533278355883], [-73.84028366408067, 40.69533378216927], [-73.84027724980264, 40.69533480255729], [-73.84027083189191, 40.69533583391904], [-73.84026455467512, 40.695336843517445], [-73.84025812951876, 40.69533788859227], [-73.84025188113797, 40.695338903719566], [-73.84024562552491, 40.69533992707086], [-73.84023905601495, 40.695341015860585], [-73.84023280396819, 40.69534205568476], [-73.84022654828878, 40.69534310648259], [-73.84022026736581, 40.695344157245096], [-73.84021388179723, 40.69534523530965], [-73.84020746733935, 40.695346329802355], [-73.84020124409516, 40.69534738887819], [-73.84019483321683, 40.6953484943543], [-73.84018854860768, 40.69534957804721], [-73.84018232531021, 40.69535065908013], [-73.84017594326104, 40.69535177282954], [-73.84016955398613, 40.6953528920581], [-73.84016330539202, 40.69535399501304], [-73.84015691968997, 40.69535512796969], [-73.8401505375676, 40.69535627191008], [-73.84014442242838, 40.695357364070254], [-73.84013802946721, 40.69535851622922], [-73.84013168337319, 40.69535967394246], [-73.84012546356163, 40.69536080438307], [-73.84011904889024, 40.69536198670332], [-73.8401128254325, 40.695363133606755], [-73.84010660196802, 40.69536428325468], [-73.84010022332497, 40.695365479347785], [-73.84009390240715, 40.695366664541666], [-73.84008752013116, 40.69536787160812], [-73.84008126413102, 40.69536905414672], [-73.84007508024139, 40.6953702422747], [-73.84006873401346, 40.69537145487977], [-73.84006251403513, 40.69537265393603], [-73.84005628681118, 40.69537386670577], [-73.84004993331097, 40.69537510400262], [-73.84004358338373, 40.69537635502793], [-73.84003723706246, 40.69537760605793], [-73.84003102422295, 40.695378835314926], [-73.84002483299398, 40.69538007558072], [-73.84001851548206, 40.695381343118356], [-73.84001226649424, 40.69538260800611], [-73.84000607523164, 40.69538386199472], [-73.83999962057158, 40.695385176001786], [-73.83999341482443, 40.695386454672544], [-73.83998725598397, 40.69538772242903], [-73.83998090948933, 40.695389044819755], [-73.83997468928372, 40.695390337193246], [-73.83996840408733, 40.6953916624133], [-73.8399620936407, 40.6953929903427], [-73.83995591306301, 40.69539429923886], [-73.83994972163354, 40.6953956218435], [-73.83994340391446, 40.695396974464686], [-73.83993721965741, 40.69539831354726], [-73.83993093438697, 40.69539966895764], [-73.83992466352137, 40.69540103262205], [-73.83991843591009, 40.69540240458061], [-73.83991228769415, 40.69540375194628], [-73.83990600953628, 40.6954051485368], [-73.83989969890918, 40.69540655057134], [-73.83989357950911, 40.69540791169998], [-73.83988738789262, 40.695409311154684], [-73.8398810663868, 40.69541073787604], [-73.83987483866164, 40.69541215649316], [-73.83986868309972, 40.69541355874177], [-73.839862527498, 40.69541497745861], [-73.83985624200695, 40.695416423442104], [-73.83984997092062, 40.69541787767965], [-73.83984385856613, 40.69541930743473], [-73.83983761270945, 40.69542076719627], [-73.8398314281513, 40.69542222978749], [-73.83982530854404, 40.695423676000175], [-73.839819059021, 40.69542516045852], [-73.83981278420818, 40.69542666409474], [-73.83980671144771, 40.69542812409547], [-73.83980041855054, 40.69542964966402], [-73.83979415091625, 40.69543116703305], [-73.83978819717927, 40.695432618964205], [-73.83978194752932, 40.695434155571014], [-73.83977571591662, 40.69543568945788], [-73.8397695961288, 40.69543720977617], [-73.83976334643174, 40.695438765595355], [-73.83975727713674, 40.69544028323853], [-73.83975106709414, 40.6954418446018], [-73.83974478486128, 40.69544343331192], [-73.83973883820259, 40.695444940145805], [-73.83973262449352, 40.69544652620592], [-73.83972638550118, 40.69544812869912], [-73.83972034136211, 40.69544968205745], [-73.83971413120558, 40.69545129007969], [-73.83970788494054, 40.695452917264696], [-73.83970177579005, 40.69545451170307], [-73.83969573157059, 40.69545609799723], [-73.83968956464109, 40.695457725291774], [-73.83968339408524, 40.69545936081527], [-73.83967727403576, 40.69546098817444], [-73.83967119365414, 40.695462615588546], [-73.83966503026366, 40.6954642703344], [-73.83965885242158, 40.695465936038886], [-73.83965277920527, 40.69546758267542], [-73.83964664823003, 40.69546925393411], [-73.83964056415493, 40.695470917023485], [-73.83963447284066, 40.69547259108156], [-73.83962822633406, 40.695474317073746], [-73.83962218911878, 40.69547598846179], [-73.83961613745201, 40.69547767080844], [-73.8396100135817, 40.695479385991405], [-73.83960399435034, 40.69548107661695], [-73.83959790292857, 40.695482794589324], [-73.83959177901768, 40.69548452623987], [-73.83958564064208, 40.69548627433864], [-73.83957946977725, 40.69548803611566], [-73.83957346850268, 40.695489756957144], [-73.83956741668152, 40.695491502430784], [-73.83956132515223, 40.695493264317406], [-73.83955519030192, 40.69549504535673], [-73.8395491853406, 40.69549679912905], [-73.8395431695472, 40.69549855837555], [-73.83953703103025, 40.69550036411171], [-73.83953094302628, 40.69550215893893], [-73.83952496686045, 40.695503934708306], [-73.8395189509997, 40.69550572140115], [-73.83951284849724, 40.695507546399654], [-73.83950672071138, 40.69550938783127], [-73.83950073727237, 40.69551118829221], [-73.83949459862762, 40.69551304617666], [-73.83948856102224, 40.69551487675393], [-73.83948270382587, 40.695516666410896], [-73.83947659039703, 40.69551853530861], [-73.83947054912502, 40.6955203905828], [-73.83946459804739, 40.695522229513855], [-73.83945844848283, 40.695524128552684], [-73.83945239993129, 40.69552601126346], [-73.83944646323783, 40.69552786668229], [-73.83944048322992, 40.695529738508974], [-73.83943445628815, 40.695531632228075], [-73.83942834632397, 40.69553355876829], [-73.83942237708078, 40.69553545256721], [-73.83941647640805, 40.695537324503356], [-73.83941045660455, 40.695539248423685], [-73.83940442234952, 40.69554118330255], [-73.83939843499455, 40.69554311001226], [-73.83939248371459, 40.69554503128249], [-73.83938646746302, 40.69554697716466], [-73.83938043313385, 40.69554894223468], [-73.8393743771406, 40.69555091825326], [-73.8393685196338, 40.69555283416353], [-73.839362604348, 40.695554782930195], [-73.83935656995784, 40.69555677270184], [-73.83935066186393, 40.69555872971216], [-73.83934462382716, 40.69556073594673], [-73.83933860020166, 40.69556274769066], [-73.83933274258696, 40.69556470751535], [-73.83932686329494, 40.695566683778075], [-73.8393208215712, 40.69556872294353], [-73.8393148339799, 40.695570745715585], [-73.83930892575776, 40.695572754874306], [-73.83930297782074, 40.69557478319068], [-73.83929710566004, 40.69557679239913], [-73.83929121904107, 40.695578815311], [-73.8392852241296, 40.695580881987645], [-73.8392792255918, 40.69558295689326], [-73.83927328839876, 40.69558501541557], [-73.83926744862593, 40.69558705211549], [-73.8392615619191, 40.69558911070772], [-73.83925559578934, 40.69559120487075], [-73.83924960798888, 40.69559331272712], [-73.83924382950022, 40.69559535774573], [-73.83923797159528, 40.69559743559042], [-73.83923200900405, 40.69559955720489], [-73.83922605000538, 40.69560168431363], [-73.8392202642301, 40.69560375951338], [-73.83921433045431, 40.6956058948911], [-73.83920833169357, 40.695608060370176], [-73.83920265053693, 40.69561011924659], [-73.8391967672337, 40.69561226018341], [-73.83919084782164, 40.69561442028293], [-73.8391849789226, 40.69561656947361], [-73.83917902338145, 40.69561875696975], [-73.83917320497518, 40.695620903485604], [-73.83916742986958, 40.695623039082626], [-73.83914675844217, 40.69563074770702], [-73.83912640440943, 40.69563843481314], [-73.83912074106016, 40.69564058428786], [-73.83911486832514, 40.6956428267919], [-73.83910893420469, 40.69564510214709], [-73.83910315889621, 40.69564732008373], [-73.83909743771358, 40.69564952437194], [-73.83909162626934, 40.69565177245], [-73.8390857245568, 40.69565406706268], [-73.8390799491739, 40.695656315190575], [-73.83907414850738, 40.69565857975147], [-73.83906840556631, 40.69566083341366], [-73.83906265539258, 40.69566309529982], [-73.83905685105898, 40.69566538455766], [-73.8390510250414, 40.695667692998285], [-73.83904518095919, 40.69567001513722], [-73.83903947041905, 40.6956722908015], [-73.83903372375681, 40.695674591117914], [-73.83902795902993, 40.69567690513265], [-73.83902213652374, 40.69567925200355], [-73.83901632123617, 40.695681596139465], [-73.83901062141994, 40.69568391024411], [-73.83900496129814, 40.69568621342495], [-73.8389991748193, 40.69568857406891], [-73.83899346774305, 40.695690907375955], [-73.83898767039179, 40.695693289962364], [-73.83898186940729, 40.69569568352247], [-73.83897624167977, 40.69569801145012], [-73.83897056701805, 40.69570036127003], [-73.83896477319838, 40.695702774052684], [-73.83895899740939, 40.69570518686029], [-73.83895338044589, 40.69570753676007], [-73.83894762266723, 40.69570995782662], [-73.83894184321768, 40.69571239258644], [-73.83893626949437, 40.69571475626979], [-73.83893061996721, 40.69571715003925], [-73.83892480796108, 40.69571962592419], [-73.8389190898023, 40.69572206625818], [-73.83891353766822, 40.69572444918405], [-73.83890783029408, 40.69572690325642], [-73.83890213735098, 40.69572935460395], [-73.83889642632337, 40.69573182788404], [-73.83889068278637, 40.69573432307654], [-73.83888513778973, 40.695736736203514], [-73.83887952417507, 40.69573919040573], [-73.83887380584709, 40.695741699356525], [-73.83886809473117, 40.69574420831712], [-73.83886249910651, 40.695746679012395], [-73.83885683848341, 40.69574918529835], [-73.83885117422705, 40.69575170255807], [-73.838845668803, 40.695754154165336], [-73.8388400369952, 40.695756674214735], [-73.83883430769957, 40.69575924353319], [-73.8388287011344, 40.69576176361735], [-73.83882314868193, 40.695764275542686], [-73.83881749875502, 40.695766831247624], [-73.83881176937146, 40.69576943624691], [-73.83880627463046, 40.69577194276271], [-73.83880079069439, 40.695774454782956], [-73.83879508292691, 40.69577706804599], [-73.83878952314002, 40.69577962936535], [-73.83878393444981, 40.69578221260214], [-73.83877831324352, 40.69578482049603], [-73.83877283644478, 40.695787362717454], [-73.83876722963592, 40.69578998161004], [-73.83876169863026, 40.695792570416124], [-73.83875618566185, 40.6957951565024], [-73.83875045604775, 40.695797854820555], [-73.83874502968087, 40.695800419069485], [-73.83873959968737, 40.69580299154737], [-73.83873409023721, 40.69580561331957], [-73.83872869991797, 40.69580818310776], [-73.83872319043368, 40.695810818603256], [-73.83871776757798, 40.69581342128263], [-73.8387124963357, 40.69581596104439], [-73.83870699401612, 40.69581861576255], [-73.83870159636948, 40.695821232200345], [-73.83869622397255, 40.695823845928516], [-73.83869075768732, 40.69582651167549], [-73.83868529500123, 40.69582918017205], [-73.83867990449887, 40.69583182406653], [-73.83867457534835, 40.695834448833395], [-73.83866920286295, 40.69583709824218], [-73.83866377619081, 40.69583978600161], [-73.83865832422826, 40.695842492938695], [-73.83865305638174, 40.6958451177905], [-73.838647719917, 40.69584778371742], [-73.83864235454892, 40.69585047156176], [-73.83863695304514, 40.6958531895477], [-73.8386315370828, 40.69585592123694], [-73.83862624746399, 40.69585860095241], [-73.83862091089745, 40.69586130804954], [-73.83861558153627, 40.69586401790133], [-73.83861019436881, 40.69586677158814], [-73.83860480718754, 40.695869530764206], [-73.83859958968442, 40.69587221332436], [-73.83859431439492, 40.69587493148527], [-73.83858892714595, 40.69587771810825], [-73.83858357237908, 40.695880493797425], [-73.83857828618983, 40.69588324487958], [-73.83857308303635, 40.69588595765116], [-73.83856779319353, 40.69588872794115], [-73.83856246361529, 40.69589152562285], [-73.83855705457346, 40.69589437534351], [-73.83855186577664, 40.695897115581985], [-73.8385466011291, 40.69589990511975], [-73.83854123174768, 40.69590275764008], [-73.83853607177278, 40.69590550889736], [-73.838530868443, 40.695908293030875], [-73.83852558566284, 40.695911123713785], [-73.83852020535461, 40.69591402013416], [-73.83851497307397, 40.695916845397925], [-73.83850993216218, 40.695919572118164], [-73.83850456985047, 40.69592248228692], [-73.83849927251015, 40.69592536784366], [-73.83849405459283, 40.69592821782953], [-73.83848894138188, 40.69593101581147], [-73.8384837631388, 40.69593386310783], [-73.83847840793752, 40.695936814456914], [-73.83847325132422, 40.695939664527884], [-73.83846806580087, 40.69594253926105], [-73.83846288747618, 40.695945419493626], [-73.83845764051965, 40.69594834629072], [-73.83845256326816, 40.69595118549309], [-73.83844734154107, 40.695954117814665], [-73.83844210896821, 40.69595706109992], [-73.83843698470142, 40.69595995513107], [-73.8384318459827, 40.69596286012076], [-73.83842668917916, 40.69596578704303], [-73.83842148901397, 40.69596874958623], [-73.83841642967077, 40.695971638218026], [-73.83841124752249, 40.695974606275605], [-73.83840605452181, 40.69597758804158], [-73.83840096983396, 40.6959805178087], [-73.8383958490101, 40.69598347771738], [-73.83839073899789, 40.69598644038578], [-73.83838556757952, 40.6959894441393], [-73.8383804683651, 40.6959924150567], [-73.83837541607112, 40.695995369571165], [-73.83837024458482, 40.69599840077161], [-73.83836518142465, 40.69600137448374], [-73.83836006406415, 40.696004392035896], [-73.8383549900245, 40.696007390435256], [-73.83834997735688, 40.6960103614729], [-73.8383448779862, 40.69601339551828], [-73.8383398255493, 40.69601640767118], [-73.83833472253819, 40.69601945543486], [-73.8383296772862, 40.6960224785765], [-73.83832462839425, 40.69602551543666], [-73.8383195397601, 40.696028582433264], [-73.83831451971709, 40.69603161933351], [-73.83830948883498, 40.696034664452625], [-73.83830441819723, 40.696037745197714], [-73.8382994089316, 40.69604079858106], [-73.83829293333183, 40.696044758423646], [-73.83828626990098, 40.696048844261426], [-73.83827970033782, 40.69605288631435], [-73.83827324630651, 40.696056873633836], [-73.83826668389435, 40.696060940399015], [-73.83826009617117, 40.696065034576], [-73.83825356258063, 40.69606911236004], [-73.8382470361818, 40.69607319838814], [-73.83824049169108, 40.69607730909338], [-73.83823405552639, 40.696081362310316], [-73.83822753625766, 40.69608548128458], [-73.83822099166464, 40.696089633160156], [-73.83821447954685, 40.69609377684667], [-73.83820802880753, 40.69609789042665], [-73.83820157802744, 40.696102020474825], [-73.83819513805857, 40.69610615328261], [-73.83818862581104, 40.696110349118136], [-73.83818216050365, 40.696114520316385], [-73.83817567348476, 40.69611872167628], [-73.83816928395338, 40.696122873766896], [-73.8381629305102, 40.69612701492887], [-73.83815639645456, 40.69613127935124], [-73.83814997071848, 40.69613548903014], [-73.8381435846902, 40.696139682295865], [-73.83813716973118, 40.696143908457834], [-73.83813071141655, 40.69614816749575], [-73.83812439753724, 40.696152349882766], [-73.83811802583735, 40.69615658159406], [-73.83811148797643, 40.69616092560693], [-73.8381051776343, 40.696165135445625], [-73.83809887089089, 40.696169348033806], [-73.83809246658497, 40.6961736400828], [-73.83808606226486, 40.69617793762092], [-73.83807972655586, 40.69618219682846], [-73.83807336914856, 40.69618648070802], [-73.83806700809426, 40.696190781050774], [-73.8380606145229, 40.69619510605034], [-73.83805431124014, 40.69619937628116], [-73.83804800431025, 40.69620366297512], [-73.83804169737962, 40.696207949668754], [-73.83803532900198, 40.69621229391582], [-73.83802891728202, 40.69621666554918], [-73.83802262835346, 40.6962209632462], [-73.83801631773322, 40.69622528287051], [-73.8380099962668, 40.69622961345831], [-73.8380036964637, 40.69623393309712], [-73.83799736773652, 40.696238282887386], [-73.83799101733764, 40.69624264637064], [-73.83798474277576, 40.69624696604401], [-73.83797841765231, 40.69625131583831], [-73.8379720171371, 40.69625552554272], [-73.83796563775826, 40.69625994113448], [-73.83795930533981, 40.69626432385472], [-73.83795313184206, 40.696268605241805], [-73.83794675605361, 40.696273026327106], [-73.8379404597151, 40.69627740086279], [-73.83793414531121, 40.69628178909657], [-73.83792785257731, 40.69628616363664], [-73.83792155969579, 40.696290598561156], [-73.83791532470687, 40.69629495396844], [-73.83790910054921, 40.6962993039011], [-73.83790275715774, 40.69630374698778], [-73.83789425715928, 40.69630969940605], [-73.83788391840962, 40.69631695300053], [-73.8378694072738, 40.696327148601895], [-73.83710158023254, 40.69685861882718], [-73.83704914960232, 40.69689501713859], [-73.83653367693621, 40.69725257499082], [-73.83651400768208, 40.697265990946406], [-73.83650737543351, 40.69727050216484], [-73.83650081905095, 40.69727495859522], [-73.8364942843659, 40.697279390353124], [-73.8364876666072, 40.69728387414333], [-73.83648108497793, 40.69728833053671], [-73.83647448171, 40.69729278689901], [-73.83646787844113, 40.6972972432609], [-73.83646129686308, 40.697301677695094], [-73.8364547261367, 40.69730609842042], [-73.83644807955599, 40.69731056844351], [-73.83644145106643, 40.69731501378895], [-73.83643486955894, 40.69731941802924], [-73.83642828805732, 40.69732381952433], [-73.83642163795426, 40.69732825385884], [-73.83641501314162, 40.69733266901552], [-73.836408341399, 40.69733710331849], [-73.83640173107038, 40.697341493792024], [-73.83639513161367, 40.69734586232245], [-73.83638841656585, 40.69735030754177], [-73.83638170515712, 40.697354739042055], [-73.83637513102275, 40.69735907467008], [-73.83636849551303, 40.69736343765817], [-73.83636174442556, 40.697367871845614], [-73.83635513783864, 40.69737220468158], [-73.83634843735891, 40.6973765895343], [-73.83634169716855, 40.6973809907988], [-73.83633502923816, 40.697385337270255], [-73.83632837939227, 40.69738966180882], [-73.83632170428125, 40.69739399454543], [-73.83631498583976, 40.697398349178144], [-73.83630820962911, 40.69740273117606], [-73.8363015381891, 40.69740703646896], [-73.8362948053737, 40.69741136912191], [-73.83628810146173, 40.6974156798574], [-73.8362813470067, 40.697420012478766], [-73.83627465035954, 40.697424301265634], [-73.83626794652592, 40.697428579062766], [-73.83626112711433, 40.69743292805917], [-73.83625430410896, 40.69743727156055], [-73.8362475750488, 40.6974415410863], [-73.83624084961426, 40.69744580238249], [-73.83623405196508, 40.69745009925761], [-73.83622732658276, 40.697454338594895], [-73.83622052536597, 40.69745861899546], [-73.8362137277344, 40.69746290763506], [-73.83620687239427, 40.69746719893691], [-73.8362000965337, 40.69747143271126], [-73.83619333515139, 40.697475644547616], [-73.83618650154764, 40.6974798947076], [-73.83617969690822, 40.69748409824729], [-73.83617283807205, 40.69748834288099], [-73.83616598648811, 40.69749257105596], [-73.83615919267848, 40.69749676912033], [-73.83615234835267, 40.69750097809141], [-73.83614545711018, 40.69750520071918], [-73.83613860560372, 40.697509395955386], [-73.83613173245855, 40.697513591160345], [-73.8361249026692, 40.69751775348943], [-73.83611801873708, 40.69752193495435], [-73.8361111564825, 40.697526099981104], [-73.83610424730448, 40.697530281409264], [-73.83609728397018, 40.69753448746289], [-73.83609046874352, 40.6975385921704], [-73.83608362823803, 40.69754271056536], [-73.83607659274114, 40.697546930238786], [-73.83606970895146, 40.69755105131602], [-73.83606282878074, 40.697555166908465], [-73.8360558727956, 40.6975593153298], [-73.8360489348952, 40.697563441818275], [-73.83604199340107, 40.6975675628117], [-73.83603508442367, 40.69757165914807], [-73.83602812490977, 40.69757577462543], [-73.83602117264141, 40.6975798763888], [-73.83601423845101, 40.69758395896412], [-73.83600726454307, 40.697588060695885], [-73.8360002906612, 40.697592151448134], [-73.83599334568986, 40.69759621753818], [-73.8359863501684, 40.697600308258735], [-73.83597934384069, 40.69760439347391], [-73.83597242059246, 40.69760842391163], [-73.8359654215229, 40.69761248992292], [-73.83595835023843, 40.697616591512926], [-73.83595143427455, 40.69762059176725], [-73.83594448942557, 40.697624605703886], [-73.83593735319097, 40.6976287209238], [-73.83593037225684, 40.69763274304245], [-73.83592343469904, 40.69763672405095], [-73.83591635628454, 40.69764078994614], [-73.83590924539882, 40.697644861284104], [-73.83590231149206, 40.697648823083135], [-73.83589532703522, 40.6976528095126], [-73.83588817285758, 40.69765688627707], [-73.83588113076554, 40.697660845175754], [-73.83587417524457, 40.69766479596316], [-73.83586705722216, 40.69766883435114], [-73.83585993199299, 40.69767286998354], [-73.83585291512827, 40.697676834406025], [-73.83584589464967, 40.69768080156772], [-73.83583886696431, 40.69768476597391], [-73.83583177790308, 40.69768875773985], [-73.8358246635765, 40.69769275770361], [-73.8358034903862, 40.69770463706456], [-73.83552028970192, 40.69786058862454], [-73.83523209288214, 40.6980194637505], [-73.834923516011, 40.69818964208765], [-73.83308424549732, 40.6992042731527], [-73.83306413033084, 40.69921522855518], [-73.83305743125706, 40.69921889134298], [-73.83305081524672, 40.699222507589745], [-73.8330441017252, 40.69922617859013], [-73.83303747847312, 40.69922980580472], [-73.83303080464123, 40.6992334686276], [-73.83302405136459, 40.69923717250638], [-73.83301732336646, 40.69924086269756], [-73.833010663958, 40.699244525540166], [-73.8330040767869, 40.6992481445709], [-73.83299739932431, 40.699251815620855], [-73.83299074352696, 40.69925547572277], [-73.83298395048605, 40.69925921522356], [-73.83297729468029, 40.69926287806948], [-73.83297066055353, 40.69926652447783], [-73.83296402641918, 40.69927017363055], [-73.83295729838683, 40.69927387479729], [-73.83295056675426, 40.69927757321368], [-73.83294384957406, 40.69928126067147], [-73.83293716488512, 40.69928493445224], [-73.8329305488273, 40.69928856441589], [-73.83292382805912, 40.69929224363303], [-73.83291706394446, 40.69929595023458], [-73.83291040818645, 40.6992995911185], [-73.83290370910262, 40.69930325115256], [-73.83289697752603, 40.69930692486287], [-73.83289023874275, 40.69931059581762], [-73.83288354691082, 40.69931423939237], [-73.83287684427955, 40.69931787471675], [-73.83287014526084, 40.699321507301235], [-73.83286337041739, 40.69932517545725], [-73.83285655948846, 40.69932885179475], [-73.83284983884977, 40.69933247611231], [-73.83284313629053, 40.69933608124237], [-73.83283640485868, 40.69933969456439], [-73.83282969151321, 40.699343285954136], [-73.83282283011145, 40.69934695398205], [-73.83281602651476, 40.699350580921916], [-73.83280924462467, 40.69935418044521], [-73.83280247718699, 40.69935776900997], [-73.83279565561112, 40.699361373964344], [-73.83278877627684, 40.699365000792575], [-73.83278205587177, 40.69936852903954], [-73.83277530659402, 40.69937206547845], [-73.83276842733328, 40.69937566211308], [-73.83276154089337, 40.69937924501301], [-73.83275469419215, 40.69938280052259], [-73.83274788363697, 40.699386323146996], [-73.83274109477456, 40.699389823844356], [-73.83273415065672, 40.699393395679714], [-73.8327272571312, 40.69939692641668], [-73.8327203925182, 40.69940043249227], [-73.83271346294086, 40.699403957686386], [-73.8327065731091, 40.69940745274544], [-73.83269967248488, 40.69941093680929], [-73.83269281521964, 40.69941438799846], [-73.83268587853676, 40.69941786926426], [-73.8326788913358, 40.69942136143531], [-73.83267195472035, 40.699424815252684], [-73.83266498563273, 40.699428274511945], [-73.83265802019207, 40.69943171730748], [-73.83265112699618, 40.699435113546514], [-73.83264409301844, 40.6994385617311], [-73.83263709878634, 40.69944197978054], [-73.83263019846503, 40.69944534032594], [-73.83262313930226, 40.69944876376967], [-73.83261608377964, 40.69945217349436], [-73.83260912217472, 40.6994555229703], [-73.83260210644526, 40.69945888334616], [-73.83259501491834, 40.69946226831428], [-73.83258800285593, 40.69946560399166], [-73.83258090779013, 40.69946896150605], [-73.83257552061288, 40.6994715035625], [-73.83257023455273, 40.69947399087032], [-73.83256497377847, 40.699476461746066], [-73.83255964082724, 40.69947895172997], [-73.83255431510909, 40.699481433489844], [-73.8325490471829, 40.69948387965156], [-73.83254367455295, 40.69948637232175], [-73.83253841750037, 40.699488796540585], [-73.83253314240844, 40.699491223477686], [-73.83252770846818, 40.699493716057994], [-73.83252229982078, 40.6994961894614], [-73.8325169309056, 40.699498638219396], [-73.83251168838021, 40.699501021286565], [-73.83250637727728, 40.699503426211905], [-73.83250086040125, 40.69950591318064], [-73.83249557460455, 40.69950829343937], [-73.83249026716896, 40.699510673666346], [-73.83248479727861, 40.69951311953112], [-73.83247946821756, 40.69951549423656], [-73.83247416444927, 40.6995178497652], [-73.832468647695, 40.699520287326706], [-73.83246321399143, 40.69952268383727], [-73.83245788861798, 40.69952502560981], [-73.83245255243872, 40.69952736187686], [-73.83244720906698, 40.69952968989886], [-73.8324416888009, 40.699532089027166], [-73.83243621909327, 40.699534460781074], [-73.83243087938196, 40.699536766849505], [-73.83242544583439, 40.69953910022872], [-73.83242001951992, 40.69954142538397], [-73.83241457155968, 40.69954375325216], [-73.83240913445282, 40.69954606741207], [-73.8324036973801, 40.69954836784792], [-73.83239818810264, 40.69955069837082], [-73.83239287381312, 40.69955293311044], [-73.83238742234805, 40.69955521980067], [-73.83238184816081, 40.699557547483515], [-73.83237638230383, 40.69955982042842], [-73.83237101033076, 40.69956204684871], [-73.83236553006809, 40.699564311537806], [-73.83236001372696, 40.69956658166363], [-73.83235453351185, 40.69956882713884], [-73.83234897388601, 40.69957109994589], [-73.8323435009313, 40.6995733262178], [-73.83232456957869, 40.699580962041715], [-73.83230506086949, 40.69958872602557], [-73.83229947255462, 40.69959093291388], [-73.83229384456185, 40.69959314248888], [-73.83228848011382, 40.6995952426568], [-73.83228289908674, 40.69959741936245], [-73.83227724588237, 40.699599615176005], [-73.83227175153988, 40.699601739856796], [-73.83226626804397, 40.69960385357404], [-73.83226077012888, 40.69960596452522], [-73.8322550375887, 40.699608157477286], [-73.83224955777412, 40.699610241006646], [-73.83224400576852, 40.69961234913339], [-73.83223836353976, 40.69961448183133], [-73.83223286933986, 40.69961654887023], [-73.8322271657874, 40.6996186869678], [-73.83222164635565, 40.69962074847986], [-73.83221610529192, 40.69962280721535], [-73.83221046678527, 40.69962489325622], [-73.83220493658159, 40.69962693553837], [-73.83219928366928, 40.6996290133234], [-73.83219358023904, 40.69963110201357], [-73.83218802123122, 40.69963312503955], [-73.8321824875026, 40.69963513437821], [-73.83217692130205, 40.6996371491588], [-73.83217126488522, 40.69963918576576], [-73.832165525465, 40.699641244209616], [-73.83215995933247, 40.699643231541764], [-73.83215427048444, 40.69964525712151], [-73.83214871161248, 40.69964722525031], [-73.83214307694995, 40.6996492152265], [-73.83213736289738, 40.69965122430001], [-73.83213178964021, 40.699653175938415], [-73.83212606480215, 40.69965517127181], [-73.83212038690957, 40.699657141970434], [-73.83211472708331, 40.699659098971246], [-73.83210912502183, 40.69966103135311], [-73.8321035193812, 40.69966295275044], [-73.83209778741852, 40.69966491238996], [-73.83209206269596, 40.699666861060685], [-73.83208641018463, 40.69966877689925], [-73.83208076851992, 40.69967068177426], [-73.83207509076985, 40.699672594830645], [-73.83206931198417, 40.69967452969748], [-73.8320636306754, 40.699676423534726], [-73.83205799269184, 40.699678298221514], [-73.83205227531128, 40.69968019475031], [-73.8320466698541, 40.699682042036294], [-73.83204092003571, 40.69968393028289], [-73.8320350078033, 40.699685867698065], [-73.83202943487215, 40.699687687582966], [-73.83202378617808, 40.69968951833606], [-73.83201797145655, 40.69969140099727], [-73.83201230473662, 40.69969322897874], [-73.83200666690927, 40.699695040533506], [-73.83200080894423, 40.699696909406825], [-73.83199501955633, 40.69969875642181], [-73.83198936734384, 40.69970055148604], [-73.83198178416957, 40.69970294758097], [-73.83197402777543, 40.699705387338874], [-73.83196632194684, 40.69970779697755], [-73.83195867390359, 40.69971017376282], [-73.83195096452283, 40.69971256143711], [-73.83194321547772, 40.69971494630825], [-73.83193550615809, 40.699717309278654], [-73.83192789792871, 40.699719628479826], [-73.83192018145054, 40.69972196948059], [-73.83191256245617, 40.699724266706866], [-73.83190480633382, 40.69972659666961], [-73.83189702859315, 40.69972891836594], [-73.8318894060669, 40.69973118539304], [-73.83188159590188, 40.699733493317105], [-73.83187382184909, 40.699735782080005], [-73.83186616693256, 40.69973802161056], [-73.83185847595124, 40.699740261087854], [-73.83185068754732, 40.699742519635755], [-73.83184293526251, 40.6997447562777], [-73.83183524083937, 40.69974692987395], [-73.83182758241767, 40.69974912822524], [-73.83181974720418, 40.69975135651015], [-73.831811966149, 40.699753560170706], [-73.83180417790808, 40.699755752841185], [-73.83179639328009, 40.69975794277162], [-73.8317886700509, 40.69976009710922], [-73.83178093965682, 40.69976223222249], [-73.83177317319796, 40.6997643672825], [-73.83176544645781, 40.69976648318659], [-73.83175767283356, 40.699768599021695], [-73.83174978367133, 40.699770766838014], [-73.83174209669055, 40.699772847116655], [-73.83173432310637, 40.69977494648161], [-73.8317264953975, 40.69977705674599], [-73.83171876513804, 40.69977913695979], [-73.8317109013569, 40.69978124991514], [-73.83170314221732, 40.69978334106475], [-73.83169544087023, 40.699785396616356], [-73.83168757712227, 40.69978749584627], [-73.83167971339464, 40.69978958684139], [-73.83167202651339, 40.699791625943966], [-73.83166425663524, 40.699793684137994], [-73.8316563640754, 40.699795766855026], [-73.83164872414574, 40.69979777857697], [-73.83164088575084, 40.69979983392449], [-73.83163300045096, 40.69980189743713], [-73.83162532086988, 40.6998039008652], [-73.8316174500364, 40.69980594792932], [-73.83160959004252, 40.69980798677449], [-73.83160182028531, 40.699809995558574], [-73.83159405053458, 40.6998120015974], [-73.83158628079724, 40.69981400214621], [-73.83157850386041, 40.69981599719439], [-73.8315706331003, 40.69981801406296], [-73.83156283092443, 40.6998200063284], [-73.83155501793576, 40.69982199583267], [-73.83154728434363, 40.69982396349448], [-73.83153947136789, 40.69982594750819], [-73.83153156457577, 40.69982795059751], [-73.83152382379018, 40.69982991001288], [-73.83151601805368, 40.69983188305653], [-73.8315082087241, 40.699833850604854], [-73.83150043187281, 40.69983580996583], [-73.83149252871256, 40.69983780207868], [-73.83148476268656, 40.699839758709686], [-73.8314770471919, 40.69984169894557], [-73.831469176509, 40.69984368287007], [-73.83146137443812, 40.699845631212405], [-73.83145359758407, 40.69984759057026], [-73.83144580267658, 40.699849558135455], [-73.83143810159844, 40.699851501134575], [-73.83141465914798, 40.69985741197519], [-73.83072054128655, 40.70003442730224], [-73.8307018552052, 40.70003908514298], [-73.83069247610256, 40.700041412636786], [-73.83068309341375, 40.70004373189022], [-73.83067381175361, 40.700046032078156], [-73.83066445435043, 40.70004833489864], [-73.83065505003493, 40.70005064862845], [-73.83064561687412, 40.70005295957024], [-73.83063626311733, 40.700055245925185], [-73.83062696349143, 40.70005751863518], [-73.83061745818581, 40.700059834958104], [-73.83060811168878, 40.700062102108056], [-73.83059878684372, 40.70006436379954], [-73.83058943675992, 40.70006662270835], [-73.83058002893738, 40.700068895255285], [-73.83057057784379, 40.70007116499299], [-73.83056133244277, 40.700073385626844], [-73.83055192106767, 40.7000756362081], [-73.83054247000011, 40.70007789496443], [-73.83053303338556, 40.70008014276219], [-73.83052369060786, 40.70008236324968], [-73.83051431176509, 40.70008458368324], [-73.8305048499314, 40.70008682046244], [-73.83049552524693, 40.70008901627135], [-73.83048607065282, 40.70009124208061], [-73.83047660886616, 40.70009345964418], [-73.83046726617546, 40.700095644445156], [-73.83045788380619, 40.70009783193167], [-73.83044845093906, 40.700100022087845], [-73.83043905415674, 40.70010220406208], [-73.83042968627429, 40.70010436686469], [-73.83042026066005, 40.700106540560625], [-73.83041077732808, 40.700108719660236], [-73.83040131566206, 40.70011088781191], [-73.83039194062016, 40.700113028642754], [-73.83038253670503, 40.700115177664614], [-73.83037312199791, 40.700117315690726], [-73.83036368203804, 40.700119456423586], [-73.83035420240657, 40.700121597097194], [-73.830344791353, 40.70012371591295], [-73.83033541639124, 40.700125823802054], [-73.83032591516815, 40.70012794522816], [-73.83031645727081, 40.700130047503905], [-73.83030704629863, 40.700132133379434], [-73.83029757762964, 40.70013421642435], [-73.83028811995412, 40.700136230865404], [-73.83027869463125, 40.70013828652501], [-73.83026919715078, 40.700140353056476], [-73.83025969608425, 40.70014241134756], [-73.83025028163492, 40.700144445062634], [-73.83024085277316, 40.700146473266194], [-73.83023135536025, 40.70014851234698], [-73.83022191570596, 40.70015052955394], [-73.83021237142201, 40.70015256307441], [-73.83020287767671, 40.70015457745528], [-73.83019340920401, 40.70015658089358], [-73.83017276193773, 40.700160922851076], [-73.83015549941781, 40.700164525966635], [-73.83014603824611, 40.700166493729725], [-73.83013651937053, 40.70016846140692], [-73.8301271015381, 40.70017040452952], [-73.83011761878197, 40.700172350300285], [-73.83010799531053, 40.7001743205655], [-73.83009852341458, 40.700176249882084], [-73.83008903709229, 40.70017817917662], [-73.83007951832535, 40.70018010293288], [-73.83007006452299, 40.70018200757091], [-73.83006050249143, 40.70018392577222], [-73.83005101624391, 40.700185824871255], [-73.83004155528305, 40.70018770753819], [-73.83003189948202, 40.70018962559863], [-73.8300224493814, 40.70019149181144], [-73.83001295238931, 40.700193360698904], [-73.83000341933213, 40.700195229532405], [-73.82999390433471, 40.700197087412654], [-73.82998433162642, 40.700198947951655], [-73.82997484191513, 40.70020078939911], [-73.8299653450254, 40.70020261711126], [-73.82995577236457, 40.70020445843456], [-73.8299461925113, 40.70020629151214], [-73.82993662349789, 40.70020811637064], [-73.82992722049295, 40.70020989755728], [-73.82991761543492, 40.70021171412657], [-73.82990801039738, 40.70021352246082], [-73.82989853166232, 40.70021530078841], [-73.8298889447121, 40.70021708718962], [-73.82987941549965, 40.70021885995148], [-73.8298699223933, 40.70022061629733], [-73.82986031022432, 40.7002223916798], [-73.82985073056197, 40.70022414789607], [-73.82984118698474, 40.70022589593063], [-73.82983166148132, 40.700227627522466], [-73.82982206382025, 40.70022936998591], [-73.82981248783241, 40.70023109875677], [-73.82980294433021, 40.700232816595765], [-73.82979341528842, 40.70023452073151], [-73.82978379965614, 40.700236238462246], [-73.82977419126428, 40.700237945223826], [-73.82976464061733, 40.700239635601356], [-73.82975508277096, 40.700241320477915], [-73.8297454852531, 40.70024300529502], [-73.82973587692939, 40.70024468460575], [-73.82972633356351, 40.70024634754319], [-73.82971676856545, 40.70024800770305], [-73.82970715306942, 40.70024967053217], [-73.82969751234174, 40.70025132783359], [-73.82968798707637, 40.7002529633469], [-73.82967840049373, 40.7002546015135], [-73.82966877783898, 40.70025624237059], [-73.82965916964471, 40.7002578695245], [-73.8296495867162, 40.700259488480654], [-73.82964002904644, 40.700261101983905], [-73.8296303848072, 40.700262720847725], [-73.82962073697503, 40.700264334215845], [-73.82961118295945, 40.70026592850868], [-73.82960162895752, 40.70026751731121], [-73.82959197755255, 40.700269116947794], [-73.82958234058707, 40.700270711115415], [-73.82956321824523, 40.7002738530116], [-73.8292411245071, 40.70032578426975], [-73.82734663200614, 40.70063197536432], [-73.82704359920943, 40.70068094275508], [-73.82631505260836, 40.700797980637944], [-73.82621473070502, 40.70081451741774], [-73.8261970258281, 40.70081749620882], [-73.82618818182203, 40.70081920931494], [-73.82617923381422, 40.70082069719209], [-73.8261703759896, 40.700822176970426], [-73.82616142795237, 40.70082367582521], [-73.82615248349255, 40.7008251856638], [-73.82614362923036, 40.700826681914066], [-73.8261347893794, 40.700828183674986], [-73.8261258773553, 40.7008297017948], [-73.82611691118333, 40.70083123904553], [-73.82610807850119, 40.70083275728385], [-73.82609924941079, 40.70083428101645], [-73.82609030483361, 40.70083583476636], [-73.82608138911505, 40.70083738581445], [-73.82607253470638, 40.70083893695442], [-73.8260637308097, 40.70084047993578], [-73.82605481863195, 40.70084205569008], [-73.82604588119402, 40.700843636895044], [-73.82603702671929, 40.700845212735196], [-73.82602821913565, 40.70084678590074], [-73.82601930689175, 40.700848386355126], [-73.82601048123183, 40.70084997596064], [-73.82600156534475, 40.700851590132], [-73.82599266026241, 40.700853209808564], [-73.82598384897706, 40.700854818647144], [-73.82597497273146, 40.70085644385544], [-73.82596613614248, 40.700858074612626], [-73.82595732840501, 40.70085970541274], [-73.82594844849424, 40.7008613525716], [-73.82593951082188, 40.700863021600696], [-73.8259307138596, 40.70086466888367], [-73.8259219457416, 40.700866318954354], [-73.82591304409702, 40.700868001759694], [-73.82590412799732, 40.7008696955216], [-73.82589536704083, 40.7008713648145], [-73.82588657717459, 40.7008730560212], [-73.82587769349614, 40.70087476355389], [-73.82586881700873, 40.70087647933117], [-73.82586003432547, 40.70087818152578], [-73.82585124439292, 40.70087989743259], [-73.82584235702727, 40.70088163514949], [-73.82583348046631, 40.70088337837162], [-73.82582461110351, 40.7008851270935], [-73.82581584636438, 40.70088686224914], [-73.82580709242278, 40.70088860565478], [-73.82579828074097, 40.70089036269626], [-73.82578941851041, 40.700892141618695], [-73.82578060678462, 40.70089391512732], [-73.82577183112332, 40.70089568868993], [-73.825762947195, 40.70089748953566], [-73.82575421839566, 40.700899271402136], [-73.82574544628922, 40.70090106418147], [-73.82573656229485, 40.700902889728006], [-73.82572774322415, 40.70090471262737], [-73.82571890610609, 40.700906540988285], [-73.82571015556496, 40.70090836124534], [-73.82570139779598, 40.70091018698031], [-73.8256925858717, 40.70091203459075], [-73.82568386415238, 40.7009138658685], [-73.82567506302506, 40.70091572172829], [-73.82565150305112, 40.700920722698264], [-73.82563112567492, 40.700925088953184], [-73.825622349704, 40.70092697778432], [-73.82561351957055, 40.70092889123567], [-73.82560477602114, 40.700930793838424], [-73.82559607214989, 40.70093269375585], [-73.82558726721732, 40.700934623712], [-73.82557855246816, 40.70093654556979], [-73.82556974027847, 40.700938491982214], [-73.8255609677525, 40.700940441198824], [-73.82555228182507, 40.70094237407743], [-73.82554353451481, 40.70094433431001], [-73.82553475831621, 40.70094630822205], [-73.82552599653586, 40.7009482849], [-73.82551727442647, 40.700950261637466], [-73.8255085956017, 40.70095223569508], [-73.82549978684196, 40.70095424798186], [-73.82549105024034, 40.70095624939829], [-73.82548237134935, 40.70095824815676], [-73.82547366358433, 40.70096025510513], [-73.82546485834989, 40.70096229758707], [-73.82545612166, 40.70096433193799], [-73.82544744269504, 40.70096635814145], [-73.82543869875506, 40.70096840620389], [-73.82543005583966, 40.70097043795024], [-73.82542134794207, 40.70097249430035], [-73.82541260395024, 40.70097456157414], [-73.82540387435508, 40.700976639848164], [-73.82539519528628, 40.70097870447432], [-73.82538645844109, 40.70098079645991], [-73.82537769992759, 40.700982899391036], [-73.82536916875237, 40.70098495326055], [-73.82536040298164, 40.700987072647955], [-73.82535164080969, 40.70098919478494], [-73.82534301934814, 40.70099129517662], [-73.82533428601266, 40.70099342284559], [-73.8253256428679, 40.700995539671716], [-73.82531693114872, 40.70099767560647], [-73.82530824104646, 40.70099981980769], [-73.8252995689833, 40.701001961290935], [-73.8252909510386, 40.70100409462126], [-73.82528224645108, 40.70100626075674], [-73.82527352020243, 40.70100843509299], [-73.8252649852056, 40.70101056854729], [-73.82525624449384, 40.701012756584134], [-73.8252475795396, 40.70101493650103], [-73.82523887487012, 40.70101713282555], [-73.82523026763312, 40.70101930733924], [-73.82522164233426, 40.7010214928039], [-73.8252129448401, 40.70102370286124], [-73.82520423650425, 40.70102592113575], [-73.82519554620035, 40.70102813943703], [-73.82518703993532, 40.70103031684558], [-73.82517836763397, 40.70103254615196], [-73.82516963758484, 40.701034791838595], [-73.82516104105483, 40.70103700753492], [-73.82515240480232, 40.70103924238366], [-73.825143786589, 40.70104147451438], [-73.82513516475416, 40.701043712128474], [-73.82512651403795, 40.70104596067716], [-73.82511783441872, 40.70104822839468], [-73.82510924863277, 40.701050471551184], [-73.82510057261169, 40.7010527420176], [-73.82509189656841, 40.70105502071771], [-73.82508333239807, 40.701057272139444], [-73.82507477544023, 40.70105952357148], [-73.82506614268037, 40.701061799590626], [-73.82505749184425, 40.70106409205028], [-73.82504886988835, 40.70106637357407], [-73.82504024791746, 40.70106866058676], [-73.82502299309672, 40.701073256551815], [-73.82457786681924, 40.701196266631705], [-73.8245540715638, 40.70120289466797], [-73.82454213967969, 40.70120620588727], [-73.82453020418782, 40.70120951709985], [-73.82451833361927, 40.701212825665415], [-73.82450640535251, 40.70121613139701], [-73.82449440491104, 40.7012194534859], [-73.82448250197424, 40.70122272631636], [-73.82447052683379, 40.701226026483255], [-73.82444856887594, 40.70123204796039], [-73.8244227202969, 40.70123912572503], [-73.82441072717576, 40.70124240390006], [-73.8243987232846, 40.701245662844016], [-73.82438671575676, 40.701248932760244], [-73.82437475156378, 40.70125218078317], [-73.82436274771968, 40.70125542051], [-73.82435072582737, 40.701258665697665], [-73.82433872925188, 40.70126188347491], [-73.82432668214777, 40.70126511489768], [-73.82431470004661, 40.70126831348117], [-73.82430262416047, 40.701271517409765], [-73.82429055912165, 40.70127471037457], [-73.82427850858005, 40.701277875912524], [-73.82426642196491, 40.701281044138916], [-73.82425435706011, 40.701284184949515], [-73.82424228860556, 40.70128730379521], [-73.82423013717832, 40.7012904307473], [-73.8242180147033, 40.701293519315485], [-73.82420590668953, 40.70129659418059], [-73.8241937446058, 40.70129965798281], [-73.82418161147442, 40.701302683401146], [-73.82416940259787, 40.70130571144726], [-73.82415724072804, 40.70130869290276], [-73.82414514385403, 40.701311644263825], [-73.82413290631033, 40.701314600898236], [-73.8241205786388, 40.70131754366973], [-73.82410840979057, 40.701320434532], [-73.8240961688616, 40.70132330606939], [-73.82408391354176, 40.701326163859626], [-73.82407170161494, 40.701328977798575], [-73.82405944645235, 40.70133177520145], [-73.82404705061283, 40.701334580622316], [-73.8240348027989, 40.7013373258832], [-73.82402253703827, 40.70134003817808], [-73.82401015587537, 40.70134274755042], [-73.82399784333673, 40.70134541859954], [-73.82398547317975, 40.70134805662203], [-73.82397306340812, 40.701350672624386], [-73.8239607114992, 40.70135322832896], [-73.8239483344235, 40.70135575380122], [-73.82393590331428, 40.70135825448656], [-73.82392340015352, 40.70136072486782], [-73.82391093317301, 40.70136315138676], [-73.8238986602476, 40.701365841699314], [-73.82388613212845, 40.7013682022475], [-73.82387366546426, 40.701370507992934], [-73.82386114478119, 40.70137278346186], [-73.82384857731407, 40.70137502043105], [-73.82383604602006, 40.70137721628269], [-73.8238233885696, 40.701379384492064], [-73.82381080700753, 40.70138149517611], [-73.82379827607384, 40.701383553785575], [-73.82378563702353, 40.701385582035655], [-73.82377294036976, 40.701387571769395], [-73.8237603051639, 40.70138950944515], [-73.82374770255387, 40.701391395018746], [-73.82373496658171, 40.70139325019427], [-73.82372222350465, 40.70139506418597], [-73.82370958159096, 40.70139680971187], [-73.82369688567312, 40.70139851947167], [-73.82368409968602, 40.70140019341004], [-73.82367122003039, 40.70140182877671], [-73.82366644701379, 40.70140242256943], [-73.82366185079646, 40.70140298644036], [-73.8236568577456, 40.70140359361942], [-73.82365193326216, 40.701404184434715], [-73.82364695467355, 40.70140477791171], [-73.82364215650527, 40.70140533598286], [-73.82363738720356, 40.7014058886085], [-73.82363240145972, 40.701406460115685], [-73.82362744821081, 40.70140701794859], [-73.82362265732789, 40.70140754858243], [-73.823617891705, 40.70140807376516], [-73.82361289882772, 40.701408615068104], [-73.8236079420518, 40.701409142702275], [-73.82360312237448, 40.70140965133299], [-73.82359834239784, 40.70141014904523], [-73.82359339288564, 40.70141065747651], [-73.82358837846323, 40.70141116306334], [-73.82358358772495, 40.70141163880031], [-73.82357878978075, 40.70141211178124], [-73.82357378984236, 40.70141259543148], [-73.82356880075972, 40.70141306537423], [-73.82356403533944, 40.70141351370148], [-73.82355926994087, 40.70141395379425], [-73.82355425204217, 40.701414409968365], [-73.82354926303196, 40.701414852462726], [-73.82354425599625, 40.70141529218444], [-73.82353960610787, 40.70141569402667], [-73.8235346351954, 40.701416111845184], [-73.8235296498568, 40.70141652964132], [-73.82352485212263, 40.70141692302202], [-73.82351986682751, 40.70141732434917], [-73.82351505110418, 40.70141770123321], [-73.82351021014247, 40.701418075333564], [-73.8235052429379, 40.70141845472969], [-73.82350025050941, 40.70141882585258], [-73.82349542764554, 40.70141917527717], [-73.82349040278736, 40.70141953537085], [-73.82348562685176, 40.70141986839832], [-73.82348081125888, 40.701420195875215], [-73.8234757864587, 40.701420534010175], [-73.82347079053964, 40.7014208612101], [-73.82346575496338, 40.70142118285946], [-73.82346097551549, 40.7014214801985], [-73.82345617082919, 40.70142177475386], [-73.823451340919, 40.701422061036], [-73.82344634148774, 40.70142235254748], [-73.82344130240647, 40.70142263576358], [-73.82343647974555, 40.70142290833237], [-73.82343149119913, 40.70142317515697], [-73.82342645938895, 40.70142343642538], [-73.8234216620535, 40.70142367883993], [-73.82341682145434, 40.70142391569835], [-73.82341200250883, 40.701424147100255], [-73.82340700323714, 40.701424378225255], [-73.82340197873437, 40.701424603821856], [-73.82339717426571, 40.70142481603192], [-73.82339213899418, 40.70142502239812], [-73.8233871145567, 40.701425223291196], [-73.82338228850699, 40.701425413509355], [-73.82337749133852, 40.701425592792575], [-73.82337244892655, 40.70142577169926], [-73.82336761572915, 40.7014259372029], [-73.8233627897666, 40.70142609448317], [-73.82335759952353, 40.70142625943843], [-73.82335275917846, 40.70142640022757], [-73.82334793326677, 40.701426538293866], [-73.82334289457752, 40.70142667328861], [-73.82333787034348, 40.70142679732623], [-73.82333307334208, 40.7014269134781], [-73.82332823308423, 40.70142702132906], [-73.82332320890103, 40.70142712615275], [-73.82331818114035, 40.70142721999162], [-73.82331334815373, 40.70142730589494], [-73.82330851157508, 40.70142738630301], [-73.82330352355159, 40.7014274554993], [-73.82329867980354, 40.7014275194273], [-73.82329364852357, 40.70142758032245], [-73.8232886244858, 40.7014276302494], [-73.82328378801623, 40.70142766948504], [-73.82327875679448, 40.701427708421406], [-73.82327392756706, 40.7014277366887], [-73.823269098376, 40.701427751231925], [-73.82326410328493, 40.70142776552024], [-73.82325906854396, 40.70142777151312], [-73.82325424300309, 40.70142776959272], [-73.82324940305799, 40.70142775941568], [-73.82324437198177, 40.70142774345535], [-73.82323934092734, 40.70142771926055], [-73.82323431350133, 40.70142768683679], [-73.8232294808493, 40.70142764647763], [-73.82322464821183, 40.70142760062877], [-73.82321981198247, 40.70142754928459], [-73.82321481710247, 40.70142748397271], [-73.82320979337757, 40.701427415871535], [-73.82320495721373, 40.70142733982391], [-73.82319992992602, 40.70142725524819], [-73.82319509379859, 40.70142716547638], [-73.82319026489874, 40.70142707022587], [-73.82318523406282, 40.701426963685904], [-73.82318019244374, 40.70142684340531], [-73.8231752049225, 40.70142672320757], [-73.8231703761028, 40.70142659776389], [-73.82316554369841, 40.70142646408023], [-73.8231605237841, 40.701426319129126], [-73.82315568780965, 40.70142617171567], [-73.82315084463679, 40.701426018801406], [-73.82314565890256, 40.70142584340246], [-73.82314082659295, 40.70142567403582], [-73.82313600151099, 40.70142549919054], [-73.82313096730176, 40.70142530481034], [-73.8231261638954, 40.701425116274116], [-73.82312114413419, 40.701424913681386], [-73.82311612079558, 40.701424700103786], [-73.82311128499612, 40.70142448681423], [-73.82310647807078, 40.701424265334545], [-73.82310146920936, 40.70142403256519], [-73.82309662625522, 40.70142379730583], [-73.82309182298742, 40.70142355661774], [-73.82308662306791, 40.701423290616844], [-73.82308177655833, 40.701423036138], [-73.82307698056927, 40.701422770757546], [-73.8230719718246, 40.70142249407075], [-73.82306693065772, 40.701422203610015], [-73.8230621275067, 40.70142191900452], [-73.82305730272391, 40.7014216316208], [-73.82305231931979, 40.70142131929009], [-73.82304728903821, 40.70142100414228], [-73.82304248958134, 40.70142068660438], [-73.8230376576658, 40.70142036901641], [-73.8230326707136, 40.7014200347212], [-73.8230276477473, 40.70141968115701], [-73.82302285194814, 40.7014193444105], [-73.823018027326, 40.70141899664042], [-73.82301302604992, 40.70141862389551], [-73.82300805362613, 40.701418251194795], [-73.82300322185667, 40.701417878710174], [-73.82299841173374, 40.70141750351384], [-73.82299343937564, 40.701417106109616], [-73.82298842376852, 40.70141669765961], [-73.82298361009751, 40.701416300499], [-73.82297881448832, 40.701415892386905], [-73.82297366191374, 40.70141545353313], [-73.82296883387512, 40.70141503439167], [-73.82296401307877, 40.70141460428204], [-73.82295902643352, 40.70141415470373], [-73.82295423811787, 40.701413716409334], [-73.8229494426184, 40.70141326712462], [-73.82294446324467, 40.70141279559867], [-73.82293947668717, 40.70141231308238], [-73.82293468844468, 40.70141184733957], [-73.82292971273607, 40.701411353860465], [-73.82292491012592, 40.70141086613698], [-73.82292011833545, 40.70141037842995], [-73.82291514268532, 40.701409862992136], [-73.82291013821961, 40.70140933378589], [-73.8229051878445, 40.70140880740746], [-73.82290042497935, 40.701408292296385], [-73.82289563329131, 40.70140776616166], [-73.82289080916652, 40.701407231742564], [-73.82288586969146, 40.701406675187556], [-73.82288091941885, 40.7014061103814], [-73.82287610258028, 40.70140554852518], [-73.82287115955, 40.70140497275067], [-73.82286618409762, 40.70140438320221], [-73.82286142500011, 40.70140380771036], [-73.82285663345851, 40.70140322667881], [-73.8228518816034, 40.70140264021863], [-73.82284690623884, 40.701402017732235], [-73.82284194170128, 40.70140139251747], [-73.82283718269169, 40.70140078408749], [-73.82283227588049, 40.70140015072688], [-73.82282730059659, 40.70139949804724], [-73.82282251640726, 40.701398864874946], [-73.82281775386447, 40.701398228991], [-73.82281300577701, 40.70139758215005], [-73.82280807382278, 40.7013969103229], [-73.82280313468478, 40.70139622750537], [-73.82279837944299, 40.70139555869461], [-73.82279344394817, 40.70139486215842], [-73.82278850847537, 40.70139415738776], [-73.82278375327763, 40.70139347210782], [-73.82277900171566, 40.7013927758542], [-73.82277425016838, 40.701392074110906], [-73.82276928232486, 40.701391336352295], [-73.82276438661187, 40.701390598704556], [-73.82275949092089, 40.70138985282232], [-73.8227546997899, 40.701389118079966], [-73.8227499807894, 40.70138838344851], [-73.82274505270574, 40.70138761281279], [-73.82274033373463, 40.70138686720191], [-73.82273540569493, 40.701386080097286], [-73.82273065432379, 40.70138531247789], [-73.82272598228155, 40.701384550470074], [-73.8227208668419, 40.7013837109255], [-73.82271594248954, 40.70138289363317], [-73.82269468437816, 40.70137927621655], [-73.82267295082185, 40.70137542750267], [-73.82266808795669, 40.70137454442852], [-73.82266323591854, 40.70137365862611], [-73.82265847042238, 40.701372778446355], [-73.82265380226583, 40.70137191214024], [-73.82264891785701, 40.701370993350096], [-73.82264423171925, 40.701370107802475], [-73.82263934733989, 40.70136917803288], [-73.82263462520294, 40.70136826772648], [-73.82262995714196, 40.70136736573752], [-73.82262497911039, 40.70136639190664], [-73.8226202642379, 40.70136546239741], [-73.82261554577369, 40.70136452739295], [-73.8226106903569, 40.70136355649518], [-73.82260601520036, 40.701362610577995], [-73.8226011706326, 40.70136162871745], [-73.82259644865003, 40.70136066076954], [-73.82259181318756, 40.701359706678616], [-73.8225868425308, 40.70135867247244], [-73.8225821133941, 40.701357682554715], [-73.82257747799778, 40.70135670376039], [-73.8225726732121, 40.70135568078843], [-73.82256795494649, 40.70135467167344], [-73.82256327274621, 40.701353662613904], [-73.82255851488222, 40.70135262598981], [-73.8225536669139, 40.70135156726844], [-73.82254898477981, 40.70135053350546], [-73.82254418011192, 40.70134946661612], [-73.82253953405788, 40.701348427418814], [-73.82253489883817, 40.701347382748565], [-73.8225299284317, 40.701346255218084], [-73.82252528243657, 40.70134519406218], [-73.82252064727577, 40.701344127433195], [-73.82251578866449, 40.70134300281929], [-73.82251118598457, 40.70134192800573], [-73.82250660495122, 40.7013408504806], [-73.8225017536046, 40.70133970666392], [-73.82249698879265, 40.70133857121479], [-73.8224923537497, 40.70133746066851], [-73.8224876971043, 40.70133633636492], [-73.82248298641251, 40.70133519276434], [-73.82247818924486, 40.70133401883772], [-73.82247353265846, 40.70133287257543], [-73.82246893015537, 40.701331731885915], [-73.82246417990216, 40.701330547052024], [-73.82245941525963, 40.70132934847185], [-73.8224547551404, 40.70132817475562], [-73.82245019596729, 40.70132701491884], [-73.82244548905146, 40.70132580819281], [-73.82244067041421, 40.70132457110176], [-73.82243610770087, 40.70132338655596], [-73.82243151257288, 40.70132218549136], [-73.82242678770558, 40.701320948544385], [-73.82242218540877, 40.70131973099973], [-73.82241757952026, 40.70131850795984], [-73.82241270336257, 40.70131720215956], [-73.82240813716075, 40.70131597369094], [-73.82240357817939, 40.70131474248851], [-73.82239884985282, 40.70131345063963], [-73.82239428731647, 40.70131220021793], [-73.82238952657553, 40.70131089185003], [-73.8223849929209, 40.70130963049344], [-73.82238048809664, 40.70130837741551], [-73.82237556886703, 40.7013069946936], [-73.82237097761107, 40.70130569482078], [-73.82236650528256, 40.70130442806857], [-73.82236179873547, 40.70130308410115], [-73.8223572147516, 40.70130176228083], [-73.82235268842098, 40.701300459762685], [-73.82234801437698, 40.7012990993762], [-73.82234333674133, 40.70129773349441], [-73.8223388104917, 40.701296400783406], [-73.82233429146989, 40.70129506259382], [-73.82232956704522, 40.70129366095724], [-73.82232491833555, 40.701292267671676], [-73.82232039215249, 40.701290910257086], [-73.82231590564126, 40.70128955290354], [-73.82231123898009, 40.70128812939722], [-73.82230653268405, 40.70128669210563], [-73.82230204983843, 40.70128531279904], [-73.82229756340843, 40.70128392525245], [-73.82229307700061, 40.7012825294714], [-73.82228845006325, 40.701281086812074], [-73.82228381234317, 40.70127963041205], [-73.82227926834878, 40.70127819062519], [-73.82227467031537, 40.70127672879654], [-73.82227003626095, 40.70127525044345], [-73.82226558241533, 40.70127381628476], [-73.82226109976173, 40.701272365612816], [-73.82225658828544, 40.70127090391711], [-73.82225200477424, 40.701269406427954], [-73.82224740686644, 40.701267897937264], [-73.82224295311698, 40.70126642809587], [-73.82223851020181, 40.70126495278144], [-73.82223392317273, 40.70126342234887], [-73.82222933255936, 40.701261883676274], [-73.82222482845121, 40.70126036435048], [-73.82222040723448, 40.70125886711072], [-73.8222158311063, 40.701257306501766], [-73.82221135227364, 40.701255776235385], [-73.82220694913404, 40.70125426255441], [-73.82220231541942, 40.7012526579396], [-73.82219780062478, 40.701251089190364], [-73.82219337232804, 40.70124954253276], [-73.82218887920212, 40.701247962837506], [-73.82218446535384, 40.70124640796756], [-73.82218000108782, 40.70124482557182], [-73.82217549001052, 40.70124321565589], [-73.82217094291956, 40.701241586470694], [-73.82216650755021, 40.701239987650446], [-73.82216219109343, 40.70123842744056], [-73.82215765487392, 40.70123677905824], [-73.82215307904895, 40.701235105911636], [-73.82214870501308, 40.70123349895113], [-73.8221442769603, 40.701231861714525], [-73.82213980568089, 40.70123020519758], [-73.82213548935717, 40.70122859558099], [-73.82213106857665, 40.701226936396935], [-73.82212640641644, 40.70122518077269], [-73.82212211537556, 40.70122355747081], [-73.82211775949824, 40.70122190387606], [-73.82211323072103, 40.70122017041562], [-73.82210889290603, 40.70121850586938], [-73.82210449386112, 40.701216811035884], [-73.82210006963679, 40.701215091460305], [-73.82209579673228, 40.70121342975869], [-73.82209141577185, 40.70121171573923], [-73.82208686191161, 40.70120992185399], [-73.82208252422247, 40.70120821064582], [-73.82207816855222, 40.701206480196305], [-73.82207374445385, 40.70120471395886], [-73.82206944285974, 40.70120299182692], [-73.82206515210005, 40.70120126422201], [-73.82206074247227, 40.70119948153778], [-73.82205625361881, 40.701197654814514], [-73.822051988142, 40.70119591352438], [-73.82204770107033, 40.70119415573206], [-73.82204332036152, 40.7011923483889], [-73.82203890003997, 40.70119051902616], [-73.8220345770138, 40.701188720006186], [-73.82203032605211, 40.70118694580042], [-73.82202600667688, 40.70118513031712], [-73.82202166210031, 40.70118329832609], [-73.82201734636138, 40.701181471869006], [-73.82201303065199, 40.701179634432734], [-73.8220086897412, 40.70117778048867], [-73.82200442810795, 40.70117595136999], [-73.82200015569939, 40.70117410576589], [-73.82199580764963, 40.70117222436258], [-73.82199159290899, 40.701170392571214], [-73.82198726652805, 40.701168500221996], [-73.8219829761905, 40.70116661616271], [-73.82197880115149, 40.70116477345315], [-73.8219743523553, 40.70116280406055], [-73.82197015935017, 40.70116093661996], [-73.82196595194858, 40.701159058177865], [-73.82196169774329, 40.70115714947072], [-73.82195753362025, 40.70115527109526], [-73.82195312456284, 40.70115327706031], [-73.82194886321855, 40.701151340893965], [-73.82194472437112, 40.70114945157802], [-73.82194043066406, 40.70114747967922], [-73.82193628105624, 40.7011455683882], [-73.82193211345276, 40.7011436433453], [-73.82192779820272, 40.70114163573068], [-73.82192353699922, 40.701139647412894], [-73.82191939107956, 40.70113770593444], [-73.8219152523951, 40.701135756232745], [-73.82191094443976, 40.701133718436296], [-73.82190682379564, 40.7011317660174], [-73.82190269958195, 40.70112979986897], [-73.82189841330309, 40.701127748381765], [-73.82189420268776, 40.701125724459175], [-73.82189008573913, 40.70112373910815], [-73.82188599043714, 40.70112175104569], [-73.82188177628205, 40.7011197024142], [-73.82187767741806, 40.701117697877315], [-73.82187340928326, 40.70111560524563], [-73.82186915919588, 40.70111350715217], [-73.8218651468301, 40.70111152470691], [-73.82186104805513, 40.70110948723233], [-73.82185691688785, 40.701107425004494], [-73.82185268489275, 40.70110530498025], [-73.82184852855379, 40.70110321526543], [-73.82183301994048, 40.701095335723686], [-73.82181594140431, 40.70108651503747], [-73.82181177446827, 40.701084342961806], [-73.82180767238354, 40.7010821956893], [-73.82180364956143, 40.70108007873183], [-73.82179958714146, 40.70107793426523], [-73.82179550314137, 40.7010757678069], [-73.82179140835137, 40.70107359035263], [-73.8217873460129, 40.7010714156932], [-73.82178338091815, 40.70106929059011], [-73.82177939784246, 40.701067146245656], [-73.8217752815466, 40.7010649193516], [-73.8217712841115, 40.7010627502817], [-73.82176730110271, 40.70106058123397], [-73.82176321368901, 40.701058343405116], [-73.82175928474891, 40.701056185419915], [-73.82175531261174, 40.701053997175194], [-73.82175119644958, 40.70105172087458], [-73.82174720636118, 40.701049502409326], [-73.8217433495374, 40.701047350024794], [-73.82173924785347, 40.7010450545328], [-73.82173518580467, 40.70104277282591], [-73.82173142267732, 40.70104064803383], [-73.82172742909383, 40.701038388390835], [-73.82172333830387, 40.70103606546742], [-73.82171939159073, 40.7010338113863], [-73.82171556012442, 40.70103161786857], [-73.82171166386611, 40.701029377589215], [-73.82170755876872, 40.70102701072669], [-73.82170361214474, 40.70102472370792], [-73.82169979157968, 40.70102250001403], [-73.82169585579778, 40.70102020477748], [-73.8216918444265, 40.70101785452826], [-73.82168805272157, 40.70101562813392], [-73.82168409540422, 40.70101329443678], [-73.82168002289212, 40.70101088096269], [-73.821676274466, 40.70100865463499], [-73.82167250445984, 40.70100640631559], [-73.82166842840815, 40.70100396813262], [-73.8216645324247, 40.70100162629552], [-73.82166079129334, 40.70099936978614], [-73.82165063020975, 40.70099320300838], [-73.82164046206921, 40.700986978578555], [-73.82163034090323, 40.700980721283365], [-73.82162023069074, 40.700974414598384], [-73.82161011704268, 40.70096804477742], [-73.8216000863459, 40.70096167508412], [-73.82159013501601, 40.70095529727866], [-73.82158013704603, 40.700948828822554], [-73.82157020402425, 40.70094234948718], [-73.82156033595074, 40.70093585927253], [-73.82155050042574, 40.700929336170226], [-73.8215406758691, 40.700922758188646], [-73.82153092704341, 40.70091618306842], [-73.82152117116101, 40.70090955029624], [-73.82151143702968, 40.70090287638534], [-73.82150178223584, 40.70089620534145], [-73.82149216357499, 40.70088950964981], [-73.82148260984764, 40.70088280856854], [-73.82147303825882, 40.70087604432903], [-73.82146348120078, 40.70086924168442], [-73.82145398547713, 40.70086243089987], [-73.82144912247297, 40.70085892651689], [-73.82144450426958, 40.70085558719974], [-73.82143505198941, 40.700848716096004], [-73.82142565382325, 40.70084183958591], [-73.82141633137329, 40.70083497142683], [-73.82140696943029, 40.70082803733115], [-73.82139762201078, 40.70082106757524], [-73.82138836829579, 40.7008141226669], [-73.82137909667526, 40.700807131068935], [-73.82136988995877, 40.70080014506043], [-73.82136065815325, 40.700793101372085], [-73.82135148402409, 40.700786068751555], [-73.82134233878546, 40.700779022451314], [-73.82133321524657, 40.7007719542258], [-73.82132860490798, 40.70076837612104], [-73.82132410977883, 40.70076487230381], [-73.82131501160691, 40.700757760199856], [-73.82130595309354, 40.70075065364634], [-73.82129691627256, 40.70074352791236], [-73.82128789390885, 40.700736391221014], [-73.82127889321539, 40.70072924358354], [-73.82126987100271, 40.700722051995555], [-73.82126090284508, 40.70071487695944], [-73.82125196713301, 40.70070770746256], [-73.82124810929223, 40.70070460262389], [-73.8212430458782, 40.70070052700834], [-73.82123412469159, 40.700693321850565], [-73.82122966590956, 40.70068971652944], [-73.82122519275364, 40.70068609197247], [-73.82121628964747, 40.70067887037274], [-73.82121125514804, 40.70067477284246], [-73.82120742260065, 40.70067165157312], [-73.82119855917695, 40.70066442728888], [-73.82118968860846, 40.700657178289866], [-73.82118083247519, 40.70064992656786], [-73.82117199436152, 40.70064268036269], [-73.82116315270218, 40.70063541219316], [-73.82115432904769, 40.70062815503002], [-73.82115020871636, 40.700624761579114], [-73.82114546583436, 40.700620856633115], [-73.82112832603944, 40.7006067191258], [-73.8202672817756, 40.69996245884878], [-73.82024896517096, 40.699948862835974], [-73.82024287147664, 40.699944398553924], [-73.82023681011529, 40.69993998098315], [-73.82023072348744, 40.699935571606936], [-73.82022455760014, 40.69993113191412], [-73.82021838086472, 40.69992670318308], [-73.82021026030904, 40.699920915497906], [-73.82020605242677, 40.69991792535752], [-73.8201998539219, 40.69991354599733], [-73.82019186637095, 40.69990792046018], [-73.82018562818234, 40.699903546526805], [-73.82017940796752, 40.699899194579395], [-73.82017320209779, 40.699894872846464], [-73.8201669494118, 40.69989052633715], [-73.82016069667486, 40.69988619904082], [-73.82015440433447, 40.699881846979295], [-73.82014814796311, 40.699877530655684], [-73.82014186275579, 40.6998732087971], [-73.82013559193804, 40.69986890068452], [-73.82012931749244, 40.69986460080029], [-73.82012299263901, 40.6998602706444], [-73.8201166461552, 40.69985593770957], [-73.82011038247947, 40.69985165705451], [-73.82010406835896, 40.699847359851596], [-73.82009770744442, 40.69984302963795], [-73.82009138609783, 40.69983873791259], [-73.82008503955144, 40.69983442967886], [-73.82007869299107, 40.69983012693431], [-73.82007235721376, 40.69982583793011], [-73.82006600703376, 40.69982154066872], [-73.82005964963429, 40.699817246140526], [-73.82005328502282, 40.699812951600634], [-73.82004692401854, 40.699808657066036], [-73.8200405377997, 40.69980435151257], [-73.82003414436885, 40.699800045947484], [-73.82002777611712, 40.69979576512438], [-73.82002142227714, 40.699791489812945], [-73.8200150288117, 40.69978719797058], [-73.82000860655485, 40.69978288412465], [-73.82000222387333, 40.69977860602232], [-73.81999584479162, 40.699774330669996], [-73.81998941169574, 40.69977002504036], [-73.81998302540278, 40.69976574967604], [-73.81997661749429, 40.69976146604326], [-73.81997017718064, 40.699757163146046], [-73.819963740452, 40.69975286848834], [-73.81995732170449, 40.69974859307182], [-73.81995091735385, 40.69974432865657], [-73.81994447700643, 40.699740039481675], [-73.81993802223414, 40.69973575028384], [-73.81993154946021, 40.69973145007844], [-73.81992511988264, 40.69972718013271], [-73.81991868307828, 40.69972291566486], [-73.8199122030865, 40.69971861819179], [-73.81990573746945, 40.69971433995429], [-73.81989927184576, 40.699710064461144], [-73.81989278100757, 40.69970577794911], [-73.81988633695741, 40.69970152719195], [-73.81987983529416, 40.699697243407016], [-73.81987333723082, 40.6996929623721], [-73.81986685354207, 40.69968870057271], [-73.81985985144081, 40.699684100354574], [-73.81985544497617, 40.699681205957496], [-73.81983580298636, 40.699668343402664], [-73.81981706448109, 40.699656124535615], [-73.81981054829724, 40.6996518791508], [-73.81980400689143, 40.69964762549179], [-73.81979746547162, 40.69964337732195], [-73.81979090602054, 40.69963912912348], [-73.81978433937228, 40.69963487542387], [-73.81977775110114, 40.6996306162004], [-73.81977123123417, 40.6996264010001], [-73.81976465733845, 40.6996221610118], [-73.81975802942146, 40.69961789349084], [-73.81975144469328, 40.699613658974386], [-73.81974488156, 40.699609440960025], [-73.81973827519502, 40.6996052064089], [-73.81973167602884, 40.699600977358244], [-73.81972500483154, 40.69959671251235], [-73.81971840562994, 40.69959249718472], [-73.81971182440934, 40.699588301098295], [-73.81970521077632, 40.699584088492074], [-73.81969852511956, 40.69957983734582], [-73.81969186105029, 40.69957560544641], [-73.81968526895436, 40.6995714312996], [-73.81967861206249, 40.69956721313452], [-73.81967190473351, 40.6995629756766], [-73.81966522259835, 40.699558757471216], [-73.81965859085001, 40.69955457777118], [-73.81965189788245, 40.69955036503756], [-73.81964520128702, 40.69954616053218], [-73.81963855148679, 40.699541989037], [-73.81963184406635, 40.69953778725861], [-73.81962512943394, 40.69953358546859], [-73.81961840396828, 40.6995293891507], [-73.81961172890416, 40.69952522584868], [-73.81960497820268, 40.69952102674569], [-73.81959822749461, 40.69951683038706], [-73.81959150557189, 40.69951265877607], [-73.81958479443952, 40.69950849816074], [-73.81957800766985, 40.69950430174437], [-73.81957126049731, 40.6995001328374], [-73.81956449169449, 40.69949596115139], [-73.8195577408875, 40.699491803217], [-73.81955098285371, 40.699487650760446], [-73.81954417440517, 40.69948347077672], [-73.81953738393753, 40.69947931003419], [-73.81953061865627, 40.69947517128891], [-73.81952381374984, 40.69947101601247], [-73.81951699083449, 40.69946685247309], [-73.81951017508817, 40.69946270541315], [-73.8195033665407, 40.69945856385366], [-73.81949657957315, 40.699454444285735], [-73.81948970617134, 40.699450280665545], [-73.81948287596563, 40.699446147305146], [-73.81947607094622, 40.69944203594208], [-73.8194691866906, 40.699437886027475], [-73.81946232402976, 40.69943375261496], [-73.81945543254069, 40.699429610922515], [-73.81944859145307, 40.69942550224596], [-73.8194417647325, 40.69942141554973], [-73.81943486959503, 40.69941729031892], [-73.81942793843137, 40.69941315130731], [-73.81942107927792, 40.699409056324605], [-73.81941418408351, 40.699404953050674], [-73.81940725647686, 40.69940083325684], [-73.8194003288487, 40.69939672169682], [-73.81939339400118, 40.69939261286984], [-73.81938648793889, 40.69938852879058], [-73.81937959267432, 40.69938445296212], [-73.81937264697297, 40.69938035784074], [-73.8193656976883, 40.699376254478935], [-73.81935872314482, 40.69937215656667], [-73.81935178819828, 40.69936808616381], [-73.81934484965362, 40.699364013010126], [-73.81933788949367, 40.699359931587765], [-73.81933086809254, 40.699355825365906], [-73.81932392228552, 40.69935177141296], [-73.81931698726886, 40.69934772845562], [-73.81930992260828, 40.69934361667501], [-73.8193029407472, 40.699339559919416], [-73.81929595165927, 40.699335508641575], [-73.81928891575579, 40.69933143258684], [-73.81928189062039, 40.69932737576203], [-73.81927488708703, 40.699323332694554], [-73.81926787272045, 40.699319295099144], [-73.81926083674604, 40.69931524649032], [-73.81925380794806, 40.6993112116162], [-73.81924672512184, 40.6993071519538], [-73.81923967827868, 40.69930312254001], [-73.81923260622128, 40.69929908210709], [-73.81922551613272, 40.69929504164543], [-73.81921849805406, 40.69929104521275], [-73.8192114223407, 40.6992870239862], [-73.81920431781417, 40.69928298899004], [-73.8191972060534, 40.69927896221644], [-73.81919008707322, 40.699274938175805], [-73.819183000492, 40.699270936143826], [-73.81917591748822, 40.699266945096056], [-73.81916875524121, 40.69926291824136], [-73.81916161099726, 40.69925890239357], [-73.81915454954515, 40.699254944315655], [-73.81914740165931, 40.69925094218514], [-73.81914022133158, 40.69924693451363], [-73.81913308782097, 40.69924295161816], [-73.81912590747262, 40.699238952180075], [-73.81911874151352, 40.69923496648798], [-73.81911157915421, 40.69923098354587], [-73.81910444556505, 40.699227030840994], [-73.81909723634662, 40.69922303959003], [-73.81909003431201, 40.699219059328996], [-73.81908285387199, 40.69921509557006], [-73.8190756589998, 40.69921113453274], [-73.81906846412093, 40.69920717623976], [-73.81906126562168, 40.69920322343019], [-73.81905400949536, 40.69919924308183], [-73.81904675334755, 40.69919527096729], [-73.81903957280835, 40.69919134563229], [-73.81903234902302, 40.699187409249795], [-73.81902507842986, 40.699183445345454], [-73.8190178294238, 40.69917950068804], [-73.81901058041109, 40.699175558774925], [-73.81900332777053, 40.69917162508995], [-73.81899606432657, 40.699167685898], [-73.81898879725463, 40.69916375493418], [-73.81898153738148, 40.69915982947078], [-73.81897425587823, 40.69915590122813], [-73.81896692036186, 40.69915194270758], [-73.81895968206263, 40.699148041979626], [-73.81895242572476, 40.69914414396768], [-73.81894504694907, 40.699140179888104], [-73.81893773297769, 40.6991362570816], [-73.81893049822112, 40.69913238106035], [-73.81892314820976, 40.69912844996189], [-73.8189157982068, 40.69912451611821], [-73.81890852016858, 40.69912064277226], [-73.81890119891408, 40.699116747399685], [-73.81889383082952, 40.699112832739516], [-73.81888647713406, 40.6991089318254], [-73.81887909820219, 40.69910502812629], [-73.81887180212131, 40.6991011602392], [-73.81886444117093, 40.69909727578083], [-73.81885700088071, 40.69909339119717], [-73.81884961462016, 40.69908953140101], [-73.81884223197434, 40.69908566886529], [-73.81883487449953, 40.699081833816436], [-73.81882744497976, 40.69907796846122], [-73.81882001904481, 40.699074111345475], [-73.81881260749903, 40.699070267975756], [-73.81880512390825, 40.69906639429963], [-73.81879776634072, 40.699062594930304], [-73.81879031872614, 40.6990587542471], [-73.81878284231345, 40.69905489430469], [-73.81877540906645, 40.69905107560137], [-73.81876795778831, 40.699047256869115], [-73.81876051010248, 40.69904344363162], [-73.81875304077917, 40.699039630359565], [-73.81874562550783, 40.69903583364078], [-73.81873808054901, 40.699031984566574], [-73.81873054635057, 40.699028157467005], [-73.8187231238242, 40.69902437720393], [-73.81871562560924, 40.699020580352574], [-73.81870814543461, 40.699016780784355], [-73.81870063279577, 40.699012983909284], [-73.81869309857923, 40.69900916504153], [-73.8186855787219, 40.699005370898846], [-73.81867806609316, 40.69900157127753], [-73.81867050661201, 40.69899776060279], [-73.81866302276144, 40.69899398847355], [-73.81865550290007, 40.698990197073705], [-73.81864798663844, 40.698986408423764], [-73.81864040914378, 40.6989825922291], [-73.81863290368065, 40.698978811829534], [-73.81862534057593, 40.69897500938043], [-73.8186177882912, 40.698971206947895], [-73.81861024678172, 40.69896742100048], [-73.81860269448377, 40.69896362405644], [-73.8185951385579, 40.6989598353405], [-73.81858757545747, 40.69895603288892], [-73.81857998355157, 40.69895221392281], [-73.81857240958888, 40.69894842792174], [-73.81856484288465, 40.69894462546298], [-73.81855727611408, 40.698940847706524], [-73.81854969500094, 40.69893703973449], [-73.81854211020763, 40.69893325920389], [-73.81853456147152, 40.69892948147443], [-73.81852691183215, 40.698925676137605], [-73.81851932707131, 40.698921884626415], [-73.818511724242, 40.698918106810154], [-73.81850412504984, 40.69891431801998], [-73.8184964790428, 40.69891050445251], [-73.81848885455537, 40.69890673483487], [-73.81848126975395, 40.698902959789784], [-73.81847362363742, 40.698899187392215], [-73.81846602441222, 40.69889541232331], [-73.81845832785282, 40.698891623376575], [-73.81845066377424, 40.698887826246185], [-73.81844310766378, 40.698884111628814], [-73.81843546515049, 40.69888034197916], [-73.81842770372454, 40.69887653645939], [-73.81842008279895, 40.69887278605617], [-73.81841242219649, 40.698869038334614], [-73.8184047544195, 40.6988652768774], [-73.81839709024233, 40.69886151817006], [-73.81838932873853, 40.698857742840055], [-73.8183816501226, 40.69885398959848], [-73.81837402905262, 40.698850294087435], [-73.81836632519368, 40.69884654080498], [-73.81835853476011, 40.69884279561971], [-73.81835084526114, 40.698839067061854], [-73.81834314489906, 40.69883535495498], [-73.81833540854132, 40.698831618087794], [-73.81832766492678, 40.6988278976773], [-73.81831993212481, 40.698824180028055], [-73.81831218846719, 40.698820476085054], [-73.8183044232095, 40.6988167583836], [-73.81829666871198, 40.69881306265678], [-73.818288860172, 40.69880934763067], [-73.81828111279917, 40.698805684851294], [-73.81827334024244, 40.69880200007345], [-73.8182655171972, 40.698798315215356], [-73.8182577445673, 40.698794657884015], [-73.81824992507786, 40.6987909922439], [-73.81824213079645, 40.69878734036692], [-73.81823427885125, 40.698783674674445], [-73.81822644490141, 40.698780022733736], [-73.81821864693393, 40.69877640104182], [-73.81821079853033, 40.69877276005631], [-73.81820292489043, 40.698769116285604], [-73.81819510524232, 40.69876551102647], [-73.81818726396423, 40.69876190298786], [-73.81817936502988, 40.698758278389], [-73.8181714840759, 40.69875467303138], [-73.81816359948638, 40.6987510786466], [-73.81815567522011, 40.69874748694335], [-73.81814779778523, 40.69874391452695], [-73.81813980866576, 40.69874030076195], [-73.81813572045296, 40.698738452559695], [-73.81813168263972, 40.69873663737413], [-73.81812759080599, 40.69873479465539], [-73.8181234629237, 40.69873294639002], [-73.81811937107538, 40.69873110916045], [-73.81811522139056, 40.69872932124533], [-73.81811103946572, 40.69872745368066], [-73.81810692952632, 40.69872563838026], [-73.81810284844565, 40.698723820380586], [-73.81809866626689, 40.69872204613736], [-73.81809454543414, 40.69872025826703], [-73.81809044264848, 40.69871846493557], [-73.81808624253588, 40.69871665498148], [-73.81808208567753, 40.698714853329925], [-73.81807801162371, 40.69871310395977], [-73.81807392319702, 40.69871133535338], [-73.8180697339119, 40.698709522670995], [-73.81806553739183, 40.69870771821138], [-73.81806136603417, 40.698705943983875], [-73.8180572667593, 40.69870418633878], [-73.81805306295973, 40.698702406570156], [-73.8180489528961, 40.69870063792866], [-73.81804475268083, 40.698698866399674], [-73.81804059930374, 40.698697111413274], [-73.81803644228302, 40.6986953701448], [-73.81803226723066, 40.69869362884766], [-73.81802813550745, 40.698691868405476], [-73.81802388117521, 40.69869010502452], [-73.81801970250214, 40.698688369210714], [-73.81801555621924, 40.69868665815098], [-73.81800901080435, 40.69868394968977], [-73.81799871526195, 40.698679731162756], [-73.8178702907259, 40.698629949181466], [-73.81785553388173, 40.69862449117874], [-73.81785124292476, 40.69862293633617], [-73.81784688359691, 40.69862132648976], [-73.81784266466273, 40.69861981018759], [-73.81783838819186, 40.69861823340927], [-73.81783396398002, 40.69861661248054], [-73.81782975582057, 40.69861511266364], [-73.817825403654, 40.69861352204117], [-73.81782100452237, 40.69861196153666], [-73.81781677842918, 40.69861042600881], [-73.81781237566155, 40.69860887647733], [-73.81780800183512, 40.6986072940542], [-73.81780374676404, 40.69860580514114], [-73.81779938371207, 40.69860423920337], [-73.81779502774557, 40.69860271993779], [-73.81779069709884, 40.698601173264414], [-73.81778640234346, 40.69859968977745], [-73.81778200682751, 40.69859812653241], [-73.81777753910191, 40.698596593365366], [-73.81777333450636, 40.698595110020655], [-73.81776893893844, 40.69859356598842], [-73.81776449279913, 40.69859205206847], [-73.8177602161068, 40.698590557630006], [-73.81775585640813, 40.69858908501818], [-73.81775144277175, 40.69858755468053], [-73.81774703981208, 40.69858607651031], [-73.81774262614609, 40.69858455715137], [-73.81773821233766, 40.69858308994275], [-73.81773294110697, 40.698581294748095], [-73.81772770947912, 40.69857952431889], [-73.81772238405593, 40.69857776472005], [-73.81771706231444, 40.69857597767901], [-73.81771180528519, 40.69857426484913], [-73.81770651953286, 40.69857250531235], [-73.81770116889624, 40.698570734693455], [-73.81769581812482, 40.69856901348002], [-73.81769048908949, 40.69856725661869], [-73.81768521045345, 40.69856553277424], [-73.81767983079438, 40.698563825238196], [-73.8176744584309, 40.698562087520884], [-73.81766916891651, 40.698560385616645], [-73.8176638108214, 40.69855870556171], [-73.81765841319168, 40.69855697603796], [-73.81765311279896, 40.69855529607394], [-73.81764772221737, 40.698553626945845], [-73.81764227404676, 40.69855191655471], [-73.8176369122566, 40.698550269429916], [-73.81763148205833, 40.69854858102489], [-73.81762611672232, 40.69854691193579], [-73.81762067920674, 40.69854526194554], [-73.81761536785419, 40.698543634113065], [-73.81760991594375, 40.69854197312035], [-73.81760446755727, 40.69854034232544], [-73.81759903722548, 40.6985387033246], [-73.817593567269, 40.69853704779207], [-73.81758816927483, 40.69853545275829], [-73.8175826992438, 40.69853382467282], [-73.81757730846287, 40.698532229650006], [-73.8175718599729, 40.69853063728025], [-73.81756634303736, 40.69852901735395], [-73.8175608729548, 40.69852740848081], [-73.81755537756783, 40.698525821525436], [-73.81754991461587, 40.69852424285556], [-73.81754442279824, 40.69852266962918], [-73.81753893098842, 40.69852109365782], [-73.81753352203503, 40.698519550754796], [-73.81752796894753, 40.69851796370664], [-73.8175224122164, 40.69851639037634], [-73.81751700320369, 40.69851486943059], [-73.81751146804363, 40.69851332083694], [-73.81750587521205, 40.698511761172426], [-73.81750034362132, 40.69851022630768], [-73.81749480846955, 40.698508674968444], [-73.81748932008804, 40.69850716487465], [-73.81748378844547, 40.69850564922249], [-73.81747818112207, 40.698504114236584], [-73.8174726638604, 40.69850261507531], [-73.81746711774801, 40.69850111586802], [-73.81746152123698, 40.69849958364326], [-73.81745602553907, 40.698498111963104], [-73.81745045416785, 40.69849661820451], [-73.81744483592172, 40.698495121626465], [-73.81743931133602, 40.698493663623566], [-73.81743370388692, 40.698492175296444], [-73.81742812887276, 40.698490695254826], [-73.81742248170906, 40.69848922333283], [-73.81741686339652, 40.69848775145628], [-73.81741128827039, 40.69848631258526], [-73.81740567708839, 40.69848487091199], [-73.81740005151875, 40.698483415491765], [-73.8173944907962, 40.6984819848771], [-73.81738883270211, 40.6984805541077], [-73.81738318185857, 40.69847910962562], [-73.81737760300724, 40.69847771466345], [-73.81737195207398, 40.69847630311793], [-73.81736631918032, 40.69847488885603], [-73.81736074392096, 40.69847349938824], [-73.8173549343461, 40.698472073866306], [-73.81734926896581, 40.69847067053109], [-73.81734376567651, 40.69846933881697], [-73.81733808224229, 40.69846794368687], [-73.81733236988225, 40.69846657595829], [-73.81732667554672, 40.69846521100282], [-73.81732097764267, 40.698463832317564], [-73.81731538054395, 40.69846251692182], [-73.8173096356599, 40.69846117384344], [-73.81730394130273, 40.69845981712115], [-73.81729821438323, 40.69845849877365], [-73.81729252711133, 40.69845718872319], [-73.81728691197443, 40.69845587604214], [-73.81728110570062, 40.698454563057425], [-73.81727534626465, 40.6984532666154], [-73.81726971665029, 40.69845197312395], [-73.8172640076135, 40.698450709698655], [-73.81725823368495, 40.69844943793569], [-73.81725243461749, 40.69844812770574], [-73.81724674353791, 40.698446891755765], [-73.81724100556836, 40.698445658475904], [-73.81723526410546, 40.69844438401858], [-73.81722949005766, 40.69844315617035], [-73.8172237087522, 40.69844194477898], [-73.81720601527608, 40.69843821672559], [-73.8170225246229, 40.698403423362855], [-73.81700200674233, 40.698399926838235], [-73.81699613823672, 40.69839895409198], [-73.81699028777807, 40.69839797588459], [-73.81698442287917, 40.69839700314349], [-73.81697853632718, 40.69839603585717], [-73.81697276151218, 40.69839509070645], [-73.81696693262454, 40.698394137235105], [-73.81696103517113, 40.69839320012307], [-73.81695506203708, 40.69839224367696], [-73.81694927993465, 40.69839132596119], [-73.81694345820769, 40.69839039171348], [-73.81693757514267, 40.698389468346974], [-73.8169316740385, 40.69838854769632], [-73.81692573685582, 40.69838763247743], [-73.81691996564861, 40.69838668732981], [-73.81691407900801, 40.69838575297734], [-73.81690818521523, 40.69838479665501], [-73.8169024105228, 40.69838380758456], [-73.816896603705, 40.698382697692736], [-73.81689067351745, 40.698381862081625], [-73.81688506947016, 40.698380456076315], [-73.81687911036424, 40.69837964512151], [-73.81687317285136, 40.69837885066944], [-73.81686727858471, 40.698378067264976], [-73.81686133021537, 40.69837728651888], [-73.81685534216109, 40.69837651119883], [-73.81684939013289, 40.698375749659704], [-73.81684349576123, 40.69837500468067], [-73.81683751123838, 40.69837425681303], [-73.81683151226758, 40.698373517156455], [-73.81682560341059, 40.698372794111634], [-73.81681956833881, 40.698372068120825], [-73.81681479866072, 40.69837150334058], [-73.81680993524756, 40.698370927431824], [-73.81680504296864, 40.69837035696647], [-73.81680026604033, 40.69836980589793], [-73.81679538455042, 40.698369246428406], [-73.81679049943166, 40.69836869518724], [-73.81678560708511, 40.69836814942394], [-73.81678083010432, 40.698367617567904], [-73.81677605309349, 40.69836709669071], [-73.81677107417954, 40.69836655627847], [-73.81676614571697, 40.69836602967023], [-73.8167613650623, 40.698365522510535], [-73.81675654833651, 40.69836501803798], [-73.81675165949132, 40.69836451070555], [-73.8167467453941, 40.69836400607754], [-73.81674192147095, 40.69836349610337], [-73.81673702536044, 40.69836300797221], [-73.81673211481699, 40.6983625225626], [-73.81672719348475, 40.69836202615652], [-73.81672226491723, 40.69836153797306], [-73.81671744810149, 40.69836106643598], [-73.81671263127832, 40.69836059764345], [-73.81670759810406, 40.69836011752712], [-73.81670268028795, 40.698359654062855], [-73.8166979319178, 40.6983592100817], [-73.81669299603992, 40.69835875756737], [-73.81668807817117, 40.69835831331582], [-73.81668311702626, 40.69835786899515], [-73.8166781847096, 40.698357432954495], [-73.81667333530146, 40.698357010769584], [-73.8166683596785, 40.698356585638614], [-73.8166635318784, 40.69835617446677], [-73.81665858146987, 40.69835576035469], [-73.81665361301448, 40.69835535170312], [-73.81664864817307, 40.69835494031234], [-73.8166436760813, 40.69835454263369], [-73.81663881214244, 40.69835415885095], [-73.81663395179496, 40.698353780563316], [-73.81662898687074, 40.69835339936404], [-73.8166240147188, 40.69835302364261], [-73.81661915431859, 40.69835266456767], [-73.81661408478004, 40.6983522941802], [-73.81660907291305, 40.69835193486347], [-73.8166043134381, 40.69835159516211], [-73.8165993087537, 40.69835124683552], [-73.81659433291266, 40.698350901299385], [-73.81658932819819, 40.69835056395143], [-73.81658435229686, 40.698350240372946], [-73.81657945573532, 40.698349916920755], [-73.81657443655784, 40.69834959327291], [-73.8165695724083, 40.698349286340566], [-73.81656457123248, 40.69834897370008], [-73.8165595592225, 40.69834866653168], [-73.81655465176665, 40.698348370508754], [-73.8165496433178, 40.69834807981426], [-73.81654462766384, 40.69834778636323], [-73.81653961558605, 40.69834750389676], [-73.81653470806995, 40.69834722983109], [-73.81652970318989, 40.69834695286527], [-73.8165246514121, 40.69834668131398], [-73.81651973663811, 40.698346423704734], [-73.81651473530405, 40.69834616870205], [-73.81650968348866, 40.69834591087394], [-73.81650476504795, 40.69834567521639], [-73.81649975646354, 40.6983454339254], [-73.81649471542198, 40.698345192582394], [-73.81648976450911, 40.69834496236198], [-73.81648474145409, 40.69834473751588], [-73.81647968955576, 40.69834450987881], [-73.81647478187391, 40.69834429619532], [-73.81646973714304, 40.69834408503785], [-73.81646467797924, 40.69834387660194], [-73.81645973056715, 40.69834368481265], [-73.81645468219223, 40.698343487372604], [-73.81644962296052, 40.69834330363884], [-73.81644467554851, 40.69834311184889], [-73.81643962712835, 40.698342930876755], [-73.81643456785137, 40.69834276361093], [-73.81642961677264, 40.69834259377267], [-73.8164245610869, 40.698342432001645], [-73.81641950900763, 40.69834227023621], [-73.81641445692075, 40.69834211121529], [-73.81640946611176, 40.69834196327095], [-73.81640440678956, 40.69834181247238], [-73.81639935826381, 40.698341669925085], [-73.81639437459953, 40.698341546694486], [-73.81638931523203, 40.69834141236379], [-73.81638421975572, 40.69834129444394], [-73.8163792649272, 40.698341176748194], [-73.81637417670892, 40.6983410423708], [-73.81636911725083, 40.69834094097638], [-73.81636412992736, 40.698340836952035], [-73.81635907408321, 40.69834073281811], [-73.8163539785238, 40.698340645089246], [-73.81634898754866, 40.69834055752707], [-73.8163438919591, 40.698340480776835], [-73.81633883971375, 40.69834037939255], [-73.81633385591357, 40.69834030556504], [-73.81632875307344, 40.69834024252638], [-73.81632365746121, 40.6983401740095], [-73.81631867000934, 40.698340116644154], [-73.81631357073778, 40.69834006733441], [-73.81630847508016, 40.69834001528543], [-73.81630349124224, 40.6983399551804], [-73.81629839916074, 40.698339914115756], [-73.81629330346532, 40.69833987578992], [-73.81628821135358, 40.69833984570389], [-73.81628322020468, 40.69833982126836], [-73.81627808118762, 40.6983397993413], [-73.81627298904564, 40.69833978023368], [-73.81626800153337, 40.69833974482415], [-73.81626290935358, 40.69833973943987], [-73.81625788208814, 40.69833973415898], [-73.81625278630197, 40.69833972876849], [-73.81624769048557, 40.698339734356786], [-73.81624256581837, 40.69833973989881], [-73.81623746999439, 40.698339748231454], [-73.81623244994167, 40.698339742961], [-73.81622745507295, 40.69833975968863], [-73.81622232675393, 40.698339781692574], [-73.81621723809727, 40.698339806504386], [-73.81621221434739, 40.69833983416437], [-73.81620701748496, 40.69833986429248], [-73.81620188912814, 40.69833990001931], [-73.81619697719036, 40.698339922367694], [-73.81619188488192, 40.69833996364116], [-73.81618675649476, 40.69834001034638], [-73.81618162810766, 40.69834005705134], [-73.81617650330416, 40.698340111996124], [-73.81617151914847, 40.69834016716532], [-73.81616639434495, 40.69834022210966], [-73.81616137773204, 40.69834027722654], [-73.81615625289072, 40.698340345894245], [-73.81615112805689, 40.69834041181693], [-73.81614614744697, 40.69834048894888], [-73.81614102259041, 40.69834056310541], [-73.81613589409721, 40.69834064823499], [-73.81613077281672, 40.69834073337584], [-73.81612575613566, 40.698340813194065], [-73.8161206312185, 40.698340909307774], [-73.81611550990011, 40.69834100817179], [-73.81611049677991, 40.69834110446362], [-73.81610537543878, 40.698341211561484], [-73.81610035868947, 40.698341316081404], [-73.8160952301205, 40.69834142865678], [-73.81609011234782, 40.69834154948351], [-73.81608495491277, 40.698341667501836], [-73.81607983713248, 40.69834179107288], [-73.8160748239213, 40.69834192030031], [-73.81606981073283, 40.69834204129326], [-73.81606469292977, 40.69834217309792], [-73.81605958599879, 40.69834228570626], [-73.81605446092995, 40.69834243671224], [-73.81604932157958, 40.69834253554449], [-73.81604431192164, 40.69834268398969], [-73.81603929501308, 40.69834284614694], [-73.81603425349623, 40.698342777703715], [-73.81602899491644, 40.6983429559429], [-73.8160239815839, 40.69834312908431], [-73.81601896462229, 40.698343310454035], [-73.81601383945481, 40.69834349714006], [-73.81600868181495, 40.69834368926352], [-73.81600366842927, 40.69834388161738], [-73.81599854320874, 40.6983440875161], [-73.8159933855309, 40.69834429336267], [-73.81598837210726, 40.69834449943968], [-73.81598325046264, 40.69834471632246], [-73.81597809273173, 40.69834494138173], [-73.81597297107189, 40.69834516375361], [-73.8159678169245, 40.69834539705241], [-73.81596280344007, 40.69834562508639], [-73.81595777912142, 40.69834585859235], [-73.8159526285424, 40.69834610562005], [-73.8159475068066, 40.6983463554384], [-73.81594234899205, 40.698346610688404], [-73.81593734265196, 40.698346863435624], [-73.81593221367307, 40.69834712422083], [-73.8159270594193, 40.698347395944474], [-73.8159220422297, 40.698347659652796], [-73.81591688435437, 40.69834793685973], [-73.81591176613371, 40.6983482196194], [-73.81590660823551, 40.698348505060174], [-73.81590159459147, 40.69834879073144], [-73.81589654486872, 40.698349081834316], [-73.81589142661, 40.6983493783169], [-73.8158862975094, 40.698349683016225], [-73.81588114675547, 40.69834999317022], [-73.81587602484475, 40.698350306114904], [-73.81587097506115, 40.69835061917477], [-73.81586585673395, 40.698350940359056], [-73.815860702328, 40.69835126697494], [-73.81585568856983, 40.698351593815595], [-73.81585053054229, 40.69835192591482], [-73.81584540855548, 40.69835226630571], [-73.81584035869568, 40.69835260681185], [-73.81583535211972, 40.69835294464223], [-73.81583011828266, 40.698353304066934], [-73.81582496377776, 40.69835366636307], [-73.81581994995106, 40.698354017905096], [-73.81581489643156, 40.69835437761761], [-73.81580977076977, 40.69835474270405], [-73.81580461982557, 40.698355121473654], [-73.81579950494478, 40.69835550030071], [-73.81579437925254, 40.698355876365504], [-73.81578932566451, 40.698356260779796], [-73.8157842071393, 40.69835665332424], [-73.81577915714999, 40.69835704048861], [-73.81577403861709, 40.69835743577736], [-73.81576888037625, 40.69835784472616], [-73.8157638700339, 40.698358240187645], [-73.8157587406438, 40.698358649182175], [-73.81575358599403, 40.69835906362563], [-73.81574848181036, 40.69835948638394], [-73.8157434533829, 40.698359901028994], [-73.81573829509618, 40.69836032644498], [-73.8157331836769, 40.698360757425384], [-73.81572815521123, 40.69836118579355], [-73.81572300410676, 40.69836162219948], [-73.81571799726393, 40.69836205609139], [-73.81571287497222, 40.69836250626684], [-73.81570774546768, 40.698362956430564], [-73.81570258348314, 40.69836341477633], [-73.81569747921536, 40.69836386772476], [-73.81569246149246, 40.698364323556305], [-73.8156874293441, 40.69836477936455], [-73.81568227092762, 40.69836525143897], [-73.81567716659892, 40.69836572634457], [-73.81567204061675, 40.698366206704826], [-73.81566692546122, 40.69836668433741], [-73.81566189325179, 40.69836716210261], [-73.81565673477424, 40.698367656134], [-73.81565172780914, 40.698368133939205], [-73.81564660898623, 40.69836863352318], [-73.81564149016323, 40.69836913310691], [-73.81563646872692, 40.69836962735695], [-73.81563131741619, 40.6983701378673], [-73.81562608312888, 40.69837065922361], [-73.81562095703971, 40.69837117800821], [-73.8156158598165, 40.698371691349315], [-73.81561062910488, 40.69837222368974], [-73.81560544887463, 40.69837275885556], [-73.81560024339217, 40.69837329672549], [-73.81559511365828, 40.69837382922696], [-73.81558992257833, 40.69837437535383], [-73.81558471705763, 40.69837492694682], [-73.81557958728558, 40.6983754731714], [-73.81557441061558, 40.698376024810216], [-73.81556921588337, 40.69837658739889], [-73.8155640175447, 40.69837714998156], [-73.81555890216727, 40.69837770720744], [-73.81555366772692, 40.69837828345567], [-73.81554849460211, 40.69837885705711], [-73.81554339723347, 40.69837942254547], [-73.8155381988412, 40.698380004340315], [-73.81553300766156, 40.69838058614644], [-73.81552780924632, 40.69838117617514], [-73.81552270823298, 40.698381755380595], [-73.81551750980238, 40.698382350898285], [-73.81551231856922, 40.69838295191681], [-73.815507221124, 40.698383544851175], [-73.81550193248859, 40.698384156692214], [-73.8154967773111, 40.69838476051265], [-73.81549176641816, 40.69838535358505], [-73.81548656432751, 40.69838596830891], [-73.81548126481947, 40.69838659934497], [-73.81547619257265, 40.69838720878699], [-73.81547102653, 40.698387829057516], [-73.8154658135819, 40.69838845748685], [-73.81546071605226, 40.69838908061152], [-73.81545553194717, 40.69838971183143], [-73.81545036946495, 40.698390348575344], [-73.81544515647846, 40.698390990727596], [-73.81544007696502, 40.69839161936976], [-73.81543491445973, 40.69839226434727], [-73.8154296148671, 40.698392925573344], [-73.81542454976362, 40.69839355972747], [-73.81541945577119, 40.69839420755891], [-73.8154142932351, 40.69839486351452], [-73.81540899000535, 40.69839553571294], [-73.81540383465892, 40.6983961999139], [-73.81539883805296, 40.69839684241109], [-73.8153936863203, 40.69839750387268], [-73.81538840468268, 40.698398192573364], [-73.81538320963554, 40.69839886768889], [-73.81537816970726, 40.69839952658432], [-73.81537298545614, 40.698400209950975], [-73.81536779037829, 40.6984008960448], [-73.81536274682813, 40.698401560423335], [-73.81535746153789, 40.69840226558537], [-73.81535226283053, 40.698402959907], [-73.81534722645478, 40.69840363802019], [-73.81534206020446, 40.698404332393466], [-73.81533690116669, 40.69840502677804], [-73.81533182508271, 40.69840571855071], [-73.8153266155177, 40.69840642657764], [-73.81532137347261, 40.69840714278652], [-73.81531631901879, 40.69840783733798], [-73.81531114911583, 40.698408548172615], [-73.81530599003185, 40.6984092590244], [-73.81530082731851, 40.69840997810442], [-73.81529567543943, 40.69841069171204], [-73.81528777802663, 40.69841179616052], [-73.81527979762174, 40.69841291694394], [-73.81527178832768, 40.698414051404285], [-73.81526380789944, 40.69841518042088], [-73.81525579496804, 40.69841632585335], [-73.81524789024995, 40.69841746322468], [-73.81523987369643, 40.69841861413982], [-73.81523190040377, 40.69841977061336], [-73.81522395596164, 40.69842092713269], [-73.81521599346463, 40.69842209185679], [-73.81520808507034, 40.69842325392239], [-73.81520009007757, 40.6984244323171], [-73.81519208423495, 40.698425621672904], [-73.81518418301447, 40.69842679747229], [-73.81517614467602, 40.698428000498694], [-73.81516823621183, 40.69842918726444], [-73.81516032411824, 40.69843038225812], [-73.81515228934724, 40.69843159901243], [-73.81514438083656, 40.69843280224512], [-73.81513640014515, 40.698434024574716], [-73.81512844831187, 40.69843524420534], [-73.81512057584109, 40.6984364557286], [-73.81511258789801, 40.69843769176876], [-73.815104679325, 40.69843891695682], [-73.815096716603, 40.698440161270725], [-73.81508878634556, 40.69844140289148], [-73.8150807947417, 40.69844265813696], [-73.81507284281501, 40.698443910700874], [-73.81506497025084, 40.698445155157465], [-73.81505706159231, 40.69844641053459], [-73.81504913126487, 40.69844767685546], [-73.81504118289011, 40.6984489486363], [-73.81503321286162, 40.69845022587134], [-73.81502529332953, 40.69845150044222], [-73.81501740264797, 40.698452775058925], [-73.81500943256529, 40.69845407150567], [-73.81500151300177, 40.69845535705393], [-73.81499364391942, 40.69845664542763], [-73.81498576762404, 40.69845793378912], [-73.81497776503713, 40.69845924665007], [-73.81496983458477, 40.698460556881614], [-73.81496196186436, 40.698461856226345], [-73.81495402416816, 40.69846317742429], [-73.81494615503064, 40.69846448500802], [-73.81493822814525, 40.698465808966986], [-73.8149303301029, 40.6984671357166], [-73.81492244288687, 40.6984684597383], [-73.81491451956886, 40.69846979742525], [-73.81490662151032, 40.69847112966272], [-73.8148986693103, 40.698472478281246], [-73.8148908145122, 40.698473816076756], [-73.81488291280816, 40.698475162030626], [-73.81487497860853, 40.698476521655564], [-73.81486715265274, 40.69847786224059], [-73.81485923646898, 40.69847922738297], [-73.81485130224546, 40.69848059524054], [-73.81484341491195, 40.698481960428225], [-73.81483557807485, 40.698483322951795], [-73.81482767268602, 40.6984846963437], [-73.81481978169943, 40.698486077992506], [-73.81481193762575, 40.698487448737175], [-73.81480403579656, 40.69848883860178], [-73.81479620251079, 40.69849022034182], [-73.81478829346058, 40.69849161293852], [-73.81478039159991, 40.69849301378058], [-73.81477248973893, 40.69849441462206], [-73.8147646095005, 40.69849582098733], [-73.81475680502587, 40.698497216494964], [-73.81474889951937, 40.698498631052814], [-73.81474109862756, 40.698500034799466], [-73.8147331786644, 40.69850146031207], [-73.81472529115824, 40.69850288587637], [-73.81471743612423, 40.698504306002874], [-73.81470956662625, 40.69850573982944], [-73.81470172599415, 40.69850716821235], [-73.814693935866, 40.69850859118653], [-73.81468606273019, 40.69851003598471], [-73.81467813546806, 40.69851149167428], [-73.81467033447407, 40.698512931098], [-73.81466252625174, 40.69851437599912], [-73.81465466028914, 40.69851583453054], [-73.8146467907045, 40.69851729854518], [-73.81463892471832, 40.698518765309835], [-73.81463112366922, 40.69852022394421], [-73.81462325043145, 40.69852170441999], [-73.81461540605946, 40.698523179452145], [-73.81460763023097, 40.69852464635989], [-73.81459976418199, 40.69852613507993], [-73.81459193059754, 40.69852762110701], [-73.81458406812371, 40.69852912081083], [-73.81457629585435, 40.69853060419082], [-73.81456842613653, 40.698532114861], [-73.81456061776468, 40.69853361190566], [-73.81455282740909, 40.698535114468335], [-73.81454496127367, 40.69853663337702], [-73.81453714564222, 40.69853814687698], [-73.81452937690082, 40.69853965770725], [-73.81452153599356, 40.69854118214448], [-73.81451370948854, 40.69854271483877], [-73.81450594071552, 40.69854423664647], [-73.81449812140724, 40.69854577484083], [-73.8144903201304, 40.69854731306372], [-73.8144824755463, 40.69854886219537], [-73.81447466341143, 40.69855041412356], [-73.81446693065449, 40.6985519524553], [-73.81445915818888, 40.69855350444642], [-73.81445129549513, 40.69855508099448], [-73.81444346888752, 40.69855664936587], [-73.8144357974144, 40.69855819602867], [-73.81442795994876, 40.698559778105356], [-73.81442012245986, 40.69856136841579], [-73.81441238960865, 40.69856293968102], [-73.81440465314313, 40.698564513684644], [-73.81439685530783, 40.69856610954698], [-73.81438905746455, 40.69856770815359], [-73.81438126321191, 40.69856931225496], [-73.81437346894369, 40.69857092184534], [-73.81436575766736, 40.69857251510043], [-73.81435798502892, 40.698574127469406], [-73.81435017990987, 40.69857574801978], [-73.81434246497255, 40.69857736048081], [-73.81433470312149, 40.69857898384475], [-73.81432690516817, 40.69858062087375], [-73.814319211845, 40.698582241602374], [-73.81431141026927, 40.69858388411404], [-73.81430367000905, 40.698585523979325], [-73.81429596944142, 40.698587155673835], [-73.81428820750396, 40.69858880922697], [-73.81428044915728, 40.6985904682749], [-73.81427268720375, 40.69859212731653], [-73.814264928841, 40.69859379185296], [-73.81425723902942, 40.698595445520425], [-73.81424953476134, 40.698597110143126], [-73.8142417871859, 40.69859878567449], [-73.81423406124827, 40.69860046124025], [-73.81422628477522, 40.698602153192596], [-73.81421854437312, 40.698603842457864], [-73.81421082200245, 40.698605531751674], [-73.81420313208872, 40.698607221097404], [-73.8141954782612, 40.69860890226653], [-73.81418775224475, 40.698610605276826], [-73.81418000816545, 40.698612319236474], [-73.81417224965267, 40.698614035917146], [-73.81416454524262, 40.69861574993981], [-73.81415688773798, 40.69861745580343], [-73.81414917608377, 40.698619180792484], [-73.81414148968146, 40.69862090307703], [-73.81413380687742, 40.69862262811165], [-73.8141260843571, 40.69862436955026], [-73.8141183762694, 40.69862610826687], [-73.81411068981193, 40.69862784976266], [-73.81410303221261, 40.69862958855983], [-73.81409533851863, 40.698631338277224], [-73.81408761954137, 40.69863310167716], [-73.81408001243008, 40.698634840554355], [-73.81407231868894, 40.69863660673875], [-73.81406462854613, 40.69863837567328], [-73.8140570069622, 40.69864013099419], [-73.81404931318156, 40.69864191090091], [-73.81404162661323, 40.69864369081873], [-73.81403399776178, 40.698645465339766], [-73.81402630754802, 40.69864725897458], [-73.81401863898736, 40.698649047154326], [-73.81401098483644, 40.698650840846355], [-73.81400329819719, 40.698652645464485], [-73.81399570898313, 40.69865443102614], [-73.8139880800526, 40.698656232991745], [-73.81398037894068, 40.69865805405357], [-73.81397273194686, 40.69865986696807], [-73.81396512463039, 40.69866167720144], [-73.81395749925862, 40.6986634956394], [-73.81394985583162, 40.69866532228198], [-73.81394223043606, 40.69866714895323], [-73.81393460141841, 40.69866898110762], [-73.81392693990469, 40.69867082693288], [-73.81391935055626, 40.69867265915044], [-73.8139117106722, 40.698674507754426], [-73.81390409604005, 40.69867635365394], [-73.81389651025843, 40.698678199599584], [-73.81388890281521, 40.69868005374408], [-73.81388127009629, 40.69868191882625], [-73.81387368066106, 40.69868378123314], [-73.81386608039861, 40.698685646366805], [-73.81385845846685, 40.698687522444004], [-73.81385084373211, 40.6986894040219], [-73.81384329394999, 40.69869127198045], [-73.81383566837225, 40.69869316177413], [-73.81382807885782, 40.69869505162565], [-73.81382055430369, 40.6986969251131], [-73.81381293228505, 40.69869883137961], [-73.8138053499591, 40.698700729475576], [-73.81379775679058, 40.698702635787804], [-73.81377420127563, 40.698708581282], [-73.81375239958163, 40.69871412612786], [-73.81374483519971, 40.69871605444136], [-73.81373719139279, 40.698718012818325], [-73.81372969915282, 40.69871993575802], [-73.81372214915676, 40.69872187781718], [-73.81371457387726, 40.69872383355881], [-73.81370708521175, 40.69872576748189], [-73.81369950990835, 40.69872773145678], [-73.81369204647117, 40.69872967090932], [-73.81368448559242, 40.69873163490658], [-73.8136769570939, 40.6987336264035], [-73.81366941060905, 40.698735601402134], [-73.81366187133652, 40.69873757641198], [-73.81365438256819, 40.698739546013535], [-73.81364683965003, 40.69874153474034], [-73.81363931477094, 40.69874352075111], [-73.81363186565603, 40.69874549590498], [-73.81362431909183, 40.69874749834828], [-73.81361681582662, 40.6987494926269], [-73.81360934850204, 40.69875153087958], [-73.81360185603207, 40.69875353340901], [-73.81359434549908, 40.698755546887796], [-73.8135868133197, 40.698757563075795], [-73.81357929555003, 40.69875958477619], [-73.81357190048882, 40.698761573737585], [-73.81356441880504, 40.698763587261155], [-73.81355684326287, 40.698765633569465], [-73.81354936155515, 40.69876765532632], [-73.81354193758742, 40.698769663452374], [-73.81353448834389, 40.69877168251609], [-73.81352699578494, 40.698773715233024], [-73.81351942380847, 40.698775775268494], [-73.81351202866692, 40.69877779167367], [-73.81350460465084, 40.69877981626588], [-73.81349711926448, 40.69878186271632], [-73.81348963386228, 40.69878391465585], [-73.81348215207369, 40.69878596385595], [-73.81347469552159, 40.6987880158412], [-73.81346730394526, 40.69879004597313], [-73.81345979323514, 40.69879211982787], [-73.81345232943823, 40.69879418277904], [-73.81344652948705, 40.6987957818152], [-73.81343902957944, 40.698797861175656], [-73.8134300571012, 40.69880035535402], [-73.81341658394169, 40.698804102086456], [-73.81256933231646, 40.69904566532468], [-73.81250221938801, 40.699064069506605], [-73.8124948422311, 40.69906608038618], [-73.81248753725569, 40.69906807216944], [-73.81248017454661, 40.69907007483733], [-73.81247282627041, 40.69907207478345], [-73.81246543830024, 40.699074082898726], [-73.81245806478611, 40.699076080058], [-73.81245073096504, 40.69907806904718], [-73.81244337189106, 40.69908006073954], [-73.81243605613194, 40.69908203877809], [-73.81242867179692, 40.699084035917885], [-73.8124212730435, 40.69908603028889], [-73.81241395007032, 40.69908800831435], [-73.81240650079567, 40.69909001358116], [-73.81239910205643, 40.69909200246125], [-73.81239183323964, 40.69909395861534], [-73.81238447420074, 40.699095936580065], [-73.81237699246675, 40.699097941792125], [-73.8123696622936, 40.699099914313415], [-73.81236224913432, 40.699101900422846], [-73.81235485762065, 40.699103883822325], [-73.81234752746163, 40.69910585085269], [-73.81234011790745, 40.699107836966576], [-73.81233276247961, 40.69910981218916], [-73.81232536014502, 40.69911179556909], [-73.81231788564342, 40.699113792554705], [-73.81231052306333, 40.699115745806054], [-73.81230318939576, 40.699117677145836], [-73.81229574741228, 40.69911965222486], [-73.81228831625522, 40.699121624576335], [-73.81228092120806, 40.69912358051754], [-73.81227350089253, 40.699125544651395], [-73.81226608781252, 40.699127500562284], [-73.81224837799911, 40.699132167980714], [-73.81222161664445, 40.69913919760258], [-73.81221420359232, 40.699141142531055], [-73.81220672918465, 40.69914310382757], [-73.81219928005999, 40.699145051441], [-73.81219185619507, 40.69914699360563], [-73.81218446482603, 40.69914892209894], [-73.81217697961286, 40.69915087788635], [-73.81216959906986, 40.69915280365158], [-73.81216217884061, 40.69915473484116], [-73.81213976656544, 40.69916056933113], [-73.81182854724344, 40.69924111682495], [-73.81182336462206, 40.69924246426954], [-73.8118009522568, 40.69924830967246], [-73.81179344176093, 40.69925027088321], [-73.81178600705329, 40.699252213003945], [-73.8117785470694, 40.69925416606191], [-73.81177105821061, 40.69925612730655], [-73.81176363070674, 40.69925807218238], [-73.81175619579587, 40.699260085664925], [-73.81174873939338, 40.69926204696118], [-73.81174131186495, 40.699264000069874], [-73.81173383740635, 40.69926596956994], [-73.8117263629473, 40.69926793906954], [-73.81171889931474, 40.69926990584158], [-73.81171153671532, 40.699271853564994], [-73.81170408028696, 40.69927382309261], [-73.8116965805348, 40.69927580901751], [-73.8116891710043, 40.69927777313136], [-73.81168172899251, 40.69927974542591], [-73.81167430501223, 40.69928171774951], [-73.81166689548043, 40.69928368186193], [-73.81165946427105, 40.69928565966224], [-73.81165201501359, 40.6992876429221], [-73.81164459463027, 40.699289617994424], [-73.81163713808164, 40.699291628689124], [-73.81162975736784, 40.69929360382538], [-73.8116223514088, 40.6992955789199], [-73.81161492377211, 40.69929756770229], [-73.81160751057608, 40.69929955101829], [-73.81160008653715, 40.699301542550366], [-73.81159270580567, 40.69930352317382], [-73.81158524928493, 40.69930552288609], [-73.81157784328445, 40.69930751170151], [-73.81157046248958, 40.699309514281595], [-73.81156307811894, 40.699311505876274], [-73.8115556937478, 40.69931349747046], [-73.81154826608385, 40.6993154944828], [-73.81154087087708, 40.69931749154783], [-73.8115334864969, 40.69931948588536], [-73.81152604076851, 40.699321493845815], [-73.81151867803365, 40.69932348547306], [-73.81151128280958, 40.69932548802571], [-73.81150387315947, 40.69932749055425], [-73.81149651040775, 40.69932948766958], [-73.81148911878876, 40.69933149022674], [-73.81148174858274, 40.69933357241688], [-73.8114596529852, 40.69933960766158], [-73.81125257147492, 40.69939587095929], [-73.81115166008439, 40.69942258499044], [-73.81064402064442, 40.699561717892365], [-73.81060081231502, 40.69957427549826], [-73.81052468795619, 40.69959700318418], [-73.81045766548364, 40.69961744568961], [-73.81036548471627, 40.699646665662904], [-73.81033778467598, 40.69965517547771], [-73.81031428118949, 40.699662887983614], [-73.810290846079, 40.69967065000333], [-73.81026738576497, 40.6996783955081], [-73.8101775080165, 40.69970808299392], [-73.81015104421246, 40.69971684732177], [-73.81012877514432, 40.69972418853681], [-73.81010731850292, 40.6997311852466], [-73.81008389457021, 40.699738804514425], [-73.81006438008666, 40.699745134696286], [-73.81004277666402, 40.699753012223894], [-73.81001810668316, 40.69976126620917], [-73.80999283460207, 40.6997694560654], [-73.8099624332377, 40.69977922941543], [-73.80993126311536, 40.6997892046011], [-73.80990395189944, 40.699797909832526], [-73.80988054287808, 40.6998053424391], [-73.80986109013475, 40.6998115080021], [-73.80984156881857, 40.699817689917154], [-73.8098182139816, 40.69982508691849], [-73.80979094616221, 40.69983374004408], [-73.80975985557309, 40.69984363022688], [-73.8097326597889, 40.69985231090546], [-73.80970940575124, 40.69985976294683], [-73.809686144425, 40.69986723967442], [-73.80966678159494, 40.69987347946213], [-73.80964745486483, 40.699879705582426], [-73.80962037077254, 40.69988841386694], [-73.80959331557166, 40.69989710572425], [-73.8095701048271, 40.69990454134047], [-73.80953922696774, 40.69991442632608], [-73.8092053265583, 40.70002290392013], [-73.80916673026336, 40.700035482356895], [-73.80914352987307, 40.7000430469086], [-73.80912031861884, 40.700050625161495], [-73.80909711102086, 40.700058184202334], [-73.80907386729808, 40.70006576239204], [-73.80905061277431, 40.70007333232478], [-73.80903121717817, 40.700079637825766], [-73.80901182161774, 40.70008592959973], [-73.80899238639842, 40.70009221581504], [-73.80896513965524, 40.70010098955002], [-73.80893383200718, 40.7001110273672], [-73.80890276283176, 40.700120906374984], [-73.80888319805089, 40.70012709080015], [-73.80886366577953, 40.70013325606258], [-73.80884016285898, 40.7001406526196], [-73.80881662749883, 40.700148040883654], [-73.80879309940147, 40.70015540994154], [-73.80877343373767, 40.70016155300887], [-73.80874988046435, 40.700168894568364], [-73.80872233129861, 40.7001774646302], [-73.80869870953865, 40.700184789596804], [-73.8086711027195, 40.70019333759238], [-73.80863957584099, 40.70020307852967], [-73.80861583868781, 40.70021039230829], [-73.80859611188666, 40.7002164638796], [-73.80856841136011, 40.70022498150219], [-73.80853282740536, 40.700235895914716], [-73.8082122683394, 40.700332873010204], [-73.80819189564016, 40.70033903675824], [-73.80816045253496, 40.700348442841644], [-73.8081369072336, 40.70035547412974], [-73.80811330783823, 40.700362502578045], [-73.80808185046672, 40.70037184548641], [-73.80805824394959, 40.70037883822953], [-73.80803457970822, 40.70038583636105], [-73.80801088301163, 40.70039283168883], [-73.8079872621486, 40.700399791456164], [-73.80795562815156, 40.700409090118995], [-73.8079240050758, 40.70041835036461], [-73.80790026163805, 40.70042528795136], [-73.80787648214654, 40.70043221998352], [-73.80784475458788, 40.70044143611659], [-73.8078209102475, 40.70044834058127], [-73.80779710566834, 40.70045521217008], [-73.80777325781453, 40.70046208093699], [-73.80774938836454, 40.70046893319422], [-73.80772539625009, 40.700475798965456], [-73.80770154856361, 40.70048260458801], [-73.80766960131842, 40.700491696791], [-73.80763766862502, 40.700500742348304], [-73.80761368397779, 40.70050751204167], [-73.80758961638477, 40.70051427884663], [-73.8075575901154, 40.70052325011647], [-73.80752550260658, 40.70053219382721], [-73.8074933538029, 40.700541129192196], [-73.80746116543831, 40.70055002331041], [-73.80743706213026, 40.70055665827469], [-73.807412811063, 40.700563254559825], [-73.8073805832516, 40.700572063501575], [-73.80735637906525, 40.70057865710851], [-73.8073321424555, 40.70058523693223], [-73.80729975608867, 40.700593993435255], [-73.80726742755975, 40.7006027006201], [-73.80723496561448, 40.7006113965934], [-73.80720251459928, 40.7006200514042], [-73.80717000954995, 40.700628681412404], [-73.8071375298804, 40.70063726204804], [-73.80710496369477, 40.70064582606088], [-73.8070723615233, 40.700654359811686], [-73.80704787656704, 40.7006607470252], [-73.80702343138857, 40.700667095873385], [-73.80699073561851, 40.70067556356963], [-73.80695800386276, 40.700684001003715], [-73.80693346864035, 40.70069030302065], [-73.80690889738028, 40.70069659399279], [-73.80688127280615, 40.700703648373086], [-73.80685152971843, 40.700711217953724], [-73.80682281530649, 40.70071850105204], [-73.80680076341842, 40.70072408258857], [-73.80677310293169, 40.70073107649761], [-73.80674071813124, 40.70073924271993], [-73.80672120713548, 40.700744158783046], [-73.80669744461112, 40.70075013267452], [-73.80667371098208, 40.70075609014098], [-73.8066499123923, 40.700762061217276], [-73.8066261535253, 40.70076801314196], [-73.80660238021224, 40.70077397052706], [-73.80657859969784, 40.70077992240559], [-73.80655485527593, 40.7007858633608], [-73.80639209418263, 40.7008267063901], [-73.8063551581747, 40.70083601216328], [-73.80633052210483, 40.70084222879414], [-73.80630593651327, 40.70084844824943], [-73.80627729056172, 40.70085571211353], [-73.80625680849849, 40.70086092015422], [-73.80623633000657, 40.700866139176334], [-73.80620772356765, 40.70087345249558], [-73.80618323153834, 40.70087973521195], [-73.8061627925866, 40.70088499545921], [-73.80613829321614, 40.7008913193253], [-73.8061138479144, 40.700897651511546], [-73.80608941336361, 40.70090400566892], [-73.80606091471181, 40.700911448137546], [-73.80603247004724, 40.70091892637217], [-73.80600810010226, 40.70092538217774], [-73.80597968779641, 40.70093289064636], [-73.8059472293686, 40.70094150391934], [-73.80591887100259, 40.700949061869785], [-73.80589456943912, 40.700955558938226], [-73.80587437523546, 40.70096097325433], [-73.80585009882091, 40.70096750054831], [-73.80581778432355, 40.70097621558418], [-73.80578953387507, 40.700983858772815], [-73.80576936833839, 40.70098933075907], [-73.80574923164235, 40.70099480553531], [-73.80572907325599, 40.70100029673999], [-73.80570896897184, 40.7010057852877], [-73.80568885022636, 40.70101128478658], [-73.80566873867456, 40.70101678978367], [-73.80563658612593, 40.70102560659871], [-73.80529946508733, 40.70111888060031], [-73.80528028814871, 40.70112418399736], [-73.80490930721177, 40.70122759914443], [-73.80487474670966, 40.70123716647782], [-73.80483054538159, 40.701249390862245], [-73.80480636208705, 40.701256069056605], [-73.80478624306298, 40.70126161231368], [-73.80475798839103, 40.70126938424637], [-73.80472569124319, 40.70127823349912], [-73.8046933544955, 40.70128705522783], [-73.80466503149532, 40.70129475291298], [-73.80464074027797, 40.701301326588016], [-73.80461641304706, 40.70130788098338], [-73.80459612837348, 40.701313327859], [-73.80457582570425, 40.70131876097667], [-73.80455145894983, 40.701325260395734], [-73.80453112751783, 40.70133066051937], [-73.80450661993963, 40.70133721458527], [-73.80447425159346, 40.70134572329474], [-73.8044415044743, 40.70135425879927], [-73.80441697946607, 40.701360601469], [-73.80439654746476, 40.70136585318027], [-73.80437609388552, 40.70137108289303], [-73.80435560430237, 40.70137629058282], [-73.80433304311677, 40.70138199155116], [-73.80430639281754, 40.70138868191525], [-73.8042693843507, 40.70139789357397], [-73.80424058694292, 40.70140499473228], [-73.8042158680074, 40.70141104333865], [-73.80419320997828, 40.70141655472554], [-73.80417050513317, 40.70142204132533], [-73.80414988618351, 40.70142707858252], [-73.80412507021033, 40.701433006234296], [-73.8040961075738, 40.70143986828004], [-73.80406710898708, 40.70144668908574], [-73.80403809251507, 40.701453457702975], [-73.80400904369955, 40.70146018508624], [-73.80398410565273, 40.70146591762093], [-73.80395501377409, 40.70147256806361], [-73.80393006507605, 40.701478240183455], [-73.8039092198325, 40.70148295312886], [-73.80388629951089, 40.70148811267757], [-73.80385505346823, 40.701495116245056], [-73.80382165312051, 40.70150252510335], [-73.803796556904, 40.701508070683296], [-73.80377572998137, 40.70151267933442], [-73.80375062296994, 40.701518213906816], [-73.80372137301259, 40.701524641694355], [-73.80368373248604, 40.701532885927065], [-73.80348948538087, 40.70157524939088], [-73.80345646781086, 40.701582466662714], [-73.80342505614269, 40.7015893463159], [-73.80339935728684, 40.701594986847134], [-73.8033720776738, 40.70160099521646], [-73.8033399548702, 40.70160808772383], [-73.80331270760806, 40.70161412907169], [-73.80329029620187, 40.70161912468508], [-73.80325701450184, 40.701626615925555], [-73.80322056059538, 40.70163479890543], [-73.803189595764, 40.70164178904926], [-73.80316046419526, 40.7016483925622], [-73.8031295893687, 40.70165543224975], [-73.80308962698659, 40.70166458907095], [-73.80305853537195, 40.701671757372836], [-73.80302991944653, 40.70167838369324], [-73.80299731543217, 40.70168597208546], [-73.80296075218642, 40.7016945198507], [-73.8029241815803, 40.70170311425285], [-73.80289238927195, 40.70171061617241], [-73.80286297526247, 40.701717581436476], [-73.80269418865585, 40.70175775291845], [-73.80267065380743, 40.7017633256325], [-73.80215096997142, 40.70188629137348], [-73.80031329431995, 40.70232155414516], [-73.80027161939329, 40.7023314563404], [-73.80024442793837, 40.702337938967524], [-73.79999404846346, 40.702397820546], [-73.79996287598111, 40.702405270583256]]]}, "properties": {"objectid": "1", "service_name": "Nassau Street Express", "service": "J", "shape_stlength": "70656.68490562918"}}, {"type": "Feature", "geometry": {"type": "MultiLineString", "coordinates": [[[-74.00381844975472, 40.712713456171144], [-74.00383898338083, 40.712681833087636], [-74.00385981269949, 40.712648947399984], [-74.00386959437641, 40.71263383990258], [-74.00387967544258, 40.712618759841874], [-74.00389018933824, 40.71260330098848], [-74.0039010711561, 40.712587833887326], [-74.0039123966394, 40.71257225149007], [-74.0039243858097, 40.71255633146329], [-74.0039369016137, 40.71254038396967], [-74.00395000176592, 40.7125244227307], [-74.00396376922693, 40.71250839833778], [-74.00397825089298, 40.712492379408026], [-74.00399349005778, 40.71247651141202], [-74.00401188171806, 40.712458557285125], [-74.0040314673377, 40.71244078152298], [-74.00406713280951, 40.71241158423621], [-74.00410730718603, 40.71238293024037], [-74.0041498407347, 40.712356683301564], [-74.00419426093345, 40.71233298341734], [-74.00423658922963, 40.71231333486146], [-74.00427617991957, 40.71229712557843], [-74.00430227678791, 40.7122874301069], [-74.00432836647956, 40.712278429054486], [-74.0043535472297, 40.712270328312485], [-74.0043787280075, 40.712262740835435], [-74.00440386913245, 40.712255625453416], [-74.00442895617323, 40.71224893001658], [-74.00445402880455, 40.712242594138644], [-74.00447898963301, 40.71223659312052], [-74.00450378815692, 40.71223088853765], [-74.00452848208654, 40.71222542274782], [-74.00455307502607, 40.71222014909008], [-74.0045774154764, 40.7122150593361], [-74.00460159000421, 40.71221009035316], [-74.0046255913931, 40.71220520920449], [-74.00464941603306, 40.71220037197409], [-74.0046722631545, 40.71219571044326], [-74.00469898064243, 40.71219018140516], [-74.0047176543849, 40.71218630778226], [-74.00474791397072, 40.71217968891711], [-74.0047581038959, 40.71217739936488], [-74.00479632419335, 40.71216837300143], [-74.00483661125803, 40.71215801807365], [-74.00484435196032, 40.712155879578575], [-74.0048778865657, 40.71214640049933], [-74.00489177362977, 40.71214222512708], [-74.00490092827013, 40.71213947448617], [-74.00492456871461, 40.71213207359897], [-74.0049388489144, 40.712127450807984], [-74.0049479782819, 40.712124442156785], [-74.00497131209288, 40.71211678875505], [-74.0049856860625, 40.71211205341897], [-74.00499460261487, 40.712109157308525], [-74.00502456611724, 40.71209937916237], [-74.00503230677664, 40.71209684266412], [-74.00504052714719, 40.71209386423774], [-74.00506321884178, 40.712085812854944], [-74.00507864602473, 40.71208044342086], [-74.00508592136622, 40.71207794536624], [-74.00510687449737, 40.71207083550498], [-74.00513145267533, 40.712062569933565], [-74.0051480268958, 40.71205706045618], [-74.00517809493927, 40.71204703798149], [-74.00518967344274, 40.71204318655899], [-74.0051972914474, 40.71204064456566], [-74.00520109323377, 40.712039354355824], [-74.0052049058424, 40.712038077869146], [-74.00520870041579, 40.71203680687268], [-74.00521250580954, 40.712035524896535], [-74.00521615970884, 40.71203429507767], [-74.00521999035115, 40.71203300212111], [-74.0052238101722, 40.71203171190969], [-74.00522755424538, 40.71203044091489], [-74.00523138127949, 40.71202913972387], [-74.00523519388501, 40.712027838533324], [-74.005238833354, 40.71202659499057], [-74.00524260988823, 40.71202529380142], [-74.0052463936365, 40.71202399261185], [-74.00525018459817, 40.71202268318749], [-74.00525395391753, 40.71202137925358], [-74.0052576402751, 40.71202009728143], [-74.00526142402148, 40.71201877962277], [-74.00526520776731, 40.712017456474456], [-74.00526888330226, 40.71201616352334], [-74.00527263097699, 40.712014843121246], [-74.00527637143689, 40.7120135172298], [-74.00528005418454, 40.71201221055419], [-74.00528380546439, 40.712010870938215], [-74.00528758559958, 40.71200951485219], [-74.00529132966447, 40.712008169746746], [-74.00529509897741, 40.71200680542671], [-74.00529869876097, 40.71200549875434], [-74.00530244643079, 40.7120041316903], [-74.00530607867603, 40.7120028003133], [-74.00530973256262, 40.712001455211436], [-74.00531357401243, 40.71200003599222], [-74.00531730725145, 40.71199864697023], [-74.00532088899624, 40.71199731010562], [-74.00532450320328, 40.711995954026094], [-74.0053282400474, 40.71199454579023], [-74.00533194082085, 40.7119931430455], [-74.00533558748822, 40.7119917485374], [-74.00533924858321, 40.71199034579428], [-74.00534293492643, 40.711988926581235], [-74.00534644091955, 40.711987570506004], [-74.00535015611729, 40.711986126588585], [-74.00535379917437, 40.711984701887694], [-74.00537205412442, 40.71197743839688], [-74.00537531483661, 40.711976120758855], [-74.00539024412758, 40.71196998826236], [-74.00540003707205, 40.71196590085272], [-74.00541093013598, 40.711961264438074], [-74.00543151151477, 40.71195231554454], [-74.00544332793393, 40.71194697367941], [-74.00545184758451, 40.71194311139606], [-74.00547785015881, 40.71193098380285], [-74.00548624714305, 40.71192686625987], [-74.0055003034353, 40.71192000642866], [-74.00552250418237, 40.711908724393645], [-74.00552735912754, 40.711906234661456], [-74.00554445241467, 40.71189731610745], [-74.0055619821097, 40.71188784583265], [-74.00558756244301, 40.71187369809006], [-74.0055967168046, 40.71186840848881], [-74.00560876391569, 40.711861474633416], [-74.00561481632197, 40.71185794731907], [-74.00563341716273, 40.711846813655264], [-74.0056520504464, 40.71183550706679], [-74.00567055384488, 40.711823923260724], [-74.00567421484696, 40.711821620224924], [-74.0056778830616, 40.71181930072009], [-74.00568157652374, 40.71181695925577], [-74.00568527359125, 40.71181460132259], [-74.00568894540963, 40.71181225162481], [-74.00569259919227, 40.71180990192781], [-74.00569618804984, 40.71180758517106], [-74.00569987789937, 40.711805194300624], [-74.0057035641406, 40.7118027924512], [-74.0057071097083, 40.7118004290353], [-74.00571072020199, 40.71179804914749], [-74.00571440644055, 40.7117956253396], [-74.00571801693349, 40.711793242706804], [-74.00572162021173, 40.71179085732948], [-74.00572528841259, 40.71178841705358], [-74.00572888086813, 40.71178602069755], [-74.00573252021204, 40.711783583167566], [-74.00573610184482, 40.71178117583281], [-74.00573967265464, 40.71177875202985], [-74.00575407852392, 40.71176895799942], [-74.00576840502684, 40.71175909260732], [-74.00577193976197, 40.71175665233661], [-74.0057755177777, 40.71175416265789], [-74.00577911382713, 40.71175165650957], [-74.00578263413102, 40.71174919153639], [-74.00578616165002, 40.711746740286586], [-74.00578974326936, 40.71174422315963], [-74.00579330324662, 40.71174171426791], [-74.00579687404341, 40.71173918890697], [-74.00580042319815, 40.71173667178133], [-74.00580393628346, 40.7117341738707], [-74.00580749625702, 40.71173163478617], [-74.00581105262297, 40.71172909295697], [-74.0058146089949, 40.711726622491476], [-74.00581811125684, 40.71172411360192], [-74.0058216207366, 40.71172164862807], [-74.00582518431376, 40.71171908483997], [-74.0058287082146, 40.71171654301184], [-74.00583222490073, 40.71171399843923], [-74.0058357848683, 40.71171141543761], [-74.00583926548451, 40.711708887335156], [-74.00584274609999, 40.71170635374311], [-74.00584624835577, 40.711703798191714], [-74.00584984440125, 40.711701308509774], [-74.00585339354521, 40.711698714529106], [-74.00585689220033, 40.711696241320475], [-74.00586040527463, 40.71169366655476], [-74.00586394720287, 40.71169106433987], [-74.005870937279, 40.71168591206503], [-74.00588592373305, 40.71167480050252], [-74.00590492823095, 40.711660960438415], [-74.00590882722871, 40.71165803981142], [-74.0059236838101, 40.711646870610586], [-74.00594260171903, 40.71163299486275], [-74.00594657645392, 40.711629980908654], [-74.00596140418422, 40.71161901481679], [-74.00598424628886, 40.711601891805095], [-74.00599480348598, 40.711593827144505], [-74.00602161668054, 40.71157353646289], [-74.00602807650858, 40.71156857084997], [-74.0060590122907, 40.711545189341415], [-74.00609668923646, 40.71151701236803], [-74.00612854832401, 40.711493004985876], [-74.00616027032187, 40.711469019560326], [-74.00619201033632, 40.711445078041145], [-74.00619935021574, 40.711439588121614], [-74.00623314610533, 40.71141429331246], [-74.00625588709786, 40.711397444728114], [-74.00627559113816, 40.71138283054133], [-74.00628732772458, 40.711374216836894], [-74.00631392439448, 40.7113547358033], [-74.00631881163297, 40.711351186557515], [-74.00635762819665, 40.71132306158589], [-74.00638403730457, 40.711304063624496], [-74.00638900388834, 40.711300486923705], [-74.00642045892155, 40.71127798910175], [-74.00645198968127, 40.71125548577742], [-74.0064896015096, 40.71122874144393], [-74.0065262755358, 40.71120264217034], [-74.00655909386815, 40.71117937295475], [-74.00656301807145, 40.711176584052545], [-74.00659309159948, 40.71115524180682], [-74.00659975696857, 40.711150498475526], [-74.006624438303, 40.71113293881307], [-74.00663643090776, 40.711124390932305], [-74.00666472982556, 40.71110411648255], [-74.00667299659868, 40.711098203785504], [-74.00670231620006, 40.711077037219454], [-74.00670945403883, 40.7110719123323], [-74.00673977629401, 40.711049925014294], [-74.00674581044757, 40.71104556872294], [-74.00677718585094, 40.711022735946415], [-74.0067820730354, 40.71101913727509], [-74.00681450158827, 40.71099548923187], [-74.00681830313188, 40.71099271405191], [-74.00682438055044, 40.710988267176724], [-74.00685447908633, 40.710966216711945], [-74.00689061172095, 40.71093965623355], [-74.00692009343778, 40.71091788575417], [-74.00692661807378, 40.710913032621754], [-74.00694683398196, 40.710898017553], [-74.00696208697418, 40.71088665331497], [-74.0069677567988, 40.71088240682441], [-74.00699951069572, 40.71085869015038], [-74.00700627696553, 40.71085358722536], [-74.00703720486531, 40.71083026858171], [-74.0070442308111, 40.71082492958895], [-74.00707474388733, 40.71080172624051], [-74.0070816003052, 40.71079646959875], [-74.00711212054634, 40.710773049403606], [-74.00711881825723, 40.71076787236758], [-74.00714933123433, 40.71074422983719], [-74.00715583777726, 40.71073915162229], [-74.00718631102437, 40.71071526480059], [-74.00719261918599, 40.71071028815219], [-74.0072230779542, 40.71068617625108], [-74.0072292310154, 40.710681268229436], [-74.00725963922851, 40.71065687910069], [-74.0072656119425, 40.71065205892086], [-74.00729591910428, 40.710627414525916], [-74.00730165375528, 40.71062264925453], [-74.00733193561311, 40.710597749588686], [-74.00733747909628, 40.71059307216005], [-74.00736760940167, 40.71056789527339], [-74.00737306992954, 40.71056331940458], [-74.00740303424874, 40.7105378158924], [-74.00740828557605, 40.71053334433635], [-74.00743748160446, 40.71050812357505], [-74.00744321260657, 40.71050316616341], [-74.00746900748194, 40.710480553138396], [-74.00747847136746, 40.710472241382796], [-74.00750092641634, 40.71045225530528], [-74.00751415562642, 40.71044045470805], [-74.00753257478293, 40.7104238284771], [-74.00754883353173, 40.71040900020433], [-74.00756393454013, 40.71039521501514], [-74.00758328414406, 40.710377383764055], [-74.00759502733116, 40.71036642315265], [-74.00761737400062, 40.7103455752038], [-74.0076259108717, 40.710337483078305], [-74.00765125820642, 40.710313604705995], [-74.00765660320415, 40.71030845792063], [-74.00768684102773, 40.71027944101927], [-74.00771095837753, 40.71025597991972], [-74.00773514421923, 40.71023231020847], [-74.0077592398587, 40.710208555410425], [-74.00777337766371, 40.71019438873631], [-74.00779185779128, 40.71017592072343], [-74.00780348539358, 40.71016418333044], [-74.0078243422155, 40.71014313781894], [-74.00783322159286, 40.71013412890381], [-74.00785668592641, 40.710110283550875], [-74.00786286758063, 40.710103992132616], [-74.00788892860687, 40.710077407322416], [-74.0078924305787, 40.71007383889083], [-74.0079211171418, 40.710044456979944], [-74.007953258755, 40.71001151486582], [-74.00798087050737, 40.70998318974771], [-74.00798538951605, 40.70997857823289], [-74.00801034682607, 40.70995299805447], [-74.00801755992131, 40.70994563335376], [-74.00803988083197, 40.709922822818115], [-74.00804975194066, 40.70991272140117], [-74.0080693931708, 40.709892661299385], [-74.00808197639375, 40.709879831395206], [-74.00811420081807, 40.709846966083], [-74.00811912373844, 40.709841926351295], [-74.00814637110821, 40.70981411997878], [-74.00815353728632, 40.70980678546507], [-74.00817545055942, 40.70978433724032], [-74.00818079182648, 40.709778858314195], [-74.00820446505668, 40.70975453528569], [-74.00820796699193, 40.7097509448862], [-74.00823907685476, 40.70971904302971], [-74.00825634126453, 40.7097013353274], [-74.00826766933648, 40.709689704954], [-74.00829930569174, 40.7096572513458], [-74.00833089152064, 40.70962481420097], [-74.00836247010106, 40.709592346855516], [-74.00839400536294, 40.709559846567224], [-74.00842556584425, 40.70952735724737], [-74.00845697479522, 40.70949481303457], [-74.00848842339217, 40.7094622688102], [-74.00851983949225, 40.70942969713181], [-74.00855127720547, 40.70939714191169], [-74.00857921661151, 40.709368264926056], [-74.00858271489368, 40.70936463059905], [-74.00861015659319, 40.70933637944887], [-74.00861425715469, 40.709332132993694], [-74.00864110376027, 40.70930450219698], [-74.00864581381386, 40.709299643612766], [-74.00867209779061, 40.709272644146466], [-74.00867743537032, 40.709267176176255], [-74.00868530108812, 40.70925913617208], [-74.00869272321152, 40.70925157653441], [-74.00869853684287, 40.70924562819374], [-74.00870596617646, 40.709238063065136], [-74.00871175456253, 40.7092321586419], [-74.00871921274724, 40.70922458253119], [-74.00872502638501, 40.70921871927677], [-74.00873252784476, 40.7092111019905], [-74.00873832705311, 40.70920524422605], [-74.00874587900674, 40.70919762419026], [-74.00875163493653, 40.70919182132366], [-74.00875921574202, 40.70918419579528], [-74.008764957246, 40.70917842586628], [-74.00877258493374, 40.709170761906705], [-74.00877830119326, 40.709165041384715], [-74.00878601904364, 40.7091573170326], [-74.00879168841927, 40.70915166238779], [-74.00879947118834, 40.70914391332695], [-74.0088051153203, 40.70913831357864], [-74.00881296300726, 40.70913053431948], [-74.00881855664916, 40.70912500593823], [-74.0088264728548, 40.70911714981958], [-74.00883201961359, 40.70911169280509], [-74.00884006205075, 40.70910377354619], [-74.00884551143737, 40.709098448287165], [-74.00885365485438, 40.70909044393192], [-74.00885906817814, 40.70908518454932], [-74.00886730536774, 40.709077144503965], [-74.00887265738153, 40.7090719619788], [-74.00888104604846, 40.70906383957788], [-74.00888949240938, 40.709055604636575], [-74.00889472180054, 40.70905054837895], [-74.00891681146902, 40.70902924730814], [-74.0089222211858, 40.70902406203144], [-74.0089329360391, 40.709013867150176], [-74.00894854488132, 40.70899902225878], [-74.00895526374707, 40.708992609969606], [-74.00896417174982, 40.708984166384816], [-74.00896957425127, 40.70897902502263], [-74.0089797012281, 40.7089693407087], [-74.00898328606914, 40.7089659671151], [-74.00899541827133, 40.70895459735869], [-74.00901119301815, 40.70893985125722], [-74.00902686676606, 40.70892512163008], [-74.00903902421229, 40.70891382872039], [-74.00904266675681, 40.70891044414132], [-74.00905298127388, 40.70890076529565], [-74.00905839460044, 40.708895755677005], [-74.00906703933121, 40.70888775401175], [-74.00907422704417, 40.70888111111849], [-74.00909000897941, 40.70886643362457], [-74.00910006023304, 40.7088571665099], [-74.00911301830526, 40.70884523125446], [-74.00913600236005, 40.70882397124163], [-74.00915899001015, 40.70880273318196], [-74.00916626425975, 40.708796007933124], [-74.00917306606419, 40.708789746586405], [-74.00918708440035, 40.70877674901464], [-74.00920116043768, 40.70876372124408], [-74.00921519319441, 40.70875075111537], [-74.00922914658307, 40.708737706882594], [-74.00924316128813, 40.70872469283563], [-74.00925708942121, 40.708711676049106], [-74.0092615830646, 40.708707478944646], [-74.00927101393353, 40.7086985988764], [-74.00928491679923, 40.708685524448455], [-74.00929233887189, 40.70867854666136], [-74.00929874391295, 40.70867244179068], [-74.00931258906049, 40.70865939206689], [-74.00932293954686, 40.70864955674228], [-74.00932639812339, 40.70864627098051], [-74.00934011700369, 40.70863311970738], [-74.00935383949397, 40.708620028817045], [-74.00937781863855, 40.70859688576686], [-74.0094131471226, 40.708562353761145], [-74.00944169187767, 40.70853425877101], [-74.00946084548896, 40.708515181093375], [-74.00946997689965, 40.708506084196905], [-74.00947801555682, 40.70849799471781], [-74.00948535096312, 40.70849059972121], [-74.00949504855355, 40.70848081109568], [-74.00949859003117, 40.708477239866426], [-74.00951178580274, 40.70846382237365], [-74.00952496353094, 40.70845038017797], [-74.00952891973276, 40.7084463395589], [-74.00953811599919, 40.708436894066615], [-74.00954572905958, 40.708429048901884], [-74.0095512251753, 40.70842338050969], [-74.0095643126995, 40.70840983127115], [-74.00957735332787, 40.70839627654543], [-74.00959035787785, 40.70838269437361], [-74.00959582151945, 40.708376995789536], [-74.00960334077999, 40.70836910396781], [-74.0096124071636, 40.708359567903166], [-74.0096162948164, 40.70835547788105], [-74.00962925606015, 40.70834184355785], [-74.009642152372, 40.70832819277005], [-74.00964544136194, 40.708324701155476], [-74.00965503424733, 40.70831451727911], [-74.00966190794358, 40.70830721288699], [-74.00966789808011, 40.70830082257488], [-74.00968076551094, 40.708287103166015], [-74.00969470040785, 40.70827220890706], [-74.00971103711565, 40.70825472338713], [-74.009727391839, 40.708237166499465], [-74.00974125096901, 40.70822226400692], [-74.00975998944958, 40.70820207742945], [-74.00977137822264, 40.708189771688765], [-74.00977624676051, 40.708184517798216], [-74.00979247520732, 40.70816695542235], [-74.00980141166441, 40.708157257412495], [-74.00980868200222, 40.70814937932219], [-74.00983138375491, 40.70812471019637], [-74.00983948353684, 40.708115926261236], [-74.00986136302582, 40.70809213552402], [-74.00987026700165, 40.70808244300106], [-74.00989128455602, 40.70805955261438], [-74.00990101436464, 40.70804894601183], [-74.00992116277229, 40.70802695597674], [-74.00993177251779, 40.70801545175802], [-74.00995108424728, 40.70799439500936], [-74.00996254146274, 40.70798197121874], [-74.00998108504567, 40.707961842261525], [-74.00999336809383, 40.70794853732707], [-74.01001113631814, 40.70792933616232], [-74.0100242848743, 40.70791515831441], [-74.01004127052572, 40.70789687121931], [-74.01005529541054, 40.707881831435614], [-74.01007152373958, 40.70786446389793], [-74.01008332713805, 40.7078518259732], [-74.01010176610548, 40.7078320702932], [-74.01011140573135, 40.70782183147876], [-74.01013221044197, 40.707799775474115], [-74.01013960693808, 40.7077918699037], [-74.01016264031941, 40.70776746692425], [-74.01016780451933, 40.707761952238215], [-74.01019320001798, 40.70773518031288], [-74.01019612832074, 40.70773206749162], [-74.01022365508275, 40.70770286076534], [-74.01025097987404, 40.70767390107912], [-74.01027828660348, 40.70764491668502], [-74.01030539131376, 40.70761586093859], [-74.01030887136156, 40.70761213598269], [-74.01032555033511, 40.70759424137359], [-74.01033242385085, 40.70758672559395], [-74.01034206698326, 40.70757629737087], [-74.01035926879341, 40.70755749968254], [-74.010374984812, 40.707540272130394], [-74.01038589007477, 40.70752819418681], [-74.01039135713727, 40.70752218815053], [-74.0103983820697, 40.70751431004438], [-74.01040763206292, 40.70750406849511], [-74.01041084880798, 40.70750040394473], [-74.01042324340136, 40.70748648138168], [-74.01043555502967, 40.70747254510093], [-74.01043992215845, 40.707467601385524], [-74.01044774040822, 40.70745857863794], [-74.01045578584208, 40.707449264924186], [-74.01045984281534, 40.707444557285875], [-74.01047186586187, 40.707430505747325], [-74.01048376265912, 40.70741642677138], [-74.01048722820084, 40.707412331268245], [-74.01049562338372, 40.70740235328698], [-74.01050268784941, 40.70739373133977], [-74.01050719193188, 40.70738817552696], [-74.01051883983271, 40.707374041674754], [-74.01053025326347, 40.70735978158363], [-74.01053302275758, 40.70735619392404], [-74.01054157291124, 40.70734552149996], [-74.01054807116391, 40.70733736895638], [-74.01055271942283, 40.70733124496243], [-74.01056379378353, 40.70731691079037], [-74.0105774176416, 40.70729918111025], [-74.01058731628802, 40.70728565400443], [-74.01060170093986, 40.70726642835509], [-74.01061160310513, 40.70725240993411], [-74.01062545034243, 40.707233305100885], [-74.01063666501224, 40.70721692880441], [-74.01064682315693, 40.70720233670103], [-74.01066086124959, 40.70718143951497], [-74.01066354773592, 40.70717762678921], [-74.0106726023116, 40.70716388291772], [-74.01067664821188, 40.70715780289069], [-74.01068638067818, 40.707142875962], [-74.01069594720356, 40.70712781180966], [-74.01070546683972, 40.70711277236373], [-74.0107106846104, 40.70710454307645], [-74.01071491071656, 40.707097661560205], [-74.01072428965901, 40.707082506845694], [-74.01073355316791, 40.7070672862668], [-74.0107426940349, 40.70705203276145], [-74.0107471220383, 40.70704466265718], [-74.01075182046597, 40.707036751809014], [-74.01076086391973, 40.70702137205209], [-74.01076991459189, 40.70700604718902], [-74.01077878489889, 40.70699060157252], [-74.01078230776817, 40.70698439533148], [-74.01079394375434, 40.70696429982464], [-74.01079960843967, 40.70695416013555], [-74.01080523346067, 40.706944097303285], [-74.01081660972758, 40.70692391673074], [-74.01082012535478, 40.70691757874054], [-74.01082779121322, 40.70690370049343], [-74.01084054125226, 40.706880972648285], [-74.01084797271368, 40.70686743202782], [-74.01086086695638, 40.70684436381601], [-74.01086808566119, 40.70683115533067], [-74.01088106278361, 40.70680770009698], [-74.01088796052242, 40.706794790819934], [-74.01090107102151, 40.70677095953858], [-74.01090783175465, 40.70675842356117], [-74.01092107563957, 40.70673427387215], [-74.01092763443572, 40.7067220563053], [-74.01094089627408, 40.706697503131856], [-74.01094735413626, 40.7066856753299], [-74.01096066278728, 40.706660748861715], [-74.01096672754774, 40.70664921204107], [-74.01098034271519, 40.70662399459633], [-74.01098616947243, 40.70661277893462], [-74.01099985669646, 40.706587168979304], [-74.01100547431076, 40.70657630741115], [-74.011019312945, 40.706550329640535], [-74.01102480077157, 40.70653985235076], [-74.01103884492223, 40.70651353420723], [-74.01104410917314, 40.706503372585836], [-74.0110582578447, 40.70647668663141]], [[-74.00381402027426, 40.71271498240558], [-74.00265414057979, 40.71452102136698], [-74.00179197026313, 40.715563783674405], [-74.00029160833196, 40.71764424601008], [-74.00026729091984, 40.71767336248296], [-74.00024242877097, 40.717703417659656], [-74.00021619939693, 40.7177353859311], [-74.00018908618236, 40.71776768905859], [-74.00016248519529, 40.71780032703956], [-74.00013625935401, 40.71783319008413], [-74.00010998659054, 40.71786615467877], [-74.0000840565063, 40.71789927846301], [-74.00005847631644, 40.71793266848285], [-74.0000320267116, 40.717965687954496], [-74.00000636710682, 40.71799912736816], [-73.99998856084848, 40.71802122542931], [-73.99997113335826, 40.71804349915235], [-73.99994415698085, 40.718077092258035], [-73.99991701824173, 40.718110729273235], [-73.99988969549635, 40.71814422355423], [-73.99986191097236, 40.71817743786254], [-73.99983481544051, 40.71821091291713], [-73.99980809505472, 40.71824455265142], [-73.9997818544307, 40.71827845313245], [-73.99975528189594, 40.71831217245253], [-73.99972804917316, 40.718345576117365], [-73.99970063605113, 40.7183789056666], [-73.99967295595118, 40.718412089736184], [-73.99964516399261, 40.71844529850147], [-73.99961762092485, 40.71847776068604], [-73.99959440680757, 40.71850479648935], [-73.99957058661568, 40.71853235927952], [-73.99954648863077, 40.71855979580459], [-73.99952223189833, 40.71858717742873], [-73.99949822767188, 40.71861405401292], [-73.99947136629382, 40.71864387296123], [-73.99944395294693, 40.71867406518782], [-73.99942949410311, 40.71868973769444], [-73.99941588661969, 40.71870476792974], [-73.99939047538986, 40.71873236086618], [-73.99936546096521, 40.71875944601855], [-73.99934041765994, 40.71878658606043], [-73.99931543926878, 40.71881372335237], [-73.99930375814934, 40.718826302515346], [-73.99929014700328, 40.7188412311794], [-73.99927832878795, 40.71885402991966], [-73.99925931717783, 40.71887485428952], [-73.99924703718693, 40.71888827333924], [-73.99922901762409, 40.71890814253415], [-73.99921568061487, 40.718922887292166], [-73.99919893087996, 40.718941529583475], [-73.9991809617919, 40.71896148934816], [-73.99916911466511, 40.71897503739611], [-73.99915537358024, 40.71899067693572], [-73.99913963752209, 40.71900864950432], [-73.99913014248993, 40.71901962298137], [-73.99912011354014, 40.71903114266068], [-73.99911048502042, 40.719042437271945], [-73.9991003442265, 40.71905434944926], [-73.99909058582963, 40.71906572091103], [-73.99908163551605, 40.71907635952765], [-73.99907120249807, 40.719088806928085], [-73.99906140079884, 40.719100359541116], [-73.99905304932668, 40.7191104272504], [-73.99904245756338, 40.71912324244461], [-73.99902468316293, 40.719144629460935], [-73.99899648291387, 40.7191788783267], [-73.99896853876606, 40.71921323423334], [-73.99894078578382, 40.71924776854415], [-73.99891305802564, 40.7192822781455], [-73.99888549257558, 40.71931682067869], [-73.9988579739933, 40.71935143182457], [-73.99883049506418, 40.71938608139074], [-73.99880303053733, 40.71942068977901], [-73.9987756056635, 40.719455353056105], [-73.99874817715421, 40.71948998338938], [-73.99872059710295, 40.71952451490294], [-73.9986929015824, 40.71955906562176], [-73.99866515552927, 40.71959355320369], [-73.99863735533614, 40.7196279694144], [-73.99860945410393, 40.71966238287223], [-73.99858146626288, 40.7196967771088], [-73.99855344231908, 40.719731110953205], [-73.99852534619625, 40.71976543106595], [-73.99850544295636, 40.719789664288264], [-73.99849719954027, 40.71979970176537], [-73.99847767869022, 40.71982338054641], [-73.99846858747458, 40.719834408868216], [-73.99844346756794, 40.71986472439641], [-73.99841864346675, 40.71989457605878], [-73.99839370390292, 40.71992440850073], [-73.99838369271839, 40.71993629591248], [-73.99836865609215, 40.71995418329568], [-73.99835486048845, 40.719970475989605], [-73.99834351446445, 40.719983905933354], [-73.99831795793871, 40.72001398812272], [-73.99828937458348, 40.720047311821894], [-73.99826106538413, 40.720080193611764], [-73.99823264793183, 40.72011302873195], [-73.99820420519964, 40.72014583090746], [-73.99817563617664, 40.72017858915766], [-73.99814703105149, 40.72021129799439], [-73.99811843311309, 40.72024401505826], [-73.99808985679151, 40.72027674583903], [-73.99806132734057, 40.72030945740007], [-73.9980523442349, 40.72031984890603], [-73.99803284836572, 40.72034222659468], [-73.99802289839364, 40.72035373794347], [-73.99800439461457, 40.720375034209134], [-73.9979935787858, 40.72038766265726], [-73.99797618253949, 40.72040791318443], [-73.99796439984073, 40.72042165598485], [-73.99794795961367, 40.720440800386775], [-73.99793530744486, 40.720455728904504], [-73.99791999639959, 40.72047383854846], [-73.99790635931899, 40.720489886906755], [-73.99789191771583, 40.72050687670109], [-73.9978774544517, 40.72052412450044], [-73.99786409513526, 40.72054010149505], [-73.99784854955452, 40.7205583675762], [-73.99783598753548, 40.72057313414373], [-73.99781933437912, 40.7205925420197], [-73.99780773920833, 40.720606301275836], [-73.99779215392357, 40.72062426268021], [-73.99777657223564, 40.72064229270149], [-73.99776071636057, 40.72066042427133], [-73.99774475585915, 40.720678500941744], [-73.99772858611217, 40.72069651173151], [-73.99771216021988, 40.72071448957679], [-73.99769544931868, 40.720732516819645], [-73.99767839569411, 40.720750393091386], [-73.99766106067436, 40.720768129372175], [-73.99764352001172, 40.72078591779645], [-73.9976254742865, 40.7208034893717], [-73.99760719045521, 40.72082095938306], [-73.99758840877651, 40.72083820431077], [-73.99756918696649, 40.720855361393866], [-73.99754954307119, 40.72087220007269], [-73.99752943740329, 40.720888827391775], [-73.99750875812907, 40.72090520217713], [-73.99748768923789, 40.720921250323855], [-73.99746586996956, 40.72093701848486], [-73.99744374406103, 40.72095239687912], [-73.99742087138809, 40.72096735530429], [-73.99739757663046, 40.72098197336524], [-73.99737369384377, 40.72099613303337], [-73.9973491292357, 40.721009713536674], [-73.99732732811604, 40.72102118063472], [-73.99730506883934, 40.721032290899196], [-73.99728463144851, 40.72104193001171], [-73.99723911726853, 40.7210616335522], [-73.99721408017085, 40.72107146741961], [-73.99719228636945, 40.721079456882826], [-73.99714431192328, 40.7210952929607], [-73.99711809160218, 40.72110295292893], [-73.99709521558208, 40.72110907316598], [-73.99704515608616, 40.721120745350895], [-73.99701824318971, 40.7211260722337], [-73.9969943967976, 40.721130235412616], [-73.99694299544234, 40.72113754884122], [-73.99691567498091, 40.72114053441003], [-73.99689118291171, 40.72114267740787], [-73.99683906022099, 40.72114567326518], [-73.99681173625177, 40.72114640536232], [-73.9967867788923, 40.721146574843566], [-73.99673614272186, 40.72114552217666], [-73.99670430937196, 40.72114391284126], [-73.99667416441008, 40.72114167225132], [-73.99664417460562, 40.72113886074821], [-73.99661441210955, 40.72113551127125], [-73.99658475426598, 40.72113159087987], [-73.99655533455444, 40.721127143494336], [-73.99652627202414, 40.721122207545015], [-73.99649733218038, 40.721116815962134], [-73.99646862325035, 40.72111099070718], [-73.99644013801753, 40.721104764717204], [-73.99641189091129, 40.7210981654404], [-73.99638387471529, 40.7210912230691], [-73.9963560749972, 40.72108397877436], [-73.99632849175671, 40.72107644353536], [-73.99630118631603, 40.72106874635791], [-73.9962740360259, 40.721060730787016], [-73.99624712746161, 40.721052525829194], [-73.99622033435836, 40.72104411775677], [-73.99619377215546, 40.72103557244774], [-73.9961674841416, 40.72102693381992], [-73.99614125747341, 40.72101812501309], [-73.99611518593578, 40.72100936286647], [-73.99608930561509, 40.72100046622718], [-73.99606356599946, 40.720991531160294], [-73.99601667915957, 40.720975126869355], [-73.99600254132855, 40.72097008151275], [-73.99596995108494, 40.72095858258212], [-73.99595473462531, 40.720953001953944], [-73.99592328796976, 40.72094204376774], [-73.99590685939053, 40.720936117250645], [-73.99587671146199, 40.720925469255626], [-73.99585909962828, 40.720919141954525], [-73.99583013857466, 40.72090905941028], [-73.99581123525567, 40.72090240268406], [-73.99578350798407, 40.7208927263972], [-73.99576336369118, 40.720885674372404], [-73.99573674392651, 40.720876538832485], [-73.99571537308702, 40.72086915738277], [-73.99568998710009, 40.720860455549825], [-73.99566741857524, 40.72085275016481], [-73.99564317256504, 40.72084452320768], [-73.99561925845059, 40.72083641153798], [-73.99559630754179, 40.720828659463535], [-73.99558141578754, 40.72082364696342], [-73.99556602259173, 40.7208184889698], [-73.9955493523486, 40.720812836868184], [-73.99552653492874, 40.72080520006486], [-73.99550366340559, 40.720797486401615], [-73.99548072333948, 40.72078983586059], [-73.9954577399937, 40.720782097481], [-73.9954347350061, 40.72077438379876], [-73.99541165426953, 40.72076660148998], [-73.99538846170078, 40.72075885759868], [-73.99536530882537, 40.720751047830035], [-73.99534197196884, 40.7207432407941], [-73.99531864594559, 40.72073536239016], [-73.99529239064356, 40.72072655613321], [-73.99526888425855, 40.720718603603274], [-73.99524544281022, 40.7207107251797], [-73.99522211681304, 40.72070280009523], [-73.99519884853584, 40.72069496833025], [-73.9951756019096, 40.72068713656144], [-73.99515244908739, 40.720679280089065], [-73.9951292205103, 40.72067144282212], [-73.99510613263325, 40.72066361379075], [-73.99508309526382, 40.72065583690729], [-73.99506016251847, 40.7206480710028], [-73.99503187627934, 40.72063851802476], [-73.99500364416062, 40.7206289815107], [-73.99498085572962, 40.72062130617362], [-73.99495813584852, 40.72061361985603], [-73.99493546647588, 40.72060596921803], [-73.99491291976003, 40.720598392689446], [-73.99489048849098, 40.7205908216511], [-73.99486822316581, 40.72058337138519], [-73.99484601917673, 40.72057588818055], [-73.99482388372891, 40.7205685010413], [-73.9948019719531, 40.7205611386107], [-73.99478037041958, 40.720553943620324], [-73.99473811252423, 40.72053985559397], [-73.9947044259896, 40.72052861426167], [-73.99468259359463, 40.72052140002898], [-73.99466058804931, 40.72051408697274], [-73.9946384742796, 40.72050680409963], [-73.99461620178933, 40.72049943063775], [-73.99459379582238, 40.720492079123396], [-73.99457120227446, 40.720484639763555], [-73.99454860872979, 40.72047722235731], [-73.99452591778486, 40.720469818665826], [-73.99447739381057, 40.72045399555788], [-73.99442885181256, 40.72043827947422], [-73.99438024489652, 40.72042262100675], [-73.99433156585035, 40.72040698447331], [-73.99428295536755, 40.72039138360451], [-73.99423432687135, 40.72037576350095], [-73.99418569119175, 40.72036004182035], [-73.9941370843858, 40.720344429910995], [-73.99408843430959, 40.72032884542645], [-73.99403975179311, 40.720313206024485], [-73.99399114144697, 40.720297605032286], [-73.99394250947958, 40.72028199029456], [-73.9938938342474, 40.72026634259691], [-73.99384522396907, 40.72025074703249], [-73.99379657763986, 40.720235132232304], [-73.9937479096843, 40.720219558581704], [-73.99369927060486, 40.720204059020574], [-73.9936505702182, 40.72018857590405], [-73.99360181213477, 40.720173079039924], [-73.99355310818132, 40.720157642542794], [-73.99350436817451, 40.7201422115125], [-73.9934555776868, 40.720126758500655], [-73.99340996536189, 40.720112345913726], [-73.99336755284232, 40.72009895728819], [-73.99332194054969, 40.720084602306265], [-73.99327627416474, 40.72007023632406], [-73.99323063665946, 40.72005587307015], [-73.99318496670185, 40.72004155096761], [-73.99313928593953, 40.720027245314846], [-73.99309361602089, 40.72001292592074], [-73.9930479100422, 40.71999864767771], [-73.99302118990826, 40.71999032120673], [-73.99299130246959, 40.71998101740252], [-73.99295655225048, 40.719970148780405], [-73.99291086075539, 40.71995591988945], [-73.99287580031805, 40.71994502103149], [-73.99284067135052, 40.71993410843482], [-73.9928054882848, 40.71992316563163], [-73.99278125371316, 40.719915635240305], [-73.9927577550591, 40.71990832447091], [-73.99273383794703, 40.719900920348486], [-73.99271427137285, 40.71989485868371], [-73.9926949320699, 40.719888857414716], [-73.99267069030515, 40.719881354447246], [-73.99264795644233, 40.719874304456184], [-73.99262638055804, 40.719867638801105], [-73.99260030985425, 40.719859581260316], [-73.99255815014244, 40.71984657387389], [-73.99252391590665, 40.71983600433314], [-73.99250028383015, 40.719828696247205], [-73.99247632708659, 40.71982134421904], [-73.99245268058883, 40.719814049846136], [-73.99242910623865, 40.719806826836916], [-73.99240564372651, 40.71979960657498], [-73.99238216317741, 40.71979242473365], [-73.99235874035342, 40.71978524563616], [-73.9923353932874, 40.71977811045504], [-73.99231217248328, 40.71977103017286], [-73.99228896972335, 40.719763936163375], [-73.9922657489282, 40.71975686410604], [-73.9922222545942, 40.71974359849944], [-73.99217876388768, 40.71973031091856], [-73.9921353381351, 40.71971701234663], [-73.9920918618946, 40.71970371375482], [-73.99204837845711, 40.71969040965654], [-73.99200488782319, 40.7196770945623], [-73.99195556767879, 40.719661972992824], [-73.99190622230478, 40.7196468459109], [-73.99185685170559, 40.719631677634595], [-73.991807549671, 40.71961651483156], [-73.99175821158673, 40.7196013273019], [-73.99170891681338, 40.719586153478005], [-73.9916595787779, 40.71957093571365], [-73.9916184727752, 40.71955832604907], [-73.99158044026672, 40.719546663536555], [-73.99156094604334, 40.719540667554995], [-73.99153428397837, 40.719532502683414], [-73.99151162249379, 40.71952554030527], [-73.99148669558393, 40.719517910778634], [-73.99146227371402, 40.71951041303256], [-73.99143910360462, 40.71950330513016], [-73.99141295021033, 40.71949527750622], [-73.99139152246862, 40.7194886994627], [-73.99136361951503, 40.71948013372394], [-73.99134390527992, 40.71947408279382], [-73.99130526683241, 40.719462222522075], [-73.99125683081078, 40.719447355982176], [-73.99122006822103, 40.719436066734126], [-73.99120114041546, 40.71943026012315], [-73.99117930147692, 40.71942355574973], [-73.9911429717955, 40.719412403748166], [-73.99109703934977, 40.71939830586617], [-73.9910511790709, 40.71938422718469], [-73.99100527191533, 40.71937013750227], [-73.99095932149147, 40.71935603132956], [-73.9909134251969, 40.71934194435606], [-73.99086753974386, 40.71932786010987], [-73.99082158937826, 40.71931375388207], [-73.99077570396403, 40.71929966959924], [-73.99075140490362, 40.719292210138576], [-73.99072681004624, 40.719284662816605], [-73.99070155505154, 40.71927690957917], [-73.99067790893619, 40.71926965052312], [-73.99065174851071, 40.7192616199807], [-73.99062075425832, 40.719252106868524], [-73.9906018265576, 40.71924629741411], [-73.99058011760356, 40.71923963410886], [-73.99055208138714, 40.719231026990755], [-73.99053122016713, 40.71922462175327], [-73.99050224244864, 40.7192157290906], [-73.99048236604021, 40.71920962584896], [-73.9904523963184, 40.71920042842345], [-73.99043346143283, 40.7191946134512], [-73.99039357517246, 40.719182373992446], [-73.99034419804502, 40.71916721604503], [-73.99029483176179, 40.719152063566824], [-73.99024549075254, 40.719136916559066], [-73.99019612451333, 40.71912176952795], [-73.99014007032146, 40.719104568823035], [-73.99009121636978, 40.71908957824208], [-73.99004230832988, 40.71907457391186], [-73.98999338588243, 40.719059566814835], [-73.98994449591157, 40.71904464478737], [-73.9898955410258, 40.71902973645718], [-73.98984657173041, 40.71901483908394], [-73.98979768904137, 40.71899990876042], [-73.98974877391547, 40.71898492351799], [-73.989699884077, 40.71896985316951], [-73.98965108084438, 40.718954755360365], [-73.98960227404437, 40.71893954225034], [-73.9895535755219, 40.71892413150669], [-73.98950480846304, 40.71890882778178], [-73.98945609195428, 40.718893378568595], [-73.98940736461861, 40.71887809950884], [-73.98935854710578, 40.718862900018074], [-73.9893096790987, 40.718847774610445], [-73.98926080748114, 40.71883280563297], [-73.9892118204251, 40.718817968372385], [-73.98916297766249, 40.71880329853485], [-73.98911714697037, 40.71878977627082], [-73.9890710565537, 40.718776286900976], [-73.9890513931813, 40.71877058965655], [-73.98902489036865, 40.71876298140431], [-73.98900459931525, 40.71875722096257], [-73.9889785906949, 40.718749862520006], [-73.98895741223325, 40.71874397847079], [-73.98892508000198, 40.718735016469786], [-73.98890809682332, 40.71873038717015], [-73.98888889516161, 40.71872512361444], [-73.9888696249373, 40.71872000277643], [-73.98883833878519, 40.71871169136015], [-73.98879375249278, 40.71869997788441], [-73.98876287033998, 40.71869199585815], [-73.98873835148608, 40.71868563110959], [-73.98870978520502, 40.71867843155205], [-73.98869039233092, 40.71867344790991], [-73.98866404093602, 40.71866687161899], [-73.98864265682508, 40.71866144586645], [-73.98861023433344, 40.718653397773], [-73.98857777939239, 40.718645292027176], [-73.98854180733154, 40.71863633504679], [-73.98852019235487, 40.7186309559094], [-73.98848968898179, 40.718623369092896], [-73.98847191219274, 40.718618901590304], [-73.98844500532408, 40.718612141294685], [-73.98842369338487, 40.71860678961716], [-73.98839379246647, 40.718599276944325], [-73.98837551789121, 40.7185946364568], [-73.98834594168609, 40.718586945394925], [-73.98832614843899, 40.71858195616133], [-73.98829817029711, 40.71857455893846], [-73.9882832469107, 40.718570783376144], [-73.98824170897747, 40.71855982480549], [-73.98820027933598, 40.718548558817844], [-73.98815910582123, 40.71853738616346], [-73.9881336384244, 40.71853044204415], [-73.98811372627462, 40.718524832446015], [-73.98807469557731, 40.71851387956339], [-73.98803537274132, 40.71850263569262], [-73.98801420531224, 40.718496482484404], [-73.987982071814, 40.71848709754592], [-73.98796349442188, 40.71848162804387], [-73.98793310688136, 40.71847259185874], [-73.98791255994686, 40.71846647163396], [-73.98788426104531, 40.718457924222406], [-73.98786259948866, 40.71845141411555], [-73.98783541886282, 40.718443122072514], [-73.98781328838743, 40.71843639232599], [-73.98778664525459, 40.71842825952438], [-73.98776397370499, 40.718421348556845], [-73.98773791856797, 40.718413380492], [-73.98771469512943, 40.718406249875194], [-73.98768919552424, 40.71839842733084], [-73.98766546708552, 40.71839112373023], [-73.98764049054826, 40.71838342749007], [-73.98761627515069, 40.71837593169385], [-73.98759186857568, 40.718368372742404], [-73.98756709407031, 40.71836068748714], [-73.98754322859452, 40.71835328229034], [-73.98751795269744, 40.71834542679514], [-73.98749463554914, 40.71833810124573], [-73.98746884022003, 40.718330094721495], [-73.98744608581157, 40.71832293939859], [-73.98741971334061, 40.71831473517775], [-73.98739747476495, 40.71830780222711], [-73.98737055039639, 40.71829944422799], [-73.98734889620636, 40.71829267052819], [-73.98732152455912, 40.718284145038055], [-73.9873002851939, 40.718277585466026], [-73.98727233638328, 40.71826898304723], [-73.98725162007246, 40.71826260193342], [-73.98722309410564, 40.71825388690362], [-73.98720291526679, 40.71824774463476], [-73.9871737652511, 40.71823889777485], [-73.98715407698917, 40.71823298336715], [-73.9871242848534, 40.71822418308399], [-73.9871050114056, 40.71821852672169], [-73.98707468180494, 40.71820956991418], [-73.98705586645194, 40.71820421277387], [-73.98702503547727, 40.7181950171028], [-73.98700692720595, 40.718189577691376], [-73.98697554433446, 40.71818024196193], [-73.98695796272776, 40.718174950819424], [-73.98692611816298, 40.71816538720916], [-73.98690908847412, 40.7181602361046], [-73.986876702851, 40.71815045558311], [-73.9868602178658, 40.71814543902661], [-73.98682732365886, 40.71813540591522], [-73.98681141223739, 40.718130518421084], [-73.98677808520715, 40.71812021351484], [-73.98676274735233, 40.71811543861496], [-73.98672899111726, 40.71810480976345], [-73.98671419797465, 40.71810012000746], [-73.9866800558368, 40.71808910683064], [-73.98666587233986, 40.7180845022265], [-73.98663134431771, 40.71807301689185], [-73.98661510115716, 40.71806755567723], [-73.98658296119486, 40.718056446637725], [-73.98653495339113, 40.71803926981519], [-73.98651761376802, 40.71803292190106], [-73.98648725242212, 40.71802121194066], [-73.9864657361393, 40.718011262403444], [-73.98645092889248, 40.71800516455009], [-73.98642225663562, 40.717989579170315], [-73.98641197640329, 40.71798501616651], [-73.98638010090157, 40.71796879361379], [-73.9863704232874, 40.71796338803628], [-73.98633601911287, 40.71794662719897], [-73.98629403655185, 40.717926022785505], [-73.98625440227792, 40.71790624206504], [-73.98621405026053, 40.71788593150627], [-73.98620710666873, 40.717882590301755], [-73.98619982407513, 40.71787879068129], [-73.98617579761867, 40.71786642540006], [-73.98616987848754, 40.71786332585521], [-73.98616079954455, 40.717858848060715], [-73.98615229413154, 40.717854614618176], [-73.98613842151543, 40.71784733384538], [-73.98611652316448, 40.71783637686979], [-73.98610082168683, 40.71782865945503], [-73.98608068002564, 40.71781834495847], [-73.98606299814142, 40.71781035831259], [-73.98604317005623, 40.717801383290286], [-73.98602671439016, 40.71779488444738], [-73.98601912153555, 40.717791290634786], [-73.98548345950225, 40.71761196406359], [-73.98544217485446, 40.71760233572191], [-73.98542805266666, 40.71759867242541], [-73.9853902490762, 40.71758951660438], [-73.98537614496591, 40.71758569410772], [-73.98533877076754, 40.71757609916267], [-73.98532448627901, 40.71757233976617], [-73.98528762445811, 40.71756223983401], [-73.98527320650035, 40.71755848590362], [-73.98523693282604, 40.7175478233546], [-73.98522247883977, 40.717543891003785], [-73.98518639999455, 40.717533168079115], [-73.98517192440669, 40.717529071033596], [-73.98513598266187, 40.71751833438696], [-73.98512146742526, 40.7175141193053], [-73.9850857205091, 40.71750332502816], [-73.98507118727824, 40.71749894799695], [-73.98503571820038, 40.71748792043565], [-73.98502126800985, 40.717483260698664], [-73.98498628604372, 40.71747180500296], [-73.98497169518463, 40.717467087601385], [-73.98493636677966, 40.71745627686389], [-73.98492149449964, 40.71745178448946], [-73.98488622019573, 40.71744108902356], [-73.98487124331929, 40.71743654722323], [-73.98483608806744, 40.71742588743944], [-73.9848209885545, 40.71742130993457], [-73.98478597399703, 40.71741069407013], [-73.98477075184839, 40.7174060781158], [-73.98473584552181, 40.7173954924428], [-73.9847205079517, 40.717390840784624], [-73.98468570264055, 40.717380288046904], [-73.98467026047001, 40.71737560617574], [-73.98463557060367, 40.71736508637536], [-73.98462004547586, 40.71736037978353], [-73.98458545301791, 40.71734989017342], [-73.98456978721919, 40.717345139639804], [-73.98453531742007, 40.71733468571292], [-73.98451955062853, 40.71732990496654], [-73.98448518545115, 40.71731948672056], [-73.98446930684605, 40.717314670270326], [-73.9844350426842, 40.717304282215345], [-73.98441905587181, 40.7172994355512], [-73.98438490715425, 40.71728908043402], [-73.98436880852852, 40.717284198065784], [-73.98433479689766, 40.71727388412374], [-73.98431856120826, 40.71726896055847], [-73.9842846686276, 40.717258685044435], [-73.9842683030888, 40.71725372302771], [-73.98423451873803, 40.71724347770601], [-73.9842180702427, 40.71723849096792], [-73.98419278429323, 40.71723082412849], [-73.98416781938391, 40.71722325339424], [-73.9841342767411, 40.71721308218482], [-73.98411757576228, 40.71720801854428], [-73.984084137741, 40.71719788027183], [-73.98406732494945, 40.71719278092666], [-73.98403400597857, 40.71718267833796], [-73.98401707055226, 40.71717754328656], [-73.98398385981008, 40.71716747363548], [-73.9839668342136, 40.717162311116496], [-73.98393376055714, 40.71715228264149], [-73.9839165906838, 40.71714707617872], [-73.98388361804182, 40.71713707789576], [-73.98386634356964, 40.71713184121851], [-73.98383348997753, 40.7171218786197], [-73.98381612533542, 40.71711661447465], [-73.9837833475079, 40.71710667383026], [-73.98376586744638, 40.71710137397948], [-73.98373321227525, 40.71709147176472], [-73.98371563122255, 40.71708614169966], [-73.98368309510104, 40.717076275169404], [-73.98366538780765, 40.717070906652125], [-73.98363295991413, 40.71706107306015], [-73.98361513720089, 40.717055671581576], [-73.98358282835679, 40.71704587367432], [-73.98356489022522, 40.717040433744856], [-73.98353268239488, 40.71703066603025], [-73.98351463966509, 40.71702519588564], [-73.9834825833476, 40.717015474839606], [-73.9834643855206, 40.717009958003935], [-73.98343244464546, 40.717000269897625], [-73.98341414943458, 40.7169947255924], [-73.98338231317963, 40.71698507042436], [-73.98336390615817, 40.716979487668304], [-73.98333216730916, 40.71696986269283], [-73.98331365929664, 40.71696425246653], [-73.98328206835329, 40.716954671414804], [-73.98326340885144, 40.71694901449753], [-73.98323192252793, 40.71693946638432], [-73.98321315482178, 40.716933776505975], [-73.98318178393946, 40.716924264077775], [-73.9831629188506, 40.716918543984676], [-73.98313165258861, 40.71690906175044], [-73.98311267929574, 40.71690330869609], [-73.98308150683187, 40.71689385665435], [-73.9830624614059, 40.716888081623026], [-73.98303140799027, 40.71687866526713], [-73.98301221107556, 40.71687284354421], [-73.98298126949396, 40.71686346012838], [-73.98296196076814, 40.71685760544343], [-73.98293113823458, 40.71684825771361], [-73.98291170687637, 40.71684236732011], [-73.98288099256935, 40.71683305253006], [-73.98286147104297, 40.71682713466707], [-73.98283089381914, 40.71681786105541], [-73.9828112280185, 40.716811899246224], [-73.98278074819964, 40.71680265582813], [-73.98276097780304, 40.7167966610576], [-73.98273060981771, 40.716787450580064], [-73.9827107312179, 40.716781422847546], [-73.98268047867265, 40.716772248055996], [-73.98266047744097, 40.716766184614414], [-73.98263036558518, 40.716757053747024], [-73.98261024172312, 40.71675094910684], [-73.98258023809322, 40.71674185117978], [-73.98255999881357, 40.71673571357618], [-73.9825300961954, 40.71672664584372], [-73.98250974871293, 40.71672047527775], [-73.98247996514183, 40.71671144323221], [-73.98245950224195, 40.71670523970261], [-73.98242981607582, 40.71669623510654], [-73.98240925218727, 40.71669000136024], [-73.98237971031656, 40.716681043434214], [-73.98235900215559, 40.716674762995915], [-73.98232958293823, 40.71666584350245], [-73.98230879543075, 40.71665954108485], [-73.98227943754746, 40.71665063805653], [-73.9822585526597, 40.716644302677665], [-73.98222930660823, 40.716635435335654], [-73.98220830269621, 40.71662906699225], [-73.9821791973345, 40.71662023808585], [-73.98215805636373, 40.71661382854063], [-73.98212906644028, 40.7166050380661], [-73.98210779923221, 40.71659859006535], [-73.98207892474836, 40.716589832533245], [-73.98205756376701, 40.71658335431626], [-73.9820287939006, 40.71657462972499], [-73.98200732111013, 40.71656811854408], [-73.9819786738963, 40.716559432386084], [-73.98195707486882, 40.7165528827494], [-73.98192854309426, 40.71654422953411], [-73.98190682504391, 40.71653764418739], [-73.98187841231511, 40.71652902666027], [-73.98185657163464, 40.71652240560289], [-73.98182826713021, 40.71651382101754], [-73.98180633628354, 40.71650717248877], [-73.9817781688599, 40.71649862908418], [-73.98175609374145, 40.71649193660681], [-73.98172802732805, 40.71648342339831], [-73.98170584400846, 40.716476697957], [-73.98167789663961, 40.71646822318175], [-73.98165559790573, 40.716461459285746], [-73.98162775515355, 40.716453017452146], [-73.98160534821791, 40.71644622333677], [-73.9815776245116, 40.716437814447154], [-73.98155509855378, 40.71643098462106], [-73.98152750471304, 40.71642261691157], [-73.98150489219694, 40.716415759614144], [-73.98147737050948, 40.716407413862285], [-73.98145464979272, 40.716400523600406], [-73.9814272435435, 40.7163922107923], [-73.98140440019752, 40.71638528481882], [-73.98137709856445, 40.71637700495278], [-73.98135415423266, 40.71637004601584], [-73.98132700049983, 40.716361812822775], [-73.9813039010761, 40.71635480718976], [-73.98127685917382, 40.71634660694012], [-73.9812536623703, 40.71633957383352], [-73.98122672869195, 40.71633140378213], [-73.98120342368824, 40.71632433771063], [-73.98117658741175, 40.716316197855726], [-73.98115317420796, 40.71630909881926], [-73.9811264858312, 40.71630100563776], [-73.98110292835793, 40.71629385990646], [-73.98107634098933, 40.716285799667055], [-73.98105267892282, 40.71627862371592], [-73.98102620699244, 40.716270593676256], [-73.98100242590486, 40.71626338201329], [-73.98097607662413, 40.71625539315371], [-73.9809521909442, 40.71624814852591], [-73.98092593185174, 40.71624018437266], [-73.98090194879268, 40.71623291227069], [-73.98087583399274, 40.71622499204608], [-73.9808516994502, 40.71621767324749], [-73.9808256964792, 40.716209788712], [-73.98080145734463, 40.71620243694834], [-73.98077556620314, 40.71619458535726], [-73.980751233297, 40.716187206119734], [-73.98072542152147, 40.7161793792335], [-73.98070099484389, 40.71617197252199], [-73.98067532014659, 40.716164186818915], [-73.98065075280716, 40.71615673615698], [-73.98062517551139, 40.716148977906656], [-73.9806005035796, 40.71614149702404], [-73.98057504171953, 40.71613377446387], [-73.98055025798149, 40.716126260614445], [-73.98052491155782, 40.716118570999846], [-73.98050001240719, 40.71611102143821], [-73.98047479945318, 40.71610337575127], [-73.98044975603383, 40.71609578223808], [-73.98042467294452, 40.71608817224413], [-73.98039952132669, 40.716080545764505], [-73.98037452842296, 40.716072965967314], [-73.98034928303512, 40.7160653092683], [-73.98032440195925, 40.71605776516125], [-73.98029903394453, 40.71605007274834], [-73.98027425748425, 40.716042556095914], [-73.9802487848778, 40.71603483346167], [-73.98022415992233, 40.71602736348535], [-73.98019853222671, 40.716019594152364], [-73.98017401188494, 40.71601215712046], [-73.98014829763355, 40.71600436031376], [-73.98012387829891, 40.71599695348092], [-73.98009805584951, 40.71598912370717], [-73.98007374473569, 40.715981749819505], [-73.98004781048199, 40.71597388433326], [-73.98002363644409, 40.71596655437492], [-73.97999759399264, 40.71595865592143], [-73.97997351014125, 40.7159513506711], [-73.97994733784992, 40.715943413756975], [-73.97992336943288, 40.715936144198125], [-73.97989710337158, 40.71592817980858], [-73.97987323596031, 40.71592094319404], [-73.9798468617024, 40.71591294309225], [-73.97982312415365, 40.71590574491664], [-73.97979661644891, 40.715897706353275], [-73.97977299794145, 40.715890543870145], [-73.97974636761187, 40.715882466846985], [-73.97972285371809, 40.715875334564316], [-73.97969612240516, 40.715867227319386], [-73.9796727167305, 40.7158601307274], [-73.9796458700068, 40.7158519877685], [-73.9796225869805, 40.71584492686991], [-73.97959563566627, 40.7158367536884], [-73.97957247528814, 40.715829728483286], [-73.97954539413492, 40.715821516840286], [-73.97952234919028, 40.715814527327446], [-73.9794951454128, 40.71580627722419], [-73.9794722086886, 40.71579931791292], [-73.97944490032093, 40.715791037586776], [-73.97942207902918, 40.71578411671278], [-73.9793946480383, 40.71577579518132], [-73.97937196021448, 40.71576891549271], [-73.97934441381261, 40.71576056099146], [-73.97932182699437, 40.71575371150341], [-73.97929417239527, 40.71574532677831], [-73.97927169740352, 40.71573851023769], [-73.97924395625036, 40.71573009803729], [-73.97922155701532, 40.71572330345861], [-73.97919370766603, 40.71571485828946], [-73.97917145632692, 40.71570810764388], [-73.97914345910473, 40.71569961851964], [-73.97912131959097, 40.7156929035665], [-73.97909321056643, 40.71568437872782], [-73.97907119009245, 40.715677699468564], [-73.9790429728721, 40.71566914166082], [-73.97902104979576, 40.71566249260205], [-73.97899273159341, 40.71565390457118], [-73.97897092034304, 40.7156472884604], [-73.97894248673133, 40.715638664714184], [-73.97892080173327, 40.7156320897884], [-73.978892238284, 40.715623427579295], [-73.97887066871893, 40.71561688560233], [-73.97884198625327, 40.715608187677056], [-73.9788205429412, 40.715601684140545], [-73.9787917522811, 40.71559295050094], [-73.9787703991525, 40.71558647441925], [-73.97874151111729, 40.715577713301506], [-73.97872030227622, 40.71557128115336], [-73.97869126636921, 40.71556247607948], [-73.97867016213968, 40.71555607413381], [-73.97864101803762, 40.71554723609003], [-73.97862003284611, 40.71554087258388], [-73.97859076972907, 40.71553199607863], [-73.97856989275527, 40.715525665520616], [-73.9785405178362, 40.71551675604464], [-73.97851979236313, 40.71551047216665], [-73.97849028760827, 40.71550152148219], [-73.97846964871167, 40.7154952623142], [-73.97844007904436, 40.71548629513615], [-73.97841951229586, 40.715480057930755], [-73.9783898272204, 40.71547105503626], [-73.97836938672482, 40.71546485352748], [-73.97833958263395, 40.71545581491573], [-73.97831924314112, 40.7154496463542], [-73.97828932724866, 40.71544057477123], [-73.97826914647052, 40.71543445289169], [-73.97823909713556, 40.71542534009903], [-73.9782190065398, 40.71541924567534], [-73.97818885622443, 40.71541010265811], [-73.9781688774521, 40.71540404392873], [-73.97813860812265, 40.7153948624491], [-73.97811873396073, 40.715388833923214], [-73.97808836365108, 40.71537962221877], [-73.97806863738157, 40.71537364037336], [-73.97803810838067, 40.71536438196446], [-73.9780184939351, 40.715358433068886], [-73.97798787477512, 40.7153491471818], [-73.97796836133242, 40.71534322848933], [-73.97793763397893, 40.7153339096311], [-73.97791822875261, 40.71532802388797], [-73.97788738959926, 40.715318669312985], [-73.97786812144487, 40.71531282475912], [-73.97783714163442, 40.71530343171692], [-73.97781799251717, 40.71529762285952], [-73.9777868973007, 40.71528819135487], [-73.97776785279233, 40.71528241544642], [-73.97773664577545, 40.71527295096943], [-73.97771772391128, 40.71526721075831], [-73.97768644477047, 40.71525772429563], [-73.97766761308678, 40.715252014286094], [-73.97763620050476, 40.715242486612496], [-73.97761748785875, 40.71523680955498], [-73.97758595626298, 40.71522724616263], [-73.97756734101088, 40.715221602053035], [-73.97753570843594, 40.715212008434825], [-73.97751720861405, 40.715206397276795], [-73.97748545702648, 40.71519676519486], [-73.97746707624006, 40.715191192478684], [-73.97743522727993, 40.7151815329162], [-73.97741697274436, 40.71517599589865], [-73.97739447649481, 40.71516917349726], [-73.97736684041618, 40.71516079105684], [-73.97733473539584, 40.715151051818125], [-73.97731670089719, 40.715145583446954], [-73.977284491291, 40.71513581398123], [-73.97726657222198, 40.71513037856214], [-73.97723424360272, 40.71512057337693], [-73.97721646160414, 40.71511517914853], [-73.97718399233023, 40.71510533274992], [-73.97716633658099, 40.7150999769655], [-73.97713375911512, 40.7150900975941], [-73.97711618993901, 40.715084769266745], [-73.97708351870945, 40.71507485967006], [-73.97706605414167, 40.71506956154828], [-73.97703327472036, 40.71505961897867], [-73.97701595804244, 40.71505436753967], [-73.97698302714703, 40.715044378264565], [-73.97696581868357, 40.71503915977678], [-73.97692033944426, 40.71502536647827], [-73.97688257174438, 40.715013910502186], [-73.9768655544617, 40.71500874967779], [-73.97683233145356, 40.714998672468454], [-73.97681542238503, 40.71499354459552], [-73.97678208757839, 40.714983434411984], [-73.97676531558024, 40.71497834498597], [-73.97673184011992, 40.71496819358809], [-73.97671519076289, 40.7149631426062], [-73.97668159629166, 40.71495295274297], [-73.97666504072042, 40.71494793196517], [-73.97663134166463, 40.71493771187365], [-73.97661490512805, 40.71493272679473], [-73.97658111230945, 40.714922476477085], [-73.9765648092345, 40.71491753258952], [-73.9765308685492, 40.71490723831082], [-73.97651467368875, 40.714902324630636], [-73.97648062481285, 40.71489199737787], [-73.97646454537946, 40.71488711939605], [-73.9764303810995, 40.71487675642296], [-73.976414402665, 40.714871911391924], [-73.97638012658732, 40.714861515443815], [-73.97636430686288, 40.714856717099366], [-73.97632989373973, 40.71484627993675], [-73.97631416780136, 40.71484150905226], [-73.9762796537016, 40.714831041661434], [-73.9762640395836, 40.71482630373028], [-73.97622941008012, 40.71481580061868], [-73.97621389696059, 40.71481109563871], [-73.9761791664807, 40.71480056229871], [-73.97616375796777, 40.71479588752599], [-73.97612894454572, 40.71478532945084], [-73.97611366227991, 40.7147806931242], [-73.97607871181303, 40.71477009383396], [-73.97606352693906, 40.71476548771329], [-73.9760284718897, 40.71475485544892], [-73.97601339883559, 40.714750282282026], [-73.97597822477583, 40.714739614295596], [-73.97596325632702, 40.714735074081126], [-73.97592798129226, 40.714724373121115], [-73.97591316073058, 40.71471987959195], [-73.9758777342244, 40.71470913192388], [-73.97586301826868, 40.71470466860255], [-73.9758274835722, 40.71469389070395], [-73.97581285416435, 40.714689517971514], [-73.97577721126966, 40.71467873180036], [-73.9757627189537, 40.71467433164276], [-73.97572697148513, 40.714663490538754], [-73.97571261624118, 40.71465911785133], [-73.9756767389471, 40.71464822455388], [-73.97566250634499, 40.71464388207848], [-73.97562651725987, 40.71463294208079], [-73.97561239287155, 40.714628627069736], [-73.97557629560067, 40.714617645861935], [-73.97556229024273, 40.714613372041384], [-73.97552608839146, 40.714602355113755], [-73.97551216960066, 40.714598116987396], [-73.97547587398778, 40.71458707257641], [-73.97546209225933, 40.7145828866236], [-73.975425674028, 40.714571811978274], [-73.97541196083225, 40.714567656226514], [-73.97537543080125, 40.71455655958324], [-73.975361829421, 40.71455244502079], [-73.97532518398322, 40.71454132637878], [-73.97531169441831, 40.714537253005815], [-73.97527491914478, 40.71452611236187], [-73.97526157025099, 40.71452208567413], [-73.97522466153458, 40.71451092302735], [-73.97521141724246, 40.71450693478297], [-73.97517438590297, 40.71449575562505], [-73.97516123899995, 40.71449180033301], [-73.9751240958581, 40.714480607410984], [-73.97511106437824, 40.71447669056482], [-73.97507379139998, 40.71446547838513], [-73.97506089698342, 40.71446160822387], [-73.97502347613577, 40.71445036854821], [-73.97501070796491, 40.71444653409064], [-73.97497317170888, 40.71443527790498], [-73.97496049010807, 40.714431468163504], [-73.97492285287376, 40.714420192726095], [-73.97491027948433, 40.71441641319504], [-73.97487253045318, 40.71440511026918], [-73.97486007248736, 40.714401366439695], [-73.9748101396314, 40.71438640206526], [-73.97471700430404, 40.71435850859776], [-73.97470547330924, 40.714355039431254], [-73.97466699937824, 40.71434351669771], [-73.97465500671565, 40.71433991018647], [-73.97461669871988, 40.71432842589929], [-73.97460482148043, 40.71432485509013], [-73.97456637644835, 40.71431331586075], [-73.97455461463184, 40.71430978075382], [-73.9745160902729, 40.7142982030634], [-73.97450442945359, 40.714294695421316], [-73.97446578248952, 40.71428305730213], [-73.97445426594763, 40.71427959360311], [-73.97441551801884, 40.714267903294164], [-73.97440409165435, 40.714264461568284], [-73.97436523194142, 40.714252713577515], [-73.97435393542841, 40.71424930755747], [-73.97431498917783, 40.714237512869495], [-73.97430381169663, 40.714234137063436], [-73.97426472480757, 40.71422227645278], [-73.97425366996431, 40.7142189336064], [-73.97421451457073, 40.714207034536685], [-73.97420354990456, 40.71420371366376], [-73.97416427911807, 40.71419176240062], [-73.97415345512353, 40.714188479981175], [-73.97411407615657, 40.71417648201564], [-73.97410334234101, 40.71417321608026], [-73.97406385158538, 40.71416117415621], [-73.97405325122907, 40.714157941183394], [-73.97401366310955, 40.71414586628301], [-73.97400318178659, 40.714142658035264], [-73.97396344941369, 40.71413053916882], [-73.97395308712085, 40.714127363880635], [-73.97391326459332, 40.714115225763095], [-73.97390299968932, 40.71411207794004], [-73.97386304011768, 40.71409990958165], [-73.97385291948869, 40.71409680844784], [-73.97381284451208, 40.71408462083245], [-73.97380280684074, 40.71408155265023], [-73.97376260563968, 40.714069340285775], [-73.97375268698717, 40.714066332510995], [-73.97371238842173, 40.71405408991445], [-73.97370255631328, 40.714051167242715], [-73.9736621171055, 40.71403887244591], [-73.97365243651306, 40.71403592784651], [-73.97361189994002, 40.714023605562105], [-73.97360232394807, 40.714020693919586], [-73.97356167197808, 40.71400833316437], [-73.97355222583371, 40.71400546271891], [-73.97351146928632, 40.713993068984784], [-73.97350210249614, 40.71399022051157], [-73.97346123054984, 40.7139777937959], [-73.97345199000098, 40.71397498377436], [-73.97341102069082, 40.71396252682602], [-73.97340189556145, 40.71395975525375], [-73.97336077839205, 40.71394725433717], [-73.97335177229154, 40.71394451572562], [-73.973310568579, 40.71393198732341], [-73.97330166347223, 40.713929278923715], [-73.97326032993465, 40.71391671204671], [-73.97325156549529, 40.71391404759202], [-73.9732101201676, 40.71390144498909], [-73.97320144229413, 40.71389880799833], [-73.973159877962, 40.713886169667724], [-73.97315133354363, 40.7138835711309], [-73.97310966823993, 40.71387090531095], [-73.97310123563538, 40.71386833973369], [-73.97305942968872, 40.713855627201724], [-73.97305111250296, 40.71385310007447], [-73.97300922001257, 40.71384036280112], [-73.97300100382112, 40.713837863141514], [-73.97295897429305, 40.7138250846463], [-73.97295090598159, 40.71382263167879], [-73.97290877548343, 40.71380982294913], [-73.9729007829179, 40.71380739195402], [-73.97285854063038, 40.713794547497706], [-73.97285067430481, 40.71379215495554], [-73.9728083310474, 40.7137792802646], [-73.97280057653403, 40.7137769234273], [-73.97275809263319, 40.71376400476842], [-73.97275045353909, 40.71376168363698], [-73.97270787948793, 40.71374874023535], [-73.97270034138751, 40.713746446572124], [-73.97265764111977, 40.713733464695295], [-73.97265024729259, 40.71373121497924], [-73.9726074316288, 40.71371819737443], [-73.97260012436641, 40.713715975123385], [-73.97255718969953, 40.713702921789604], [-73.97255001228247, 40.713700740737735], [-73.97250698025346, 40.71368765716964], [-73.97249991825622, 40.71368550907933], [-73.97245674197741, 40.713672381541805], [-73.97244979539876, 40.71367026915794], [-73.97240653257849, 40.7136571141332], [-73.9723996833847, 40.71365503196201], [-73.97235628713405, 40.713641838459736], [-73.97234958581998, 40.713639800237246], [-73.97230608860043, 40.71362657649935], [-73.97229946663847, 40.71362456025117], [-73.97225585402363, 40.713611300784564], [-73.97224935829914, 40.71360932573535], [-73.97220564471561, 40.71359603603301], [-73.97219927162358, 40.71359409669244], [-73.97215541018484, 40.713580760274326], [-73.9721491272628, 40.7135788511452], [-73.97212549597934, 40.71357166512936], [-73.97210519010243, 40.7135654927315], [-73.9720990334198, 40.713563619312104], [-73.9720549556177, 40.71355021692896], [-73.97204894320573, 40.71354839020284], [-73.97200474640167, 40.713534952089596], [-73.97199880252087, 40.71353314459088], [-73.97195450474862, 40.71351967624143], [-73.97194870153335, 40.71351790994576], [-73.97190429557978, 40.71350440861348], [-73.97189861138799, 40.713502680770986], [-73.97185405757993, 40.71348913272222], [-73.97184847077193, 40.713487435093484], [-73.97180384845707, 40.71347386505042], [-73.97179837346033, 40.713472200383734], [-73.97175360689614, 40.7134585891144], [-73.97174828338366, 40.71345697114345], [-73.97170339421211, 40.713443321397804], [-73.97169814644352, 40.71344172540127], [-73.97165316712476, 40.7134280481662], [-73.97164804559343, 40.7134264906251], [-73.97160296169994, 40.71341278315227], [-73.97159795558547, 40.71341126131934], [-73.97155272383827, 40.71339750712936], [-73.97154781871414, 40.71339601551158], [-73.97150251485347, 40.71338223932592], [-73.97149771793278, 40.71338078066991], [-73.9714522734306, 40.7133669632582], [-73.9714476279935, 40.713365551298615], [-73.97140206449069, 40.71335169815566], [-73.97139749119088, 40.7133503054253], [-73.97135182672105, 40.71333642204493], [-73.97134739047706, 40.71333507326289], [-73.97130161782827, 40.71332115415375], [-73.9712973006065, 40.71331984382611], [-73.97125137649755, 40.713305877998295], [-73.97124716026552, 40.713304597886314], [-73.9712011676496, 40.71329061280795], [-73.97119706322876, 40.71328936291454], [-73.97115092636487, 40.71327533660857], [-73.97114697342688, 40.71327413341224], [-73.971100713957, 40.71326006862875], [-73.97109683315463, 40.7132588874069], [-73.97105048714583, 40.71324479513383], [-73.97104673257822, 40.71324365511345], [-73.97099664645224, 40.71322842554658], [-73.9709465062488, 40.71321317947566], [-73.9708964057423, 40.713197944371956], [-73.97084631607781, 40.713182714738664], [-73.97079620840277, 40.71316747958943], [-73.9707460791113, 40.71315223617862], [-73.9706959895155, 40.71313700647985], [-73.97064588190923, 40.71312177126511], [-73.9705957526865, 40.71310652778873], [-73.97054566316184, 40.713091292534905], [-73.97049555562425, 40.713076057254625], [-73.97044543007743, 40.713060813713646], [-73.97039533701312, 40.713045581138154], [-73.97034522954552, 40.713030343047656], [-73.97029510406624, 40.713015102185814], [-73.97024501107062, 40.71299986954484], [-73.9701949036717, 40.712984631388785], [-73.97014477826117, 40.71296939046142], [-73.97009468533302, 40.7129541604997], [-73.9700445780016, 40.71293892502286], [-73.96999444905394, 40.71292368128428], [-73.96994435619574, 40.7129084485123], [-73.9698942525402, 40.712893212970926], [-73.96984412366, 40.71287797191153], [-73.9697940308705, 40.712862739074026], [-73.96974392367659, 40.71284750346614], [-73.96968664649016, 40.71283008660771], [-73.96945855515747, 40.71276063873931], [-73.96748064777272, 40.71216018808448], [-73.96707118674628, 40.71203588217881], [-73.96127463458046, 40.71027558836731], [-73.96117570416394, 40.71024633978736], [-73.96116523497629, 40.710242987645195], [-73.9611593350311, 40.71024106981013], [-73.96115194569045, 40.71023864094624], [-73.96114862427977, 40.71023753917533], [-73.9611452271413, 40.71023640444169], [-73.96114180837053, 40.710235253232035], [-73.961138486973, 40.71023412950274], [-73.96113518361065, 40.71023300577948], [-73.96113188025315, 40.71023187382183], [-73.96112845067947, 40.71023069241572], [-73.96112514372479, 40.71022954398807], [-73.96112188365493, 40.71022840655525], [-73.96111838197028, 40.71022717571874], [-73.96111505339, 40.710225999835906], [-73.96111183660933, 40.71022485418307], [-73.96110833854648, 40.71022359864469], [-73.96110490900561, 40.71022236234263], [-73.96110168142033, 40.71022118923824], [-73.9610983781073, 40.71021998317106], [-73.96109495939905, 40.71021872765903], [-73.96109158757876, 40.71021747765226], [-73.96108836001159, 40.710216274355126], [-73.96108496295695, 40.710214999636776], [-73.96108163442427, 40.71021374415482], [-73.96107827704859, 40.71021246670497], [-73.96107494131503, 40.71021118926228], [-73.96107164886082, 40.71020992006844], [-73.96106813643237, 40.71020856022292], [-73.96106485120046, 40.710207277307525], [-73.96106158039828, 40.71020599165211], [-73.96105825911586, 40.71020467578716], [-73.96105486931971, 40.71020332696178], [-73.96105143986107, 40.71020195342002], [-73.96104816186788, 40.71020062933513], [-73.96104480454477, 40.710199264051845], [-73.9610414291964, 40.710197882293826], [-73.96103815121806, 40.710196533505766], [-73.96103487685167, 40.71019517648462], [-73.96103151954995, 40.71019377551901], [-73.96102815143541, 40.71019236082588], [-73.96102479414527, 40.71019094064677], [-73.96102142243527, 40.710189506738864], [-73.96101814448984, 40.71018810305503], [-73.96101487015632, 40.71018669113802], [-73.96101151649462, 40.710185235277834], [-73.96100815201841, 40.71018376843482], [-73.96100474788307, 40.710182271385925], [-73.96100148799583, 40.71018082928102], [-73.96099827860033, 40.710179398172194], [-73.96099483842109, 40.71017785719456], [-73.96099150282252, 40.710176354678936], [-73.96098826820092, 40.71017488513459], [-73.96098488213039, 40.710173338685486], [-73.96098155376241, 40.71017180872442], [-73.96097831915733, 40.71017031173216], [-73.96097488622674, 40.71016871311637], [-73.96097162639062, 40.71016718592296], [-73.96096841704302, 40.710165675215194], [-73.96096502019097, 40.71016406288752], [-73.96096165219187, 40.71016245605909], [-73.96095837074331, 40.71016087945227], [-73.96095510372449, 40.710159300105474], [-73.96095174295436, 40.71015766857632], [-73.96093460745509, 40.71014918144487], [-73.96091894693046, 40.710141194358485], [-73.96091562949762, 40.710139475010585], [-73.96091224716467, 40.710137711724286], [-73.96090900186417, 40.71013600612447], [-73.96090572771904, 40.71013428130146], [-73.96090244637139, 40.71013253726251], [-73.96089919387347, 40.71013080421233], [-73.96089595580692, 40.71012906567745], [-73.96089261677999, 40.71012726672338], [-73.96088932824317, 40.710125481510175], [-73.96088610461638, 40.71012372376663], [-73.96088282690899, 40.71012192483309], [-73.96087960329386, 40.71012014787599], [-73.96087633641584, 40.710118335222134], [-73.96087310199295, 40.71011653630304], [-73.96086979906782, 40.710114685210094], [-73.96086656826519, 40.71011286433397], [-73.96086335189072, 40.71011104346263], [-73.96086003455913, 40.710109156682606], [-73.96085677492843, 40.71010728913541], [-73.96085356578138, 40.710105446308184], [-73.96085037827646, 40.71010360348821], [-73.9608470537574, 40.7101016727891], [-73.96084384823561, 40.71009979977046], [-73.96084066435277, 40.71009793224859], [-73.96083733624505, 40.710095971355585], [-73.96083408386511, 40.710094043425435], [-73.96083092163447, 40.71009215944211], [-73.96082771614103, 40.710090239762], [-73.96082441690291, 40.71008825692037], [-73.96082124026582, 40.710086337249905], [-73.96081806002836, 40.71008440659907], [-73.96081477162635, 40.71008239905802], [-73.96081156976506, 40.71008043820723], [-73.96080836791039, 40.710078466377375], [-73.96080508313044, 40.71007643413434], [-73.96080195340156, 40.71007448703172], [-73.9607987768029, 40.71007250423113], [-73.96079550285752, 40.71007045003342], [-73.96079234429907, 40.71006845900448], [-73.96078913166167, 40.71006642404083], [-73.96078586133997, 40.71006434239647], [-73.96078272082516, 40.71006233764959], [-73.96077955868309, 40.71006030819243], [-73.96077633885675, 40.71005823205453], [-73.9607731298532, 40.71005615317546], [-73.96076994249017, 40.71005407704841], [-73.96076678036987, 40.71005201190897], [-73.96076365791703, 40.710049963251514], [-73.96076039124596, 40.71004781024386], [-73.96075720029775, 40.710045698433305], [-73.96075408507406, 40.71004362507521], [-73.96075094822147, 40.71004152975155], [-73.96074774286852, 40.71003937950914], [-73.96074450507062, 40.71003719906323], [-73.96074137544556, 40.71003508178365], [-73.96073819895084, 40.71003292880611], [-73.96073505131548, 40.710030770348766], [-73.96073192171531, 40.710028611897506], [-73.96072875606475, 40.71002642049667], [-73.9607256625317, 40.71002426754708], [-73.96072263753332, 40.710022111876015], [-73.96071942142274, 40.71001985732815], [-73.96071623055805, 40.71001760827839], [-73.96071317310218, 40.71001544436169], [-73.96071007599225, 40.7100132420047], [-73.96070688514276, 40.710010968251744], [-73.96070374838224, 40.710008721964904], [-73.9607006008106, 40.71000645920563], [-73.96069750732794, 40.71000422391236], [-73.96069441745409, 40.71000198587548], [-73.96069129153317, 40.709999709399554], [-73.96068818724794, 40.70999744390997], [-73.96068500004417, 40.70999510702815], [-73.96068191740454, 40.709992836056266], [-73.96067884198075, 40.70999056234199], [-73.96067572690133, 40.709988252932156], [-73.96067264067152, 40.70998595451117], [-73.96066953281294, 40.70998363412461], [-73.96066643217183, 40.70998130825087], [-73.9606633207197, 40.7099789659048], [-73.960660212878, 40.709976618070385], [-73.9606571410967, 40.70997428671673], [-73.96065408734572, 40.70997196360345], [-73.9606509326478, 40.70996955811272], [-73.9606478464586, 40.709967193816745], [-73.96064477469601, 40.70996483227037], [-73.96064174620291, 40.70996249544163], [-73.96063859513234, 40.709960057014634], [-73.96063549454203, 40.709957648797186], [-73.9606324624556, 40.70995529000884], [-73.96062937629854, 40.7099528735619], [-73.96062632979914, 40.70995049006557], [-73.96062325446675, 40.70994806813264], [-73.96062016110939, 40.70994562972484], [-73.96061707136406, 40.70994318308395], [-73.96061405012259, 40.70994078587213], [-73.96061101807014, 40.70993837218796], [-73.96060787425793, 40.709935862398744], [-73.96060240144072, 40.709931474394416], [-73.96059263837162, 40.70992359358265], [-73.9599322929159, 40.70937669663909], [-73.9599184018272, 40.70936584175391], [-73.95959271694994, 40.709106863773194], [-73.95953149494026, 40.709055583810326], [-73.95952424500071, 40.70904961963528], [-73.9595205497211, 40.70904659635141], [-73.959516883279, 40.70904360326993], [-73.95951321322359, 40.70904062116613], [-73.95950953234605, 40.70903764180314], [-73.95950584785689, 40.70903467067307], [-73.95950204799604, 40.7090316171594], [-73.95949823009913, 40.70902856638406], [-73.95949451674545, 40.709025611712036], [-73.95949077454158, 40.709022648795475], [-73.95948704314387, 40.70901971058544], [-73.95948309181826, 40.709016615846366], [-73.9594793387712, 40.70901369135229], [-73.95947546313363, 40.70901069270634], [-73.95947168483036, 40.70900778192694], [-73.95946778033128, 40.7090047942496], [-73.95946385779285, 40.70900181480005], [-73.95945993163949, 40.708998849072934], [-73.95945608478904, 40.70899596571651], [-73.95945200718839, 40.70899292857195], [-73.95944741761663, 40.7089895399171], [-73.95944369330799, 40.70898681305496], [-73.95943986082821, 40.70898402576977], [-73.95943621220907, 40.708981392256014], [-73.95943234364888, 40.70897862417119], [-73.9594275196499, 40.70897519975106], [-73.95942281100159, 40.70897189339615], [-73.95941888110451, 40.70896915822646], [-73.95941418323606, 40.708965920494116], [-73.95941155847748, 40.70896412723816], [-73.95941029296588, 40.708963267680986], [-73.95940896616143, 40.70896236693072], [-73.95940762132737, 40.70896145793979], [-73.95940627288468, 40.70896055169235], [-73.95940494247012, 40.708959656430295], [-73.95940359402421, 40.708958755672356], [-73.95940254122839, 40.708958049896864], [-73.9594011891756, 40.70895714913764], [-73.95939953786588, 40.7089560533946], [-73.95939819301864, 40.7089551663617], [-73.95939683735402, 40.70895427383539], [-73.95939578455003, 40.70895358178363], [-73.9593944288821, 40.70895269474685], [-73.95939274871714, 40.708951598993536], [-73.95939170312036, 40.70895091792337], [-73.95939034744588, 40.708950041865585], [-73.9593886600638, 40.708948951599204], [-73.95938761085682, 40.70894827601727], [-73.95938624075639, 40.708947397209556], [-73.95938487065433, 40.70894652114663], [-73.95938382504937, 40.708945853800195], [-73.95938211602088, 40.70894477176035], [-73.95938074230858, 40.708943901185656], [-73.95937961377099, 40.70894318989368], [-73.9593768771524, 40.708941473450835], [-73.95936226009304, 40.70893251761795], [-73.95934827381252, 40.70892428113404], [-73.95934568494091, 40.70892279255797], [-73.95934427151647, 40.70892198235356], [-73.95934281481891, 40.70892115566529], [-73.95934139057208, 40.70892034820178], [-73.95934018627122, 40.70891966707508], [-73.95933829328042, 40.7089186014382], [-73.95933625245057, 40.708917461640475], [-73.95933437747944, 40.70891642071275], [-73.9593324844771, 40.70891537428912], [-73.95933042200244, 40.70891423997317], [-73.95932855423202, 40.70891322100605], [-73.95932665400761, 40.70891218830358], [-73.959324580704, 40.7089110677075], [-73.95932269489403, 40.7089100569682], [-73.95932078023534, 40.708909035239564], [-73.95931886557335, 40.708908019000454], [-73.95931681749347, 40.708906939584615], [-73.95931487397782, 40.708905920590475], [-73.95931297372701, 40.708904931804], [-73.95931104102219, 40.70890392928221], [-73.95930893162803, 40.70890284435504], [-73.95930701694294, 40.708901866542384], [-73.95930491475275, 40.708900798086255], [-73.95930281976973, 40.708899740611656], [-73.95930105291208, 40.70889885617318], [-73.95929913821382, 40.708897900318505], [-73.95929718024082, 40.708896930724705], [-73.95929503836794, 40.70889587323342], [-73.95929313086864, 40.708894942084086], [-73.95929114764562, 40.70889397522601], [-73.95928900575782, 40.708892942437465], [-73.95928687107892, 40.70889191788573], [-73.95928492390026, 40.70889099221173], [-73.95928314980237, 40.7088901516866], [-73.95928098987014, 40.70888913536008], [-73.95927884435896, 40.70888813001772], [-73.95927704861467, 40.70888729771913], [-73.95927489948829, 40.70888630609924], [-73.95927271429765, 40.708885306232204], [-73.95927076348897, 40.70888441898341], [-73.95926875498277, 40.70888350975603], [-73.9592667789257, 40.70888262249822], [-73.95926484252978, 40.708881759957286], [-73.95926258880607, 40.70888076281057], [-73.95926038916798, 40.708879795875404], [-73.95925864027231, 40.70887903221219], [-73.95925645865722, 40.70887808449665], [-73.95925441767062, 40.70887720544992], [-73.95925258582906, 40.70887641979915], [-73.95925021668899, 40.70887541437706], [-73.95924802063296, 40.70887448861437], [-73.95924618156766, 40.708873719429526], [-73.95924397468762, 40.70887279915241], [-73.95924189401165, 40.708871942049534], [-73.95923987824206, 40.70887111516198], [-73.95923790574062, 40.708870312992566], [-73.95923566639003, 40.70886940642765], [-73.95923343424666, 40.7088685108443], [-73.95923159155292, 40.70886777733984], [-73.95922933415946, 40.70886688449221], [-73.95922708758017, 40.70886600262744], [-73.95922523766599, 40.70886528009936], [-73.95922321465606, 40.70886449712518], [-73.95922096445992, 40.70886363172757], [-73.95921868901699, 40.708862763576214], [-73.95921643160037, 40.70886190915499], [-73.95921455642609, 40.70886120583117], [-73.95921253339968, 40.70886045030444], [-73.95921040218546, 40.708859661802165], [-73.9592080978756, 40.708858812853705], [-73.95920593059222, 40.70885802433857], [-73.9592037885507, 40.70885724681135], [-73.95920161765538, 40.70885646652917], [-73.95919958378997, 40.70885574119074], [-73.95919738043243, 40.708854960896915], [-73.95919525640726, 40.70885421356836], [-73.9591930494362, 40.70885344425223], [-73.95919086409832, 40.70885268866759], [-73.95918868957627, 40.70885194132102], [-73.95918662684224, 40.70885123793023], [-73.95918431527707, 40.708850457597805], [-73.95918194601116, 40.70884966077632], [-73.95917991572283, 40.708848984844536], [-73.95917800083107, 40.70884835012509], [-73.9591760931482, 40.7088477236425], [-73.95915763646263, 40.70884186800451], [-73.95867443989228, 40.70867524485677], [-73.95680793647611, 40.708036229168535], [-73.95660246183897, 40.70796588318841], [-73.95616949526139, 40.70781761717472], [-73.95549043256725, 40.7075851358532], [-73.95544983578671, 40.70757124811133], [-73.95473147618061, 40.707325330680746], [-73.95430113220837, 40.707178044025625], [-73.95428800278752, 40.707173542888796], [-73.95243637488332, 40.70653964966959], [-73.95220160762219, 40.70645949587874], [-73.95218489428935, 40.70645364807867], [-73.95217925827964, 40.70645166676221], [-73.95217363309263, 40.70644968270522], [-73.95216796824495, 40.70644767941808], [-73.95216245484971, 40.70644572285466], [-73.95215691261025, 40.70644375255516], [-73.95215134874012, 40.706441768522545], [-73.95214572357453, 40.706439757016504], [-73.9521400875947, 40.70643773727146], [-73.9521345742208, 40.70643575325906], [-73.95212900676498, 40.706433741776216], [-73.95212341046494, 40.7064317165573], [-73.95211777811303, 40.706429669365015], [-73.95211228999794, 40.70642767163823], [-73.95210678025416, 40.70642565743354], [-73.952101245275, 40.70642362674954], [-73.95209565621197, 40.70642157133987], [-73.9520900527319, 40.706419502200134], [-73.95208456824896, 40.706417471536305], [-73.95207903329089, 40.70641541340361], [-73.95207346949061, 40.70641333879005], [-73.95206798502446, 40.70641128616734], [-73.95206254743913, 40.706409244542975], [-73.9520568358164, 40.70640709301362], [-73.95205131530895, 40.70640500469317], [-73.95204587774042, 40.70640294110992], [-73.95204042575295, 40.70640086654131], [-73.95203493050398, 40.70639876450676], [-73.95202928742013, 40.706396602025556], [-73.95202388953766, 40.70639452473397], [-73.95201839430554, 40.706392400740526], [-73.9520128017199, 40.706390235534776], [-73.95200738943296, 40.70638812804401], [-73.95200197715032, 40.70638601506342], [-73.95199645669969, 40.70638385263173], [-73.95199092543895, 40.70638167647143], [-73.95198551317317, 40.706379541531994], [-73.95198010452047, 40.7063773983595], [-73.95197464539277, 40.70637522771803], [-73.95196909973194, 40.70637301586875], [-73.95196366225164, 40.70637083700152], [-73.95195825722891, 40.70636866363707], [-73.95195281975921, 40.70636647104553], [-73.95194733902616, 40.70636425373271], [-73.95194190156904, 40.706362044672076], [-73.95193656507882, 40.70635986859044], [-73.95193108075982, 40.706357623827806], [-73.95192563250325, 40.706355387314176], [-73.95192024915741, 40.70635316729602], [-73.9519148622111, 40.70635093904181], [-73.95190941036861, 40.70634867507834], [-73.95190407030935, 40.706346449587976], [-73.95189862208429, 40.7063441719016], [-73.95189328203566, 40.706341932686925], [-73.95188789872766, 40.706339663261545], [-73.95188247936593, 40.70633737460744], [-73.95187714654791, 40.70633511343693], [-73.95187167671956, 40.70633278633452], [-73.95186636915373, 40.70633051968451], [-73.95186107601941, 40.70632824755081], [-73.9518555593356, 40.70632587651178], [-73.95185018688623, 40.70632355768339], [-73.95184502717663, 40.70632132403139], [-73.95183963310706, 40.70631897774584], [-73.95183425706989, 40.70631663421231], [-73.95182895675791, 40.70631431541306], [-73.95182352664935, 40.70631193068492], [-73.95181825158961, 40.706309606406265], [-73.95181299456222, 40.70630728487965], [-73.95180756447267, 40.70630487544793], [-73.95180233269951, 40.7063025456971], [-73.9517969675231, 40.70630015001586], [-73.95179166364859, 40.70629777357334], [-73.95178650400443, 40.70629545483109], [-73.95178114245383, 40.70629303444773], [-73.95177579172389, 40.706290614068664], [-73.95177048787279, 40.706288207432806], [-73.95176520926958, 40.70628580080725], [-73.95176002441548, 40.706283432647474], [-73.95175473861138, 40.70628100954987], [-73.95174939512479, 40.706278550745886], [-73.95174424634573, 40.706276174366195], [-73.95173895695386, 40.706273726563495], [-73.95173366035874, 40.70627126503364], [-73.95172846832908, 40.70626884746368], [-73.95172321140745, 40.70626638869481], [-73.95171795449015, 40.706263924436136], [-73.95171265791845, 40.706261432712935], [-73.95170742625344, 40.70625896297485], [-73.95170226670476, 40.706256520714426], [-73.95169711798077, 40.706254072968825], [-73.95169186469805, 40.70625157302851], [-73.95168653210217, 40.706249023648944], [-73.95168140502808, 40.70624656493263], [-73.9516762527207, 40.706244086992164], [-73.9516710679706, 40.70624158433494], [-73.95166591206915, 40.706239089923876], [-73.95166065161305, 40.70623653782866], [-73.95165539837687, 40.70623397750188], [-73.95165030739285, 40.70623149135167], [-73.95164525607588, 40.706229016197], [-73.95163997761927, 40.70622642017704], [-73.95163471719505, 40.706223826909124], [-73.95162962984126, 40.706221310567116], [-73.95162454249386, 40.70621878599059], [-73.95161945515075, 40.706216255924375], [-73.95161428128506, 40.70621367092621], [-73.95160902810427, 40.70621103923347], [-73.95160396601989, 40.706208495453325], [-73.95159888951866, 40.70620593794306], [-73.95159377336313, 40.70620335296822], [-73.95158862837162, 40.7062007432782], [-73.95158347617497, 40.70619812260581], [-73.95157842493879, 40.70619554314716], [-73.95157337731183, 40.70619296094504], [-73.95156816744762, 40.7061902853524], [-73.95156307656988, 40.70618766196016], [-73.95155813352096, 40.70618510724903], [-73.9515529921809, 40.70618243991885], [-73.95154775350001, 40.70617971490742], [-73.95154274917878, 40.70617710252976], [-73.95153781336491, 40.706174520373146], [-73.95153263599857, 40.706171798131614], [-73.95152765332921, 40.70616917203859], [-73.95152264903354, 40.70616652672288], [-73.95151760869233, 40.70616385119935], [-73.95151253951322, 40.70616115370536], [-73.95150739102326, 40.7061584040272], [-73.95150244444169, 40.706155753245376], [-73.95149747623583, 40.706153080496115], [-73.95149243953541, 40.706150361056814], [-73.95148746773751, 40.706147669092275], [-73.95148247070856, 40.70614495515878], [-73.95147743402934, 40.70614220827117], [-73.95147243341233, 40.70613946963279], [-73.95146743280179, 40.70613672275994], [-73.95146249348896, 40.70613400061561], [-73.95145760105477, 40.706131292214636], [-73.95145254638763, 40.70612848493352], [-73.95143770330856, 40.706120178504335], [-73.95031065659242, 40.70548973283038], [-73.95025636881286, 40.705459371497], [-73.950242564322, 40.705451671954684], [-73.95018835230915, 40.70542136002755], [-73.94817350495934, 40.704294106722934], [-73.9466417826092, 40.703437097679725], [-73.94316516630607, 40.70149177686517], [-73.94314967644169, 40.701483087519364], [-73.94314184320365, 40.70147868104478], [-73.94313417219034, 40.701474356992854], [-73.94312645071697, 40.701469997233495], [-73.94311867878366, 40.701465601766735], [-73.94311092127987, 40.70146120356176], [-73.94310319261996, 40.70145681634966], [-73.94309551804257, 40.70145244837709], [-73.94308778579456, 40.70144804194876], [-73.9430800391355, 40.70144361904419], [-73.94307236458464, 40.7014392236224], [-73.94306464317565, 40.701434797984554], [-73.94305700108085, 40.701430408067324], [-73.94304927608384, 40.70142596321327], [-73.94304152225668, 40.701421493641504], [-73.94303387658191, 40.70141707627332], [-73.9430261876579, 40.70141262594599], [-73.94301857444151, 40.70140821133763], [-73.94301093239737, 40.70140376926684], [-73.94300324349757, 40.70139929423507], [-73.94299560146726, 40.7013948384394], [-73.94298793421338, 40.70139035792786], [-73.94298027057172, 40.701385871928025], [-73.9429726537995, 40.70138140516428], [-73.94296501901454, 40.70137691643293], [-73.94295733376967, 40.70137239199412], [-73.94294979993188, 40.701367947228064], [-73.94294220482168, 40.70136345851489], [-73.94293459169405, 40.701358953323684], [-73.9429269281113, 40.701354406935444], [-73.94291932221286, 40.7013498852782], [-73.94291179923017, 40.701345404833084], [-73.94290418974376, 40.70134086395969], [-73.94289661270759, 40.701336334080935], [-73.94288902486237, 40.70133179321729], [-73.942881426215, 40.7013272331344], [-73.9428738888514, 40.7013227060186], [-73.94286631184762, 40.70131814320069], [-73.94285881054893, 40.701313618846584], [-73.94285123356369, 40.701309036814294], [-73.94284367821392, 40.701304460281776], [-73.9428362021851, 40.701299911235814], [-73.94282864685387, 40.701295315488984], [-73.94282111316043, 40.70129072249712], [-73.94281359028764, 40.70128612951017], [-73.94280609265444, 40.70128154476958], [-73.94279859502934, 40.70127695179418], [-73.94279106857661, 40.7012723313563], [-73.94278361061826, 40.70126774663393], [-73.94277609859843, 40.70126312071269], [-73.9427685793737, 40.70125848655309], [-73.94276115387709, 40.701253901845384], [-73.94275363466387, 40.70124925670575], [-73.94274614789855, 40.70124462530561], [-73.9427387152085, 40.70124002137952], [-73.94273122123697, 40.70123538448522], [-73.9427237200605, 40.70123073935261], [-73.94271630900553, 40.70122614367014], [-73.94270880783822, 40.70122149030221], [-73.94269387758278, 40.70121224673044], [-73.94196117909, 40.70075036905678], [-73.9419294445828, 40.70073078286384], [-73.94191176781558, 40.70071991290232], [-73.94190559319864, 40.70071612200788], [-73.94189945102163, 40.70071235308768], [-73.94189329081534, 40.70070858141327], [-73.94188712340147, 40.700704804245326], [-73.94188092354192, 40.70070101333682], [-73.94187473809949, 40.70069723341439], [-73.94186857427746, 40.700693475460646], [-73.9418623996391, 40.70068971475634], [-73.94185619975362, 40.700685956783694], [-73.9418499746378, 40.70068218232937], [-73.9418437026527, 40.70067839138242], [-73.94183753158772, 40.7006746718501], [-73.94183131725752, 40.700670938571676], [-73.94182516419998, 40.70066724924022], [-73.94181888137189, 40.70066348847887], [-73.94181254085986, 40.700659705729876], [-73.94180639138455, 40.70065604659167], [-73.9418001445803, 40.70065233525328], [-73.94179382566382, 40.70064860466474], [-73.94178758245066, 40.70064491254089], [-73.94178128155362, 40.70064119842939], [-73.94177500948514, 40.70063751177975], [-73.94176874462082, 40.700633836112516], [-73.94176249417112, 40.70063017417604], [-73.94175621847903, 40.70062650948173], [-73.94174986708272, 40.700622809066736], [-73.9417436021947, 40.700619163590574], [-73.94173730846038, 40.700615512609865], [-73.94173093181351, 40.70061182041536], [-73.9417245803912, 40.700608152936205], [-73.94171831907886, 40.70060454588714], [-73.94171201811031, 40.7006009223491], [-73.94170564143509, 40.70059726583516], [-73.94169926115163, 40.700593612063756], [-73.94169292771957, 40.70058999674251], [-73.9416865834688, 40.7005863814154], [-73.94168026804651, 40.70058279355026], [-73.94167391296563, 40.70057919194078], [-73.94166752183258, 40.700575576588875], [-73.94164833757739, 40.70056477718657], [-73.94032071471062, 40.69982012190468], [-73.93675322250995, 40.69781906270278], [-73.93673504546643, 40.697808836686775], [-73.93673049309348, 40.69780627880553], [-73.93672587223702, 40.697803682459636], [-73.93672127660959, 40.69780110259606], [-73.93671670261274, 40.69779853097849], [-73.93671211058977, 40.69779595386131], [-73.93670759426107, 40.69779341795705], [-73.93670309595127, 40.69779089578641], [-73.93669847509179, 40.697788304928956], [-73.93669378575142, 40.69778567286217], [-73.93668927302257, 40.69778314519351], [-73.93668467379165, 40.69778056532644], [-73.93668018268849, 40.69777805139317], [-73.93667567356702, 40.69777552372592], [-73.9366709914307, 40.697772902641226], [-73.93666637777851, 40.697770320020766], [-73.93666186865808, 40.69776779235299], [-73.93665735592904, 40.697765267427826], [-73.93665284320036, 40.69776274250249], [-73.9366481394383, 40.69776011042586], [-73.936643442884, 40.697757483842544], [-73.93663901305501, 40.6977550083681], [-73.93663448230653, 40.69775247245306], [-73.93662980377457, 40.69774985685817], [-73.93662520453779, 40.69774728796784], [-73.93662065216022, 40.69774474380603], [-73.93661614303804, 40.69774222162595], [-73.93661145729746, 40.69773960328161], [-73.93660682201711, 40.69773701515728], [-73.93660242102581, 40.697734556165955], [-73.93659779655992, 40.69773197353677], [-73.93659306756834, 40.69772933046493], [-73.93658856204675, 40.69772681652007], [-73.93658403129687, 40.69772428609254], [-73.93657932032757, 40.69772165400915], [-73.93657478597206, 40.69771912357927], [-73.93657027685074, 40.69771660414216], [-73.93656554064862, 40.69771396106521], [-73.93656103513173, 40.697711444374534], [-73.93655650438394, 40.69770891394592], [-73.93655178620413, 40.69770628185737], [-73.936547136511, 40.69770368548842], [-73.93654272110403, 40.697701220997274], [-73.93653799572049, 40.69769858066992], [-73.9365333532358, 40.697695989793885], [-73.93652894143614, 40.69769352530421], [-73.93652420523998, 40.69769087948076], [-73.93651955915264, 40.6976882858574], [-73.936515028408, 40.69768575542714], [-73.93651039674148, 40.69768316730094], [-73.93650588762503, 40.6976806478613], [-73.93650123433174, 40.697678048743725], [-73.93649659905996, 40.69767546061496], [-73.9364920827371, 40.69767293568128], [-73.93648740421631, 40.69767032008061], [-73.93647254324443, 40.697662014445555], [-73.93634334363966, 40.69758957176454], [-73.93633000020445, 40.69758206293295], [-73.93632575423719, 40.69757967538068], [-73.93632138211981, 40.69757721364972], [-73.93631686582862, 40.69757466949579], [-73.93631235314152, 40.69757212808844], [-73.93630801346625, 40.69756968284354], [-73.93630366297766, 40.69756723210291], [-73.93629911785298, 40.69756467146373], [-73.93629497281503, 40.69756233611679], [-73.93629063314371, 40.697559888126456], [-73.9362859402423, 40.69755724231711], [-73.93628159696532, 40.697554794324425], [-73.9362774303038, 40.69755244524101], [-73.93627291762233, 40.69754990108735], [-73.93626842656856, 40.69754736792458], [-73.9362640616707, 40.697544903450634], [-73.93625972920901, 40.697542460952654], [-73.93625541116768, 40.697540023952016], [-73.93625107150189, 40.697537573215435], [-73.93624655521867, 40.697535026313965], [-73.93624206416696, 40.69753249315012], [-73.93623788309348, 40.697530133078196], [-73.93623338122865, 40.69752759441848], [-73.93622887576313, 40.69752505026707], [-73.93622456132776, 40.69752261601208], [-73.9362203982766, 40.69752026692858], [-73.93621605140335, 40.69751781344191], [-73.93621139455267, 40.69751518686287], [-73.93620710174332, 40.69751276634299], [-73.9362029062549, 40.69751039802755], [-73.93619838637174, 40.697507848377384], [-73.93619371867983, 40.69750524649455], [-73.93618955563085, 40.69750289740993], [-73.93618539257687, 40.697500553814706], [-73.93618089431716, 40.69749802064445], [-73.93617637801567, 40.69749549844311], [-73.93617187975663, 40.697492965272545], [-73.9361675689291, 40.69749053376215], [-73.9361632292671, 40.697488085766985], [-73.93615871299063, 40.69748553886203], [-73.9361544237888, 40.697483121087], [-73.93615026074256, 40.69748077200095], [-73.93614577330445, 40.69747823883535], [-73.93614141562298, 40.697475779850265], [-73.93613710479767, 40.69747334833875], [-73.93613262456793, 40.69747082066615], [-73.9361282668875, 40.69746836168058], [-73.93612380107838, 40.69746583950518], [-73.93611947944329, 40.697463399752664], [-73.93611510374274, 40.69746092977753], [-73.93611065955677, 40.69745842408223], [-73.9361063775737, 40.69745600356462], [-73.93608872699744, 40.69744604123595], [-73.93524531625505, 40.69697272586028], [-73.93522750723213, 40.696962790757354], [-73.93522302338754, 40.69696034264537], [-73.93521888201253, 40.69695802647488], [-73.93521472622058, 40.696955702061835], [-73.93521008023814, 40.696953105640574], [-73.93520560005449, 40.69695060263465], [-73.93520158843756, 40.69694835790054], [-73.93519707581665, 40.69694583566263], [-73.93519243704549, 40.69694324198954], [-73.93518829927619, 40.696940928564715], [-73.93518392362307, 40.696938480512145], [-73.93517962005595, 40.6969360736715], [-73.93517512906377, 40.69693356242402], [-73.93517062005114, 40.69693104018708], [-73.93516633450837, 40.696928641590404], [-73.93516183991356, 40.69692612759558], [-73.93515768051935, 40.6969238031784], [-73.93515331928299, 40.69692136611184], [-73.93514880306476, 40.6969188383805], [-73.93514449589654, 40.696916428791745], [-73.9351399976971, 40.696913914793996], [-73.935135578911, 40.696911323987365], [-73.93513127535005, 40.696908914400154], [-73.93512712317056, 40.69690658998592], [-73.93512275112556, 40.696904144677816], [-73.935118234907, 40.696901619689996], [-73.93511371868883, 40.69689909470199], [-73.93510940791687, 40.69689668510992], [-73.93510511877227, 40.69689428650895], [-73.9351006241821, 40.69689177251169], [-73.93509625213905, 40.69688932720256], [-73.93509185486303, 40.6968868709], [-73.93508740352517, 40.69688438162952], [-73.9350831143795, 40.69688198577249], [-73.93507873512782, 40.69687953771387], [-73.93507436308637, 40.696877092403916], [-73.93506982164087, 40.69687455367613], [-73.93506538832803, 40.696872072649256], [-73.93506121452347, 40.696869739986155], [-73.93505681365176, 40.69686727544589], [-73.93505230104448, 40.696864750457515], [-73.9350477812277, 40.69686222272011], [-73.9350434596497, 40.69685980488515], [-73.9350391488855, 40.696857392545645], [-73.93503475882895, 40.696854933500155], [-73.93503022819998, 40.69685240026644], [-73.9350257264109, 40.69684987802788], [-73.93502150936314, 40.69684751514646], [-73.93501718418612, 40.69684509181892], [-73.93501266437734, 40.69684255859057], [-73.93500815177609, 40.69684003085569], [-73.93500381578926, 40.696837599287264], [-73.93499943655144, 40.6968351429913], [-73.93499492398865, 40.696832576829145], [-73.93499059881624, 40.69683015075588], [-73.93498618714702, 40.696827669738155], [-73.93498184035097, 40.696825229928486], [-73.9349775223921, 40.69682280385877], [-73.93497283319026, 40.69682016897675], [-73.93496858371384, 40.696817781372125], [-73.93496424052536, 40.69681534156382], [-73.93495955493353, 40.69681270393852], [-73.93495529464722, 40.69681030809301], [-73.93495094785885, 40.69680786279261], [-73.9349464208559, 40.69680531583378], [-73.93494207406812, 40.69680287053304], [-73.93493756869549, 40.69680033182039], [-73.9349330344837, 40.696797782112164], [-73.93492879583167, 40.696795391767424], [-73.93492435533558, 40.69679289151767], [-73.93491972381426, 40.696790281369005], [-73.9349153806374, 40.69678783332453], [-73.93491111314982, 40.69678542923898], [-73.93490661138578, 40.69678289052715], [-73.93488658233004, 40.69677158996573], [-73.93485805438138, 40.696755475756824], [-73.93483994284753, 40.696745233008315], [-73.93483630612276, 40.696743177862686], [-73.93483260812913, 40.69674108425545], [-73.93482917324886, 40.6967391390146], [-73.93482575638946, 40.69673720476288], [-73.93482214849965, 40.6967351661017], [-73.93481861270072, 40.696733163163266], [-73.9348150444643, 40.696731140992924], [-73.93481159516803, 40.69672918750908], [-73.93480818912037, 40.69672726149729], [-73.93480524444786, 40.69672556905204], [-73.93480304583669, 40.696724324426604], [-73.93480015880307, 40.696722695143535], [-73.93479730421268, 40.696721079602646], [-73.93479422976051, 40.69671934042259], [-73.93479105799283, 40.69671754629187], [-73.93478819619568, 40.69671592525716], [-73.93478531997891, 40.696714298724594], [-73.93478225994443, 40.69671256778666], [-73.93477926118182, 40.696710872565355], [-73.93477643182285, 40.69670927076207], [-73.93477335737182, 40.69670753158142], [-73.93477020002497, 40.69670574294786], [-73.93476733822614, 40.696704124657366], [-73.93476448363727, 40.69670250911565], [-73.934761611028, 40.69670088258457], [-73.93475875643941, 40.696699267042696], [-73.93475541167197, 40.69669737125655], [-73.93475254987386, 40.696695752965674], [-73.93474968807857, 40.69669413192996], [-73.93474654154372, 40.69669235153618], [-73.93474367614243, 40.69669073049831], [-73.93474081434759, 40.696689109462376], [-73.93473795615647, 40.69668749117319], [-73.93473481322856, 40.69668571078114], [-73.93473196224755, 40.69668409524065], [-73.93472910405686, 40.69668247695124], [-73.93472580614308, 40.69668061138325], [-73.93472293713921, 40.69667898759802], [-73.93472008255524, 40.69667736931043], [-73.93471721715525, 40.69667574827184], [-73.9347143661751, 40.696674132730955], [-73.93471114395349, 40.69667230837699], [-73.93469640247532, 40.69666395866278], [-73.93468512110297, 40.696657567930124], [-73.93467428305654, 40.69665142996669], [-73.93465312598991, 40.696639442532074], [-73.93463549029632, 40.69662945528483], [-73.93458316353293, 40.69659982322882], [-73.93442368182885, 40.69650985503232], [-73.93427640811943, 40.69642682138099], [-73.93404655380193, 40.696297746162514], [-73.9338572990068, 40.69619096761802], [-73.93362673936825, 40.69606201466555], [-73.931589202082, 40.694931135141914], [-73.93157360355777, 40.69492234809775], [-73.92956722561321, 40.69377991208359], [-73.92802093573407, 40.692899396700824], [-73.9230153537608, 40.690048710407545], [-73.92149132613181, 40.68918065153681], [-73.92147475022539, 40.6891712366411], [-73.91734641874608, 40.68681970479827], [-73.91580636073607, 40.68594239661952], [-73.9112177311673, 40.68332815539383], [-73.9096891506062, 40.68245719647077], [-73.9096341694482, 40.6824258656283], [-73.90787060972582, 40.681420953025025], [-73.90739602497756, 40.68115054390774], [-73.90654155228118, 40.68066367664412], [-73.90630193408435, 40.68052707196213], [-73.90623959605223, 40.680491632803324], [-73.90599974787533, 40.68035536216324], [-73.90575413460168, 40.680214744064585], [-73.90573651500078, 40.680204604157375], [-73.90573286211809, 40.68020249866732], [-73.90572941817689, 40.68020051411842], [-73.90572580491498, 40.680198436108356], [-73.90572224209373, 40.68019638284242], [-73.90571878014175, 40.680194387299345], [-73.9057151921027, 40.68019232028867], [-73.9057117085344, 40.68019031374861], [-73.9057082501885, 40.680188318208124], [-73.90570454327347, 40.680186179735564], [-73.905700984055, 40.68018412921678], [-73.905697504093, 40.680182122679184], [-73.9056940061198, 40.68018010514762], [-73.90569033883378, 40.68017798866525], [-73.90568675800331, 40.680175924404445], [-73.90568339332494, 40.68017398109073], [-73.90567981249885, 40.68017191408488], [-73.90567612720237, 40.68016978660822], [-73.90567265805021, 40.68016778556827], [-73.90566920331196, 40.68016579002962], [-73.90566560087386, 40.68016370928172], [-73.90566189036008, 40.68016156806008], [-73.90565842481804, 40.68015956427788], [-73.90565495567081, 40.680157560492646], [-73.90565137845181, 40.68015549348886], [-73.90564792371484, 40.68015349794955], [-73.90564432488344, 40.68015141720396], [-73.90564072604839, 40.68014933920301], [-73.90563712361593, 40.68014725570946], [-73.90563367968821, 40.68014526566811], [-73.90563006285025, 40.68014317118343], [-73.9056264784298, 40.68014109868342], [-73.905623005683, 40.680139092149474], [-73.90561942486835, 40.68013701965218], [-73.9056158404525, 40.68013494440706], [-73.90561221640878, 40.68013284717114], [-73.90560863919632, 40.680130777421226], [-73.90560528894008, 40.68012883686184], [-73.90560167570536, 40.68012674512399], [-73.90559797241033, 40.68012460116142], [-73.90559462940047, 40.68012263590467], [-73.90559103778317, 40.68012055516331], [-73.90558730567302, 40.68011839196332], [-73.90558384014324, 40.680116382689356], [-73.90558023051912, 40.680114288208976], [-73.90557674337306, 40.68011226793796], [-73.9055732778478, 40.68011025591891], [-73.90556950971614, 40.680108070730554], [-73.90556591089742, 40.680105984492954], [-73.90556235531228, 40.680103920248904], [-73.90554469986769, 40.68009367323652], [-73.90540022544198, 40.68000961384375], [-73.90538293036605, 40.6799995208101], [-73.90537977106732, 40.679997679212995], [-73.90537668742303, 40.67999587884966], [-73.9053734056512, 40.67999396029797], [-73.9053699149357, 40.67999192354906], [-73.90536643503259, 40.679989889553674], [-73.90536333697929, 40.679988080943815], [-73.90535987508787, 40.67998605794216], [-73.9053563807717, 40.6799840184451], [-73.90535311341081, 40.679982108138994], [-73.90534983524181, 40.679980192334384], [-73.90534656067446, 40.679978279277435], [-73.90534310959235, 40.679976261773724], [-73.90533980981121, 40.679974332227154], [-73.90533655325957, 40.67997242741903], [-73.90533308776824, 40.67997040166886], [-73.90532980599893, 40.67996848311589], [-73.90532673317348, 40.67996668276015], [-73.90532306955525, 40.67996453882131], [-73.90531959326425, 40.67996250208269], [-73.90531654204818, 40.679960718213096], [-73.905313498043, 40.6799589343493], [-73.90531002535407, 40.67995690035818], [-73.905306541861, 40.679954858123715], [-73.90530308718762, 40.67995283238151], [-73.9052996181047, 40.67995079839298], [-73.90529677943475, 40.67994913546787], [-73.90528067343938, 40.67993955118072], [-73.90526675388134, 40.67993139322961], [-73.90526366664561, 40.67992958737071], [-73.90526000662895, 40.67992744892237], [-73.905256782499, 40.679925566096884], [-73.9052534971248, 40.67992365028359], [-73.90525020814933, 40.67992173172244], [-73.90524696239943, 40.67991984064452], [-73.90524348969507, 40.679917820375216], [-73.90524000257729, 40.67991579460436], [-73.90523681445525, 40.67991394474529], [-73.90522001642672, 40.67990423362], [-73.90402941283885, 40.679212433521194], [-73.90399351145356, 40.679189553318004], [-73.90395626719705, 40.67916786321499], [-73.9039183117514, 40.67914684223108], [-73.90388029490076, 40.6791259172504], [-73.90368655415726, 40.67901203645977], [-73.90363161293217, 40.67897694516744], [-73.90356765874469, 40.6789341883724], [-73.90347104705442, 40.678871962905404], [-73.90338755913184, 40.67881950879789], [-73.90336737669153, 40.67880701410118], [-73.90322911253749, 40.678722943456144], [-73.90318643388231, 40.67869746897595], [-73.90316268097483, 40.67868338201389], [-73.90299422573325, 40.67858502107385], [-73.90295753984508, 40.67856409690847], [-73.90264202924631, 40.67838163218011], [-73.90255755128645, 40.678331542624846], [-73.90247198787226, 40.67828172107506], [-73.90243145942266, 40.6782581036038], [-73.90239541932708, 40.67823711667584], [-73.9023602689727, 40.678216665722765], [-73.90234138259423, 40.678205681571235], [-73.902250152982, 40.67815273972583], [-73.90220805773437, 40.67812820957875], [-73.90219337872618, 40.67811970476622], [-73.90215484589388, 40.6780973816825], [-73.90194209701555, 40.677973628024894], [-73.90181802109193, 40.67790070057359], [-73.90180501745478, 40.677892993125695], [-73.90179219034465, 40.67788537640462], [-73.90177932722538, 40.6778777322036], [-73.90176646412114, 40.67787007976684], [-73.9017536082385, 40.67786242184519], [-73.90174064070513, 40.67785468971786], [-73.90172794694746, 40.677847111530326], [-73.90170214876578, 40.67783173521812], [-73.90157085394294, 40.677752639309546], [-73.90151435265862, 40.677718316946425], [-73.90144466472572, 40.6776758038292], [-73.90139948135605, 40.677648174632125], [-73.90116398738928, 40.67750419299334], [-73.90100731967725, 40.6774084577663], [-73.90099136282815, 40.67739880438368], [-73.90097884576805, 40.677391314097775], [-73.90096629620263, 40.67738386495421], [-73.90095382219485, 40.67737652017575], [-73.90094121122792, 40.677369150575046], [-73.90092858574502, 40.677361846835055], [-73.90091594937172, 40.67735459523505], [-73.90090326250356, 40.67734736005883], [-73.90089074861547, 40.677340174436125], [-73.90087811580666, 40.67733295577236], [-73.9008655154109, 40.67732576183807], [-73.90085301580903, 40.67731867229069], [-73.90084044791058, 40.67731144818913], [-73.90082799173997, 40.677304248885434], [-73.90081554648164, 40.67729698645995], [-73.9008032490074, 40.67728974611873], [-73.90079086886074, 40.67728234101839], [-73.90077852829259, 40.677274990846286], [-73.9007536750616, 40.677259653561705], [-73.90037762787126, 40.677038039251734], [-73.90036305469941, 40.67702899083016], [-73.90035331516297, 40.67702299603911], [-73.9003434819175, 40.67701698469745], [-73.90033360897142, 40.677011003513094], [-73.90032373955027, 40.677005077226426], [-73.90031363230622, 40.67699907113436], [-73.90030371948257, 40.67699324087553], [-73.90029363365585, 40.67698738027338], [-73.90028335680843, 40.67698148382271], [-73.9002732455478, 40.676975757690734], [-73.90025822431984, 40.67696740329576], [-73.90024183753641, 40.67695850424917], [-73.90023915740402, 40.67695707189709], [-73.90023639440953, 40.67695560104624], [-73.900233631407, 40.67695413568484], [-73.9002308611859, 40.67695267580668], [-73.90022750947605, 40.676951918086885], [-73.90022489061629, 40.67695049676671], [-73.90022211324671, 40.676948995710475], [-73.90021923140034, 40.676947445157644], [-73.90021665213247, 40.676946067788016], [-73.90021404043836, 40.676944676666366], [-73.90021124861155, 40.67694320030033], [-73.90020849279583, 40.67694175141324], [-73.90020583062922, 40.67694036024756], [-73.9002030928028, 40.67693893607894], [-73.90020031893673, 40.676937503644645], [-73.90019766033873, 40.67693613718487], [-73.90019504856323, 40.67693480095819], [-73.90019225665102, 40.67693338223196], [-73.90018958720893, 40.676932034976026], [-73.90018695377796, 40.67693071519903], [-73.9001841438154, 40.67692931292558], [-73.90018131582697, 40.67692791063641], [-73.90017851304214, 40.676926530327215], [-73.90017599124141, 40.67692529847967], [-73.90017317041436, 40.67692392913384], [-73.90017032435931, 40.67692255427649], [-73.90016767643431, 40.67692128389245], [-73.90016516899718, 40.67692009048399], [-73.90016230488764, 40.67691873482419], [-73.90015945517028, 40.676917398390245], [-73.90015692968693, 40.676916218689804], [-73.90015406192737, 40.676914893219205], [-73.90015118694923, 40.67691357323176], [-73.90014851371457, 40.67691235223133], [-73.9001459773708, 40.67691120271378], [-73.90014321764026, 40.67690996242468], [-73.90014052635107, 40.67690876062177], [-73.90013783864669, 40.676907572545815], [-73.90013494557334, 40.676906299203466], [-73.90013204527328, 40.67690503683389], [-73.90012948002676, 40.676903928462515], [-73.9001269003596, 40.67690282007858], [-73.90012397839983, 40.67690157690348], [-73.90012126178866, 40.67690043271842], [-73.90011856318303, 40.67689930227284], [-73.90011577448854, 40.676898144301205], [-73.90011316592673, 40.67689707157396], [-73.90011043485399, 40.67689595482391], [-73.90010749118552, 40.6768947637802], [-73.90010475287383, 40.67689366623717], [-73.9001021550663, 40.67689263469063], [-73.90009931584204, 40.67689151510161], [-73.9000965630728, 40.676890442248784], [-73.90009404449357, 40.676889468411176], [-73.90009120161913, 40.67688837901131], [-73.90008819298377, 40.67688723731668], [-73.9000856815741, 40.67688629093288], [-73.90008305484332, 40.67688531425637], [-73.90008036324778, 40.67688431830999], [-73.90007852199834, 40.67688364424082], [-73.90007638527472, 40.676882868358305], [-73.9000745620266, 40.6768822107734], [-73.90007243249704, 40.67688144587619], [-73.90007044708912, 40.67688073874438], [-73.90006894811577, 40.67688021044549], [-73.90006666001514, 40.67687940698358], [-73.90006466737636, 40.67687871356927], [-73.90006299903281, 40.6768781357172], [-73.90006083341859, 40.67687739274664], [-73.90005867139725, 40.67687665801347], [-73.90005684808781, 40.676876041599854], [-73.90005505728695, 40.67687538404281], [-73.90005289163996, 40.67687466303026], [-73.9000507259807, 40.676873950251995], [-73.9000487224732, 40.67687329251009], [-73.90004687030181, 40.67687268979514], [-73.9000450505525, 40.676872103576926], [-73.90004301098489, 40.67687145129316], [-73.90004081285437, 40.67687075495514], [-73.9000389606502, 40.676870174198214], [-73.900037133666, 40.67686960444229], [-73.90003496800298, 40.67686889440851], [-73.90003277344492, 40.676868220031636], [-73.90003094643615, 40.676867666744265], [-73.9000289032101, 40.6768670501391], [-73.90002666177219, 40.67686638395573], [-73.90002518068977, 40.67686594624946], [-73.90002311942139, 40.67686534060761], [-73.90002078071733, 40.67686462493364], [-73.90001858609371, 40.676863994472875], [-73.90001684912873, 40.67686349890382], [-73.9000150040448, 40.676862978537756], [-73.90001279137887, 40.67686235904031], [-73.900010704829, 40.67686178356885], [-73.90000843087888, 40.67686116127327], [-73.90000682726112, 40.676860696012476], [-73.90000475870859, 40.67686013976998], [-73.90000249914641, 40.676859539445005], [-73.9000006323904, 40.67685904650767], [-73.89999850615068, 40.67685849295968], [-73.89999651684678, 40.67685798070231], [-73.89999430409881, 40.676857416099956], [-73.89999216345488, 40.67685685156026], [-73.89999027864009, 40.676856380565226], [-73.8999884082338, 40.67685591781704], [-73.89998617382597, 40.67685537240914], [-73.89998402229658, 40.67685485452101], [-73.89998211222493, 40.6768543972278], [-73.89998011925027, 40.67685392888337], [-73.89997798571814, 40.67685343022421], [-73.89997570444702, 40.67685288203057], [-73.8999738231718, 40.676852454954805], [-73.89997165357134, 40.676851967243245], [-73.89996964974415, 40.67685152359219], [-73.89996777205363, 40.67685111024329], [-73.89996557720036, 40.67685063348879], [-73.89996329223372, 40.67685014567679], [-73.89996102530539, 40.676849649646066], [-73.89995910793724, 40.676849249986425], [-73.89995721218375, 40.67684886132465], [-73.89995492718013, 40.67684839821542], [-73.89995301339255, 40.67684801502746], [-73.89995082567988, 40.67684758494006], [-73.89994849739753, 40.67684713277221], [-73.8999465151318, 40.67684673580069], [-73.89994469141658, 40.67684639111774], [-73.89994237392104, 40.67684595817258], [-73.89994007803617, 40.67684553896999], [-73.8999381353577, 40.67684518869393], [-73.8999362395262, 40.676844852182526], [-73.8999340012834, 40.67684446047771], [-73.89993168015808, 40.676844043997825], [-73.89992966535932, 40.67684370463803], [-73.89992737302622, 40.67684332112039], [-73.89992550959221, 40.67684301757427], [-73.89992356686038, 40.67684270298001], [-73.89992123845477, 40.676842333154724], [-73.89991892084835, 40.67684197431792], [-73.89991697809182, 40.67684167619225], [-73.89991465688439, 40.67684131460741], [-73.89991232122732, 40.67684097222341], [-73.89991083981253, 40.67684075684221], [-73.89990847530156, 40.67684042266737], [-73.89990606752828, 40.676840088454874], [-73.89990421123069, 40.676839834320546], [-73.89990184308573, 40.676839519355845], [-73.8998998426133, 40.67683924313781], [-73.8998975717716, 40.67683895296069], [-73.8998951855719, 40.67683865719356], [-73.89989365003808, 40.67683846921283], [-73.89989128184797, 40.67683818444041], [-73.89988892806215, 40.676837910659536], [-73.89988697798422, 40.676837686635885], [-73.89988464222029, 40.67683741561543], [-73.8998823028265, 40.67683716106043], [-73.8998802734178, 40.67683694794675], [-73.89987833772366, 40.67683674863845], [-73.89987601632292, 40.676836516057215], [-73.8998740265426, 40.676836322191306], [-73.89987161140262, 40.67683609227314], [-73.89986926835833, 40.676835867907215], [-73.89986732181161, 40.6768356932923], [-73.89986533199426, 40.67683552412923], [-73.89986295286099, 40.67683532443475], [-73.89986058453093, 40.67683513298393], [-73.89985860911376, 40.676834977557185], [-73.89985661566244, 40.67683482760421], [-73.89985419322974, 40.67683465257488], [-73.89985184289279, 40.67683448309777], [-73.89984990709574, 40.67683435240833], [-73.89984791361145, 40.67683422441342], [-73.89984551637394, 40.67683407685354], [-73.8998431407553, 40.6768339375468], [-73.89984114724629, 40.6768338260204], [-73.89983915012388, 40.67683371998035], [-73.89983679610752, 40.676833599905706], [-73.89983436637387, 40.67683348525467], [-73.89983235120073, 40.67683339566745], [-73.89983035404532, 40.67683331158545], [-73.89982797475146, 40.67683321893639], [-73.89982558463375, 40.676833131767395], [-73.89982358384846, 40.67683306415075], [-73.8998215938746, 40.676832999288266], [-73.89981918928667, 40.676832945043884], [-73.89981679552253, 40.6768328853193], [-73.89981480191463, 40.67683283966697], [-73.89981240812989, 40.67683279366614], [-73.89981041450555, 40.676832758992866], [-73.8998084028511, 40.67683272704856], [-73.89980596938442, 40.676832697481736], [-73.8998035827235, 40.676832709127225], [-73.89980157104016, 40.67683269639626], [-73.89979917359254, 40.67683268881884], [-73.89979677613663, 40.67683268673091], [-73.89979517542102, 40.676832690826394], [-73.8997927743434, 40.67683269971433], [-73.89979036243784, 40.67683271682711], [-73.89978836866088, 40.676832783710026], [-73.89978596754618, 40.67683281730076], [-73.89978394858645, 40.67683284847954], [-73.8997819404382, 40.67683288241253], [-73.89977953929869, 40.67683293247176], [-73.8997771345458, 40.676832988017374], [-73.89977511195197, 40.67683303840625], [-73.8997727286941, 40.67683318454813], [-73.89977036717465, 40.676833259344676], [-73.89976875556917, 40.67683331283629], [-73.89976631831995, 40.67683340129066], [-73.89976393153937, 40.67683349253377], [-73.89976189808044, 40.676833575850246], [-73.89975951488442, 40.676833680820245], [-73.89975753189, 40.67683376967019], [-73.89975510180986, 40.676833885578375], [-73.89975268613813, 40.67683400973334], [-73.89975069230337, 40.676834115042396], [-73.89974870206964, 40.67683422309934], [-73.89974667937673, 40.67683433936228], [-73.89974430694258, 40.67683448002343], [-73.89974185517762, 40.676834631594495], [-73.89973977843974, 40.67683472585199], [-73.89973778456775, 40.67683485586381], [-73.89973575102624, 40.676834994075286], [-73.89973345066711, 40.67683515401245], [-73.89973104212731, 40.676835330323954], [-73.89972900856509, 40.676835482259165], [-73.8997270651411, 40.676835628783415], [-73.89972463494527, 40.67683582154453], [-73.89972260857697, 40.67683598446506], [-73.89972029374744, 40.676836177326685], [-73.89971793203797, 40.67683637838171], [-73.8997159344947, 40.67683655230632], [-73.8997139225223, 40.67683673170786], [-73.89971154997245, 40.676836949221965], [-73.89970930361689, 40.67683715861164], [-73.89970278806393, 40.676837792464944], [-73.89969252242888, 40.676838873191855], [-73.89968127587014, 40.67684015892077], [-73.89967013733062, 40.6768415353204], [-73.89965935563501, 40.67684295869133], [-73.89964952939467, 40.676844330743876], [-73.89963278310283, 40.676846811138276], [-73.89961474198184, 40.6768496636901], [-73.89959275914244, 40.67685333348735], [-73.89764830908796, 40.677141221509864], [-73.89750385836444, 40.677162620198565], [-73.89746429646556, 40.67716849719659], [-73.89744075621998, 40.67717198952916], [-73.89740273770953, 40.67717762908624], [-73.89737819498373, 40.67718126598524], [-73.89734160446618, 40.67718668721365], [-73.8973161349776, 40.67719046325609], [-73.89728081376937, 40.67719570169801], [-73.89641789274201, 40.67732368277691], [-73.89492409593745, 40.67754519585183], [-73.89265063084768, 40.67788147864639], [-73.89070177932966, 40.6781697227776], [-73.89015216569975, 40.67825093879859], [-73.89013138685308, 40.67825411387826], [-73.89012635980436, 40.678254896828584], [-73.89012112719622, 40.67825571526447], [-73.89011586211782, 40.678256547393005], [-73.89011081340551, 40.67825734953541], [-73.89010554830875, 40.678258192642524], [-73.89010043105525, 40.67825901942198], [-73.89009537870561, 40.67825984077362], [-73.89009014243257, 40.678260694886724], [-73.89008490614135, 40.678261559978665], [-73.89007968066124, 40.678262427825395], [-73.89007460302889, 40.678263276599786], [-73.89006950735201, 40.678264136335784], [-73.89006427462928, 40.67826502338838], [-73.89005920057014, 40.67826589137891], [-73.89005398946071, 40.67826678943081], [-73.890048796373, 40.678267690244446], [-73.89004367900945, 40.67826858289592], [-73.89003863015047, 40.67826947286779], [-73.89003342260499, 40.67827039562514], [-73.8900281970149, 40.67827132934413], [-73.89002318058493, 40.67827223032544], [-73.89001809201305, 40.678273153195825], [-73.89001285196525, 40.67827410885846], [-73.8900076948522, 40.678275056365834], [-73.89000263870473, 40.67827599299042], [-73.88999744550694, 40.67827695967628], [-73.88999235688004, 40.67827791548274], [-73.8899873007005, 40.67827887132001], [-73.88998217598888, 40.678279846305], [-73.88997693946827, 40.678280848630564], [-73.88997174621086, 40.678281850997294], [-73.88996669359071, 40.67828283428482], [-73.88996167341786, 40.67828381760319], [-73.88995650897954, 40.678284833720625], [-73.88995145632718, 40.67828583622095], [-73.88994628826062, 40.67828686605834], [-73.88994109853961, 40.67828790959869], [-73.88993607831164, 40.67828892585321], [-73.88993102200811, 40.67828995579683], [-73.88992589356269, 40.678291007629454], [-73.88992073625228, 40.678292073158104], [-73.88991571237307, 40.67829311685598], [-73.88991069569524, 40.67829416605008], [-73.88990552392242, 40.67829525626722], [-73.88990036657057, 40.67829634649786], [-73.88989533903566, 40.67829742038391], [-73.88989017805096, 40.6782985270793], [-73.88988520459485, 40.67829960101662], [-73.8898800688286, 40.67830071871485], [-73.88987491502228, 40.678301844629864], [-73.88987006775933, 40.678302913197776], [-73.88986489589905, 40.6783040555637], [-73.88985976729742, 40.67830520071561], [-73.88985474689011, 40.67830632401264], [-73.88984966515216, 40.67830747195374], [-73.88984453291292, 40.67830863631489], [-73.88983954492991, 40.67830977336618], [-73.88983456053842, 40.67831091865502], [-73.88982943187224, 40.67831210223237], [-73.88982429958241, 40.67831329678513], [-73.88981935844015, 40.67831445034905], [-73.88981426219821, 40.67831564768068], [-73.88980924168048, 40.67831683685026], [-73.88980427886517, 40.67831801509574], [-73.88979905274202, 40.67831926719781], [-73.88979407186822, 40.67832046463898], [-73.88978915590282, 40.678321653907844], [-73.88978405959179, 40.678322892409646], [-73.88977906425549, 40.67832411453936], [-73.88977393185047, 40.678325377709164], [-73.88976895452656, 40.67832660808998], [-73.88975203874836, 40.67833084354076], [-73.8897338748839, 40.678335475785495], [-73.88972896960509, 40.67833674191571], [-73.88972387675632, 40.67833806550625], [-73.889718866856, 40.678339372707406], [-73.88971381005508, 40.67834069907685], [-73.88970889029989, 40.67834199812963], [-73.88970395971963, 40.6783433026614], [-73.88969890288182, 40.67834465098836], [-73.88969384963994, 40.67834600480808], [-73.88968897673448, 40.678347314884064], [-73.88968407856461, 40.67834864140426], [-73.88967901807524, 40.6783500171746], [-73.88967399364307, 40.67835139023445], [-73.88966907380004, 40.67835274143624], [-73.88966409623606, 40.67835411454066], [-73.88965903209068, 40.678355520499125], [-73.88965423484925, 40.67835685809394], [-73.88964925003775, 40.678358253148986], [-73.88964422914145, 40.67835966738263], [-73.88963938858159, 40.678361037872605], [-73.88963439291726, 40.678362454874744], [-73.88962932509267, 40.678363904744806], [-73.88962448811017, 40.67836529170624], [-73.88961948879455, 40.678366736152014], [-73.8896146085029, 40.678368150519255], [-73.88960978230384, 40.678369556703835], [-73.88960461703113, 40.678371069609156], [-73.88959973670703, 40.67837250318917], [-73.88959492129133, 40.67837392859691], [-73.88958993273117, 40.6783754087338], [-73.88958512090223, 40.6783768451237], [-73.88958015756495, 40.67837833351873], [-73.88957512928694, 40.67837984929894], [-73.88957031742554, 40.678381304901606], [-73.88956548751477, 40.678382774210604], [-73.88956048806016, 40.678384300996996], [-73.88955559677741, 40.67838581965266], [-73.88955078125983, 40.67838730544352], [-73.88953100687385, 40.67839346769517], [-73.88951805711358, 40.67839756144612], [-73.88949825717532, 40.678403910312376], [-73.8866890896697, 40.67929930722917], [-73.88567107885673, 40.679623781195396], [-73.88385758191086, 40.68020174940671], [-73.88085608483195, 40.68115828705519], [-73.87968763391088, 40.681530596742455], [-73.87967065329211, 40.68153599168308], [-73.87966498228045, 40.681537783580275], [-73.87965936539483, 40.68153955083081], [-73.87965363668052, 40.681541350901426], [-73.87964791879705, 40.68154314274877], [-73.8796423091462, 40.6815448962822], [-73.8796366489989, 40.6815466607416], [-73.87963089145956, 40.681548449801845], [-73.87962517721506, 40.681550222438425], [-73.87961953873423, 40.68155196770624], [-73.87961392911659, 40.68155370202488], [-73.87960824735987, 40.68155545273641], [-73.87960249345419, 40.681557225330394], [-73.87959674677394, 40.68155898969729], [-73.87959111553232, 40.681560718502624], [-73.87958548068985, 40.68156244455921], [-73.87957979895643, 40.68156418154546], [-73.87957401982595, 40.68156594587726], [-73.87956832367013, 40.68156768284789], [-73.87956265637747, 40.68156940886933], [-73.87955683397072, 40.68157117864454], [-73.87955112339218, 40.68157291559923], [-73.87953413237655, 40.68157806622382], [-73.87933464248893, 40.68163775093881], [-73.87931784648235, 40.68164270960169], [-73.87930669245173, 40.681645991632905], [-73.87929535806283, 40.68164932013509], [-73.87928431227817, 40.68165255561655], [-73.87927299595901, 40.6816558594325], [-73.87926181312508, 40.681659116726195], [-73.87925055817102, 40.68166237943265], [-73.87923942228043, 40.681665595601864], [-73.87922812047309, 40.681668847277855], [-73.87921694855557, 40.681672046938374], [-73.87920556744587, 40.68167528754985], [-73.87919447134023, 40.68167843239225], [-73.87916773044995, 40.68168592774319], [-73.8746194642487, 40.682961573388155], [-73.8729294140276, 40.68343612730968], [-73.87270324367063, 40.68349698150599], [-73.87268769407832, 40.6835020174335], [-73.87268560873596, 40.6835027122991], [-73.8726832527986, 40.683503500187605], [-73.87268103755132, 40.68350424980484], [-73.87267872127501, 40.68350503773713], [-73.87267701111993, 40.683505623226694], [-73.87267466956794, 40.683506430344345], [-73.87267233882734, 40.68350724021872], [-73.87267043742037, 40.683507907839804], [-73.87266814995687, 40.68350871227239], [-73.87266613307771, 40.68350942917157], [-73.87266381311684, 40.683510258271106], [-73.87266149675102, 40.6835110928641], [-73.87265963138374, 40.68351176875924], [-73.87265762889515, 40.68351250214284], [-73.87265531249778, 40.683513353204326], [-73.87265302855555, 40.683514201556946], [-73.87265102603536, 40.68351495140903], [-73.87264886475012, 40.68351576421524], [-73.8726468946851, 40.683516511358405], [-73.87264458543561, 40.68351739536491], [-73.87264247102244, 40.68351820822287], [-73.87264036020424, 40.68351902657427], [-73.87263835040456, 40.68351981210019], [-73.87263621430017, 40.68352065512652], [-73.8726339627236, 40.683521547431], [-73.87263213330644, 40.68352227826092], [-73.87262979166944, 40.68352312929397], [-73.87262782869455, 40.68352393957451], [-73.8726256095101, 40.68352486210717], [-73.87262337949316, 40.68352579286213], [-73.8726215933005, 40.68352654569793], [-73.87261965193257, 40.68352736972612], [-73.87261742908984, 40.68352831970231], [-73.87261522788567, 40.68352926695764], [-73.87261329369721, 40.683530107462325], [-73.87261123680965, 40.68353100547142], [-73.8726093242544, 40.683531845999944], [-73.87260711216516, 40.68353282892516], [-73.87260509853884, 40.683533729726825], [-73.87260319316313, 40.68353458673186], [-73.87260101351323, 40.68353557518241], [-73.87259910450561, 40.68353644590726], [-73.87259718826584, 40.68353732760314], [-73.87259500856858, 40.68353834075647], [-73.87259300208491, 40.68353927724789], [-73.87259102084532, 40.68354021102245], [-73.87258897824825, 40.68354117766634], [-73.87258680570942, 40.683542218275186], [-73.87258483164926, 40.68354316852625], [-73.87258312102556, 40.68354399829886], [-73.87258126603267, 40.68354490476526], [-73.8725789562988, 40.6835460412892], [-73.87257699661873, 40.68354701351423], [-73.87257529677483, 40.68354786251211], [-73.87257344534008, 40.68354879368529], [-73.87257133403757, 40.68354986455422], [-73.8725692335464, 40.68355093817987], [-73.87256712582305, 40.683552022776546], [-73.87256528876833, 40.68355297592376], [-73.87256359245623, 40.68355386335221], [-73.87256144498767, 40.683554991821175], [-73.87255945991079, 40.68355604636099], [-73.87255760475463, 40.68355703791487], [-73.87255587230281, 40.68355796921959], [-73.8725538330427, 40.68355907585007], [-73.87255184790789, 40.68356016058223], [-73.87254994576901, 40.68356120972424], [-73.87254792451031, 40.68356233009838], [-73.87254611257853, 40.68356334365819], [-73.87254448110826, 40.683564261350675], [-73.87254244535892, 40.683565417390774], [-73.87254059728745, 40.68356647482681], [-73.87253881417892, 40.68356749939755], [-73.87253678920932, 40.68356867466288], [-73.87253479671064, 40.68356983898506], [-73.87253302076587, 40.68357088826657], [-73.8725311870586, 40.68357197591091], [-73.8725290212673, 40.68357325806639], [-73.8725274329846, 40.68357421697812], [-73.87252568947383, 40.68357527452977], [-73.87252369326433, 40.68357649374314], [-73.87252177645047, 40.68357767461765], [-73.87252018450953, 40.68357866097297], [-73.87251879831632, 40.68357952678613], [-73.87251720273822, 40.68358052960602], [-73.87251512341682, 40.68358184479431], [-73.87251355307758, 40.683582847642136], [-73.87251195384654, 40.6835838751609], [-73.87251010190614, 40.68358506983089], [-73.87250873730405, 40.68358595762604], [-73.87250717052291, 40.683586985180696], [-73.87250536907068, 40.68358817441703], [-73.87250357843503, 40.68358936366532], [-73.87250180222159, 40.683590552929566], [-73.87250043755635, 40.68359147366187], [-73.87249885626872, 40.6835925451167], [-73.8724971088891, 40.683593739902385], [-73.87249579833858, 40.68359464422592], [-73.87249402565696, 40.683595871920815], [-73.8724920579968, 40.68359724487268], [-73.87249073658225, 40.683598173887106], [-73.87248941515718, 40.68359910839107], [-73.87248767490432, 40.68360034710085], [-73.87248595268451, 40.683601583085874], [-73.87248422683805, 40.68360283004594], [-73.87248272121425, 40.6836039290322], [-73.87248141777475, 40.68360488551414], [-73.87247991935148, 40.68360598999786], [-73.8724782223283, 40.6836072479689], [-73.87247652888959, 40.683608516922945], [-73.87247484626758, 40.68360978588897], [-73.8724735716461, 40.68361075612667], [-73.87247209841945, 40.68361188259642], [-73.87247042296636, 40.683613173528535], [-73.87246896054056, 40.68361430824449], [-73.87246730672076, 40.68361559920052], [-73.87246605731175, 40.683616583189995], [-73.8724644070711, 40.68361788787381], [-73.87246277485819, 40.68361919257758], [-73.87246154346639, 40.68362018207652], [-73.87245991844875, 40.68362149502256], [-73.8724584920205, 40.683622659970844], [-73.87245706196558, 40.683623835894196], [-73.87245546578183, 40.68362515436166], [-73.87245404292217, 40.68362633852732], [-73.87245265254411, 40.68362750626027], [-73.8724510599132, 40.68362885217938], [-73.87244967673035, 40.68363002815461], [-73.87244829714255, 40.68363120962332], [-73.87244670445371, 40.683632585734856], [-73.87244535733156, 40.683633759005204], [-73.87244398130717, 40.68363496243605], [-73.8724424318954, 40.68363633310594], [-73.87244125448142, 40.68363737755995], [-73.87243971226492, 40.683638756472064], [-73.87243817724374, 40.68364014362652], [-73.87243701784162, 40.683641196334754], [-73.87243553335072, 40.68364255609743], [-73.87243420777234, 40.683643776052705], [-73.87243284965983, 40.68364503988832], [-73.87243139401326, 40.68364639968289], [-73.87243006837697, 40.68364764983059], [-73.87242858018045, 40.68364906173977], [-73.87242712085464, 40.683650459957086], [-73.87242599745007, 40.683651542897664], [-73.87242472592855, 40.683652776636656], [-73.87242342187814, 40.68365405151118], [-73.8724219660894, 40.68365548541442], [-73.872420531955, 40.683656908362515], [-73.87241942291473, 40.683658021511505], [-73.87241803570505, 40.68365941706389], [-73.87241678213752, 40.683660689249486], [-73.87241549242506, 40.68366200805623], [-73.87241394257093, 40.683663609286356], [-73.87241288041854, 40.683664714252934], [-73.87241167013337, 40.68366597825218], [-73.87241029001896, 40.68366743419737], [-73.87240904356244, 40.68366875854153], [-73.8724078621164, 40.683670025317475], [-73.87240650361422, 40.68367149226572], [-73.87240513786931, 40.68367297567451], [-73.87240411173552, 40.683674099894354], [-73.87240289046524, 40.683675451714144], [-73.87240160053162, 40.68367688580102], [-73.87240028528016, 40.68367836103144], [-73.87239907478968, 40.683679732076556], [-73.87239794738993, 40.68368101812578], [-73.87239695006366, 40.68368216159092], [-73.87239563833877, 40.683683677996825], [-73.8723943374253, 40.683685197159484], [-73.8723932388594, 40.68368648873018], [-73.87239197042744, 40.68368799146014], [-73.87239080676169, 40.683689387260074], [-73.87238971898084, 40.683690695311356], [-73.87238864562745, 40.683692000633876], [-73.8723875036002, 40.68369339371296], [-73.87238625672258, 40.683694937638435], [-73.87238502067737, 40.683696473341556], [-73.87238406651764, 40.68369766900516], [-73.87238291715822, 40.68369912520594], [-73.8723817099521, 40.68370066368581], [-73.87238060392245, 40.68370208699728], [-73.87237950509859, 40.68370351306155], [-73.87237847854368, 40.6837048568627], [-73.87237736884003, 40.683706315852184], [-73.8723762952445, 40.68370774743392], [-73.87237538792529, 40.68370895961807], [-73.87237422391736, 40.683710533827835], [-73.87237296589669, 40.68371224791681], [-73.87237209103796, 40.683713454647425], [-73.87237102817488, 40.68371493015741], [-73.87236997975506, 40.68371639470435], [-73.872368862614, 40.6837179717108], [-73.8723678286005, 40.68371944450801], [-73.87236687771473, 40.683720813095945], [-73.87236594488826, 40.683722165235274], [-73.87236493972976, 40.68372363257489], [-73.8723638441483, 40.683725248032076], [-73.87236292210166, 40.68372661939672], [-73.87236185177483, 40.68372822664756], [-73.87236078864859, 40.68372983939592], [-73.87235996778364, 40.683731092847495], [-73.87235922976267, 40.68373239030735], [-73.87235821714052, 40.68373398938782], [-73.87235727320275, 40.683735495222166], [-73.87235634009217, 40.6837369955789], [-73.87235550823173, 40.683738342340625], [-73.87235458952756, 40.68373985094768], [-73.8723536093133, 40.683741472022234], [-73.87235284970598, 40.683742744755136], [-73.87235186943383, 40.68374439602216], [-73.8723508529483, 40.68374612959224], [-73.87235011498478, 40.68374739685964], [-73.87234930464184, 40.68374880403018], [-73.87234838573778, 40.6837504169384], [-73.87234751022127, 40.68375196676493], [-73.87234672511727, 40.68375337396346], [-73.87234595084567, 40.6837547729397], [-73.87234504630064, 40.683756418801124], [-73.8723441525618, 40.68375807016408], [-73.87234339991824, 40.68375947190906], [-73.87234257487428, 40.68376102453633], [-73.87234182218336, 40.68376245098421], [-73.87234096450528, 40.68376409964235], [-73.87234010316908, 40.68376577574422], [-73.87233938657582, 40.68376718027396], [-73.87233871699681, 40.68376851074693], [-73.87233783023754, 40.68377028288766], [-73.87233701581562, 40.683771937083336], [-73.87233636787518, 40.68377326483549], [-73.87233571991376, 40.68377460356675], [-73.87233491263451, 40.68377629345238], [-73.87233406912091, 40.6837780766202], [-73.87233340296333, 40.68377950316401], [-73.87233267160067, 40.68378108883244], [-73.87233201262792, 40.683782529108115], [-73.87233136810893, 40.683783952931165], [-73.87233060044349, 40.683785667563725], [-73.87232986169616, 40.6837873438015], [-73.8723291518879, 40.68378897066543], [-73.87232852172804, 40.68379042744169], [-73.8723279096328, 40.68379186502461], [-73.87232718885011, 40.68379357421958], [-73.87232647527327, 40.683795286167346], [-73.87232587756867, 40.68379674023482], [-73.87232529069128, 40.6837981888248], [-73.87232463497169, 40.68379981300394], [-73.87232394658118, 40.683801552427376], [-73.87232334873981, 40.68380307785883], [-73.8723228197039, 40.683804446914465], [-73.87232215655229, 40.68380618636588], [-73.87232151148106, 40.683807898389645], [-73.8723209859823, 40.68380930313129], [-73.8723204205542, 40.68381084781211], [-73.87231980073238, 40.683812554374306], [-73.87231920261235, 40.68381422527853], [-73.87231868057188, 40.68381570687766], [-73.87231807510923, 40.68381744639309], [-73.87231747684717, 40.683819191406016], [-73.87231706711552, 40.68382039316276], [-73.87231648688655, 40.68382213545097], [-73.87231591025781, 40.6838238804879], [-73.87231544963808, 40.68382529628061], [-73.87231488740015, 40.68382705780217], [-73.87231431786688, 40.68382886323201], [-73.87231387525397, 40.683830290023764], [-73.87231341447124, 40.68383179090431], [-73.87231288832037, 40.68383353599722], [-73.87231244196516, 40.68383503414899], [-73.87231193384741, 40.68383677651718], [-73.87231142206097, 40.68383855181858], [-73.87231108082449, 40.68383975914083], [-73.87231059799298, 40.6838414768341], [-73.87231011143503, 40.68384325765306], [-73.872309617587, 40.683845079635496], [-73.8723092289629, 40.68384655589309], [-73.8723088475867, 40.683848012945326], [-73.87230838987847, 40.6838497910515], [-73.87230801202895, 40.68385128927928], [-73.87230756872724, 40.68385307563572], [-73.87230713625272, 40.683854856514664], [-73.87230677642575, 40.68385635750718], [-73.87230642018864, 40.68385786673803], [-73.87230600935273, 40.68385964489617], [-73.87230562022914, 40.683861381906816], [-73.87230527835638, 40.68386292134613], [-73.87230488187443, 40.683864735202285], [-73.8723045580716, 40.68386625270344], [-73.87230424876468, 40.68386773179381], [-73.87230388115356, 40.68386953195813], [-73.87230351712167, 40.683871345850335], [-73.87230317122804, 40.68387310212232], [-73.8723029308317, 40.683874369941535], [-73.87230259210192, 40.68387615092444], [-73.87230226052016, 40.683877964852634], [-73.87230198353711, 40.68387950985349], [-73.87230172108679, 40.68388099723017], [-73.87230141113847, 40.68388281118237], [-73.8723011084328, 40.68388460867393], [-73.87230087492166, 40.683886046676804], [-73.8723005793325, 40.68388789358218], [-73.87230027994852, 40.683889839295304], [-73.87229999869228, 40.6838917328778], [-73.87229975393862, 40.68389339319493], [-73.87229951635923, 40.68389507273347], [-73.87229925306254, 40.68389700201793], [-73.87229902990025, 40.683898684317256], [-73.8722987810258, 40.68390061361772], [-73.87229854298387, 40.68390253469594], [-73.87229834144443, 40.683904222508744], [-73.87229814716873, 40.68390588288191], [-73.87229793435002, 40.683907812222394], [-73.87229772513163, 40.683909744311705], [-73.87229755245257, 40.68391142392221], [-73.8722973869794, 40.683913106285544], [-73.87229720299476, 40.68391504114759], [-73.87229702620027, 40.683916986996735], [-73.87229688236054, 40.68391866938403], [-73.87229674211588, 40.68392035726491], [-73.8722965905604, 40.68392230314202], [-73.8722964462318, 40.68392424079284], [-73.87229632762057, 40.68392592869774], [-73.8722962162153, 40.68392761935536], [-73.8722960971205, 40.68392955977899], [-73.87229598522106, 40.68393150844489], [-73.87229589544394, 40.683933201871284], [-73.87229579797736, 40.68393514506369], [-73.87229571900122, 40.68393684673643], [-73.8722956472467, 40.68393854292763], [-73.87229557501391, 40.68394048889277], [-73.87229550999223, 40.68394243486595], [-73.87229545986595, 40.68394413382591], [-73.87229541332952, 40.683945841024176], [-73.87229536992027, 40.68394779800042], [-73.87229533377476, 40.68394972753697], [-73.87229530846179, 40.68395164885122], [-73.8722952907437, 40.68395336980536], [-73.87229528026302, 40.68395507704364], [-73.87229527652568, 40.68395702857439], [-73.87229527685649, 40.68395873856944], [-73.87229528438267, 40.68396045680682], [-73.87229530229463, 40.6839624001272], [-73.87229532746498, 40.683964318752714], [-73.87229535974669, 40.683966289536876], [-73.87229539611232, 40.683968010551], [-73.87229543613078, 40.68396970686621], [-73.87229549012483, 40.68397163650285], [-73.87229554447104, 40.6839733822399], [-73.87229560251215, 40.68397508131991], [-73.8722956885044, 40.68397724704265], [-73.87229576446835, 40.68397900103804], [-73.87229584054266, 40.68398069739327], [-73.87229593778791, 40.683982635312184], [-73.8722960318218, 40.68398436736941], [-73.87229613990486, 40.68398629432128], [-73.87229626234189, 40.6839882569711], [-73.87229637084022, 40.68398996708623], [-73.87229649011852, 40.683991696426695], [-73.87229662702518, 40.68399363438963], [-73.87229677829114, 40.68399560530578], [-73.87229690849131, 40.68399727976287], [-73.87229705298243, 40.68399902285522], [-73.87229722228156, 40.6840009910466], [-73.87229739168588, 40.68400290434266], [-73.87229755066242, 40.68400461451377], [-73.87229771683957, 40.68400633018241], [-73.87229791141468, 40.6840082791884], [-73.87229811676444, 40.68401025016462], [-73.87229830450686, 40.68401200153926], [-73.87229849235959, 40.68401369527376], [-73.87229870505725, 40.68401559489396], [-73.87229893213522, 40.684017516488275], [-73.87229917350409, 40.68401950671783], [-73.87229938654343, 40.68402122792807], [-73.87229960678347, 40.68402295463581], [-73.8722998626378, 40.684024911944135], [-73.87230008657276, 40.6840265919948], [-73.87230032128771, 40.68402829127088], [-73.87230059876511, 40.684030254092775], [-73.87230087631607, 40.68403217848787], [-73.87230116104143, 40.684034122104364], [-73.87230139246627, 40.68403565669029], [-73.87230386969142, 40.684050623951364], [-73.87239513004884, 40.68431860696633], [-73.87242571754264, 40.684404714269796], [-73.87248730676464, 40.6846074374775], [-73.87314799999291, 40.686696787149785], [-73.87322620348172, 40.686944037464066], [-73.87326022396893, 40.68704635344099], [-73.87384843212384, 40.68873239492675], [-73.87385294454057, 40.68874684835882], [-73.8738541131952, 40.68875046999561], [-73.87385529627329, 40.68875409164817], [-73.87385647580797, 40.688757680359544], [-73.87385766976617, 40.688761269086704], [-73.87385893190311, 40.6887650335541], [-73.87386015105054, 40.68876864975655], [-73.8738613810052, 40.688772271460444], [-73.87386265042177, 40.688776000253675], [-73.8738638875936, 40.68877961922066], [-73.8738651283662, 40.68878324093636], [-73.87386636915453, 40.68878685441769], [-73.87386764937877, 40.68879058871231], [-73.87386890452326, 40.6887942378914], [-73.87387015966785, 40.688797887070486], [-73.87387142913732, 40.68880158841596], [-73.87387272011217, 40.68880535840431], [-73.87387400390145, 40.68880911466091], [-73.87387518721528, 40.68881261279871], [-73.87387646737827, 40.688816380030374], [-73.87387772237311, 40.68882010880767], [-73.8738789522311, 40.688823782661906], [-73.87388019280287, 40.688827511423305], [-73.87388142616308, 40.68883124017679], [-73.87388262357919, 40.688834908505925], [-73.87388379941233, 40.68883854936359], [-73.8738850397199, 40.68884241810811], [-73.87388624057093, 40.68884617701845], [-73.87388739112203, 40.688849839806544], [-73.8738885666805, 40.68885362613687], [-73.87388970990077, 40.68885735204671], [-73.87389083159503, 40.68886102029269], [-73.87389198185588, 40.68886483678775], [-73.87389312479101, 40.688868713659744], [-73.87389421387735, 40.688872464213176], [-73.87389526702474, 40.68887615159745], [-73.87389634161522, 40.68887994056179], [-73.87389738736945, 40.688883724004995], [-73.87389841509456, 40.68888750742838], [-73.87389945700959, 40.68889141438215], [-73.87390044506026, 40.688895203251604], [-73.87390139004329, 40.688898885027726], [-73.87390234558963, 40.68890270130932], [-73.8739033045602, 40.68890661366165], [-73.8739042204009, 40.688910451857886], [-73.87390510746762, 40.68891425159573], [-73.8739059693142, 40.688918040326854], [-73.87390684886311, 40.68892200199807], [-73.87390767099367, 40.6889258181334], [-73.87390846786262, 40.68892964522011], [-73.87390926811428, 40.688933590335786], [-73.87391001808662, 40.68893742835017], [-73.873910750009, 40.68894127732392], [-73.8739114459456, 40.688945087831364], [-73.87391214518716, 40.688949057539276], [-73.87391281555598, 40.688953040939424], [-73.87391343574407, 40.68895686508776], [-73.87391403420884, 40.688960735873394], [-73.8739146216537, 40.688964713693125], [-73.87391517667713, 40.688968675008674], [-73.87391569220749, 40.688972545703464], [-73.873916193081, 40.68897653989694], [-73.87391666151225, 40.688980528565324], [-73.87391709051796, 40.68898439093098], [-73.87391749762905, 40.6889883905113], [-73.87391786534054, 40.68899225006501], [-73.87391821114706, 40.688996252322866], [-73.87391852810674, 40.68900025454919], [-73.87391880899766, 40.68900426222549], [-73.87391906104688, 40.68900826712544], [-73.87391926311243, 40.68901200847243], [-73.87391937073154, 40.68901420989827], [-73.87391946755903, 40.689016397588404], [-73.87391955351185, 40.68901861545914], [-73.87391961839532, 40.689020534126556], [-73.8739196796677, 40.68902245553477], [-73.87391973680487, 40.68902465690531], [-73.87391978005317, 40.68902657554902], [-73.87391981557082, 40.68902876866152], [-73.87391984437498, 40.68903069826853], [-73.87391985877125, 40.689032619625344], [-73.8739198721555, 40.689035076211866], [-73.87391986847061, 40.689037024996615], [-73.87391986119026, 40.68903896828793], [-73.87391983900902, 40.689041164082], [-73.87391981373571, 40.68904308814018], [-73.87391977352516, 40.68904528391452], [-73.87391973022261, 40.68904720795293], [-73.87391967969788, 40.689049137472956], [-73.87391959928836, 40.689051615914856], [-73.87391952713894, 40.68905353992167], [-73.87391944776739, 40.68905546941011], [-73.87391934984754, 40.68905767335552], [-73.87391925247788, 40.68905958635559], [-73.87391912930143, 40.68906179850767], [-73.87391901386097, 40.68906373344614], [-73.87391889118794, 40.689065679355764], [-73.87391873925291, 40.68906784481519], [-73.87391858005938, 40.68907003496957], [-73.87391840639576, 40.68907224981112], [-73.8739182441154, 40.68907416548484], [-73.87391807092921, 40.689076127807745], [-73.87391789786243, 40.68907802700102], [-73.87391768460697, 40.689080203372384], [-73.87391745685537, 40.68908241815462], [-73.87391724761578, 40.68908437769326], [-73.87391703488449, 40.6890862768431], [-73.87391677829638, 40.68908848610419], [-73.87391651094258, 40.68909066790578], [-73.87391626569104, 40.689092602702004], [-73.87391598031316, 40.68909478173907], [-73.87391571704268, 40.68909671102598], [-73.87391545022338, 40.68909861011654], [-73.87391512511871, 40.68910082204737], [-73.87391479282303, 40.689103022991205], [-73.87391449351463, 40.68910494125958], [-73.87391418334198, 40.68910688421896], [-73.87391381859867, 40.689109082382465], [-73.8739134503689, 40.68911121741239], [-73.87391311137524, 40.689113146616336], [-73.87391275792696, 40.68911509227313], [-73.8739123535347, 40.689117282158854], [-73.87391193110794, 40.68911947476959], [-73.87391155970816, 40.6891213792351], [-73.87391117750116, 40.68912327819921], [-73.87391072261637, 40.68912547351914], [-73.87391032239042, 40.68912736697396], [-73.87390984948668, 40.68912955678464], [-73.87390934760619, 40.68913181518286], [-73.87390892218585, 40.689133683907095], [-73.87390849682257, 40.6891355224389], [-73.87390795888861, 40.68913777805283], [-73.87390750460573, 40.68913965497977], [-73.87390705040067, 40.68914149073519], [-73.87390640735684, 40.68914403169034], [-73.8739059060731, 40.689145974440336], [-73.87390543028991, 40.68914777997962], [-73.87390484199827, 40.68914996966381], [-73.87390430826687, 40.689151909633445], [-73.87390378546206, 40.68915379197484], [-73.87390319015581, 40.68915587734995], [-73.87390255498785, 40.68915806698278], [-73.87390198158144, 40.68916001239847], [-73.87390133204183, 40.6891621745678], [-73.8739007551541, 40.68916405410513], [-73.87390014929485, 40.68916599948526], [-73.87389947457119, 40.68916813143449], [-73.87389880355715, 40.68917020849233], [-73.87389816160281, 40.689172173046266], [-73.87389754511787, 40.68917401685817], [-73.87389681625943, 40.689176173451], [-73.87389608022548, 40.68917831082257], [-73.87389542401885, 40.68918018478338], [-73.87389476786412, 40.68918203129658], [-73.87389398852336, 40.68918418783407], [-73.87389328534174, 40.68918611389407], [-73.87389249162418, 40.68918824571287], [-73.87389168708894, 40.6891903775198], [-73.87389097684084, 40.6891922267184], [-73.87389025938616, 40.68919407316439], [-73.873889531119, 40.68919591685373], [-73.87388864709365, 40.68919813366146], [-73.87388779574425, 40.689200232479806], [-73.87388707125416, 40.68920198559572], [-73.87388626346578, 40.689203930754445], [-73.87388533984317, 40.68920611183674], [-73.87388438005293, 40.68920835051961], [-73.87388357605711, 40.6892101968707], [-73.87388273226173, 40.68921211454223], [-73.87388179799265, 40.68921420503529], [-73.87388084566824, 40.68921630923244], [-73.87388000926622, 40.689218130844985], [-73.87387915841988, 40.689219963420854], [-73.8738783039884, 40.68922178501363], [-73.87387723963273, 40.689224020837045], [-73.87387622238687, 40.68922613319736], [-73.87387538618702, 40.689227847763945], [-73.8738742857985, 40.689230069823964], [-73.87387332299866, 40.689231992854566], [-73.87387242175812, 40.68923377871396], [-73.87387122741437, 40.68923610771714], [-73.87386308567865, 40.689251184065256], [-73.87385427706664, 40.68926614714605], [-73.87385291346915, 40.68926835793824], [-73.87385175608632, 40.689270209391225], [-73.87385059149685, 40.689272058091596], [-73.87384947395498, 40.68927381626596], [-73.8738482877458, 40.6892756567082], [-73.87384700391841, 40.689277634282114], [-73.8738457056675, 40.68927961184018], [-73.87384447977796, 40.68928146047324], [-73.87384334793695, 40.68928315275734], [-73.87384201002125, 40.6892851302719], [-73.87384085655007, 40.689286819787455], [-73.87383967055854, 40.68928854494939], [-73.87383823151211, 40.68929061018578], [-73.87383686842773, 40.68929254924583], [-73.87383567530213, 40.689294233228324], [-73.87383446413678, 40.689295922680586], [-73.87383306137725, 40.68929786718665], [-73.87383173819602, 40.68929968003086], [-73.87383051626476, 40.68930134202356], [-73.87382890393869, 40.689303511371186], [-73.87382755554735, 40.689305307719046], [-73.87382647829732, 40.68930673381984], [-73.87382503598188, 40.68930862064222], [-73.87382356839404, 40.68931052390548], [-73.87382210083207, 40.68931241344493], [-73.8738206875295, 40.689314212466286], [-73.87381939353745, 40.68931584418734], [-73.87381807064641, 40.689317503324425], [-73.87381646948513, 40.68931948878435], [-73.87381505629654, 40.689321227420805], [-73.8738137804738, 40.6893227850528], [-73.8738121577186, 40.689324748530815], [-73.87381071932504, 40.68932646792618], [-73.8738093496144, 40.6893280968193], [-73.87380786066579, 40.689329854586], [-73.87380618383776, 40.68933180977028], [-73.87380472024957, 40.689333504434956], [-73.87380331450069, 40.68933512230938], [-73.87380178953457, 40.689336858078306], [-73.87380024291764, 40.68933860205782], [-73.87379865295733, 40.689340384416546], [-73.87379702328049, 40.68934219417947], [-73.87379558514591, 40.68934377633624], [-73.87379413258262, 40.689345361221974], [-73.87379256079686, 40.68934706674691], [-73.87379090954676, 40.6893488435488], [-73.87378923665095, 40.689350625816445], [-73.87378775166565, 40.689352194197916], [-73.87378612940776, 40.689353894177835], [-73.87378464808015, 40.68935543511555], [-73.8737829463786, 40.689357195393356], [-73.8737811038089, 40.68935908177617], [-73.87377959003858, 40.68936061718865], [-73.87377805822327, 40.68936216081562], [-73.87377633495363, 40.68936388538765], [-73.87377463339197, 40.68936557155658], [-73.87377310525501, 40.6893670767607], [-73.8737713459368, 40.689368795803546], [-73.8737696372255, 40.689370449027294], [-73.87376786712065, 40.68937215158962], [-73.87376628127386, 40.6893736649647], [-73.87376455456926, 40.68937529895524], [-73.87376277370373, 40.689376971313166], [-73.87376096396513, 40.68937865736324], [-73.87375919036833, 40.68938029953658], [-73.87375759018597, 40.68938176623466], [-73.87375596112541, 40.68938324936966], [-73.87375434291351, 40.689384716047904], [-73.87375230212311, 40.68938654731738], [-73.87375047446376, 40.68938817570739], [-73.87374887799605, 40.6893895847692], [-73.87374703953967, 40.68939120216823], [-73.8737451686096, 40.68939283051069], [-73.8737434855175, 40.68939428339375], [-73.87374161101253, 40.68939589526362], [-73.8737397437608, 40.68939748518321], [-73.87373806794778, 40.68939890239214], [-73.87373614656101, 40.68940051695523], [-73.87373426493225, 40.689402082155986], [-73.87373255306031, 40.689403499325294], [-73.87373046561068, 40.68940521526263], [-73.8737287501638, 40.689406615959285], [-73.87372700946538, 40.689408022117775], [-73.87372507014743, 40.689409584510344], [-73.87372331142464, 40.68941098790418], [-73.8737210037978, 40.68941281888024], [-73.87371924150536, 40.68941420305671], [-73.87371765978737, 40.689415439213576], [-73.8737155039033, 40.689417113904014], [-73.87371353944245, 40.68941862411808], [-73.8737117627678, 40.6894199863205], [-73.87370978028783, 40.689421491025186], [-73.87370797115493, 40.689422855936655], [-73.87370597787793, 40.689424349650345], [-73.87370397378318, 40.68942584335214], [-73.8737021430408, 40.68942719451595], [-73.87369994038875, 40.68942881151454], [-73.8736981060663, 40.68943014895046], [-73.87369608399904, 40.68943161243992], [-73.87369405111929, 40.68943307317264], [-73.8736921843541, 40.68943440508335], [-73.8736901442884, 40.68943585208426], [-73.87368809701606, 40.68943729633248], [-73.87368621946942, 40.68943860901781], [-73.87368414696097, 40.689440050493495], [-73.87368008866163, 40.68944284021759], [-73.87367633009175, 40.68944539696492], [-73.87367226831068, 40.68944812081033], [-73.8736683618421, 40.68945070758755], [-73.87366445904145, 40.689453261431346], [-73.87366030719046, 40.68945594400592], [-73.8736563575804, 40.689458462116], [-73.87365237191644, 40.68946097744159], [-73.87364848378772, 40.68946339955186], [-73.87364436105823, 40.689465936684876], [-73.87364025282466, 40.68946843540684], [-73.87363618796546, 40.68947087928083], [-73.87363202569513, 40.68947335049541], [-73.87362804757927, 40.68947568741821], [-73.8736239503859, 40.689478068126476], [-73.87361970885296, 40.68948050357153], [-73.87361566951955, 40.68948279651029], [-73.87361152915878, 40.68948512227529], [-73.87360737440538, 40.68948743155563], [-73.8736031980425, 40.689489727088244], [-73.87359888095108, 40.68949207461683], [-73.87359469024211, 40.689494328961786], [-73.87359058259301, 40.689496517523246], [-73.8735864244561, 40.6894987087739], [-73.87358206783937, 40.68950098214954], [-73.87357802167149, 40.689503074711084], [-73.87357375537296, 40.68950525760815], [-73.87356933391193, 40.68950749797482], [-73.87356526620174, 40.68950954110631], [-73.87356087369129, 40.689511726609], [-73.87355662197649, 40.68951382443349], [-73.87355238834293, 40.68951589482995], [-73.87354805008123, 40.68951799530376], [-73.87354370463355, 40.68952008204572], [-73.8735394205741, 40.68952212219376], [-73.87353528091101, 40.6895240774124], [-73.87353081284692, 40.6895261722534], [-73.87352648917403, 40.68952818490975], [-73.87352218718821, 40.68953017014202], [-73.8735179104954, 40.689532127954216], [-73.87351355803713, 40.68953410764111], [-73.87350923447777, 40.68953605991194], [-73.87350493259507, 40.689537990248205], [-73.87350048998381, 40.68953997258034], [-73.87349619536447, 40.68954187547654], [-73.8734917780615, 40.68954382215412], [-73.87348742934823, 40.68954572773531], [-73.87348326109026, 40.6895475484268], [-73.87347879693614, 40.689549481328456], [-73.87347432195892, 40.6895514169628], [-73.87347004909837, 40.68955325400744], [-73.87346564632686, 40.68955514305972], [-73.87346138430951, 40.6895569663921], [-73.87345710425738, 40.68955879244921], [-73.87345262933616, 40.68956069789031], [-73.87344825547844, 40.68956255129169], [-73.87344390327141, 40.689564396482425], [-73.87343965211222, 40.68956619786769], [-73.87343527826421, 40.68956804577905], [-73.87343086471478, 40.68956991286001], [-73.87342653416813, 40.68957174435], [-73.87340990121385, 40.68957880207881], [-73.87339218544294, 40.68958641031329], [-73.87338792336432, 40.68958826383534], [-73.87337112743327, 40.68959569192356], [-73.87233552488375, 40.690033082817145], [-73.87231377819359, 40.6900421878043], [-73.87230651726352, 40.69004522919024], [-73.87229928881236, 40.69004825688786], [-73.87229206036046, 40.69005128458507], [-73.87228482830207, 40.69005431227777], [-73.87227767924199, 40.69005730712491], [-73.87227043634876, 40.690060343039036], [-73.8722630527139, 40.6900634364367], [-73.87225584589949, 40.690066461410865], [-73.87224870044273, 40.690069456260176], [-73.87224143227918, 40.6900725058683], [-73.87223418215503, 40.69007555000639], [-73.87222692481316, 40.690078596880845], [-73.87221972160135, 40.690081621856734], [-73.87221245704107, 40.69008467146699], [-73.87220522495433, 40.69008771013379], [-73.87219800730114, 40.69009074332662], [-73.87219069581468, 40.690093817586344], [-73.87218349259956, 40.69009684255998], [-73.87217621720248, 40.69009990039022], [-73.87216902841493, 40.69010292263423], [-73.87216182519265, 40.69010595035124], [-73.87215447401147, 40.69010903828845], [-73.87214724914182, 40.69011207147004], [-73.87214001705445, 40.690115107387946], [-73.87213271640667, 40.690118167932155], [-73.87212545184369, 40.69012121479219], [-73.87211820171947, 40.690124253433446], [-73.87211094076635, 40.6901272975518], [-73.87210368344478, 40.69013032794982], [-73.87209642972843, 40.69013335835137], [-73.87208912910829, 40.69013640242424], [-73.87208183571502, 40.69013943827033], [-73.87207458924543, 40.69014244946522], [-73.87206733556863, 40.6901454579068], [-73.87205999168538, 40.690148496440166], [-73.87205266585731, 40.6901515212693], [-73.87204541222064, 40.690154507751394], [-73.87203811168008, 40.69015750790475], [-73.8720307462008, 40.69016052445404], [-73.8720234962155, 40.69016348623587], [-73.87201615602373, 40.69016647810938], [-73.87200878698391, 40.690169469950355], [-73.87200140713098, 40.6901724590341], [-73.87199403812679, 40.69017543166075], [-73.87198683874752, 40.69017832762199], [-73.87197940121382, 40.69018130840581], [-73.87197200700307, 40.69018426178961], [-73.87196469941809, 40.690187171352974], [-73.87195724750613, 40.690190127416415], [-73.87194991831593, 40.690193020486134], [-73.87194249892443, 40.69019594090277], [-73.87193508316987, 40.69019884485433], [-73.87192770712718, 40.690201724146654], [-73.87192033832737, 40.690204586977885], [-73.87191290098279, 40.69020746620104], [-73.87190540592702, 40.690210353593784], [-73.87189803358791, 40.69021318073762], [-73.8718905638409, 40.69021603247556], [-73.87188305803407, 40.69021888417281], [-73.87187565328725, 40.69022168657619], [-73.87186817640034, 40.69022449987787], [-73.87186063819104, 40.69022732408988], [-73.87185313248715, 40.690230120889865], [-73.87184563763199, 40.690232901232775], [-73.87183817528228, 40.690235654163715], [-73.87183068408991, 40.69023840431725], [-73.871823178489, 40.69024114621994], [-73.87181566209088, 40.69024387713102], [-73.87180802664398, 40.690246635356715], [-73.87180045617687, 40.690249355227465], [-73.87179295429556, 40.6902520367473], [-73.87178735766997, 40.69025402870665], [-73.87178184044815, 40.690255982327386], [-73.87177620416206, 40.69025797149722], [-73.87177063645147, 40.69025992780593], [-73.87176507957939, 40.69026187314734], [-73.87175944334511, 40.69026383486872], [-73.87175371330369, 40.690265823932975], [-73.8717482322553, 40.690267717207426], [-73.87174270431383, 40.69026961866361], [-73.87173697071302, 40.690271583020156], [-73.87173142115117, 40.690273476217406], [-73.87172574170717, 40.690275404951684], [-73.87172013805056, 40.69027730083288], [-73.8717145380207, 40.690279185738746], [-73.87170891996621, 40.69028106787948], [-73.87170317924662, 40.69028298282048], [-73.87169754317775, 40.69028485670626], [-73.8716920045476, 40.690286689528826], [-73.87168631800046, 40.690288560612984], [-73.87168064589778, 40.69029042073388], [-73.87166318588493, 40.69029609117761], [-73.87165155317108, 40.69029982756376], [-73.87164111120865, 40.69030315081618], [-73.87163539232682, 40.69030495873201], [-73.87162958686028, 40.69030678850913], [-73.87162387883262, 40.69030857722312], [-73.87161828267286, 40.69031032214524], [-73.87161258910531, 40.690312091661326], [-73.87160677288314, 40.69031388848803], [-73.87160111181583, 40.690315633336915], [-73.87159542912332, 40.690317372671785], [-73.87158767542455, 40.690319735503664], [-73.87157988206008, 40.69032209829074], [-73.87157209954981, 40.69032444187602], [-73.87156443252907, 40.69032673343896], [-73.87155659955593, 40.69032906598776], [-73.87154880630031, 40.69033137113261], [-73.87154097338953, 40.690333670743165], [-73.87153315132244, 40.69033595664143], [-73.87152545195146, 40.69033819327019], [-73.87151761550196, 40.69034045719314], [-73.87150982237583, 40.69034269371619], [-73.87150204370472, 40.69034491378623], [-73.8714942037217, 40.69034713927686], [-73.87148637458239, 40.69034935105514], [-73.87147859958968, 40.69035153270088], [-73.87147071999283, 40.69035373069793], [-73.87146288370896, 40.69035590678458], [-73.87145507270303, 40.69035806368557], [-73.87144723285982, 40.690360215064274], [-73.8714394868337, 40.69036233360997], [-73.8714315640531, 40.69036448489494], [-73.87142366654001, 40.690366622483694], [-73.87141584120845, 40.69036872721536], [-73.87140799785736, 40.69037082643676], [-73.87140017977374, 40.690372911962], [-73.87139226790902, 40.6903750111058], [-73.87138438853422, 40.69037709107193], [-73.87137653803812, 40.69037915460119], [-73.87136871642075, 40.69038120169353], [-73.87136079379978, 40.69038326788584], [-73.87135297943038, 40.69038529577183], [-73.87134505684021, 40.690387345494464], [-73.87133714869985, 40.69038938150885], [-73.87132941735005, 40.690391365569674], [-73.87132146233164, 40.69039340153058], [-73.87131351454578, 40.69039542651993], [-73.87130569664168, 40.690397415971916], [-73.87129774527011, 40.69039942997708], [-73.87128992739693, 40.6904014029594], [-73.87128203376692, 40.690403392325095], [-73.87127412210688, 40.69040538167009], [-73.87126630064749, 40.69040734366769], [-73.87125841786046, 40.69040931932004], [-73.87125047014493, 40.69041130587829], [-73.87124261984737, 40.69041326235245], [-73.87123476593811, 40.690415221566866], [-73.87122682905489, 40.69041719990126], [-73.87121895350384, 40.690419161835166], [-73.87121107434639, 40.690421123764445], [-73.87120316272447, 40.6904230911464], [-73.87119529800046, 40.69042504760125], [-73.87118742245285, 40.69042700678816], [-73.8711795252639, 40.69042896869515], [-73.87117175073445, 40.69043090054637], [-73.87116387518545, 40.69043285973169], [-73.87115594552576, 40.69043482983499], [-73.871147986997, 40.690436810884506], [-73.87114016195616, 40.690438756400916], [-73.87113235494986, 40.6904406991922], [-73.87112442528306, 40.69044267203812], [-73.87111657853094, 40.690444655955396], [-73.87110868134845, 40.69044661236795], [-73.87110086352779, 40.69044855240022], [-73.87109303487826, 40.69045049790935], [-73.87108505831081, 40.690452481679074], [-73.87107730180021, 40.69045441628889], [-73.87106947673932, 40.690456370034774], [-73.87106156869378, 40.6904583483901], [-73.8710536967177, 40.69046032129576], [-73.87104585359923, 40.69046228874367], [-73.87103802129278, 40.69046425894792], [-73.87101454235783, 40.69047019153587], [-73.8699968284238, 40.6907209615862], [-73.86897514540841, 40.690985623135994], [-73.86895238732008, 40.69099154514485], [-73.86894481815169, 40.690993501782444], [-73.86893719848864, 40.69099546385157], [-73.86892949946161, 40.690997442298475], [-73.86892189064794, 40.69099938791028], [-73.8689142385515, 40.69100133896186], [-73.86890666945104, 40.691003259914986], [-73.86889905346186, 40.691005186303734], [-73.86889134729086, 40.69100712905792], [-73.86888366999405, 40.69100905812056], [-73.86887596383835, 40.69101099263935], [-73.86886848859864, 40.69101285880145], [-73.86886073919207, 40.6910147822909], [-73.86885304030636, 40.691016686623946], [-73.86884542441128, 40.69101856360334], [-73.86883781574393, 40.691020432356154], [-73.8688300952535, 40.691022320194435], [-73.86882239281941, 40.691024194328904], [-73.86881477697662, 40.69102604385862], [-73.86880713590247, 40.6910278878695], [-73.86879938299444, 40.69102975645535], [-73.86879167700674, 40.691031603136], [-73.86878413337872, 40.691033403340136], [-73.8687764129879, 40.691035239024195], [-73.86876866735491, 40.69103707467903], [-73.86876095420759, 40.6910388939017], [-73.86875328075784, 40.691040696700504], [-73.86874562897053, 40.69104248579967], [-73.86873788339528, 40.69104429125999], [-73.86873023524008, 40.69104606663837], [-73.86872248608506, 40.69104785836969], [-73.86871474416317, 40.69104963912964], [-73.86870709965594, 40.691051392552495], [-73.86869941548274, 40.691053145929594], [-73.86869173131993, 40.691054893816634], [-73.86868401109706, 40.691056641662016], [-73.86867623317293, 40.69105839218575], [-73.86866852019364, 40.691060123569734], [-73.86866076393692, 40.69106185764858], [-73.86865301851394, 40.691063583504935], [-73.86864530558209, 40.691065290184426], [-73.8686376287311, 40.69106698592552], [-73.8686299735426, 40.691068667966995], [-73.86862221375362, 40.691070363612376], [-73.86861437460604, 40.691072072890485], [-73.86860665813116, 40.69107374662614], [-73.86859890199024, 40.6910754203159], [-73.86859122522353, 40.691077072137645], [-73.86858353043736, 40.69107871844875], [-73.86857571301009, 40.69108038383268], [-73.86856789559332, 40.69108204372654], [-73.8685601178742, 40.69108368719657], [-73.86855250250974, 40.6910852869352], [-73.86854470317573, 40.691086919400405], [-73.86853686417032, 40.69108855456457], [-73.86852914423176, 40.691090154182156], [-73.86852135215184, 40.69109176469591], [-73.86851366470412, 40.69109334513617], [-73.86850591954973, 40.69109493099955], [-73.86849809144151, 40.69109652500194], [-73.86849027777299, 40.691098110785966], [-73.86848255791881, 40.691099666484156], [-73.86847480921112, 40.691101224893664], [-73.86846694869106, 40.69110279689867], [-73.8684591567219, 40.691104349768125], [-73.86845141166782, 40.69110588347725], [-73.8684436558063, 40.69110741168397], [-73.86843583141484, 40.691108948046164], [-73.86842797818068, 40.69111048163001], [-73.86842025482055, 40.69111198516936], [-73.86841250262316, 40.6911134831857], [-73.86840467828442, 40.69111499209807], [-73.86839679624991, 40.691116500943934], [-73.86838904048342, 40.6911179797412], [-73.86838128472743, 40.69111945304836], [-73.86837342798239, 40.691120937218614], [-73.86836567225822, 40.69112239405615], [-73.86835790933266, 40.69112384539536], [-73.86834994801345, 40.691125329444375], [-73.86834219954899, 40.69112676158571], [-73.86833441501906, 40.69112819642997], [-73.86832652228271, 40.69112964487381], [-73.8683186836735, 40.69113107416562], [-73.86831091000928, 40.69113248431778], [-73.86830311471437, 40.69113389169991], [-73.8682952581068, 40.6911353045009], [-73.86828746644967, 40.69113669541751], [-73.86827960265666, 40.69113809448534], [-73.86827168837969, 40.69113949349482], [-73.86826390036558, 40.69114086520062], [-73.86825613400863, 40.69114222595155], [-73.86824827027391, 40.69114359482478], [-73.86824046066099, 40.691144947290844], [-73.86823266188733, 40.69114628878968], [-73.86822466472536, 40.691147660253314], [-73.86821687679614, 40.69114898803961], [-73.86820907805951, 40.69115031032348], [-73.86820116390982, 40.69115164345374], [-73.8681933363411, 40.69115295746922], [-73.86818546911184, 40.69115426869397], [-73.86816226429049, 40.69115809577348], [-73.86813833456338, 40.691161974168416], [-73.86811475845745, 40.69116573219358], [-73.86632443156562, 40.69144728113334], [-73.866289839181, 40.691452719512796], [-73.86627252132314, 40.691455452397285], [-73.86625527198865, 40.69145817986927], [-73.86622984163333, 40.69146221532028], [-73.86620343731722, 40.691466419809196], [-73.86618612659815, 40.69146918562627], [-73.86616882668456, 40.69147195694285], [-73.86615159529433, 40.69147472284699], [-73.86613432781522, 40.69147750243043], [-73.86611704588864, 40.69148029297357], [-73.86609973870225, 40.691483091719], [-73.86608256135744, 40.691485876889104], [-73.866065275782, 40.691488686633626], [-73.86604799018856, 40.69149150460984], [-73.8660306721177, 40.69149433352475], [-73.86601341174664, 40.691497159759464], [-73.86599623071695, 40.69149998059442], [-73.8659789450625, 40.69150282600793], [-73.86596167021898, 40.69150567417621], [-73.86594443864037, 40.69150852513707], [-73.86592720704924, 40.69151138158485], [-73.86590993576313, 40.69151425170771], [-73.86589269331793, 40.69151712460635], [-73.86587545086022, 40.69152000299189], [-73.86585817231348, 40.6915228950567], [-73.86584095507266, 40.69152578444559], [-73.86582375585469, 40.69152867659766], [-73.86580647365334, 40.69153159060863], [-73.86578923111632, 40.69153450466325], [-73.86577195610178, 40.69153742965649], [-73.86575477485808, 40.691540346522174], [-73.8657375647373, 40.6915432770755], [-73.865720286068, 40.69154622401491], [-73.86570310116954, 40.6915491628268], [-73.86568585493453, 40.69155211803322], [-73.8656686158934, 40.69155508147974], [-73.86565142373415, 40.69155804223362], [-73.86563422795635, 40.691561008470295], [-73.86561702494285, 40.69156398567503], [-73.86559973533979, 40.69156698473424], [-73.86558252147759, 40.691569975645], [-73.86554808649228, 40.69157597940852], [-73.8627140521052, 40.69206942084935], [-73.86269244791592, 40.69207315541341], [-73.86268153942582, 40.69207503080131], [-73.86267075720801, 40.69207687614631], [-73.86265997140049, 40.69207871325175], [-73.86264910984904, 40.69208055850007], [-73.86263824470791, 40.69208239550875], [-73.86262746615593, 40.692084210661584], [-73.86261667679655, 40.69208602031097], [-73.86260581530495, 40.69208783536282], [-73.86259502958441, 40.692089628545865], [-73.86258416451383, 40.69209142986749], [-73.86257328863596, 40.69209322568567], [-73.86256247049344, 40.692095002358336], [-73.86255169925687, 40.692096765362145], [-73.86254081981649, 40.692098539214776], [-73.86252992956882, 40.692100307563955], [-73.86251914394045, 40.69210205407891], [-73.86250830422112, 40.69210380052821], [-73.86249742123474, 40.69210554418002], [-73.86248656350685, 40.692107279626676], [-73.86247572383117, 40.692109004114776], [-73.86246490220202, 40.69211072038911], [-73.86245401926993, 40.692112436589184], [-73.86244316159642, 40.69211414458405], [-73.86242356011243, 40.6921172062774], [-73.86239974909692, 40.692120894232], [-73.8623888698525, 40.69212256925875], [-73.86237801587234, 40.69212423333556], [-73.86236712944314, 40.69212589462776], [-73.86235631156747, 40.692127536787524], [-73.8623454684491, 40.69212917891609], [-73.86233445941919, 40.69213083731378], [-73.86232364519323, 40.69213245751665], [-73.86231278408285, 40.69213408040721], [-73.86230188331133, 40.692135700504494], [-73.86229095369677, 40.69213731782146], [-73.86228013591942, 40.69213891056831], [-73.86226927486923, 40.69214050326231], [-73.86225837775835, 40.69214209591211], [-73.86224743016831, 40.69214368575573], [-73.862236576374, 40.69214525649719], [-73.86222571898455, 40.69214682174371], [-73.86221480029212, 40.69214838691586], [-73.86220397179515, 40.69214993023679], [-73.8621930242706, 40.69215148713804], [-73.862182094804, 40.69215303033598], [-73.86217123748577, 40.692154559895485], [-73.86216036575993, 40.692156081202334], [-73.86214939304789, 40.692157610621514], [-73.86213847806582, 40.69215912364022], [-73.86212762080797, 40.69216062300314], [-73.86211671667132, 40.692162122308865], [-73.86209489040623, 40.69216510168229], [-73.86101465462914, 40.69231127604264], [-73.8599861537913, 40.692450528753], [-73.85996083955297, 40.692453857553865], [-73.85995234498988, 40.69245496159461], [-73.85994405964026, 40.6924560356969], [-73.85993555066976, 40.69245713148458], [-73.85992710303046, 40.6924582136224], [-73.85991871311641, 40.692459282105986], [-73.85991021139174, 40.692460361431976], [-73.85990183953616, 40.6924614162125], [-73.85989343883777, 40.69246246821249], [-73.85988496601252, 40.69246352286884], [-73.85987644630849, 40.69246457746748], [-73.85986805646782, 40.69246561026548], [-73.85985969188643, 40.69246663485925], [-73.85985116861593, 40.692467670238315], [-73.85984267051828, 40.69246873858462], [-73.85983426991608, 40.6924697439193], [-73.85982576472696, 40.6924707546155], [-73.85981736054711, 40.692471746220754], [-73.8598089672024, 40.692472729604226], [-73.85980050173093, 40.692473715644], [-73.85979196413837, 40.692474701595316], [-73.8597834265571, 40.692475682056454], [-73.85977514147922, 40.69247662439778], [-73.85976663278619, 40.692477585679455], [-73.85975813492256, 40.69247854148416], [-73.8597497236441, 40.692479478180324], [-73.85974121860258, 40.692480417506395], [-73.8597328037407, 40.69248134321789], [-73.85972436365365, 40.69248226066371], [-73.85971586946994, 40.69248318078775], [-73.85970735366132, 40.692484095395244], [-73.85969891000792, 40.69248499362142], [-73.8596904086519, 40.692485894521425], [-73.85968197223902, 40.69248677903134], [-73.85967356108553, 40.692487655337125], [-73.85966492271659, 40.69248854783382], [-73.85965652241546, 40.692489407682956], [-73.85964806441739, 40.69249026746111], [-73.85963954151045, 40.692491127159485], [-73.85963113764306, 40.692491967788975], [-73.85962268329662, 40.69249280561155], [-73.85961415322316, 40.6924936433411], [-73.85960565201516, 40.692494472870955], [-73.85959719770854, 40.69249529147829], [-73.85958865685681, 40.69249610997942], [-73.85958011962816, 40.692496920249994], [-73.85957169422133, 40.69249771418776], [-73.85956329047367, 40.69249849717227], [-73.85955483624123, 40.69249928009455], [-73.85954629185754, 40.692500062906134], [-73.85953775109705, 40.69250083748724], [-73.85952931494624, 40.69250159572673], [-73.85952077421427, 40.69250235658275], [-73.85951222267556, 40.692503111935395], [-73.85950375050423, 40.692503850915664], [-73.85949532162262, 40.69250458171382], [-73.85948687833395, 40.69250530425948], [-73.85947833407016, 40.69250602942595], [-73.85946979704143, 40.692506743621614], [-73.85946134658069, 40.692507446943196], [-73.85945276629646, 40.69250815285043], [-73.85944424013157, 40.69250884509922], [-73.85943578971657, 40.69250952646084], [-73.85942731407641, 40.6925101995567], [-73.8594187843455, 40.69251087258586], [-73.85941033398208, 40.69251152924271], [-73.85940185477587, 40.69251218311893], [-73.85939320968002, 40.69251284228138], [-73.85938474132064, 40.69251348244575], [-73.85937629822648, 40.69251411166123], [-73.8593677217028, 40.69251474345784], [-73.85935928224337, 40.692515358952676], [-73.85935070214228, 40.69251597701979], [-73.85934216173068, 40.69251658415567], [-73.85933368264483, 40.6925171803868], [-73.85932521078244, 40.69251777113655], [-73.85931666680492, 40.69251835905282], [-73.85930809399044, 40.69251894144358], [-73.85929965462834, 40.692519510273065], [-73.85929117200519, 40.692520073559436], [-73.85928259562476, 40.692520636730585], [-73.85927403007393, 40.69252119442479], [-73.8592655871574, 40.692521738544436], [-73.85925710458582, 40.692522277125434], [-73.85924852825697, 40.69252281559114], [-73.8592400529204, 40.692523343200634], [-73.8592314730084, 40.692523870681626], [-73.85922289671396, 40.692524392676795], [-73.85921443222986, 40.692524903829046], [-73.85920589563058, 40.69252541214769], [-73.85918039047677, 40.692526904290546], [-73.85898090958388, 40.692537740674894], [-73.85581483497796, 40.6927109789053], [-73.8557899104121, 40.692712396915454], [-73.85577325919357, 40.69271333397458], [-73.85576140823089, 40.69271399982564], [-73.85574834188557, 40.692714730026644], [-73.85573650175833, 40.692715387654445], [-73.85572824288118, 40.692715846657364], [-73.85571983974393, 40.6927163137132], [-73.85571151233962, 40.692716778118566], [-73.85570332919512, 40.69271723446991], [-73.8556950270389, 40.69271769616101], [-73.85568669964019, 40.69271815781981], [-73.8556784155081, 40.69271862227707], [-73.85567021072087, 40.69271908134371], [-73.85566187970387, 40.69271954848574], [-73.85565349458408, 40.69272002104885], [-73.85564530420888, 40.69272048562129], [-73.85563699482194, 40.69272095553347], [-73.85562867099877, 40.69272143091643], [-73.85562038323003, 40.69272190908878], [-73.8556120882491, 40.692722387251536], [-73.85560389424349, 40.692722862795584], [-73.85559555957192, 40.69272335188641], [-73.85558727177899, 40.69272384103549], [-73.8555789767678, 40.69272433291965], [-73.85557078993817, 40.69272482493898], [-73.85556258867227, 40.69272532242919], [-73.85555414937109, 40.69272583608865], [-73.85554586513597, 40.692726347197365], [-73.85553767827015, 40.69272685568293], [-73.85552938319286, 40.69272737775595], [-73.85552118909088, 40.69272789721033], [-73.85551289398948, 40.692728430261255], [-73.85550460608823, 40.69272896881009], [-73.85549641555623, 40.692729504735865], [-73.8554881168068, 40.69273005699377], [-73.85547981443925, 40.692730614736114], [-73.85547160222288, 40.69273117259105], [-73.85546345491544, 40.69273173052695], [-73.85545514889381, 40.6927323102211], [-73.85544685729035, 40.6927328926775], [-73.85543856206274, 40.69273348336313], [-73.85543037862277, 40.69273407418856], [-73.85542218795266, 40.69273467323863], [-73.85541389267112, 40.69273528862533], [-73.85540560098353, 40.69273590950548], [-73.8553974282956, 40.692736530534575], [-73.85538927723198, 40.692737157079776], [-73.85538097106615, 40.69273780264296], [-73.85537278029392, 40.692738448350504], [-73.85536449933444, 40.6927391104128], [-73.85535635180474, 40.692739769897415], [-73.85534816458451, 40.692740440310615], [-73.8553399088133, 40.69274112710576], [-73.85533172155701, 40.692741813986395], [-73.85532346574973, 40.692742517248945], [-73.85531527845139, 40.69274322334177], [-73.85530712720148, 40.69274393496888], [-73.85529883887371, 40.6927446683813], [-73.85529069840588, 40.69274539648945], [-73.85528243528438, 40.69274614640096], [-73.85527425148989, 40.69274689915646], [-73.85526621194934, 40.69274764660318], [-73.85525795958584, 40.6927484239742], [-73.85524970359825, 40.69274920957441], [-73.85524155579208, 40.692749995310066], [-73.85523340796186, 40.69275079202423], [-73.85522524568343, 40.69275159969875], [-73.85521870286324, 40.692752252957966], [-73.85521206624972, 40.69275292256745], [-73.85520543683624, 40.692753597675186], [-73.85519893364649, 40.692754267451825], [-73.8551924340567, 40.69275493997734], [-73.85518580098909, 40.69275563703752], [-73.85517930136922, 40.69275632328617], [-73.8551728125555, 40.692757015037564], [-73.85516621551822, 40.69275772586579], [-73.85515956436016, 40.692758450349416], [-73.85515293122626, 40.69275917760013], [-73.85514645317645, 40.69275989406657], [-73.85513998232072, 40.692760618775964], [-73.85513334914465, 40.69276136523891], [-73.85512688187086, 40.69276210093119], [-73.85512024505263, 40.69276286385741], [-73.85511365150697, 40.69276362683774], [-73.85510728157833, 40.692764370885776], [-73.85510068439648, 40.69276514758466], [-73.85509405113002, 40.69276593521678], [-73.85508760180805, 40.69276670661149], [-73.85508100457801, 40.692767505267334], [-73.85507451554734, 40.69276829582476], [-73.8550678786146, 40.692769110898496], [-73.85506130659063, 40.69276992605359], [-73.85505497261994, 40.69277071680521], [-73.85504837171145, 40.69277154839181], [-73.85504177439094, 40.69277238821687], [-73.85503530331206, 40.692773214476745], [-73.85502870957338, 40.69277406528466], [-73.8550222456705, 40.692774908021455], [-73.85501564107751, 40.692775775283614], [-73.8550090472966, 40.692776645303745], [-73.85500271321119, 40.69277748820302], [-73.85499613021231, 40.692778374704666], [-73.85498956884952, 40.69277926123314], [-73.85498307960772, 40.69278014785222], [-73.85497650378457, 40.6927810508304], [-73.85497007223333, 40.692781940266144], [-73.85496347112563, 40.69278286242515], [-73.85495691329041, 40.692783784638294], [-73.85495057908429, 40.692784682429966], [-73.85494401040073, 40.69278561835257], [-73.8549374128386, 40.69278656796228], [-73.85493100644513, 40.69278749585442], [-73.85492441967695, 40.69278845645605], [-73.85491781846643, 40.69278942527341], [-73.85491141563668, 40.69279037238234], [-73.85490498392836, 40.69279133317836], [-73.85489841874205, 40.6927923185087], [-73.85489199061554, 40.692793290287604], [-73.85488555525883, 40.69279427029133], [-73.854878986424, 40.69279527482936], [-73.85487242117716, 40.69279628760582], [-73.85486586312427, 40.69279730862532], [-73.85485943492509, 40.69279831333961], [-73.85485299949573, 40.69279932627874], [-73.85484646304273, 40.692800363793], [-73.85484006004957, 40.69280138500661], [-73.85483349831195, 40.69280244170165], [-73.85482697624673, 40.69280349570158], [-73.85482064535618, 40.69280452523942], [-73.8548141016124, 40.6928055984247], [-73.85480760835914, 40.692806668928554], [-73.85480118002076, 40.69280773676917], [-73.85479461098605, 40.692808831879596], [-73.85478811407833, 40.6928099243359], [-73.85478171816392, 40.69281100594019], [-73.85477529337099, 40.69281210123159], [-73.85476872426968, 40.69281322653296], [-73.85476235356117, 40.69281432463662], [-73.85475582411418, 40.692815455476826], [-73.85474930186703, 40.69281659181538], [-73.8547429311101, 40.69281771187606], [-73.85473656755906, 40.69281883469029], [-73.85473013545078, 40.69281997663102], [-73.85472347244689, 40.69282116768583], [-73.85471710885331, 40.69282230971234], [-73.85471073802346, 40.69282346270845], [-73.85470417959463, 40.69282465389415], [-73.85469780512837, 40.69282582060881], [-73.85469134046258, 40.69282700916743], [-73.85468481445764, 40.692828214116844], [-73.85467842190059, 40.69282940825529], [-73.85467208345214, 40.69283059422743], [-73.85466555379259, 40.69283182112934], [-73.85465902411482, 40.69283305626514], [-73.85465269644794, 40.69283425871846], [-73.85464632907231, 40.69283548033466], [-73.85463982819451, 40.69283673746398], [-73.85463333452847, 40.692837994602016], [-73.8546270031948, 40.69283922449699], [-73.8546206682249, 40.69284046811088], [-73.8546141420378, 40.69284175539924], [-73.85460764470494, 40.692843039978904], [-73.85460131329245, 40.69284430555445], [-73.8545949782737, 40.69284557112505], [-73.85458849892254, 40.69284687768457], [-73.85456814081911, 40.69285102675908], [-73.85454995439994, 40.69285479430654], [-73.85454361924744, 40.69285612025918], [-73.85453728048866, 40.69285744620689], [-73.85453094529977, 40.692858788627404], [-73.85452451629916, 40.69286015563194], [-73.85451809809842, 40.69286153088406], [-73.85451172679429, 40.69286289796083], [-73.85450526889043, 40.692864289630705], [-73.85449897691306, 40.69286565955182], [-73.85449254062713, 40.69286705948263], [-73.85448609348677, 40.69286847586796], [-73.85447996021126, 40.69286982952008], [-73.85447349139807, 40.69287126234594], [-73.85446703340274, 40.69287269518516], [-73.8544607702004, 40.69287409807784], [-73.85445434823527, 40.692875544685755], [-73.85444805253587, 40.69287696675004], [-73.85444161972796, 40.69287842432266], [-73.85443520493213, 40.69287989015197], [-73.85442890917803, 40.69288133691806], [-73.85442261341763, 40.692882786428626], [-73.85441622382743, 40.69288426875742], [-73.85440983784298, 40.69288575109045], [-73.85440362862124, 40.69288720345417], [-73.85439723538218, 40.692888704990715], [-73.85439088902768, 40.692890203841436], [-73.85438458595755, 40.69289169725701], [-73.8543781602031, 40.69289322619906], [-73.85437181380577, 40.69289474426209], [-73.85436555037154, 40.69289625145067], [-73.85435916064688, 40.69289779416111], [-73.85435290440616, 40.6928993095924], [-73.85434663010494, 40.69290083872436], [-73.85434012487744, 40.69290243069348], [-73.85433386497587, 40.69290397082206], [-73.85432763753458, 40.6929055082466], [-73.85432141007503, 40.692907053905145], [-73.85431497333751, 40.69290865693863], [-73.85430863399942, 40.692910243626415], [-73.85430244257564, 40.69291180030859], [-73.85429604547396, 40.69291341711508], [-73.85428978907443, 40.69291500390682], [-73.85428359399566, 40.69291658254154], [-73.85427723654179, 40.69291820763148], [-73.85427088628168, 40.69291984096451], [-73.85426453239728, 40.69292148252686], [-73.8542583083968, 40.69292309406091], [-73.85425211685065, 40.692924705635704], [-73.85424579538983, 40.692926360961955], [-73.85423952803768, 40.692928008122124], [-73.85423321015831, 40.69292967443132], [-73.85422689947877, 40.69293134623887], [-73.85422067177441, 40.692933001682555], [-73.85421451620903, 40.69293464898289], [-73.85420819105026, 40.692936345474024], [-73.85420183700666, 40.69293805839685], [-73.8541956020229, 40.69293974402243], [-73.85418945361434, 40.692941416033506], [-73.85418317168507, 40.6929431317914], [-73.85417689696162, 40.69294485030291], [-73.8541706546924, 40.692946568855156], [-73.85416437632621, 40.69294830382999], [-73.85415821701987, 40.692950011507634], [-73.85415201799843, 40.692951741092784], [-73.85414572875902, 40.69295350075575], [-73.85413941424679, 40.69295527411023], [-73.8541331790977, 40.692957033841054], [-73.85412702331776, 40.692958777203536], [-73.85412085669532, 40.69296053153102], [-73.85411457458832, 40.6929623268834], [-73.85410841154722, 40.69296409219387], [-73.85410223765759, 40.692965871214064], [-73.85409583642924, 40.69296772130984], [-73.85408972746012, 40.69296949492219], [-73.854083582394, 40.69297128495707], [-73.85407731462514, 40.69297311875239], [-73.85407106127421, 40.69297495531039], [-73.8540649053348, 40.692976770033454], [-73.8540588107222, 40.692978573854845], [-73.85405245268015, 40.69298046242977], [-73.85404632555822, 40.69298229091223], [-73.85404019120578, 40.69298412761952], [-73.85403405684099, 40.692985969815986], [-73.8540278538945, 40.69298784211766], [-73.85402164371747, 40.69298972264414], [-73.85401546238865, 40.69299160320685], [-73.8540092630051, 40.69299349472546], [-73.85400321155413, 40.692995348004565], [-73.85399694718251, 40.692997275122075], [-73.85399071166509, 40.69299919953108], [-73.85398465655892, 40.69300107476277], [-73.85397855813751, 40.69300296915255], [-73.85397233700726, 40.693004910047485], [-73.85396613029484, 40.6930068537051], [-73.8539600787333, 40.69300875638773], [-73.85395401632907, 40.69301067003532], [-73.85394779513722, 40.693012638376544], [-73.85394161722988, 40.693014601282854], [-73.8539355150857, 40.69301654781631], [-73.85392938406254, 40.693018508036666], [-73.8539232674573, 40.6930204710198], [-73.85391718691841, 40.69302243130357], [-73.85390954021425, 40.69302490561619], [-73.85390200896994, 40.69302734988237], [-73.85389438748308, 40.69302983520509], [-73.85388677318376, 40.693032331515525], [-73.85387926712613, 40.69303480051512], [-73.85387172857119, 40.693037288686405], [-73.8538641827735, 40.69303979057187], [-73.85385655395133, 40.69304233077821], [-73.8538490153225, 40.69304485188516], [-73.85384150554769, 40.693047370283516], [-73.85383390552428, 40.6930499324831], [-73.85382628022164, 40.69305251111872], [-73.8538188209, 40.69305504330353], [-73.85381130742654, 40.693057602866794], [-73.85380371453468, 40.693060200755504], [-73.85379621184218, 40.693062776800126], [-73.85378861168888, 40.693065396636754], [-73.85378106926218, 40.69306800282242], [-73.85377368559838, 40.69307056529291], [-73.85376608538306, 40.69307321257576], [-73.8537585717611, 40.69307583800992], [-73.8537511014234, 40.69307845800908], [-73.85374354445509, 40.69308111632445], [-73.85373607769218, 40.69308375005103], [-73.85372860368643, 40.693086397491776], [-73.85372095644405, 40.69308911058637], [-73.85371354375243, 40.693091752614535], [-73.85370609856936, 40.693094411069566], [-73.85369846209521, 40.69309714613454], [-73.85369103491725, 40.69309981559056], [-73.85368357163577, 40.69310250421359], [-73.85367609389931, 40.69310520654164], [-73.85366858005929, 40.693107928036675], [-73.85366115642478, 40.693110624943], [-73.85365363172916, 40.69311336289192], [-73.85364612145123, 40.69311610360345], [-73.85363869416663, 40.693118819717114], [-73.85363118025127, 40.69312157414687], [-73.85362371323839, 40.69312431765674], [-73.85361623538854, 40.69312706938669], [-73.85360881165937, 40.6931298074611], [-73.85360133017211, 40.69313257290926], [-73.85359383062976, 40.69313534931308], [-73.85358643213526, 40.69313809016292], [-73.85357882111066, 40.69314072644055], [-73.85357138289389, 40.693143491941804], [-73.8535638688765, 40.693146290283444], [-73.85355636567674, 40.69314908863834], [-73.85354893464608, 40.693151865126424], [-73.85354155051793, 40.693154630694586], [-73.85353407254676, 40.693157434569706], [-73.85352660539921, 40.69316023571333], [-73.85351913102684, 40.69316304233679], [-73.85351167467817, 40.69316585172749], [-73.8535042038925, 40.693168666588925], [-73.85349674393048, 40.69317147871884], [-73.85348935974977, 40.693174266241755], [-73.85348189255622, 40.69317708659582], [-73.85347446867121, 40.693179890535916], [-73.85346694733093, 40.693182735523], [-73.85345945485675, 40.69318557231207], [-73.85345207426093, 40.6931883680715], [-73.8534414418725, 40.69319239483709], [-73.85342967982677, 40.69319685383703], [-73.85341898968413, 40.693200905229965], [-73.853404080509, 40.69320655419488], [-73.85338174382034, 40.693215012576886], [-73.85252330594038, 40.69353823256204], [-73.85251420379767, 40.693541640884234], [-73.85138437375184, 40.69396730970702], [-73.85136309787755, 40.69397526402889], [-73.85135600956319, 40.693977898089784], [-73.85134887435036, 40.693980540323935], [-73.8513416741839, 40.6939832016872], [-73.85133460396581, 40.69398580557761], [-73.85132753376548, 40.69398840123333], [-73.85132036252588, 40.69399102695059], [-73.851313249051, 40.69399362254951], [-73.85130613198174, 40.69399621265381], [-73.85129897522613, 40.69399881094072], [-73.85129177157208, 40.69400141740086], [-73.85128461124602, 40.69400399921364], [-73.8512775555949, 40.69400653724488], [-73.85127034477584, 40.69400912173624], [-73.85126315562361, 40.69401169253132], [-73.85125613250558, 40.69401419492125], [-73.85124892534613, 40.69401675471304], [-73.85124168211264, 40.69401931994737], [-73.85123444610925, 40.69402187695624], [-73.85122734727274, 40.69402437375697], [-73.85122019791929, 40.69402688421583], [-73.85121299444896, 40.69402940558333], [-73.8512058126516, 40.69403191050982], [-73.85119865974559, 40.694034396259774], [-73.85119142023687, 40.694036906600275], [-73.85118418796442, 40.69403940597059], [-73.8511770387119, 40.69404186976573], [-73.85116975955874, 40.69404436907454], [-73.8511625886868, 40.69404682460654], [-73.8511554322695, 40.694049266432934], [-73.85114816398823, 40.69405174105145], [-73.8511410112127, 40.69405416641301], [-73.85113369244463, 40.69405664096529], [-73.85112642782919, 40.694059088139475], [-73.85111924983372, 40.69406150248796], [-73.85111206464391, 40.6940639085924], [-73.85110483977391, 40.69406632013457], [-73.85109752830738, 40.69406875352243], [-73.85109029986084, 40.69407115133522], [-73.85108307503832, 40.69407354091791], [-73.85107572392118, 40.6940759660188], [-73.85106855326927, 40.694078319988606], [-73.85106136097392, 40.694080676674794], [-73.85105400991037, 40.69408307707138], [-73.85104669856273, 40.694085455560696], [-73.85103949187815, 40.69408779575824], [-73.85103226356851, 40.6940901304378], [-73.85102491618262, 40.6940924979], [-73.85101757241459, 40.69409485987693], [-73.8510103585893, 40.694097167126124], [-73.85100310146541, 40.69409948529792], [-73.85099579384303, 40.694101808893386], [-73.85098850066915, 40.69410412152803], [-73.85098114977217, 40.69410644506652], [-73.85097394324248, 40.69410871389607], [-73.85096667177133, 40.69411099636496], [-73.85095925596869, 40.69411331707323], [-73.85095194122296, 40.69411559948514], [-73.85094460124004, 40.6941178791191], [-73.85093740200604, 40.694120109528995], [-73.85093001153018, 40.69412239184141], [-73.85092267520092, 40.69412464952057], [-73.85091534610193, 40.694126898974254], [-73.850908096417, 40.69412911284832], [-73.85090073126793, 40.694131356764856], [-73.85089332283259, 40.69413360611438], [-73.85088612731795, 40.69413578437517], [-73.85087873335519, 40.694138011784375], [-73.85087131414294, 40.69414024190509], [-73.85086389855473, 40.6941424637957], [-73.85085664898307, 40.69414462551605], [-73.8508493164208, 40.69414680908649], [-73.85084190088644, 40.6941490062728], [-73.85083460805815, 40.69415115970135], [-73.85082724307617, 40.69415332675978], [-73.8508198167649, 40.69415550471731], [-73.85081240128994, 40.694157674454104], [-73.85080507605377, 40.69415980588058], [-73.8507976497902, 40.6941619618786], [-73.85079033540221, 40.69416407959431], [-73.85078299938927, 40.694166191792], [-73.85077554069977, 40.694168334022685], [-73.85076808202211, 40.69417047076331], [-73.85076076409369, 40.69417255828008], [-73.85075339927278, 40.694174651225126], [-73.85074597312877, 40.694176752324516], [-73.85073847483095, 40.69417886705364], [-73.85073112810078, 40.694180932573], [-73.85072379581923, 40.694182987131555], [-73.85071633365504, 40.694185068968885], [-73.85070880654929, 40.69418716444533], [-73.8507014887524, 40.694189191573514], [-73.85069412406303, 40.694191224129945], [-73.85068662587871, 40.69419328670519], [-73.85067923235164, 40.69419531373376], [-73.85067177028309, 40.69419735165193], [-73.85066437679201, 40.69419936221091], [-73.8506570049619, 40.694201361818415], [-73.85064938057296, 40.69420341873796], [-73.85064202681566, 40.69420539915454], [-73.85063465503956, 40.694207374057754], [-73.85062713172545, 40.69420938444587], [-73.85061973833012, 40.69421135108573], [-73.85061230164844, 40.694213323158536], [-73.85060476395766, 40.694215311568314], [-73.85059730926288, 40.694217275382385], [-73.85058987624136, 40.69421922275549], [-73.85058235302918, 40.694221186479645], [-73.85055827525049, 40.69422742153223], [-73.85053756048319, 40.69423272497995], [-73.85053005542783, 40.69423463108404], [-73.8505226225501, 40.694236512578456], [-73.85051508865709, 40.694238413154594], [-73.85050756200057, 40.694240302760534], [-73.85050008947873, 40.69424217322292], [-73.85049262419332, 40.69424403271516], [-73.85048508676017, 40.69424590309221], [-73.85047762511086, 40.694247748864335], [-73.8504701815226, 40.69424958093552], [-73.85046248176899, 40.69425147031363], [-73.85045505264138, 40.69425328593404], [-73.85044760910114, 40.69425509604569], [-73.85044001403503, 40.6942569361524], [-73.8504325452695, 40.69425873799598], [-73.85042497188248, 40.69426055891647], [-73.8504175103653, 40.69426234429985], [-73.85041000195568, 40.69426413511135], [-73.85040229512194, 40.694265964091244], [-73.8503948661204, 40.69426772206772], [-73.85038736137113, 40.694269488179536], [-73.85037975561264, 40.69427127062819], [-73.85037228697323, 40.694273014827765], [-73.85036475340446, 40.694274767176815], [-73.85035717294936, 40.694276522209115], [-73.8503496033369, 40.694278266275944], [-73.85034206981624, 40.69427999666538], [-73.85033446415395, 40.694281735194785], [-73.85032696313698, 40.694283443667295], [-73.85031945131358, 40.69428514663572], [-73.85031184930557, 40.69428686321023], [-73.85030424010336, 40.69428857154057], [-73.85029670667896, 40.69429025801081], [-73.85028916244808, 40.6942919389769], [-73.85028148474044, 40.69429364172705], [-73.85027395497644, 40.69429530349759], [-73.85026641439993, 40.69429696250877], [-73.85025890992135, 40.69429860509785], [-73.85025123588608, 40.69430027765825], [-73.85024363041634, 40.694301928349226], [-73.85023611876758, 40.69430355171405], [-73.85022855302014, 40.69430517775274], [-73.85022100171537, 40.69430679557541], [-73.85021325560477, 40.69430844608133], [-73.85020572237315, 40.69431004471312], [-73.85019817472897, 40.69431163783615], [-73.85019050803865, 40.6943132500171], [-73.85018282692953, 40.694314859433966], [-73.85017531901961, 40.69431642241469], [-73.85016774257421, 40.69431799354003], [-73.85016006873798, 40.694319575517135], [-73.85015252840263, 40.69432112473031], [-73.8501448437719, 40.6943226957133], [-73.8501372024454, 40.69432425302826], [-73.85012962969071, 40.69432578572906], [-73.85012208580946, 40.69432730748792], [-73.85011437598993, 40.69432885373306], [-73.85010670226225, 40.694330386300884], [-73.85009912596175, 40.69433189154735], [-73.85009154606705, 40.69433339129909], [-73.85008390125539, 40.69433489371053], [-73.85006101379678, 40.69433935708671], [-73.84672299880131, 40.694982122255325], [-73.84670472907189, 40.694985602996134], [-73.84669569522671, 40.6949873229142], [-73.84668659283216, 40.69498905646413], [-73.84667737858886, 40.69499081456724], [-73.84666827979954, 40.69499254812051], [-73.84665912688554, 40.694994295324804], [-73.84665002087658, 40.69499603161177], [-73.84664092929188, 40.69499776791727], [-73.84663177637013, 40.69499951786416], [-73.84662264870376, 40.69500126235443], [-73.84661354629277, 40.69500300138807], [-73.84660436450123, 40.69500475952861], [-73.84659522240241, 40.69500650674224], [-73.84658618492647, 40.695008234881215], [-73.8465769923086, 40.69500999574991], [-73.84656782134, 40.69501175115717], [-73.84655867923927, 40.695013498367906], [-73.84654964898006, 40.69501522376885], [-73.84654052130938, 40.695016968252595], [-73.84653122768458, 40.69501874270683], [-73.8465221180565, 40.69502048172366], [-73.84651308420185, 40.69502220162737], [-73.84650387356196, 40.69502395697665], [-73.84649476034518, 40.695025687752185], [-73.84648563990929, 40.69502742126215], [-73.84647641125598, 40.695029168350885], [-73.84646717538983, 40.695030915429264], [-73.84645808745236, 40.69503262976699], [-73.84644906085103, 40.69503433046199], [-73.84643982861492, 40.695036066563915], [-73.84643059278478, 40.6950377971708], [-73.8464214796338, 40.69503949774811], [-73.84641232319555, 40.6950412037565], [-73.84640311987019, 40.69504291244633], [-73.84639388769493, 40.69504462109697], [-73.84638486117255, 40.69504628610499], [-73.84637558934101, 40.695047989211645], [-73.8463663608148, 40.69504967865155], [-73.84635722610572, 40.695051343512965], [-73.84634811306483, 40.69505299467871], [-73.84633884490093, 40.69505467033958], [-73.84632961283626, 40.695056329579316], [-73.84632045655151, 40.695057966961286], [-73.8463112173052, 40.695059612466075], [-73.84630204662648, 40.69506123610349], [-73.84629286153522, 40.69506285423139], [-73.84628363317573, 40.695064469556016], [-73.84627436875397, 40.695066084831744], [-73.84626518372467, 40.69506767550975], [-73.84625593738991, 40.695069266105214], [-73.8462466586054, 40.69507085391174], [-73.84623750250019, 40.69507241168899], [-73.84622820211573, 40.695073982996554], [-73.84621894504293, 40.695075537892656], [-73.8462097890124, 40.69507706273048], [-73.84620057888243, 40.69507859024009], [-73.84619128941605, 40.695080117642945], [-73.84618191699442, 40.695081650423674], [-73.84617271055173, 40.69508314225397], [-73.84616348248412, 40.695084628565], [-73.8461541245683, 40.69508612568089], [-73.846144918194, 40.695087587316536], [-73.84613568298882, 40.695089040678546], [-73.8461263107231, 40.695090504835676], [-73.84611697095055, 40.695091952566834], [-73.84610776106979, 40.695093370278485], [-73.84609847546518, 40.695094785143326], [-73.84608913576747, 40.69509619993509], [-73.8460798141383, 40.69509759828159], [-73.84607049614658, 40.695098982908405], [-73.84606126836607, 40.695100342952124], [-73.84605192156214, 40.69510171107026], [-73.84604259283314, 40.69510305999835], [-73.84603561974534, 40.69510406349102], [-73.84602860699562, 40.69510506418544], [-73.84602170248193, 40.69510604306605], [-73.8460147835559, 40.6951070164374], [-73.84600778889359, 40.69510799245177], [-73.84600075095685, 40.69510896840785], [-73.84599383929336, 40.69510991982949], [-73.84598694929213, 40.695110860300616], [-73.84597989697446, 40.69511181702275], [-73.84597301421684, 40.69511274377892], [-73.8459660665478, 40.69511367044771], [-73.84595890966928, 40.69511461879433], [-73.84595202696184, 40.695115523591106], [-73.84594508655533, 40.69511642831019], [-73.84593803794414, 40.6951173411184], [-73.8459309821394, 40.69511824568215], [-73.84592408506992, 40.69511912301029], [-73.84591719883781, 40.69511999211825], [-73.84591012865855, 40.69512087470335], [-73.84590320638966, 40.69512173278309], [-73.84589615066646, 40.6951226016628], [-73.84588910578702, 40.6951234595775], [-73.84588216193121, 40.695124295668926], [-73.84587520005073, 40.69512512899102], [-73.84586816965256, 40.69512596222089], [-73.84586125109666, 40.69512677364195], [-73.84585432534092, 40.69512757956342], [-73.84584711824564, 40.69512840981059], [-73.84584016366547, 40.695129204713496], [-73.84583325960978, 40.69512998321505], [-73.84582618603159, 40.69513077521299], [-73.84581922429567, 40.69513154540208], [-73.84581217239234, 40.69513232095951], [-73.84580508444604, 40.69513308823394], [-73.84579816244116, 40.695133831027256], [-73.84579120077447, 40.69513457102228], [-73.84578414894668, 40.69513531364086], [-73.84577719091757, 40.69513603991602], [-73.8457702581634, 40.69513675250083], [-73.84576301882625, 40.69513748937726], [-73.84575608249733, 40.69513818823253], [-73.84574915339964, 40.69513887886274], [-73.84574204397359, 40.69513957748517], [-73.84573508244539, 40.695140257092], [-73.84572798748187, 40.69514093926428], [-73.84572104763494, 40.69514159968592], [-73.84571412223166, 40.69514225189217], [-73.84570687943959, 40.695142922885935], [-73.84569991799962, 40.69514356406394], [-73.8456929529787, 40.695144194257615], [-73.84568586533474, 40.695144829776034], [-73.84567890395151, 40.6951454462499], [-73.84567180913302, 40.69514606528915], [-73.84566484778765, 40.69514666529361], [-73.84565786842394, 40.695147259783894], [-73.84565061134586, 40.69514787036993], [-73.84564366087587, 40.695148445684715], [-73.8456366959937, 40.69514901549018], [-73.84562960488869, 40.695149587870695], [-73.84562262561334, 40.69515014393216], [-73.845615498478, 40.69515070253964], [-73.84560855169623, 40.69515124217522], [-73.84560158690245, 40.69515177355188], [-73.84559434800683, 40.695152318284265], [-73.84558734718279, 40.69515283588787], [-73.84558038604578, 40.69515334530997], [-73.84557325901142, 40.6951538599986], [-73.84556630151853, 40.6951543529561], [-73.8455591925594, 40.69515484845471], [-73.84555219902988, 40.69515533038395], [-73.84554523437512, 40.69515580137239], [-73.8455381002169, 40.695156277622466], [-73.84553100575208, 40.69515674294628], [-73.84552386441943, 40.69515720271723], [-73.84551687819078, 40.69515764622731], [-73.84550991722446, 40.69515808153654], [-73.84550291659635, 40.69515851404731], [-73.8454958150077, 40.695158940932586], [-73.84548867736346, 40.69515936502428], [-73.84548169121705, 40.69515977285024], [-73.84547459688504, 40.695160180530536], [-73.84546758552061, 40.69516057734273], [-73.84546058500011, 40.69516096319], [-73.84545333202118, 40.695161359676845], [-73.84544637120034, 40.69516173185264], [-73.84543935629942, 40.695162098465914], [-73.84543222960664, 40.69516246492855], [-73.84542523637448, 40.69516281784615], [-73.84541811331961, 40.69516317058894], [-73.84541106961977, 40.69516351520361], [-73.84540169969523, 40.6951639582496], [-73.84539222520391, 40.695164395664825], [-73.84538260647145, 40.695164830140726], [-73.84537310318129, 40.69516524555745], [-73.84536372615206, 40.6951656419297], [-73.84535421209408, 40.69516603537228], [-73.8453447341297, 40.69516641513873], [-73.84533521652263, 40.69516678387199], [-73.84532570615323, 40.6951671416351], [-73.84531624990842, 40.69516748574636], [-73.84530290950292, 40.69516795364027], [-73.84529251203081, 40.69516830197393], [-73.8452688175797, 40.695169052380436], [-73.84525936148083, 40.69516933335742], [-73.84524994868794, 40.695169600668024], [-73.84524047460255, 40.69516986240586], [-73.84523096087459, 40.695170113110535], [-73.84522145437802, 40.6951703555898], [-73.84521204167406, 40.69517058447058], [-73.84520252801592, 40.69517080498053], [-73.84519301437687, 40.695171017255376], [-73.84518356928076, 40.69517121864252], [-73.84517415665941, 40.695171411838295], [-73.84516464669014, 40.695171596668004], [-73.84515513674624, 40.695171770517874], [-73.84514572058234, 40.6951719362588], [-73.84513621427641, 40.695172096388134], [-73.84512670799602, 40.69517224553761], [-73.84511729188931, 40.6951723865734], [-73.84510787940786, 40.695172519378886], [-73.84509836596591, 40.69517264655823], [-73.84508882368726, 40.695172768208444], [-73.84507941125673, 40.69517287905355], [-73.84506999523273, 40.69517298440351], [-73.84506048906688, 40.69517308414178], [-73.84505098291369, 40.695173178389744], [-73.84504153087245, 40.69517326447545], [-73.84503211851195, 40.69517334512428], [-73.84502270255163, 40.69517342302274], [-73.84501319645577, 40.695173492564706], [-73.84500369035993, 40.69517356210589], [-73.84499424198214, 40.6951736234897], [-73.84498482967258, 40.695173682176595], [-73.84497541376959, 40.695173735368265], [-73.8449658716501, 40.69517378838917], [-73.84495645936605, 40.69517383609466], [-73.84494705069454, 40.69517388105946], [-73.84493754104979, 40.69517392588743], [-73.84492809272301, 40.69517396530774], [-73.84491868045805, 40.695174004775815], [-73.84490917443223, 40.695174044116825], [-73.84489976578621, 40.69517407809869], [-73.84489031746571, 40.69517411477111], [-73.84488090521347, 40.6951741487466], [-73.84487148935504, 40.69517418271644], [-73.84486195089269, 40.69517421377547], [-73.84485253864044, 40.695174247748646], [-73.84484312638816, 40.695174281721016], [-73.84483367808038, 40.695174312899255], [-73.84482426943428, 40.695174346875], [-73.8448147634148, 40.69517438346339], [-73.84480531510061, 40.695174417384074], [-73.84479599660908, 40.695174451479055], [-73.84478649419574, 40.69517448806998], [-73.84477704587515, 40.695174524733105], [-73.84476763001021, 40.69517456143926], [-73.84475821413888, 40.69517460088935], [-73.8447487658119, 40.69517464029489], [-73.84473926339207, 40.69517467962672], [-73.84472989440111, 40.69517471913774], [-73.84471105905219, 40.695174798026144], [-73.8432979519811, 40.69517822946639], [-73.84277828531121, 40.695179444813355], [-73.84275568509453, 40.69517952098329], [-73.84274506834858, 40.69517956411754], [-73.84273357527371, 40.69517961703233], [-73.84272254378405, 40.695179673321626], [-73.84271158801131, 40.69517973520283], [-73.8427005132215, 40.695179802409875], [-73.84268944562459, 40.695179877860014], [-73.8426784537511, 40.695179956157396], [-73.84266745825839, 40.695180039938286], [-73.84265646635247, 40.69518013195734], [-73.84264539509742, 40.695180229356446], [-73.84263436349747, 40.69518033229823], [-73.84262328860382, 40.69518044341409], [-73.84261229664587, 40.69518055738703], [-73.8426013046685, 40.69518067959325], [-73.84259023333559, 40.69518080992417], [-73.8425792413257, 40.69518094585211], [-73.84256820602856, 40.69518108720927], [-73.84255713105043, 40.695181234000685], [-73.84254614260121, 40.69518138914375], [-73.84253514692664, 40.69518154976538], [-73.84252415484518, 40.69518171588043], [-73.84251308700792, 40.695181892869854], [-73.84250204801353, 40.69518207264248], [-73.84249098014372, 40.695182263353615], [-73.8424799879972, 40.69518245691207], [-73.84246899222501, 40.69518265869888], [-73.84245795677174, 40.69518286591983], [-73.8424469681793, 40.69518308143816], [-73.84243597236151, 40.69518330243512], [-73.84242490079424, 40.695183531561646], [-73.84241383282017, 40.695183766181586], [-73.84240279728219, 40.69518400907917], [-73.84239180139922, 40.69518425751956], [-73.84238081270902, 40.69518451420308], [-73.84236985646794, 40.69518477367472], [-73.84235878479642, 40.695185046711124], [-73.84234770951207, 40.695185322486225], [-73.84233672075668, 40.69518560661318], [-73.84232568510775, 40.69518589616434], [-73.84231468910734, 40.695186194003114], [-73.84230362096358, 40.69518649997628], [-73.84229258526243, 40.69518681148242], [-73.84228167215853, 40.69518712864498], [-73.84227060036284, 40.69518745382337], [-73.84225956460942, 40.695187787284446], [-73.84224857572336, 40.69518812629828], [-73.84223753993724, 40.695188473481025], [-73.8422265438061, 40.695188826206625], [-73.842215551268, 40.69518918442564], [-73.84220451903576, 40.695189553568284], [-73.8421934471224, 40.695189928145034], [-73.84218249059381, 40.69519030836843], [-73.84217149798376, 40.69519069677567], [-73.84216046207986, 40.69519109335678], [-73.84214939010101, 40.6951914953769], [-73.8421383974386, 40.69519190573908], [-73.84212736148882, 40.69519232153038], [-73.8421162930572, 40.69519274825513], [-73.84210541923602, 40.69519322739647], [-73.84209437962109, 40.69519366788254], [-73.84208330753741, 40.69519411381252], [-73.84207235083848, 40.69519456538931], [-73.84206135806457, 40.69519502240507], [-73.84205032199023, 40.69519549033948], [-73.84203924983436, 40.695195966457625], [-73.84202829667599, 40.69519644548283], [-73.84201733629212, 40.695196929986594], [-73.84200626409024, 40.69519742531488], [-73.84199523153674, 40.6951979289309], [-73.84198427110687, 40.695198432644865], [-73.84197328180123, 40.69519894729724], [-73.84196224920171, 40.695199470123406], [-73.8419512093766, 40.69519999842814], [-73.84194021641227, 40.6952005350305], [-73.84192918737286, 40.69520107707181], [-73.84191823405017, 40.695201624705604], [-73.84190727350189, 40.695202177818004], [-73.84189623359127, 40.69520274179943], [-73.84188516119882, 40.69520331671418], [-73.841874211423, 40.69520388905164], [-73.84186325440857, 40.69520447235718], [-73.84185221803828, 40.695205063786915], [-73.84184126099743, 40.695205658069426], [-73.8418302245877, 40.695206265965645], [-73.84181918455862, 40.69520687934541], [-73.84180819140317, 40.69520749553332], [-73.84179724150877, 40.69520811726913], [-73.84178620142691, 40.69520875260384], [-73.84177517215039, 40.69520939344191], [-73.84176421138473, 40.695210037117846], [-73.84175325421197, 40.69521068628724], [-73.8417422212765, 40.695211349075294], [-73.8417311955401, 40.69521201736169], [-73.84172027077679, 40.69521268578591], [-73.84170930632567, 40.69521336238884], [-73.8416983490671, 40.69521404723491], [-73.84168723669666, 40.69521475107998], [-73.84167627940505, 40.69521544964779], [-73.84166532210017, 40.69521615370409], [-73.84165429263874, 40.695216871383906], [-73.84164337136271, 40.69521758921155], [-73.84163233104961, 40.695218320598215], [-73.84162131596662, 40.695219057508055], [-73.84159956347624, 40.69522053170682], [-73.84157737449273, 40.695222065685584], [-73.84156643506664, 40.69522283288686], [-73.84155547758981, 40.695223608296494], [-73.84154447681891, 40.69522439187987], [-73.8415335120966, 40.695225181001355], [-73.84152248242995, 40.695225983756195], [-73.84151148520574, 40.695226792044245], [-73.84150060699851, 40.69522759500556], [-73.84148960613496, 40.695228417010384], [-73.84147857278931, 40.69522924994846], [-73.84146765845416, 40.695230080304654], [-73.84145665393137, 40.695230924259434], [-73.8414456205327, 40.69523177915249], [-73.84143470614444, 40.69523263146363], [-73.8414237809178, 40.69523349199318], [-73.84141274746604, 40.69523436884119], [-73.84140183302476, 40.695235243107305], [-73.84139083560815, 40.695236130981975], [-73.84137983095279, 40.69523702982466], [-73.84136895973919, 40.6952379233607], [-73.84135796226298, 40.69523883593507], [-73.84134696838608, 40.695239751258136], [-73.84133605023234, 40.69524066942932], [-73.84132504909678, 40.695241603953676], [-73.84131405516672, 40.695242541231714], [-73.84130313695981, 40.69524348135788], [-73.84129221513334, 40.69524442696753], [-73.84128122115007, 40.69524538620052], [-73.84127030289649, 40.695246345536894], [-73.84125938462299, 40.69524731310655], [-73.84124830402487, 40.695248299664634], [-73.84123738933079, 40.695249278216224], [-73.84122647101712, 40.695250262251314], [-73.8412154697215, 40.69525126263952], [-73.8412045585869, 40.69525226040633], [-73.84119360055183, 40.695253266341666], [-73.84118267134636, 40.695254280550074], [-73.84117167720956, 40.69525530290218], [-73.84116071912773, 40.69525632804775], [-73.84114986923781, 40.69525735059685], [-73.84113887505416, 40.69525839215911], [-73.8411279133194, 40.69525943650992], [-73.84111699124581, 40.69526048365921], [-73.8411060258714, 40.695261541726786], [-73.84109510737716, 40.69526259985805], [-73.8410841419759, 40.69526366890256], [-73.84107314409898, 40.69526474613553], [-73.84106233737592, 40.69526581265236], [-73.84105133225972, 40.695266900852324], [-73.84104037762327, 40.69526799186572], [-73.84102948069207, 40.695269080213016], [-73.84101847552246, 40.695270190367985], [-73.84100752084566, 40.69527129784683], [-73.8409966346861, 40.69527240541931], [-73.8409857449004, 40.69527352122007], [-73.8409748442892, 40.69527463974962], [-73.84096383905882, 40.69527577460219], [-73.84095288430164, 40.69527691501304], [-73.84094199086243, 40.69527805001802], [-73.84093102166007, 40.695279198641096], [-73.84092013180012, 40.695280344628074], [-73.84090916255113, 40.69528151246241], [-73.84089820412699, 40.69528267756594], [-73.84088742604469, 40.695283829193855], [-73.84087644232396, 40.695285016218484], [-73.84086547302766, 40.69528620326203], [-73.84085457946746, 40.695287387664465], [-73.84084362094966, 40.695288591189474], [-73.84083276343095, 40.695289783874024], [-73.84082177964275, 40.69529099834107], [-73.84081082469059, 40.695292218336526], [-73.8408000464676, 40.695293427596276], [-73.84078906984473, 40.69529466128354], [-73.84077813287648, 40.69529590051416], [-73.84076724277513, 40.69529714529815], [-73.84075630577982, 40.69529839550573], [-73.84074541204524, 40.69529965126169], [-73.84073447499667, 40.6953009234253], [-73.84072350547223, 40.69530220377727], [-73.84071274153969, 40.695303467944115], [-73.84070180082465, 40.69530476480254], [-73.84069085288361, 40.695306067139434], [-73.84067996263474, 40.695307372299915], [-73.84066903990346, 40.6953086883935], [-73.84065818568281, 40.69531000732569], [-73.84064724847993, 40.6953113426106], [-73.84063631846278, 40.695312688883504], [-73.84062554353777, 40.69531402439103], [-73.84061460626796, 40.695315387120466], [-73.84060367979008, 40.69531676084291], [-73.84059282182938, 40.69531813465915], [-73.84058189169845, 40.69531952758787], [-73.84057105533466, 40.69532091790063], [-73.8405601576192, 40.695322327340854], [-73.84054922019571, 40.695323753193634], [-73.84053846672045, 40.69532516557636], [-73.84052756893138, 40.69532660520586], [-73.84051663142776, 40.6953280639927], [-73.8405057985098, 40.69532952017865], [-73.84049491506525, 40.69533099276219], [-73.8404840748749, 40.695332473638985], [-73.84047319497647, 40.69533397092834], [-73.84046230421963, 40.69533548467026], [-73.8404515505173, 40.69533699036684], [-73.84044067774443, 40.69533852334503], [-73.84042978331419, 40.69534006452652], [-73.84041894654968, 40.695341619510764], [-73.8404080845282, 40.69534317994855], [-73.84039721162848, 40.69534476507316], [-73.84038652267702, 40.69534633672799], [-73.84038015546386, 40.69534728033339], [-73.84037361509402, 40.69534824840123], [-73.84036728032312, 40.69534919754042], [-73.8403609960519, 40.6953501412598], [-73.84035474784903, 40.69535108228411], [-73.84034830121327, 40.695352061459616], [-73.84034185817691, 40.695353043384536], [-73.84033557746511, 40.69535400632087], [-73.84032913078933, 40.69535500196389], [-73.8403228861326, 40.69535596769434], [-73.84031660177465, 40.69535694709322], [-73.84031018392814, 40.695357951009484], [-73.84030376967443, 40.69535896041991], [-73.84029749610167, 40.69535995355658], [-73.84029121169694, 40.69536095216743], [-73.84028479740984, 40.69536197530059], [-73.8402783794966, 40.695363006662724], [-73.84027210227735, 40.695364016261564], [-73.84026568071808, 40.69536506408659], [-73.84025943233492, 40.6953660792143], [-73.84025317671943, 40.69536710256597], [-73.84024660720029, 40.69536819410091], [-73.84024035515114, 40.69536923392546], [-73.8402341030755, 40.69537028472873], [-73.8402278221435, 40.6953713382364], [-73.84022143657239, 40.69537241630137], [-73.84021502211208, 40.695373510794525], [-73.8402087988589, 40.69537457261552], [-73.84020239158421, 40.69537567809706], [-73.84019610697266, 40.69537676179037], [-73.84018988366623, 40.69537784556845], [-73.84018350161453, 40.69537895931825], [-73.84017711594335, 40.695380078552226], [-73.84017086734029, 40.69538118425234], [-73.84016448163571, 40.69538231720942], [-73.84015809951084, 40.69538346115023], [-73.84015198436269, 40.69538455605555], [-73.84014559500525, 40.695385708219945], [-73.84013924890883, 40.6953868659336], [-73.84013302908821, 40.695387999119404], [-73.84012661441434, 40.69538918144005], [-73.8401203945604, 40.695390328348914], [-73.84011417108692, 40.69539148074201], [-73.84010779244142, 40.69539267683552], [-73.84010147152121, 40.6953938620298], [-73.8400950892361, 40.69539507184144], [-73.84008883683975, 40.695396254385464], [-73.84008265294774, 40.69539744251385], [-73.84007630671078, 40.69539865786408], [-73.84007008673005, 40.69539985692077], [-73.8400638631099, 40.695401069695905], [-73.84005750960064, 40.695402309737915], [-73.84005115967096, 40.69540356076367], [-73.84004481334723, 40.695404811794056], [-73.8400386004987, 40.69540604379625], [-73.8400324128736, 40.69540728406743], [-73.84002609535925, 40.695408551605496], [-73.8400198463624, 40.69540981923846], [-73.84001365509747, 40.69541107322744], [-73.8400072040411, 40.695412387239976], [-73.84000099828499, 40.69541366865585], [-73.83999483944216, 40.69541493641274], [-73.83998849294503, 40.695416258803874], [-73.8399822727305, 40.695417553922574], [-73.83997599113788, 40.69541887914805], [-73.83996968068877, 40.69542020707778], [-73.83996350010872, 40.69542151597441], [-73.83995730867034, 40.695422841324216], [-73.83995099455504, 40.69542419395084], [-73.83994481029556, 40.69542553303382], [-73.83993852501617, 40.695426891189356], [-73.83993225414811, 40.69542825485417], [-73.83992603014065, 40.695429626818154], [-73.83991988191576, 40.69543097692899], [-73.83991360375549, 40.69543237351993], [-73.83990729312598, 40.6954337755549], [-73.83990117732318, 40.695435139433705], [-73.83989498570433, 40.69543653888877], [-73.83988866419608, 40.69543796561053], [-73.83988243646195, 40.69543938697285], [-73.83987628089767, 40.69544078922185], [-73.8398701288998, 40.69544220794414], [-73.83986384339977, 40.695443656672786], [-73.83985757231103, 40.69544511091073], [-73.83985145995416, 40.69544654066627], [-73.83984521769477, 40.69544800317796], [-73.83983903313425, 40.6954494657696], [-73.8398329135246, 40.695450911982675], [-73.83982666399262, 40.69545239918617], [-73.83982039278358, 40.69545390282782], [-73.83981432002079, 40.69545536282895], [-73.83980802712122, 40.69545688839791], [-73.83980175947801, 40.695458408512124], [-73.83979580934498, 40.69545986044869], [-73.83978955969256, 40.69546139705594], [-73.83978332807091, 40.69546293368795], [-73.83977720828078, 40.695464454006675], [-73.83977096218754, 40.695466009831236], [-73.83976489288365, 40.69546753021961], [-73.83975868283868, 40.695469091583256], [-73.83975240060343, 40.69547068029379], [-73.8397464575421, 40.695472189877826], [-73.83974024383068, 40.695473775938346], [-73.83973400483596, 40.695475378432], [-73.83972796068801, 40.69547693453545], [-73.83972175413533, 40.6954785425631], [-73.83971550786792, 40.69548016974852], [-73.83970939871512, 40.69548176418729], [-73.83970335448682, 40.695483353226635], [-73.83969719116114, 40.69548498052661], [-73.83969102060297, 40.695486616050495], [-73.83968490054455, 40.695488246154845], [-73.83967882016064, 40.69548987356933], [-73.83967266037399, 40.6954915283206], [-73.83966648252301, 40.69549319677028], [-73.83966040930441, 40.6954948434072], [-73.83965427832686, 40.695496514666296], [-73.83964819784903, 40.69549818050587], [-73.83964210653251, 40.695499854564304], [-73.83963586002349, 40.69550158055692], [-73.83962982280599, 40.69550325194532], [-73.83962377473655, 40.69550493704216], [-73.83961765086394, 40.69550665222556], [-73.83961163163025, 40.69550834285149], [-73.83960554019963, 40.695510063569], [-73.83959941989265, 40.69551179522502], [-73.83959328151468, 40.695513543324196], [-73.83958711064093, 40.69551530784636], [-73.83958110936415, 40.695517028688215], [-73.83957506114695, 40.6955187741673], [-73.8395689696153, 40.695520536054346], [-73.83956283475607, 40.69552231983879], [-73.83955682979256, 40.695524073611544], [-73.83955081760304, 40.69552583286343], [-73.83954467907725, 40.69552764134478], [-73.83953859107093, 40.695529436172386], [-73.8395326185091, 40.69553121194718], [-73.83952660263948, 40.69553300138519], [-73.83952050013471, 40.69553482638409], [-73.83951437234656, 40.695536667816086], [-73.83950839251155, 40.695538468282464], [-73.83950225385782, 40.69554032891204], [-73.83949621625023, 40.695542159489705], [-73.83949035905165, 40.695543949147094], [-73.83948424922015, 40.69554582079502], [-73.83947820794587, 40.6955476760696], [-73.839472256866, 40.695549515001], [-73.83946610729255, 40.695551416784994], [-73.83946006234491, 40.69555329950125], [-73.83945412564924, 40.695555154920406], [-73.8394481456391, 40.695557026747515], [-73.83944212229466, 40.695558923216794], [-73.83943601232828, 40.69556084975742], [-73.83943004308286, 40.69556274355678], [-73.83942414240127, 40.69556461823803], [-73.83941812620179, 40.695566542163796], [-73.83941209194444, 40.69556847704305], [-73.83940610458731, 40.69557040375317], [-73.83940015329848, 40.69557232776853], [-73.83939414065092, 40.69557427365613], [-73.83938810631946, 40.695576238726545], [-73.83938205031734, 40.6955782174903], [-73.83937619641458, 40.695580133405976], [-73.83937028112659, 40.695582082172976], [-73.83936424673418, 40.695584071945014], [-73.83935833863146, 40.69558603170056], [-73.83935230419867, 40.69558803794056], [-73.83934628057094, 40.69559004968487], [-73.83934042294744, 40.69559201225468], [-73.83933454365325, 40.695593988517814], [-73.8393285055335, 40.695596027688715], [-73.83932251793328, 40.69559805320594], [-73.83931660970903, 40.69560006236504], [-73.83931066537602, 40.69560209068683], [-73.83930479321309, 40.69560409989566], [-73.83929890658531, 40.695606125552644], [-73.83929291167169, 40.6956081922297], [-73.83928691673783, 40.69561026714074], [-73.83928097953604, 40.69561232840826], [-73.83927513976104, 40.695614365108504], [-73.83926925665821, 40.695616423706184], [-73.83926329052623, 40.695618517869626], [-73.83925730271694, 40.69562062847112], [-73.83925152422621, 40.695622673490114], [-73.83924566992529, 40.695624751340205], [-73.83923970733186, 40.69562687295507], [-73.83923374832436, 40.695629002808964], [-73.83922796254694, 40.695631078009114], [-73.8392220323752, 40.695633213392256], [-73.83921603360562, 40.695635381616476], [-73.83921035244691, 40.695637440493236], [-73.83920447274767, 40.695639581435536], [-73.83919855333349, 40.69564174153538], [-73.83919268442567, 40.69564389347123], [-73.83918672888234, 40.695646080967805], [-73.83918091408016, 40.69564822748909], [-73.83917513896581, 40.69565036583124], [-73.83915447113034, 40.69565807720675], [-73.83913412069637, 40.69566576431929], [-73.83912845733846, 40.695667916539165], [-73.83912258820752, 40.69567015904858], [-73.83911665408485, 40.69567243440415], [-73.83911087876763, 40.69567465508599], [-73.83910516118914, 40.695676859379574], [-73.83909934974277, 40.695679107458034], [-73.83909344802812, 40.69568140207111], [-73.83908767263644, 40.69568365294413], [-73.83908187557402, 40.69568591751048], [-73.83907613263086, 40.69568817117304], [-73.83907038245505, 40.695690433059575], [-73.83906458171893, 40.6956927250676], [-73.83905875569923, 40.69569503350859], [-73.83905291161487, 40.695697355647944], [-73.83904720106604, 40.69569963405731], [-73.83904145800793, 40.695701934379166], [-73.83903569327896, 40.69570424839429], [-73.83902987077063, 40.69570659526553], [-73.83902405908057, 40.69570894215168], [-73.83901835926225, 40.69571125625672], [-73.8390126991384, 40.695713559437884], [-73.8390069162637, 40.695715920087316], [-73.83900120917873, 40.69571825613951], [-73.83899541182531, 40.695720638726236], [-73.83898961083878, 40.69572303228672], [-73.83898398671543, 40.69572536021979], [-73.83897831204504, 40.69572771278485], [-73.83897251822326, 40.69573012556789], [-73.83896674603835, 40.69573253838098], [-73.83896112906619, 40.69573489102589], [-73.83895537128546, 40.69573731209278], [-73.83894959544006, 40.69573974685802], [-73.83894402171471, 40.695742110541744], [-73.83893837217889, 40.695744507056354], [-73.83893256017065, 40.69574698294165], [-73.83892684561604, 40.695749423281086], [-73.83892129347996, 40.69575180620732], [-73.83891558609713, 40.69575426302483], [-73.83890989675822, 40.69575671437778], [-73.83890418572854, 40.695759187658254], [-73.83889844218947, 40.695761682851135], [-73.83889290079037, 40.69576409872828], [-73.83888728717376, 40.695766552930856], [-73.8388815688437, 40.69576906188204], [-73.83887586133191, 40.69577157084808], [-73.83887026569867, 40.695774044288434], [-73.83886460507348, 40.69577655057481], [-73.83885894081514, 40.69577906783488], [-73.83885343899536, 40.695781519447586], [-73.83884780717882, 40.69578404224206], [-73.83884207788121, 40.69578661156095], [-73.83883647492021, 40.69578913165049], [-73.83883092246575, 40.69579164357624], [-73.83882527253017, 40.69579420202625], [-73.8388195467508, 40.69579680703098], [-73.83881405200783, 40.69579931354715], [-73.83880856806981, 40.69580182556774], [-73.83880286389987, 40.69580444158099], [-73.838797304111, 40.69580700290071], [-73.83879171541881, 40.69580958613786], [-73.83878609421052, 40.69581219403213], [-73.8387806210094, 40.695814739003715], [-73.83877501419855, 40.69581735789672], [-73.83876948319093, 40.695819946703125], [-73.83876397382677, 40.695822532794814], [-73.83875824420399, 40.695825233858116], [-73.83875281783513, 40.69582779810741], [-73.83874739144599, 40.69583037059071], [-73.83874188199383, 40.69583299236328], [-73.83873649166601, 40.6958355648966], [-73.83873098578606, 40.69583820039751], [-73.83872556292837, 40.6958408030772], [-73.83872029168431, 40.69584334283935], [-73.83871479296236, 40.69584600030771], [-73.83870939531376, 40.695848616745835], [-73.83870402291492, 40.69585123047433], [-73.83869855662775, 40.69585389622168], [-73.83869309753933, 40.69585656746841], [-73.83868770703506, 40.69585921136329], [-73.83868237788266, 40.69586183613046], [-73.83867700900159, 40.69586448554471], [-73.8386715823209, 40.69586717604921], [-73.83866613035642, 40.69586988298666], [-73.83866086611428, 40.695872507843866], [-73.83865552964767, 40.69587517377117], [-73.83865016427104, 40.695877864360604], [-73.83864476637156, 40.695880582351954], [-73.83863935040729, 40.69588331404156], [-73.83863406078667, 40.695885993757386], [-73.83862872782449, 40.695888700859896], [-73.83862339845476, 40.695891413456835], [-73.83861801128539, 40.69589416714398], [-73.83861262770851, 40.695896926325474], [-73.83860741020356, 40.69589960888596], [-73.83860213490554, 40.69590232979199], [-73.83859674765468, 40.69590511641535], [-73.8385913964922, 40.695907892109936], [-73.83858611030112, 40.69591064319243], [-73.83858090713915, 40.69591335870912], [-73.83857562090068, 40.695916129004495], [-73.83857029132062, 40.69591892668656], [-73.83856488227684, 40.695921776407594], [-73.8385596970845, 40.69592451665147], [-73.83855443242842, 40.69592730893432], [-73.83854906304515, 40.69593016145504], [-73.83854390667467, 40.69593291271771], [-73.83853870334308, 40.695935696851556], [-73.83853342055443, 40.695938530279605], [-73.83852804385057, 40.695941426705396], [-73.83852281156811, 40.6959442519695], [-73.83851777065458, 40.69594697869004], [-73.83851241194724, 40.69594988886424], [-73.83850711459843, 40.69595277716607], [-73.83850189667929, 40.69595562715234], [-73.83849678707281, 40.69595842513966], [-73.83849160882792, 40.695961272436314], [-73.83848625361813, 40.695964226530535], [-73.83848110060929, 40.695967076606955], [-73.83847591508409, 40.695969951340416], [-73.83847073675761, 40.69597283157333], [-73.83846549340556, 40.69597575837583], [-73.83846041614568, 40.69597860032328], [-73.83845519441672, 40.69598153264526], [-73.83844996544829, 40.69598447593589], [-73.83844484117975, 40.69598736996739], [-73.8384397024526, 40.69599027770218], [-73.83843454925352, 40.69599320462986], [-73.83842934908654, 40.69599616717341], [-73.8384242897416, 40.695999055805544], [-73.83841911119777, 40.696002023868544], [-73.83841391818866, 40.69600500837961], [-73.838408833499, 40.69600793814707], [-73.83840371627969, 40.69601089806115], [-73.83839860626573, 40.69601386072988], [-73.83839343484553, 40.696016864483745], [-73.83838833922896, 40.696019838151315], [-73.8383832869333, 40.69602279266609], [-73.83837811544518, 40.69602582386691], [-73.83837305588955, 40.69602879758445], [-73.83836793852065, 40.69603181788171], [-73.83836286447928, 40.69603481628142], [-73.83835785541612, 40.696037787324435], [-73.83835275604372, 40.696040821370154], [-73.83834770360514, 40.69604383352337], [-73.83834260419187, 40.69604688403723], [-73.83833755893818, 40.6960499071792], [-73.8383325100445, 40.6960529440397], [-73.83832742501481, 40.696056011041684], [-73.83832240497009, 40.696059047942306], [-73.83831737407961, 40.6960620958065], [-73.83831230704638, 40.696065176556985], [-73.83830729777907, 40.696068229940686], [-73.83830082217709, 40.69607218978365], [-73.83829416234354, 40.69607627837173], [-73.83828759277817, 40.69608032042509], [-73.83828114235092, 40.69608430775004], [-73.83827457993655, 40.69608837451569], [-73.83826799581072, 40.696092471442945], [-73.83826146221799, 40.6960965492274], [-73.83825493581695, 40.69610063525593], [-73.83824839493022, 40.696104745966686], [-73.83824195875668, 40.69610880192883], [-73.83823544309207, 40.69611292090859], [-73.8382288984968, 40.696117072784595], [-73.83822238998306, 40.69612121647663], [-73.8382159392349, 40.696125332801806], [-73.83820949205888, 40.69612946285547], [-73.83820305208786, 40.69613359566369], [-73.83819653983815, 40.696137791499666], [-73.83819007812816, 40.69614196544818], [-73.83818359110711, 40.69614616680843], [-73.83817720517985, 40.69615031890459], [-73.83817085173453, 40.696154460067], [-73.83816432127631, 40.69615872723964], [-73.83815789553807, 40.69616293691896], [-73.83815151311384, 40.69616713019017], [-73.83814509815275, 40.696171356352586], [-73.83813864343556, 40.696175618140714], [-73.83813232955409, 40.69617980052819], [-73.83812595785209, 40.69618403223989], [-73.83811942358857, 40.69618837900303], [-73.83811311324435, 40.69619258884215], [-73.83810681010507, 40.69619680143581], [-73.83810040579704, 40.69620109348523], [-73.83809400508106, 40.6962053910289], [-73.83808766936329, 40.696209652981565], [-73.83808131556013, 40.69621393686665], [-73.8380749545037, 40.69621823720984], [-73.83806856453648, 40.69622256221488], [-73.8380622612449, 40.6962268351909], [-73.838055954313, 40.69623112188528], [-73.83804965098648, 40.696235408584414], [-73.83804328260679, 40.696239752831886], [-73.83803687448423, 40.69624412721552], [-73.83803058555358, 40.69624842491296], [-73.83802427853752, 40.696252744542754], [-73.83801795706903, 40.69625707513095], [-73.83801166086346, 40.69626139752008], [-73.83800533213414, 40.696265747310754], [-73.83799898533944, 40.69627011079954], [-73.83799271077548, 40.696274430473295], [-73.83798638924951, 40.69627878301788], [-73.83797998873219, 40.696282992722736], [-73.83797360935122, 40.696287408314866], [-73.83796728053692, 40.69629179104065], [-73.83796110703051, 40.696296075172896], [-73.8379547348462, 40.69630049626371], [-73.83794843850563, 40.696304870799786], [-73.83794212770586, 40.69630925903909], [-73.83793583496322, 40.696313636324334], [-73.83792954568588, 40.69631807125435], [-73.83792331069493, 40.69632242666205], [-73.83791709014147, 40.696326776600245], [-73.83791074674124, 40.696331222432065], [-73.83790225034626, 40.696337174856026], [-73.83789191519946, 40.696344428456236], [-73.83787740765848, 40.69635462680842], [-73.83710978212157, 40.69688617696916], [-73.83705736588583, 40.696922580794144], [-73.83654202995544, 40.697280193771796], [-73.83652236429442, 40.697293612478624], [-73.83651573564997, 40.69729812370266], [-73.83650917926526, 40.69730258013352], [-73.83650264817763, 40.697307014641744], [-73.83649603041675, 40.69731149843239], [-73.83648944878531, 40.69731595482627], [-73.83648284911477, 40.69732041393892], [-73.83647624584373, 40.6973248703013], [-73.8364696678698, 40.697329304741004], [-73.83646309714126, 40.69733372546684], [-73.83645645415788, 40.69733819824029], [-73.83644982566618, 40.6973426435862], [-73.83644324776279, 40.69734704783203], [-73.83643666625899, 40.69735144932763], [-73.83643001975335, 40.697355886412474], [-73.83642339493848, 40.69736030156961], [-73.83641672679995, 40.697364735878175], [-73.83641011646915, 40.697369126352186], [-73.83640352060985, 40.69737349763296], [-73.8363968055598, 40.69737794285277], [-73.83639009775516, 40.697382374358625], [-73.8363835236186, 40.69738670998713], [-73.83637689170625, 40.69739107572557], [-73.83637014061654, 40.69739550991352], [-73.83636353402741, 40.69739984274994], [-73.83635683715178, 40.69740422760827], [-73.83635009695244, 40.697408631618], [-73.83634343262614, 40.69741297809505], [-73.83633678277806, 40.69741730263411], [-73.83633011126433, 40.697421638121014], [-73.8363233928206, 40.697425992754255], [-73.836316620214, 40.697430374757786], [-73.83630994877178, 40.69743468005116], [-73.83630321955371, 40.69743901545448], [-73.83629651563952, 40.69744332619044], [-73.83628976478853, 40.69744765881738], [-73.83628306813914, 40.697451947604726], [-73.83627636790284, 40.69745622815227], [-73.83626954848893, 40.69746057714916], [-73.83626272548133, 40.69746492065097], [-73.83625600002523, 40.69746919018233], [-73.83624927458172, 40.69747345422377], [-73.83624248053657, 40.697477751104515], [-73.83623575515199, 40.69748199044227], [-73.8362289575325, 40.69748627359326], [-73.83622215989864, 40.69749056223335], [-73.83621530816252, 40.6974948535408], [-73.83620853229965, 40.697499087315606], [-73.83620177451463, 40.697503301902344], [-73.83619494090864, 40.697507552062795], [-73.83618813987317, 40.69751175560811], [-73.83618128103471, 40.69751600024229], [-73.83617443304804, 40.69752023116768], [-73.83616763923612, 40.697524429232516], [-73.83616079490794, 40.697528638204105], [-73.83615390726277, 40.69753286358223], [-73.83614705575401, 40.69753705881896], [-73.83614018621277, 40.697541254029524], [-73.83613335642117, 40.69754541635908], [-73.8361264760863, 40.69754960057441], [-73.83611961382935, 40.697553765601654], [-73.83611270825531, 40.69755794703544], [-73.8361057449119, 40.69756215583426], [-73.83609893328926, 40.69756626054743], [-73.83609209278146, 40.697570378942906], [-73.83608506088851, 40.69757459862194], [-73.83607817708973, 40.69757872244444], [-73.83607129691669, 40.697582838037434], [-73.83606434453552, 40.69758698646437], [-73.83605740662601, 40.697591115698124], [-73.83605046873583, 40.69759523669714], [-73.8360435597561, 40.69759933303404], [-73.83603660384615, 40.697603448516986], [-73.83602965156868, 40.69760755302564], [-73.83602272098224, 40.69761163560662], [-73.83601574707187, 40.69761573733883], [-73.83600877678727, 40.6976198308415], [-73.83600183181349, 40.69762389693205], [-73.83599483628971, 40.697627987653085], [-73.83598783356588, 40.69763207287395], [-73.83598091030854, 40.697636106056926], [-73.83597391484297, 40.69764017207383], [-73.83596684355602, 40.69764427366434], [-73.83595993118935, 40.69764827666907], [-73.835952986338, 40.69765229060617], [-73.8359458537073, 40.697656405831786], [-73.83593887277078, 40.69766042795093], [-73.83593193881013, 40.69766441170981], [-73.83592486039325, 40.697668477605504], [-73.8359177495051, 40.697672548944], [-73.83591081919555, 40.69767651349341], [-73.8359038347363, 40.69768049992337], [-73.83589668416253, 40.69768457669355], [-73.83588964206128, 40.697688538337495], [-73.83588269014426, 40.69769248913056], [-73.83587557211939, 40.69769652751898], [-73.83586845049412, 40.69770056315711], [-73.83586143362022, 40.69770453032483], [-73.83585441313923, 40.697708497487], [-73.83584738905776, 40.69771246189885], [-73.83584029998737, 40.69771645641007], [-73.83583318926466, 40.6977204563795], [-73.83581201966658, 40.697732338491875], [-73.83552888371733, 40.69788832310221], [-73.83524075163088, 40.69804723127918], [-73.83493224308566, 40.69821744541913], [-73.83309338974453, 40.69923229131814], [-73.83307327817066, 40.69924324947211], [-73.83306657909462, 40.69924691226042], [-73.83305996668835, 40.69925052851298], [-73.8330532531577, 40.699254202258615], [-73.83304663350968, 40.69925782947895], [-73.83303995967549, 40.69926149230235], [-73.83303320639658, 40.69926519618166], [-73.83302648199562, 40.699268889123374], [-73.83301982258486, 40.699272551966494], [-73.83301323901784, 40.69927617100297], [-73.83300656154613, 40.699279844798205], [-73.83299990935284, 40.69928350490588], [-73.8329931163096, 40.699287244407195], [-73.83298646050159, 40.69929090725362], [-73.83297982997207, 40.69929455641246], [-73.83297319583538, 40.69929820556573], [-73.83296647140718, 40.69930190673819], [-73.83295973976536, 40.69930560789985], [-73.83295302618926, 40.69930929536345], [-73.83294634149807, 40.69931296914475], [-73.83293972543792, 40.69931659910887], [-73.83293300826695, 40.69932028107654], [-73.83292624415002, 40.6993239876786], [-73.83291959199606, 40.69932762856827], [-73.83291289290304, 40.69933129134761], [-73.83290616132412, 40.6993349650585], [-73.83289942614493, 40.699338636018965], [-73.83289273431069, 40.699342279594255], [-73.83288603527664, 40.6993459176692], [-73.83287933625563, 40.699349550254155], [-73.83287256501623, 40.69935321841593], [-73.83286575407809, 40.699356897498724], [-73.83285903343705, 40.69936052181683], [-73.8328523344819, 40.69936412695265], [-73.83284560304769, 40.69936774027515], [-73.83283889329942, 40.699371334415446], [-73.83283203189534, 40.69937500244387], [-73.83282522829627, 40.69937862938426], [-73.83281845000332, 40.69938223165808], [-73.83281168256327, 40.699385820223426], [-73.83280486459145, 40.69938942518357], [-73.83279798525479, 40.699393052012326], [-73.8327912684469, 40.6993965830098], [-73.83278451916681, 40.699400119449265], [-73.83277763990365, 40.69940371608443], [-73.83277075706089, 40.699407301734915], [-73.83276391035727, 40.699410857244985], [-73.83275710340608, 40.699414379875165], [-73.83275031453448, 40.69941788331781], [-73.83274337041419, 40.69942145515376], [-73.83273648049264, 40.699424985896464], [-73.8327296158773, 40.699428491972576], [-73.832722689897, 40.6994320199173], [-73.83271580006284, 40.699435514976855], [-73.83270889943624, 40.69943899904124], [-73.83270204576807, 40.69944245298094], [-73.83269510908275, 40.69944593424731], [-73.83268812548576, 40.69944942642417], [-73.83268118886103, 40.69945288298682], [-73.8326742197709, 40.699456342246634], [-73.83266725793422, 40.69945978504798], [-73.83266036473589, 40.69946318128754], [-73.83265333435521, 40.69946663222268], [-73.83264634012062, 40.69947005027269], [-73.83263944340331, 40.699473410823856], [-73.83263238423115, 40.69947683701285], [-73.83262532870597, 40.69948024673816], [-73.83261837070505, 40.69948359621989], [-73.83261135496622, 40.69948695934101], [-73.83260426704322, 40.69949034431495], [-73.83259725497831, 40.699493679992884], [-73.83259015990305, 40.699497040252616], [-73.8325847763303, 40.699499582314715], [-73.83257949026827, 40.699502069622945], [-73.83257422949215, 40.699504540499156], [-73.83256890013854, 40.699507033233495], [-73.83256357441849, 40.69950951499374], [-73.83255830649043, 40.699511961155864], [-73.83255293385857, 40.699514453826495], [-73.83254768041053, 40.69951687805099], [-73.83254240530981, 40.699519307733304], [-73.83253697136767, 40.699521800314], [-73.8325315663247, 40.69952427372306], [-73.8325261974076, 40.69952672248151], [-73.83252095487343, 40.69952910829385], [-73.83251564737505, 40.699531513224855], [-73.83251013049703, 40.69953400019405], [-73.83250484469843, 40.699536380453175], [-73.83249953725405, 40.69953876342533], [-73.83249407096811, 40.699541209295795], [-73.83248874190514, 40.69954358400166], [-73.83248343813499, 40.6995459395307], [-73.83247792497826, 40.69954837984263], [-73.8324724912727, 40.69955077635361], [-73.83246716589737, 40.699553118126616], [-73.8324618297162, 40.699555454394094], [-73.832456489942, 40.69955778516652], [-73.83245096967393, 40.69956018429528], [-73.83244549996432, 40.699562556049614], [-73.83244016385751, 40.69956486212369], [-73.83243473030107, 40.69956719824813], [-73.83242930398465, 40.699569523403774], [-73.83242385602243, 40.69957185127244], [-73.83241842252005, 40.69957416543802], [-73.83241298543844, 40.699576468619014], [-73.83240747615899, 40.69957879914238], [-73.83240216547391, 40.699581033887654], [-73.83239671400693, 40.69958332057834], [-73.83239113981075, 40.699585651006366], [-73.83238567755822, 40.69958792395696], [-73.83238030558319, 40.69959015037768], [-73.83237482531847, 40.6995924150672], [-73.83236930896848, 40.699594687938244], [-73.83236383235781, 40.699596933419166], [-73.83235827272995, 40.69959920622661], [-73.83235279977323, 40.699601432498966], [-73.8323338720132, 40.69960907107442], [-73.83231436689637, 40.69961683780984], [-73.83230877857952, 40.69961904469859], [-73.83230315418416, 40.699621257024056], [-73.8322977897342, 40.69962335719235], [-73.83229220870501, 40.69962553389845], [-73.83228655910506, 40.699627729717776], [-73.83228106475364, 40.69962985714371], [-73.83227558125566, 40.69963197086139], [-73.83227008333854, 40.69963408181301], [-73.8322643544027, 40.69963627477084], [-73.83225887457918, 40.699638361045324], [-73.83225332257153, 40.69964046917254], [-73.83224768394713, 40.69964260187619], [-73.8322421897383, 40.69964467166031], [-73.83223648618372, 40.69964680975832], [-73.83223096674993, 40.69964887127079], [-73.83222542929059, 40.699650930012005], [-73.83221979077493, 40.69965301879808], [-73.83221426056917, 40.6996550610807], [-73.83220860765476, 40.699657138866144], [-73.83220290782883, 40.69965922756205], [-73.83219734881212, 40.69966125333317], [-73.83219181508144, 40.699663262672324], [-73.83218625248524, 40.699665277458614], [-73.83218059606631, 40.69966731406605], [-73.832174856637, 40.69966937525504], [-73.83216929050245, 40.69967136258771], [-73.83216360525869, 40.69967338817316], [-73.83215804637774, 40.69967535904717], [-73.83215241171317, 40.6996773490238], [-73.83214669765842, 40.69967935809778], [-73.8321411280056, 40.699681309741884], [-73.8321354031585, 40.69968330782046], [-73.8321297252638, 40.69968527851953], [-73.83212406904192, 40.69968723552609], [-73.83211846697829, 40.69968916790843], [-73.83211286132865, 40.69969109205092], [-73.83210712936382, 40.69969305169091], [-73.83210140824555, 40.69969500036737], [-73.83209575572519, 40.69969691895114], [-73.83209011405836, 40.69969882382658], [-73.83208443630618, 40.699700736883436], [-73.83207866112471, 40.699702671756036], [-73.83207297980691, 40.69970456833846], [-73.83206734182127, 40.69970644302572], [-73.83206162443851, 40.699708339554995], [-73.83205602258565, 40.699710186846666], [-73.83205027275824, 40.699712077838484], [-73.8320443605236, 40.699714015254116], [-73.83203878759038, 40.69971583513947], [-73.83203314249363, 40.69971766864303], [-73.83202732776996, 40.6997195513047], [-73.83202166104785, 40.69972137928666], [-73.8320160268248, 40.69972319084707], [-73.83201016885063, 40.69972506246565], [-73.83200437946056, 40.69972690948109], [-73.83199872724593, 40.69972870454582], [-73.83199114766832, 40.69973110339138], [-73.83198339127124, 40.69973354314987], [-73.83197568543973, 40.69973595278917], [-73.83196804099316, 40.699738332325126], [-73.83196033160944, 40.69974072000004], [-73.83195258255445, 40.699743107616506], [-73.83194487683835, 40.6997454705928], [-73.83193726860608, 40.6997477897946], [-73.83192955211807, 40.69975013354073], [-73.83192193672723, 40.699752430772904], [-73.83191418060194, 40.69975476073626], [-73.83190640285137, 40.69975708517799], [-73.83189878392864, 40.699759352210954], [-73.83189097375376, 40.69976166288043], [-73.83188319969794, 40.69976395164395], [-73.83187554838499, 40.69976619118037], [-73.8318678573938, 40.69976843340309], [-73.83186006898686, 40.69977069195161], [-73.83185232030554, 40.69977292859944], [-73.83184462587253, 40.69977510494107], [-73.83183696744797, 40.69977730329293], [-73.83182913583099, 40.6997795343285], [-73.83182135477279, 40.6997817379897], [-73.83181356652888, 40.6997839306608], [-73.83180578549741, 40.699786123341916], [-73.83179806226526, 40.69978827768016], [-73.8317903318613, 40.69979041553877], [-73.83178256900588, 40.69979255060468], [-73.83177484226276, 40.699794666509405], [-73.83176706862861, 40.69979678508988], [-73.83175918306979, 40.69979895291214], [-73.83175149608606, 40.699801033191385], [-73.83174372249191, 40.69980313530175], [-73.83173589838647, 40.699805245571966], [-73.83172816811715, 40.699807328531215], [-73.83172030433299, 40.69980944148715], [-73.83171254879682, 40.6998115326427], [-73.83170484743982, 40.699813590939705], [-73.83169698368887, 40.69981569017025], [-73.83168912355768, 40.699817783916046], [-73.83168143667353, 40.69981982301922], [-73.83167366679233, 40.6998218812139], [-73.83166577422257, 40.69982396667633], [-73.8316581378964, 40.69982597840418], [-73.83165029949149, 40.69982803649706], [-73.83164241418856, 40.69983010001032], [-73.83163473821101, 40.699832103444294], [-73.83162686736752, 40.699834153253825], [-73.83161900737059, 40.69983619209961], [-73.8316112412099, 40.69983820363436], [-73.83160347145615, 40.69984020967383], [-73.83159570171581, 40.69984221022329], [-73.8315879283755, 40.699844208022135], [-73.83158005761233, 40.69984622489134], [-73.83157225543343, 40.699848217157374], [-73.83156444604124, 40.69985020941235], [-73.83155671244613, 40.69985217707478], [-73.83154889946037, 40.699854163833905], [-73.83154099627164, 40.69985616692908], [-73.8315332554831, 40.69985812634514], [-73.83152544973659, 40.699860102134146], [-73.83151764040399, 40.6998620696831], [-73.8315098671492, 40.699864031794775], [-73.83150196398587, 40.69986602390825], [-73.83149419795691, 40.69986798053991], [-73.83148648605876, 40.699869923526464], [-73.83147861537276, 40.69987190745154], [-73.83147081329192, 40.69987385853933], [-73.8314630400413, 40.699875817903056], [-73.83145524513078, 40.699877785468914], [-73.83144754404273, 40.699879731213436], [-73.83142410518266, 40.699885644805974], [-73.83073008778902, 40.70006275640452], [-73.8307114052999, 40.70006741699685], [-73.83070202619362, 40.70006974449141], [-73.8306926471006, 40.70007206649569], [-73.83068336543685, 40.70007436668436], [-73.83067400802304, 40.70007667225036], [-73.83066460731034, 40.70007898598626], [-73.83065517413888, 40.70008129967363], [-73.8306458239849, 40.70008358603465], [-73.8306365243484, 40.700085861490145], [-73.83062701903904, 40.70008817781384], [-73.83061767613782, 40.700090447714615], [-73.83060835128919, 40.700092709406874], [-73.83059900119471, 40.70009497106121], [-73.83058959697499, 40.70009724361426], [-73.83058014587074, 40.7000995160975], [-73.83057090046604, 40.700101736732115], [-73.8305614926868, 40.70010399006422], [-73.8305520416155, 40.70010624882132], [-73.83054260859674, 40.70010849936995], [-73.83053326581545, 40.700110719858145], [-73.83052388696197, 40.700112943037254], [-73.83051442873109, 40.7001151798226], [-73.83050510403595, 40.70011737837698], [-73.83049564943813, 40.70011960418703], [-73.83048619125422, 40.70012182175673], [-73.83047684855288, 40.70012400930324], [-73.83046746978637, 40.70012619679585], [-73.83045803690858, 40.700128389697525], [-73.83044864012257, 40.7001305716725], [-73.83043927583591, 40.70013273722599], [-73.830429850218, 40.70013491092269], [-73.83042036687526, 40.700137092767854], [-73.83041090881204, 40.70013926092564], [-73.83040153375943, 40.70014140450203], [-73.83039212984066, 40.70014355352465], [-73.83038271872927, 40.700145694301575], [-73.83037327876568, 40.700147835035224], [-73.83036379912349, 40.70014997845443], [-73.83035439167267, 40.70015209727626], [-73.83034501670025, 40.700154207910906], [-73.83033551907988, 40.70015632934307], [-73.83032606117185, 40.70015843436435], [-73.83031665019595, 40.700160520240686], [-73.8303071851227, 40.700162606036464], [-73.83029772744344, 40.7001646204783], [-73.83028830210985, 40.70016667888344], [-73.83027880823212, 40.70016874542102], [-73.83026930715485, 40.70017080645764], [-73.8302598927018, 40.70017284017352], [-73.83025046743577, 40.70017487112793], [-73.83024097001913, 40.700176910209436], [-73.83023153035407, 40.700178930161975], [-73.83022198967281, 40.70018096368859], [-73.83021249591681, 40.70018298081497], [-73.83020303104684, 40.70018498425936], [-73.83018238376539, 40.7001893289634], [-73.83016512483806, 40.70019293483043], [-73.83015566366261, 40.700194902594305], [-73.83014614838278, 40.70019687302238], [-73.83013673054656, 40.70019881614575], [-73.83012724777967, 40.700200764662064], [-73.83011762791088, 40.70020273493343], [-73.83010815600417, 40.70020466699554], [-73.83009866967814, 40.700206596290855], [-73.83008915450687, 40.70020852279804], [-73.83007970070075, 40.70021042743684], [-73.8300701386584, 40.70021234838369], [-73.83006065601359, 40.7002142474888], [-73.83005119504189, 40.70021613290129], [-73.83004153923706, 40.70021805096256], [-73.83003209273211, 40.70021991992621], [-73.83002259573627, 40.700221788814524], [-73.83001306266833, 40.70022366039352], [-73.83000355127355, 40.70022551827991], [-73.82999397855448, 40.70022738156446], [-73.82998448883943, 40.700229223012656], [-73.82997499554531, 40.70023105347573], [-73.82996542288068, 40.70023289479983], [-73.82995584301658, 40.70023473062293], [-73.82994627760581, 40.700236555487535], [-73.82993687459012, 40.70023833941973], [-73.82992726952826, 40.70024015598983], [-73.82991766808634, 40.70024196707498], [-73.82990818934749, 40.70024374540335], [-73.82989860238644, 40.70024553455014], [-73.82988907677664, 40.700247307318115], [-73.8298795836595, 40.70024906640954], [-73.82986997148667, 40.700250841792794], [-73.82986039541996, 40.70025260075997], [-73.82985085183891, 40.70025434879534], [-73.82984132632467, 40.70025608313271], [-73.82983173226614, 40.7002578256023], [-73.82982215626748, 40.70025955711868], [-73.82981261276151, 40.700261274958514], [-73.82980308731536, 40.70026298184511], [-73.82979347167917, 40.70026469957669], [-73.8297838632765, 40.70026640908379], [-73.82977431623212, 40.700268099467486], [-73.82976475837496, 40.700269787089574], [-73.82975516085321, 40.70027147190747], [-73.82974555612513, 40.700273153969114], [-73.82973601275539, 40.700274816907346], [-73.82972644774647, 40.70027647981274], [-73.82971683585303, 40.700278142648024], [-73.82970719511447, 40.70027980269502], [-73.82969766984532, 40.70028143820911], [-73.82968808685823, 40.70028307912657], [-73.82967846419959, 40.70028471998452], [-73.82966885599446, 40.700286349884], [-73.82965927666153, 40.700287971591074], [-73.82964971898792, 40.700289585095064], [-73.82964007473774, 40.70029120670446], [-73.82963043050819, 40.70029282007874], [-73.82962087648175, 40.700294417117114], [-73.82961132247591, 40.70029600592045], [-73.82960167466656, 40.70029760830797], [-73.82959203769714, 40.70029920247637], [-73.8295729189471, 40.70030234712428], [-73.82925086102395, 40.70035432512382], [-73.82735659424702, 40.70066079393914], [-73.82705359727755, 40.700709805326326], [-73.82632514026203, 40.700826950453724], [-73.82622482910125, 40.70084350098241], [-73.82620712420993, 40.70084648251978], [-73.82619828380683, 40.70084819563216], [-73.82618933578814, 40.7008496862548], [-73.82618047795997, 40.70085116603391], [-73.82617153351835, 40.70085266763968], [-73.82616258905486, 40.70085417747906], [-73.82615373478188, 40.700855676474866], [-73.8261448985338, 40.700857178241996], [-73.8261359864989, 40.70085869910736], [-73.82612702032328, 40.700860236358864], [-73.82611818763037, 40.70086175734272], [-73.82610936214284, 40.70086328108156], [-73.82610041756197, 40.700864834832245], [-73.82609150183261, 40.70086638862582], [-73.82608265102688, 40.70086793977206], [-73.82607384711942, 40.70086948549896], [-73.82606493493805, 40.70087106125403], [-73.82605600109581, 40.700872645210005], [-73.8260471466174, 40.70087422105089], [-73.82603833902301, 40.70087579696195], [-73.82602943038198, 40.70087739742257], [-73.82602060471135, 40.70087898977363], [-73.82601168882063, 40.70088060394576], [-73.82600278372746, 40.70088222636784], [-73.825993976045, 40.70088383521268], [-73.82598509978862, 40.700885463166514], [-73.82597626319604, 40.70088709392445], [-73.82596745906149, 40.70088872473075], [-73.82595857913999, 40.70089037463521], [-73.82594964146395, 40.70089204366504], [-73.82594084809742, 40.700893693698994], [-73.82593207997586, 40.700895343770505], [-73.82592317832048, 40.700897029321375], [-73.82591426582366, 40.70089872308948], [-73.82590550485642, 40.700900395127924], [-73.82589671498664, 40.700902086335375], [-73.8258878349039, 40.70090379661911], [-73.82587895841287, 40.70090551239711], [-73.82587017571889, 40.70090721733725], [-73.82586138578279, 40.70090893324484], [-73.82585250202003, 40.70091067096797], [-73.82584362544826, 40.70091241693565], [-73.82583475608189, 40.70091416565829], [-73.82582599493854, 40.700915903564926], [-73.8258172409934, 40.70091764697133], [-73.82580842930084, 40.7009194067583], [-73.8257995706732, 40.70092118568697], [-73.82579075893666, 40.7009229619412], [-73.82578198327181, 40.700924735504515], [-73.82577310293918, 40.70092653910124], [-73.82576437413628, 40.700928320968494], [-73.82575560201913, 40.70093011649339], [-73.82574672162768, 40.70093194204618], [-73.8257379025534, 40.70093376494634], [-73.8257290654246, 40.700935596052744], [-73.82572031848643, 40.70093741631599], [-73.82571156070674, 40.70093924479648], [-73.82570274877891, 40.70094109240772], [-73.82569403065533, 40.70094292643645], [-73.8256852295245, 40.700944782297015], [-73.8256616731404, 40.700949786019265], [-73.8256412993553, 40.700954155026224], [-73.82563252337361, 40.700956046602904], [-73.8256236932366, 40.70095796005497], [-73.82561494967653, 40.70095986540326], [-73.8256062494083, 40.700961765326916], [-73.82559744446498, 40.70096369802859], [-73.82558872971227, 40.70096561988716], [-73.82557992111835, 40.70096756905059], [-73.8255711485889, 40.70096951826794], [-73.82556246265075, 40.70097145389209], [-73.82555371894348, 40.700973414130914], [-73.82554494274136, 40.70097538804369], [-73.8255361809503, 40.700977367467196], [-73.82552746244392, 40.700979344210836], [-73.82551878360847, 40.700981321014005], [-73.8255099748452, 40.70098333330155], [-73.8255012418394, 40.700985337468964], [-73.82549256294492, 40.700987336228245], [-73.82548385516918, 40.70098934592211], [-73.82547505353777, 40.70099138841033], [-73.82546631684431, 40.70099342276196], [-73.8254576378687, 40.70099545171096], [-73.82544889753179, 40.70099749977963], [-73.82544025460572, 40.7009995342715], [-73.82543154670464, 40.70100159062238], [-73.82542280630858, 40.70100366064716], [-73.82541407670992, 40.701005738921964], [-73.82540540123698, 40.701007806299124], [-73.82539666438828, 40.7010098982855], [-73.8253879058713, 40.701012001217364], [-73.82537937829198, 40.70101405783782], [-73.82537061251776, 40.70101617722606], [-73.8253618503351, 40.70101830210858], [-73.82535323247663, 40.70102040250647], [-73.82534449913048, 40.70102253292098], [-73.82533585598225, 40.70102464974782], [-73.82532714785891, 40.70102678843357], [-73.82531845775318, 40.701028932635616], [-73.82530978568651, 40.70103107411955], [-73.82530117133774, 40.7010332102009], [-73.82529246674676, 40.70103537633713], [-73.82528374048744, 40.701037553418914], [-73.82527520909366, 40.70103968687946], [-73.82526646837128, 40.701041877661815], [-73.82525780341355, 40.70104405757947], [-73.8252491023471, 40.70104625391024], [-73.82524049509951, 40.70104843116944], [-73.82523186979724, 40.70105061663488], [-73.82522317589887, 40.70105282944319], [-73.82521446755956, 40.70105504771851], [-73.82520577724502, 40.70105726876527], [-73.8251972745831, 40.701059446180054], [-73.82518860227111, 40.701061678231945], [-73.82517987221851, 40.701063923919364], [-73.8251712792916, 40.70106613962193], [-73.82516264302846, 40.701068377216174], [-73.8251540284182, 40.701070609353145], [-73.82514540657276, 40.7010728497128], [-73.8251367558531, 40.7010750982622], [-73.82512807982974, 40.70107736873073], [-73.82511949404034, 40.701079611888], [-73.82511081801582, 40.701081882355176], [-73.8251021455684, 40.701084163806286], [-73.82509358139471, 40.70108641522874], [-73.82508502442622, 40.7010886694063], [-73.82507639526948, 40.70109094543171], [-73.8250677444227, 40.701093240636844], [-73.82505912246339, 40.70109552216145], [-73.82505050409559, 40.70109780918038], [-73.82503324926081, 40.70110240789175], [-73.82458819116525, 40.701225481244684], [-73.82456439949969, 40.70123211203332], [-73.82455247121734, 40.70123542325921], [-73.82454053571358, 40.70123873721758], [-73.82452866873957, 40.70124204853444], [-73.82451674046811, 40.70124535426712], [-73.82450474362123, 40.701248679107344], [-73.82449284067968, 40.701251951938886], [-73.82448086913377, 40.70125525485703], [-73.82445891476648, 40.70126127908641], [-73.82443306977648, 40.70126835960363], [-73.82442107664342, 40.70127164052448], [-73.82440907634674, 40.701274902219765], [-73.8243970688142, 40.701278172137066], [-73.82438510821578, 40.70128142291132], [-73.8243731043669, 40.701284662639246], [-73.82436108606913, 40.70128791057816], [-73.82434908948159, 40.70129113110129], [-73.82433704597926, 40.70129436253065], [-73.82432506386607, 40.70129756385991], [-73.82431299158162, 40.701300767795146], [-73.82430092653078, 40.701303963505744], [-73.82428887958368, 40.701307131795105], [-73.82427679296374, 40.70131030002258], [-73.82426473165343, 40.70131344358445], [-73.82425266319406, 40.70131656243127], [-73.82424051536118, 40.701319692134675], [-73.82422839287418, 40.701322783448674], [-73.82421628846201, 40.70132585832041], [-73.82420412636624, 40.70132892486843], [-73.82419199683653, 40.70133195029336], [-73.82417978794787, 40.70133498108533], [-73.82416762606587, 40.70133796528673], [-73.82415553279353, 40.701340916654345], [-73.82414329523766, 40.70134387603461], [-73.82413097116054, 40.70134682155748], [-73.82411880230735, 40.70134971242083], [-73.82410656497274, 40.70135258670956], [-73.82409430964796, 40.70135544450093], [-73.82408210131548, 40.701358261191196], [-73.82406984614072, 40.701361061339995], [-73.82405745390273, 40.70136386676749], [-73.82404520607659, 40.70136661477422], [-73.82403294391028, 40.70136932982044], [-73.8240205627423, 40.701372039193906], [-73.82400825379794, 40.70137471299444], [-73.823995883636, 40.70137735101799], [-73.82398347745854, 40.701379969771736], [-73.82397112553741, 40.701382528222204], [-73.82395874845662, 40.70138505369558], [-73.82394632094159, 40.70138755713229], [-73.82393381776852, 40.70139003025943], [-73.8239213543894, 40.701392456785015], [-73.82390908145176, 40.70139514984342], [-73.82389655692674, 40.70139751314304], [-73.82388409025742, 40.70139981888957], [-73.82387157316849, 40.701402097109934], [-73.82385900568889, 40.70140433682502], [-73.82384647438975, 40.70140653267772], [-73.82383382053334, 40.70140870363856], [-73.82382123895883, 40.70141081706847], [-73.82380871162643, 40.701412875684596], [-73.82379607256368, 40.70141490668058], [-73.82378337950385, 40.701416899165714], [-73.82377074429273, 40.7014188368426], [-73.8237581416702, 40.701420725162144], [-73.823745409292, 40.70142258308911], [-73.82373266620966, 40.701424397081915], [-73.8237200278899, 40.70142614535924], [-73.82370733195954, 40.70142785786495], [-73.82369454596707, 40.7014295318045], [-73.82368166990524, 40.701431169922586], [-73.82367689688664, 40.70143176371576], [-73.82367230066012, 40.70143233033181], [-73.82366730760717, 40.7014329375114], [-73.82366238312164, 40.7014335283271], [-73.82365740453095, 40.701434121804525], [-73.82365260995985, 40.701434682626385], [-73.82364784065616, 40.70143523525251], [-73.82364285491023, 40.70143580676016], [-73.82363790165923, 40.7014363645935], [-73.82363311076702, 40.701436897972485], [-73.82362834514211, 40.701437423155696], [-73.82362335226267, 40.70143796445906], [-73.82361839908395, 40.70143849484402], [-73.82361357940461, 40.701439003475116], [-73.82360879942595, 40.70143950118779], [-73.82360384991165, 40.701440009619546], [-73.82359883547984, 40.70144051795157], [-73.82359404473948, 40.70144099368896], [-73.8235892467933, 40.70144146667034], [-73.82358425045929, 40.701441950326554], [-73.82357926136726, 40.70144242301455], [-73.82357449594492, 40.70144287134224], [-73.82356973054436, 40.701443311435426], [-73.82356471264353, 40.701443767609966], [-73.82355972362387, 40.70144421284955], [-73.82355471658609, 40.7014446525717], [-73.8235500703022, 40.70144505441991], [-73.82354509938038, 40.70144547498358], [-73.82354011403959, 40.70144589278022], [-73.82353531630339, 40.70144628616129], [-73.82353033100613, 40.701446687488954], [-73.82352551527353, 40.70144706711819], [-73.8235206743097, 40.701447441218974], [-73.82351570710304, 40.70144782061558], [-73.82351071827895, 40.701448191744454], [-73.82350589540575, 40.70144854391418], [-73.82350087054536, 40.70144890400831], [-73.82349609460769, 40.70144923703623], [-73.82349127900554, 40.70144956725836], [-73.82348625420313, 40.701449905393744], [-73.82348125828193, 40.70145023259415], [-73.82347622631004, 40.70145055424951], [-73.82347144685282, 40.7014508543337], [-73.82346664216449, 40.701451148889504], [-73.82346181225222, 40.701451435172125], [-73.82345681281873, 40.70145172668403], [-73.82345177372804, 40.701452012645326], [-73.82344695106505, 40.7014522852146], [-73.82344196251645, 40.70145255203961], [-73.82343693430339, 40.701452816058776], [-73.82343213696583, 40.701453058473746], [-73.8234272963646, 40.70145329533263], [-73.82342247741698, 40.701453526734966], [-73.82341747813587, 40.7014537606052], [-73.82341245363091, 40.701453986202225], [-73.82340764916016, 40.70145419841276], [-73.82340261387917, 40.70145440752416], [-73.8233975894395, 40.70145460841771], [-73.82339276699423, 40.701454798641855], [-73.82338796982368, 40.70145497792551], [-73.82338292740224, 40.70145515957736], [-73.82337809420274, 40.7014553250815], [-73.82337326823809, 40.701455482362135], [-73.82336807799275, 40.70145564731791], [-73.8233632376383, 40.70145579085223], [-73.8233584117245, 40.70145592891895], [-73.8233533766396, 40.7014560639197], [-73.82334835239608, 40.70145619070258], [-73.8233435553926, 40.701456306854844], [-73.82333871513259, 40.701456414706264], [-73.82333369094715, 40.701456519530375], [-73.82332866317705, 40.701456616114484], [-73.82332383018827, 40.701456702018234], [-73.82331899360754, 40.70145678242676], [-73.8233140055746, 40.70145685436827], [-73.82330916543091, 40.70145691830224], [-73.82330413414877, 40.70145697919785], [-73.82329911010875, 40.701457029125244], [-73.82329427362983, 40.7014570711061], [-73.82328924240588, 40.701457110042945], [-73.82328441317631, 40.701457138310644], [-73.82327958397586, 40.70145715559907], [-73.82327458888258, 40.70145716988782], [-73.82326955413939, 40.701457175881195], [-73.8232647285964, 40.70145717396121], [-73.82325989224836, 40.701457166534894], [-73.82325486116993, 40.70145715057509], [-73.82324983011333, 40.70145712638076], [-73.82324480267776, 40.7014570967022], [-73.82323997002364, 40.70145705634344], [-73.82323513738403, 40.701457010495], [-73.82323030115246, 40.70145695915129], [-73.82322530626303, 40.701456896584624], [-73.82322028253591, 40.701456828483906], [-73.82321544636987, 40.701456752436755], [-73.82321042267922, 40.701456670611776], [-73.8232055865496, 40.70145658084037], [-73.82320075764761, 40.70145648559036], [-73.82319572680946, 40.701456379050846], [-73.82319068518085, 40.701456261515446], [-73.82318569765738, 40.7014561413182], [-73.82318086883552, 40.70145601587491], [-73.82317603642178, 40.70145588493646], [-73.82317101650517, 40.7014557399858], [-73.82316618052855, 40.701455592572806], [-73.82316134096004, 40.70145543966453], [-73.82315615521624, 40.701455267010815], [-73.82315132290452, 40.70145509764462], [-73.8231464978204, 40.70145492279978], [-73.8231414636016, 40.701454731164795], [-73.82313666019313, 40.70145454262903], [-73.82313164042962, 40.70145434003673], [-73.82312661708876, 40.70145412645963], [-73.8231217812799, 40.701453915915266], [-73.82311697435235, 40.70145369443601], [-73.82311196548868, 40.70145346166712], [-73.82310712252513, 40.70145322915295], [-73.82310232286171, 40.70145298847083], [-73.82309712293981, 40.70145272247041], [-73.82309227642806, 40.701452467992], [-73.82308748042955, 40.701452205356766], [-73.82308247168264, 40.701451928670394], [-73.82307743051346, 40.70145163821014], [-73.82307262735306, 40.70145135634986], [-73.82306780256805, 40.701451068966584], [-73.82306281916165, 40.701450756636305], [-73.82305778887782, 40.70145044148898], [-73.8230529894115, 40.70145012669628], [-73.82304815749377, 40.70144980910873], [-73.82304317414585, 40.70144947481953], [-73.82303815116997, 40.701449124000554], [-73.82303335536865, 40.7014487872545], [-73.82302853074434, 40.70144843948484], [-73.8230235294587, 40.70144806948518], [-73.82301855703264, 40.70144769678492], [-73.823013725261, 40.70144732430069], [-73.82300891513582, 40.701446949104835], [-73.82300394276822, 40.70144655444583], [-73.82299892715882, 40.70144614599628], [-73.82299411348565, 40.701445748836136], [-73.82298931786697, 40.70144534346925], [-73.82298416529005, 40.7014449046159], [-73.82297934085575, 40.701444485480394], [-73.82297452005722, 40.70144405537125], [-73.82296953340241, 40.701443608538135], [-73.82296474508452, 40.701443170244175], [-73.82295994958285, 40.7014427209599], [-73.8229549701996, 40.701442252179184], [-73.82294998363983, 40.701441769663376], [-73.82294519539515, 40.70144130392099], [-73.82294021967698, 40.70144081318708], [-73.82293541706464, 40.70144032546405], [-73.82293062527191, 40.701439837757455], [-73.82292564961955, 40.70143932232009], [-73.82292064514426, 40.701438795859076], [-73.82291569476689, 40.70143826948111], [-73.82291093189954, 40.70143775437046], [-73.82290614020201, 40.70143723098095], [-73.82290131968155, 40.70143669656782], [-73.82289638020423, 40.70143614001329], [-73.82289142992931, 40.70143557520759], [-73.82288661308124, 40.70143501609656], [-73.82288167004869, 40.70143444032252], [-73.822876694594, 40.701433850774514], [-73.82287193548696, 40.70143327802785], [-73.8228671439432, 40.70143269699675], [-73.82286239208584, 40.70143211053701], [-73.82285741671174, 40.70143149079579], [-73.82285245217186, 40.70143086558151], [-73.8228476931601, 40.701430257151934], [-73.82284278634663, 40.701429623791775], [-73.82283781105313, 40.70142897385736], [-73.82283302686159, 40.70142834068551], [-73.8228282643166, 40.70142770480201], [-73.82282351621966, 40.70142706070626], [-73.82281858786966, 40.7014263888851], [-73.82281364872937, 40.70142570606802], [-73.82280889347801, 40.70142504000246], [-73.82280395798097, 40.701424343466726], [-73.82279902250586, 40.70142363869651], [-73.82279426730587, 40.70142295341701], [-73.82278951573439, 40.70142225990862], [-73.82278476418495, 40.701421558165755], [-73.82277979633909, 40.7014208204076], [-73.82277490061654, 40.70142008550506], [-73.82277000492323, 40.70141933962326], [-73.82276521379, 40.70141860488137], [-73.82276049478, 40.701417872995094], [-73.82275556669404, 40.70141710235987], [-73.82275084772073, 40.70141635674942], [-73.82274591967878, 40.70141556964518], [-73.82274116829807, 40.70141480477105], [-73.8227364962537, 40.701414042763595], [-73.82273138081165, 40.701413203219516], [-73.82272645644962, 40.70141238867243], [-73.8227052019275, 40.70140877400806], [-73.82268346835367, 40.70140492804094], [-73.82267860547897, 40.70140404771202], [-73.82267375343854, 40.70140316191006], [-73.82266898794006, 40.70140228173073], [-73.82266431978137, 40.70140141542502], [-73.82265943536294, 40.70140049938008], [-73.82265474922295, 40.70139961383295], [-73.8226498648413, 40.70139868406378], [-73.82264514269475, 40.701397776502546], [-73.82264047463156, 40.701396874514046], [-73.82263549659764, 40.701395900683586], [-73.82263078171567, 40.70139497391959], [-73.82262606324923, 40.70139403891555], [-73.82262120783007, 40.701393068018255], [-73.82261653266401, 40.70139212484622], [-73.82261168809394, 40.701391142986104], [-73.82260696610915, 40.70139017503863], [-73.82260233064446, 40.70138922094816], [-73.82259735997809, 40.70138818948724], [-73.8225926308391, 40.701387199569915], [-73.82258799544057, 40.70138622077601], [-73.82258319064529, 40.70138520054926], [-73.82257847237743, 40.70138419143471], [-73.82257379017491, 40.701383182375615], [-73.8225690323014, 40.701382148496705], [-73.82256418433077, 40.70138108977578], [-73.8225595021944, 40.701380056013235], [-73.82255469752425, 40.70137898912435], [-73.8225500514607, 40.70137795267225], [-73.8225454198453, 40.701376908007944], [-73.8225404494364, 40.70137578047795], [-73.82253580343172, 40.70137472206721], [-73.82253116826871, 40.70137365543869], [-73.82252630965515, 40.70137253082523], [-73.82252170696566, 40.701371458756846], [-73.8225171259301, 40.70137038123214], [-73.82251227458116, 40.701369237415875], [-73.82250750976692, 40.7013681019672], [-73.82250287471444, 40.70136699416613], [-73.82249821806685, 40.70136586986292], [-73.82249350737274, 40.701364726262796], [-73.82248871019547, 40.701363555081386], [-73.82248405360684, 40.70136240881953], [-73.82247945110151, 40.701361268130476], [-73.8224747008387, 40.70136008604174], [-73.82246993619387, 40.70135888746202], [-73.82246527607244, 40.70135771374623], [-73.82246071689714, 40.70135655390985], [-73.82245600997167, 40.70135534992901], [-73.82245119133208, 40.70135411283841], [-73.82244662861652, 40.70135292829305], [-73.82244203347906, 40.70135172997361], [-73.82243730860944, 40.70135049302711], [-73.82243270631044, 40.70134927548287], [-73.82242810041238, 40.70134805518812], [-73.82242322425232, 40.70134674938835], [-73.82241865804824, 40.701345520920135], [-73.82241409906466, 40.70134428971812], [-73.82240937072847, 40.701343000614415], [-73.82240480818996, 40.701341750193166], [-73.82240004744665, 40.70134044182568], [-73.82239551378251, 40.70133918321428], [-73.82239100895605, 40.70133793013675], [-73.82238608972403, 40.701336547415295], [-73.82238149845853, 40.701335250287684], [-73.82237702612782, 40.70133398353591], [-73.8223723195785, 40.70133263956888], [-73.82236773558508, 40.70133132049375], [-73.82236320925219, 40.701330017976034], [-73.82235853520594, 40.701328657589976], [-73.82235385756796, 40.70132729170863], [-73.8223493313088, 40.7013259617428], [-73.82234481228481, 40.701324623553646], [-73.82234008785778, 40.7013232219175], [-73.82233543913851, 40.70132183137713], [-73.82233091295323, 40.70132047396295], [-73.82232642643986, 40.70131911660981], [-73.82232175976908, 40.70131769584866], [-73.82231705347067, 40.701316258557526], [-73.82231257062286, 40.70131487925137], [-73.82230808419068, 40.70131349170518], [-73.82230359777328, 40.70131209866927], [-73.82229897083371, 40.70131065601042], [-73.82229433311134, 40.70130919961079], [-73.82228978910734, 40.70130776256912], [-73.8222851910717, 40.701306300740896], [-73.82228055701499, 40.70130482238823], [-73.82227610315985, 40.70130339097476], [-73.822271620504, 40.701301940303225], [-73.82226710902546, 40.70130047860792], [-73.822262525512, 40.701298981119166], [-73.82225792759465, 40.70129747537367], [-73.82225347384293, 40.70129600553269], [-73.82224903092562, 40.7012945302187], [-73.82224444028041, 40.70129300252574], [-73.8222398496647, 40.70129146385355], [-73.82223534555432, 40.7012899445282], [-73.82223092432812, 40.70128845003361], [-73.82222634819767, 40.70128688942507], [-73.82222186936279, 40.7012853591591], [-73.82221746622099, 40.701283845478535], [-73.82221283249673, 40.70128224360894], [-73.8222083176998, 40.701280674860094], [-73.82220388940085, 40.70127912820285], [-73.82219939626542, 40.701277551252836], [-73.82219498241493, 40.7012759963833], [-73.82219051814663, 40.70127441398796], [-73.82218600705976, 40.70127280681717], [-73.82218145996657, 40.70127117763246], [-73.82217702459495, 40.70126957881261], [-73.822172708136, 40.7012680186031], [-73.8221681719069, 40.70126637296599], [-73.82216359607963, 40.701264699819795], [-73.82215922204156, 40.70126309285973], [-73.82215479397924, 40.70126145836827], [-73.82215032269758, 40.70125980185172], [-73.82214600637168, 40.70125819223552], [-73.82214158558162, 40.70125653579666], [-73.82213692341908, 40.70125478017285], [-73.82213263237604, 40.70125315687136], [-73.82212827649651, 40.70125150327703], [-73.8221237477097, 40.70124977256176], [-73.82211940989252, 40.70124810801593], [-73.8221150108454, 40.701246413182844], [-73.82211058661149, 40.70124469635243], [-73.82210631370482, 40.7012430346512], [-73.82210193274223, 40.70124132063216], [-73.82209737887236, 40.70123952949206], [-73.82209303757448, 40.70123781827876], [-73.82208868190204, 40.701236087829635], [-73.82208425779405, 40.701234324337335], [-73.82207995619775, 40.7012326022058], [-73.82207566543589, 40.70123087460135], [-73.82207125580592, 40.701229091917476], [-73.82206676694278, 40.701227267939444], [-73.82206250146382, 40.701225526649665], [-73.82205821438998, 40.70122376885774], [-73.82205383367165, 40.70122196425975], [-73.8220494133478, 40.70122013489744], [-73.82204509031948, 40.70121833587784], [-73.82204083935558, 40.70121656167249], [-73.82203651997082, 40.701214748934376], [-73.82203217539201, 40.701212916943724], [-73.82202785965087, 40.701211090487014], [-73.82202354393196, 40.70120925579592], [-73.822019203019, 40.701207401852265], [-73.82201494138356, 40.701205572734025], [-73.82201066896543, 40.701203729875054], [-73.82200632091345, 40.701201848472124], [-73.82200210617064, 40.70120001668115], [-73.82199777618104, 40.70119812432677], [-73.82199348583394, 40.70119624301264], [-73.82198931079274, 40.701194400303486], [-73.82198486199425, 40.70119243091127], [-73.82198066897969, 40.70119056621582], [-73.82197646157594, 40.701188687774106], [-73.8219722073684, 40.70118677906736], [-73.82196804323588, 40.70118490343707], [-73.82196363417626, 40.701182909402576], [-73.82195937282977, 40.70118097323656], [-73.82195523398019, 40.701179083921005], [-73.82195094026358, 40.70117711476742], [-73.82194679065363, 40.70117520347674], [-73.82194262304799, 40.701173278434226], [-73.82193830778839, 40.70117127356477], [-73.82193404658268, 40.70116928524738], [-73.82192990066086, 40.70116734376934], [-73.82192576196692, 40.701165396812776], [-73.82192145040284, 40.70116335901115], [-73.82191732975657, 40.70116140659265], [-73.82191320554075, 40.701159440444656], [-73.82190891925231, 40.70115739170256], [-73.82190470863478, 40.70115536778034], [-73.82190059168401, 40.70115338242971], [-73.82189649637257, 40.7011513971124], [-73.82189228221529, 40.7011493484813], [-73.82188818334916, 40.70114734394481], [-73.82188391521211, 40.70114525131349], [-73.82187966511519, 40.70114315596523], [-73.82187565274731, 40.70114117352031], [-73.8218715539702, 40.70113913604607], [-73.82186742279343, 40.70113707656342], [-73.82186319079605, 40.70113495653958], [-73.82185903084844, 40.70113286681957], [-73.82184352221968, 40.70112499002398], [-73.82182644365984, 40.70111617482895], [-73.82182227672159, 40.70111400275364], [-73.8218181746347, 40.70111185548153], [-73.82181415181049, 40.701109738524465], [-73.82181008938102, 40.70110759680296], [-73.82180600537878, 40.70110543034502], [-73.82180190698016, 40.701103252885545], [-73.82179784463213, 40.70110108097125], [-73.82179387953529, 40.70109895586853], [-73.8217898964575, 40.70109681152442], [-73.82178578015217, 40.70109458737554], [-73.82178178271495, 40.70109241830597], [-73.821777799704, 40.70109024925863], [-73.82177371228812, 40.70108801143018], [-73.82176978333861, 40.701085856190126], [-73.82176581119933, 40.70108366794577], [-73.82176169503497, 40.701081391645545], [-73.8217577049371, 40.70107917592541], [-73.82175384450481, 40.70107702353566], [-73.8217497428187, 40.70107472804401], [-73.82174568076768, 40.70107244633749], [-73.82174191763097, 40.70107032429054], [-73.82173792404534, 40.701068064647956], [-73.8217338332532, 40.70106574172489], [-73.82172988653062, 40.70106349038894], [-73.82172605506224, 40.70106129687152], [-73.82172215880185, 40.70105905659253], [-73.82171805370227, 40.701056689730436], [-73.82171410706883, 40.7010544054568], [-73.82171028289525, 40.70105218175765], [-73.8217063471112, 40.70104988652147], [-73.82170233573041, 40.70104753901738], [-73.82169854402345, 40.701045312623386], [-73.82169458670401, 40.701042978926615], [-73.82169051418232, 40.70104056819763], [-73.8216867657542, 40.701038341870294], [-73.821682995746, 40.701036093551274], [-73.82167891969212, 40.70103365536868], [-73.82167502369927, 40.70103131627673], [-73.82167128256589, 40.7010290597677], [-73.82166111786294, 40.70102289573006], [-73.82165094971691, 40.70101667130115], [-73.82164082853802, 40.701010416751714], [-73.82163071831275, 40.7010041128124], [-73.8216206010453, 40.700997745731556], [-73.82161057034308, 40.700991376039184], [-73.82160061900042, 40.700985000979415], [-73.8215906174111, 40.700978535263395], [-73.82158068437654, 40.70097205867375], [-73.82157081629761, 40.70096556846], [-73.82156098075983, 40.700959048103414], [-73.82155115258396, 40.70095247286192], [-73.82154140374556, 40.70094590048738], [-73.8215316478577, 40.7009392677161], [-73.82152191010718, 40.70093259654525], [-73.82151225530065, 40.70092592824704], [-73.82150263662709, 40.70091923530108], [-73.82149307928799, 40.700912534215085], [-73.82148350768644, 40.70090577272119], [-73.82147395061574, 40.70089897282227], [-73.82146445487942, 40.70089216478334], [-73.82145958826604, 40.70088866039525], [-73.82145497006006, 40.70088532107856], [-73.8214455177673, 40.700878452720445], [-73.82143611958851, 40.700871578956], [-73.82142679351942, 40.700864713536966], [-73.82141743157119, 40.70085777944214], [-73.82140808413908, 40.7008508124319], [-73.82139882680502, 40.7008438702636], [-73.82138955517925, 40.700836878666465], [-73.8213803484502, 40.70082989540361], [-73.82137111302563, 40.70082285445526], [-73.8213619388839, 40.70081582458039], [-73.82135279364009, 40.70080877828097], [-73.82134366648218, 40.70080171279552], [-73.82133905614096, 40.700798134691205], [-73.82133456100189, 40.70079463361912], [-73.82132546281744, 40.700787524260775], [-73.82131640069242, 40.70078041770252], [-73.82130736385892, 40.70077329471413], [-73.8212983414827, 40.7007661607684], [-73.82128933717762, 40.70075901312615], [-73.82128031495243, 40.70075182428381], [-73.82127134317582, 40.70074465198766], [-73.82126240745129, 40.70073748523639], [-73.82125854960833, 40.70073438039808], [-73.82125348619137, 40.700730304783], [-73.82124456138577, 40.70072310236523], [-73.82124010260125, 40.70071949704454], [-73.8212356294354, 40.70071587523273], [-73.82122672632407, 40.700708653633846], [-73.82122168820796, 40.70070455884318], [-73.8212178556583, 40.7007014375742], [-73.82120899222215, 40.70069421603555], [-73.82120012164125, 40.700686969782154], [-73.82119126189642, 40.70067971805539], [-73.8211824237703, 40.700672474595784], [-73.82117357849202, 40.70066520916622], [-73.82116475483245, 40.7006579520039], [-73.82116063449139, 40.70065456129816], [-73.82115589160665, 40.70065065635259], [-73.82113874818802, 40.70063652158606], [-73.82027759113565, 40.69999244785863], [-73.82025927451322, 40.69997885459227], [-73.82025318080807, 40.69997439305552], [-73.82024711583685, 40.69996997547971], [-73.8202410291982, 40.69996556884883], [-73.82023486330745, 40.699961129156534], [-73.82022868656114, 40.699956703170834], [-73.82022056239448, 40.69995091548077], [-73.82021635450245, 40.699947928085535], [-73.82021015599418, 40.69994354872595], [-73.8202021684313, 40.69993792593427], [-73.82019593023921, 40.69993355200147], [-73.82018970640705, 40.69992920279371], [-73.82018350053391, 40.69992488106141], [-73.82017724783704, 40.699920537297444], [-73.82017099509656, 40.699916210001675], [-73.82016470274533, 40.6999118606855], [-73.82015844276397, 40.699907544356805], [-73.82015215755321, 40.69990322249884], [-73.82014588672457, 40.6998989171316], [-73.8201396122755, 40.69989461724789], [-73.82013328741114, 40.699890289837356], [-73.82012694092379, 40.6998859569031], [-73.82012067363074, 40.69988167898776], [-73.8201143595067, 40.699877381785434], [-73.82010799858122, 40.69987305431711], [-73.82010167723112, 40.699868762592345], [-73.82009533067382, 40.699864457103985], [-73.82008898050347, 40.69986015435438], [-73.82008264471523, 40.69985586809554], [-73.82007629453173, 40.69985157083473], [-73.82006993712132, 40.69984727905182], [-73.82006357250631, 40.69984298451255], [-73.82005720788466, 40.69983869271766], [-73.82005082166226, 40.699834387164806], [-73.82004442822047, 40.699830084345024], [-73.8200380599652, 40.699825803522494], [-73.82003170611429, 40.69982153095642], [-73.82002530903887, 40.69981723910901], [-73.82001888677111, 40.69981292800848], [-73.82001250408601, 40.699808649906686], [-73.82000612499333, 40.69980437729972], [-73.81999969189391, 40.69980007167067], [-73.81999330558999, 40.69979579905171], [-73.81998689407152, 40.69979151541388], [-73.81998045374692, 40.699787215262006], [-73.81997401701473, 40.6997829206049], [-73.8199675982562, 40.69977864793374], [-73.81996119390202, 40.69977438351907], [-73.81995474993724, 40.6997700970839], [-73.81994829516138, 40.69976580788665], [-73.81994182238381, 40.69976150768181], [-73.81993539279532, 40.69975724048144], [-73.81992895598736, 40.69975297601418], [-73.81992247237821, 40.69974868128083], [-73.81991600675752, 40.69974440304393], [-73.8199095411229, 40.699740130296135], [-73.81990305028111, 40.699735843784694], [-73.81989660621993, 40.69973159577291], [-73.81989010455312, 40.69972731198855], [-73.8198836028723, 40.699723033693346], [-73.81987711917996, 40.699718771894574], [-73.81987011706748, 40.69971417442185], [-73.81986571060034, 40.699711280025106], [-73.81984606497848, 40.699698422956025], [-73.81982732645545, 40.69968620683546], [-73.8198208102606, 40.69968196419596], [-73.81981426524474, 40.699677710531944], [-73.81980772381392, 40.69967346510743], [-73.81980116435922, 40.69966921690956], [-73.81979459769991, 40.699664965955265], [-73.81978800942515, 40.69966070673246], [-73.81978148594074, 40.699656494271814], [-73.81977491204141, 40.699652254284175], [-73.81976828411335, 40.69964798950857], [-73.8197616993816, 40.69964375499272], [-73.81975513623723, 40.699639539723684], [-73.81974852986862, 40.699635305173246], [-73.81974192708495, 40.69963107886225], [-73.81973525588398, 40.699626814016966], [-73.81972865667137, 40.69962260143468], [-73.81972207544712, 40.6996184053489], [-73.81971546180303, 40.69961419548803], [-73.81970877253625, 40.69960994433674], [-73.81970210845587, 40.699605715182706], [-73.81969551635633, 40.69960154103647], [-73.81968885945334, 40.69959732561678], [-73.81968215212066, 40.69959308815949], [-73.81967546997446, 40.69958887269947], [-73.81966883461605, 40.69958469299438], [-73.81966214163735, 40.699580483006116], [-73.81965544503826, 40.69957627850134], [-73.819648795227, 40.69957210975155], [-73.81964208780289, 40.699567907973815], [-73.81963536955296, 40.69956370892347], [-73.8196286440836, 40.699559512606236], [-73.81962196900841, 40.69955535204957], [-73.81961521830321, 40.69955115294719], [-73.81960846758403, 40.69954695933393], [-73.81960174565762, 40.699542787723566], [-73.81959503090773, 40.69953862984797], [-73.81958824413435, 40.69953443343219], [-73.8195814969507, 40.69953026727062], [-73.81957472814419, 40.699526095585185], [-73.81956797732607, 40.6995219403962], [-73.81956121928857, 40.69951778794026], [-73.81955440722247, 40.699513610696236], [-73.81954761675114, 40.699509449954334], [-73.81954085145875, 40.69950531395444], [-73.8195340465486, 40.69950115867864], [-73.81952722362207, 40.699496997884616], [-73.81952040787205, 40.6994928508253], [-73.81951359570702, 40.69948871200555], [-73.81950680873578, 40.69948459243827], [-73.81949993532278, 40.69948043156344], [-73.81949310511335, 40.699476298203685], [-73.8194863000828, 40.699472189585975], [-73.81947941582342, 40.69946803967199], [-73.81947254954498, 40.69946390899925], [-73.81946565805217, 40.699459767307374], [-73.81945881695344, 40.69945566137622], [-73.8194519902291, 40.69945157468059], [-73.81944509508045, 40.6994474521952], [-73.81943816391308, 40.69944331318421], [-73.81943130114203, 40.69943922094131], [-73.81942440594383, 40.69943511766795], [-73.81941747832599, 40.699431000619505], [-73.81941055069412, 40.69942688906014], [-73.81940361583538, 40.699422782978544], [-73.81939670976926, 40.69941869889991], [-73.81938981088716, 40.69941462581119], [-73.81938286518199, 40.69941053069039], [-73.81937591588616, 40.69940643007402], [-73.81936894133882, 40.69940233216239], [-73.81936200638111, 40.69939826450494], [-73.81935506783267, 40.69939419135186], [-73.8193481040551, 40.699390112669214], [-73.81934108265015, 40.69938600644801], [-73.819334136832, 40.69938195524048], [-73.81932720181156, 40.69937791228373], [-73.81932013713973, 40.699373803248534], [-73.81931315526737, 40.699369749238336], [-73.81930616256923, 40.699365697955486], [-73.81929912665456, 40.699361624646166], [-73.8192921015153, 40.699357567821984], [-73.81928509797076, 40.69935352749988], [-73.81927808360038, 40.69934948990517], [-73.81927104761473, 40.69934544404172], [-73.81926401520653, 40.69934140916254], [-73.81925693236906, 40.6993373522456], [-73.81924988552207, 40.699333322832445], [-73.8192428134534, 40.6993292851449], [-73.81923572336102, 40.69932524468387], [-73.8192287052711, 40.6993212509966], [-73.81922162955394, 40.69931722977069], [-73.81921452140978, 40.69931319751428], [-73.8192074096451, 40.69930917074132], [-73.81920029065364, 40.699305149446104], [-73.8191932040686, 40.699301147414694], [-73.81918612105355, 40.69929715911241], [-73.8191789588027, 40.699293132258354], [-73.81917181094107, 40.699289119150315], [-73.81916474948511, 40.69928516107302], [-73.81915760158796, 40.69928116168792], [-73.81915042125642, 40.69927715401705], [-73.81914328773448, 40.69927317386703], [-73.81913610738225, 40.699269174429546], [-73.81912894141186, 40.69926519148288], [-73.81912177543482, 40.69926121128053], [-73.81911464184188, 40.69925725857629], [-73.81910743261207, 40.69925327007074], [-73.8191002305736, 40.69924928981036], [-73.81909305012226, 40.699245328796806], [-73.81908585524619, 40.699241367760195], [-73.81907865674967, 40.69923741220696], [-73.81907145824654, 40.69923345939802], [-73.81906420210888, 40.699229481795044], [-73.81905694595716, 40.699225509681206], [-73.81904976540666, 40.6992215870916], [-73.81904254161745, 40.69921765070975], [-73.81903527101288, 40.69921368955087], [-73.81902801839652, 40.699209744888456], [-73.81902076937251, 40.699205805720716], [-73.81901351672806, 40.69920187203639], [-73.8190062532727, 40.699197935589865], [-73.81899898619693, 40.69919400462672], [-73.81899172631242, 40.699190081908746], [-73.81898444480527, 40.69918615366676], [-73.81897710567111, 40.699182197885904], [-73.8189698673605, 40.69917829990342], [-73.81896261101872, 40.69917440189213], [-73.81895523223169, 40.699170440557964], [-73.81894791825634, 40.699166517752104], [-73.81894068348849, 40.69916264447629], [-73.8189333334732, 40.69915871337852], [-73.81892597985242, 40.69915478227456], [-73.81891870181032, 40.69915090892927], [-73.81891138054442, 40.69914701630211], [-73.81890401245587, 40.699143101642626], [-73.81889665874908, 40.699139203473955], [-73.81888927981328, 40.69913529977549], [-73.81888198372103, 40.699131434633784], [-73.81887461916037, 40.69912755017046], [-73.81886717885865, 40.699123668332234], [-73.81885979258671, 40.69911981128149], [-73.81885240993694, 40.69911594874643], [-73.81884505245075, 40.699112116443025], [-73.818837622927, 40.69910825108848], [-73.81883019698066, 40.69910439671815], [-73.81882278543091, 40.699100553349105], [-73.81881529822233, 40.69909668241273], [-73.81880794065088, 40.69909288304408], [-73.81880049302482, 40.6990890451063], [-73.81879301660814, 40.69908518516457], [-73.81878558334971, 40.699081369206645], [-73.8187781320676, 40.69907755047512], [-73.81877068437035, 40.69907373998305], [-73.81876321143672, 40.699069926705995], [-73.81875579615397, 40.69906613273262], [-73.81874825118366, 40.699062286403844], [-73.81874071698117, 40.699058459304965], [-73.81873329444339, 40.69905468178739], [-73.8187257962245, 40.69905088493665], [-73.81871831603836, 40.699047088113886], [-73.81871080339559, 40.699043291239455], [-73.81870326556111, 40.699039475111476], [-73.81869574569978, 40.69903568096949], [-73.81868823305958, 40.699031884093614], [-73.81868067357448, 40.69902807341957], [-73.81867318971241, 40.69902430403575], [-73.81866566984705, 40.69902051263654], [-73.81865815357399, 40.69901672673206], [-73.81865057606781, 40.69901291328291], [-73.81864306699433, 40.69900913287831], [-73.81863550387807, 40.699005333174625], [-73.81862795158933, 40.69900153074276], [-73.81862041006838, 40.69899774754078], [-73.81861285776641, 40.69899395059742], [-73.8186053018291, 40.69899016462694], [-73.8185977387246, 40.69898636217606], [-73.81859014320086, 40.698982545949704], [-73.81858256923415, 40.69897875994932], [-73.81857500251844, 40.69897496023598], [-73.81856743574383, 40.698971182480236], [-73.8185598546192, 40.69896737725365], [-73.81855226981433, 40.69896359946851], [-73.81854472107422, 40.698959821739656], [-73.81853707142336, 40.698956019148305], [-73.8185294830521, 40.69895222763212], [-73.81852188021129, 40.69894845256131], [-73.81851428101508, 40.69894466377183], [-73.81850663499652, 40.69894085294983], [-73.81849901050498, 40.69893708333287], [-73.81849142569212, 40.69893331103323], [-73.81848377957152, 40.69892953863636], [-73.81847618033481, 40.6989257663129], [-73.81846848016494, 40.69892197736113], [-73.81846081607485, 40.69891818297623], [-73.81845325995289, 40.69891447110427], [-73.81844561743553, 40.69891070145531], [-73.81843785599801, 40.69890689868097], [-73.81843023506838, 40.69890314827844], [-73.81842257445437, 40.698899403302356], [-73.81841490667333, 40.69889564184583], [-73.81840723887824, 40.69889188587832], [-73.81839947737032, 40.69888811054898], [-73.81839179874284, 40.69888436005282], [-73.81838417766882, 40.69888066454248], [-73.81837647379837, 40.69887691400549], [-73.81836868335314, 40.69887317156569], [-73.81836099385012, 40.698869443008505], [-73.81835329347649, 40.69886573364708], [-73.81834555350825, 40.69886199677494], [-73.81833780988221, 40.69885827910983], [-73.81833007707614, 40.69885456146134], [-73.8183223334069, 40.698850860263825], [-73.8183145681451, 40.698847142563004], [-73.81830681363601, 40.69884344958166], [-73.81829900508443, 40.698839737301], [-73.8182912577075, 40.69883607452232], [-73.81828348513919, 40.69883239248995], [-73.81827565848343, 40.69882870762687], [-73.81826788584202, 40.69882505304101], [-73.81826006634839, 40.698821387401566], [-73.81825227205539, 40.69881773827003], [-73.8182444201061, 40.69881407257828], [-73.81823658614466, 40.69881042338305], [-73.818228788173, 40.6988068016918], [-73.81822093975784, 40.69880316345176], [-73.81821306610632, 40.69879952242657], [-73.81820524284765, 40.6987959171624], [-73.81819740155797, 40.698792311869276], [-73.8181895026195, 40.69878868727112], [-73.81818162165384, 40.69878508465898], [-73.81817373706023, 40.6987814902749], [-73.81816581278233, 40.6987779013171], [-73.81815793534324, 40.69877432890144], [-73.81814994621216, 40.6987707178819], [-73.81814585799714, 40.69876886967999], [-73.81814182017435, 40.698767057239614], [-73.81813772833843, 40.69876521452123], [-73.81813359684757, 40.69876336625049], [-73.81812950499717, 40.69876152902134], [-73.8181253553027, 40.69875974385131], [-73.81812117337562, 40.69875787628702], [-73.81811706343412, 40.69875606098704], [-73.81811298234382, 40.69875424573244], [-73.81810880016288, 40.6987524714896], [-73.81810467932797, 40.698750683619636], [-73.81810057654017, 40.698748890288556], [-73.8180963764179, 40.69874708307959], [-73.81809221955737, 40.698745281428394], [-73.81808814550138, 40.69874353205861], [-73.81808405706511, 40.698741766197365], [-73.81807986777781, 40.69873995351536], [-73.81807567125549, 40.6987381490561], [-73.8180714998957, 40.698736374829], [-73.81806740061121, 40.69873461992902], [-73.81806319680939, 40.69873284016077], [-73.81805908674369, 40.6987310715196], [-73.81805488651874, 40.698729302735806], [-73.81805073313947, 40.69872754774973], [-73.81804657251021, 40.69872580647594], [-73.8180423974557, 40.69872406517918], [-73.81803826572282, 40.69872230748213], [-73.81803401138836, 40.69872054410154], [-73.81802983271312, 40.69871880828817], [-73.81802568642058, 40.69871709997353], [-73.8180191410023, 40.69871439151296], [-73.81800884544705, 40.69871017573157], [-73.81788041717094, 40.69866041845894], [-73.81786566031171, 40.69865496320231], [-73.81786136935254, 40.698653408360094], [-73.81785701002245, 40.698651798514085], [-73.81785279108611, 40.69865028221229], [-73.81784851460556, 40.69864870817911], [-73.81784409039145, 40.698647087250805], [-73.81783988222983, 40.69864558743426], [-73.81783553005354, 40.69864399955691], [-73.81783113091964, 40.69864243905279], [-73.81782690482429, 40.69864090352535], [-73.81782250205443, 40.698639353994224], [-73.81781812821825, 40.698637774316246], [-73.817813873145, 40.69863628540364], [-73.8178095100908, 40.69863471946623], [-73.8178051541146, 40.69863320294581], [-73.81780082346562, 40.69863165627279], [-73.81779652510168, 40.69863017278049], [-73.817792129576, 40.69862861228062], [-73.81778766184812, 40.69862707911397], [-73.8177834572504, 40.69862559576964], [-73.8177790616803, 40.698624051737795], [-73.81777461553118, 40.698622540562994], [-73.81777033883667, 40.698621046124934], [-73.81776597913577, 40.698619573513476], [-73.81776156548963, 40.698618045920995], [-73.81775716252773, 40.698616567751166], [-73.81775274885948, 40.69861504839261], [-73.81774833504882, 40.698613581184375], [-73.81774306380795, 40.698611788734986], [-73.81773783217743, 40.69861001830625], [-73.81773250674402, 40.69860826145263], [-73.81772718499984, 40.698606474412074], [-73.81772192796792, 40.698604761582665], [-73.81771664220545, 40.69860300479109], [-73.81771129156613, 40.69860123417266], [-73.817705940792, 40.69859951295972], [-73.81770061174639, 40.69859775884365], [-73.81769533310766, 40.698596034999696], [-73.81768995344589, 40.69859432746406], [-73.81768458107219, 40.69859259249205], [-73.81767929155511, 40.69859089058825], [-73.81767393345734, 40.69858921053379], [-73.81766853581733, 40.6985874837553], [-73.81766323542195, 40.69858580379174], [-73.81765784483764, 40.69858413466416], [-73.81765239665677, 40.69858242701826], [-73.8176470348639, 40.69858077989392], [-73.81764160465538, 40.69857909423418], [-73.81763623931667, 40.698577425145544], [-73.8176308017984, 40.69857577515576], [-73.8176254904356, 40.69857415006854], [-73.8176200385224, 40.6985724890763], [-73.8176145901332, 40.69857085828188], [-73.81760915979116, 40.69856922202628], [-73.81760368983193, 40.69856756649421], [-73.81759829183508, 40.69856597146094], [-73.81759282179374, 40.69856434612073], [-73.81758743101011, 40.698562751098386], [-73.81758198251741, 40.69856115872907], [-73.81757646557158, 40.69855954154808], [-73.81757099548629, 40.698557932675385], [-73.81756550008903, 40.69855634846527], [-73.81756003713433, 40.698554769795884], [-73.817554545314, 40.69855319656999], [-73.81754905349385, 40.69855162334388], [-73.81754364453776, 40.69855008044136], [-73.81753809144752, 40.6985484933937], [-73.81753253470605, 40.69854692280864], [-73.81752712569063, 40.69854540186338], [-73.8175215905278, 40.6985438532702], [-73.81751599768592, 40.698542296350944], [-73.81751046609241, 40.698540761486726], [-73.81750493093035, 40.698539212892705], [-73.81749944254612, 40.69853770279944], [-73.81749391090077, 40.69853618714773], [-73.81748830356712, 40.698534654907135], [-73.81748278630263, 40.69853315574635], [-73.81747724018749, 40.69853165653955], [-73.81747164366614, 40.69853012706002], [-73.81746614796549, 40.69852865538035], [-73.8174605765915, 40.69852716162224], [-73.81745495833503, 40.69852566778948], [-73.81744943374657, 40.69852420978705], [-73.81744382628719, 40.69852272420524], [-73.81743825127025, 40.69852124416407], [-73.81743260410379, 40.69851977224258], [-73.81742698578091, 40.698518303111285], [-73.81742141065197, 40.69851686424079], [-73.81741579946717, 40.698515422568015], [-73.81741017388721, 40.69851396989305], [-73.81740461316191, 40.698512539278866], [-73.817398955065, 40.69851110850997], [-73.81739330421121, 40.69850966677317], [-73.81738772535705, 40.698508271811455], [-73.81738207441346, 40.698506863011254], [-73.817376441517, 40.6985054487498], [-73.81737086625488, 40.69850405928255], [-73.81736505666966, 40.6985026365059], [-73.81735939128652, 40.69850123317119], [-73.81735388799449, 40.69849990145751], [-73.81734820454999, 40.698498509072685], [-73.81734249218707, 40.69849714134463], [-73.81733679784872, 40.69849577638966], [-73.81733109993432, 40.69849440044966], [-73.81732550283284, 40.69849308505442], [-73.81731975793844, 40.69849174472132], [-73.81731406357844, 40.69849038799954], [-73.81730833665613, 40.69848906965256], [-73.81730264937394, 40.69848776234736], [-73.81729703423422, 40.69848644966682], [-73.81729122795761, 40.69848513668262], [-73.8172854685112, 40.698483842985866], [-73.81727983889407, 40.698482549494905], [-73.81727412985448, 40.69848128607008], [-73.81726835591562, 40.698480017052425], [-73.81726255684524, 40.698478706822954], [-73.81725686575534, 40.698477473618304], [-73.81725112778297, 40.698476240338934], [-73.81724538631724, 40.69847496588209], [-73.81723961225909, 40.69847374077919], [-73.81723383095078, 40.69847252938829], [-73.81721613745846, 40.698468804081216], [-73.81703265383815, 40.698434043683356], [-73.81701213594009, 40.69843054990535], [-73.8170062674316, 40.698429577159594], [-73.81700041696263, 40.69842860169748], [-73.81699455206083, 40.698427628956885], [-73.81698866550606, 40.69842666167113], [-73.81698289068066, 40.698425719265664], [-73.81697706179023, 40.698424765794854], [-73.81697116433398, 40.69842382868332], [-73.81696519118951, 40.698422874982505], [-73.81695940908428, 40.69842195726726], [-73.81695358734697, 40.69842102576482], [-73.8169477042791, 40.69842010239884], [-73.81694180317209, 40.698419181748655], [-73.81693586958532, 40.698418269280836], [-73.81693009837535, 40.69841732413373], [-73.81692421173192, 40.69841638978175], [-73.81691831792874, 40.698415436204705], [-73.81691254323346, 40.698414447134816], [-73.81690673641288, 40.69841333724346], [-73.81690080621487, 40.698412504377636], [-73.81689520216484, 40.698411098372816], [-73.81688924304852, 40.698410290163366], [-73.8168833055328, 40.698409495711815], [-73.81687741126332, 40.698408712307824], [-73.81687146288354, 40.698407934307], [-73.81686547482644, 40.69840715898751], [-73.8168595227954, 40.69840639744889], [-73.81685362841337, 40.69840565521515], [-73.81684764388766, 40.69840490734806], [-73.81684164491398, 40.698404167692], [-73.81683573965299, 40.69840344739823], [-73.81682970457832, 40.69840272140792], [-73.81682493489794, 40.698402156628084], [-73.81682007147494, 40.69840158346456], [-73.81681517919367, 40.698401012999625], [-73.81681040226307, 40.69840046193151], [-73.8168055207633, 40.6983999052072], [-73.81680063564214, 40.698399353966465], [-73.81679574329331, 40.69839880820354], [-73.81679096630272, 40.69839827909271], [-73.81678618928956, 40.698397758215975], [-73.81678121037329, 40.698397217804185], [-73.81677628190837, 40.69839669119638], [-73.81677150124382, 40.698396186781814], [-73.81676668451581, 40.698395682309695], [-73.81676179566823, 40.69839517497775], [-73.81675688516754, 40.69839467310066], [-73.81675206124204, 40.69839416312686], [-73.8167471651292, 40.69839367499615], [-73.81674225458342, 40.69839318958702], [-73.8167373332413, 40.69839269592615], [-73.81673240467144, 40.6983922077431], [-73.81672758785346, 40.69839173620644], [-73.81672277102041, 40.69839127015911], [-73.81671773784377, 40.698390790043184], [-73.81671282002539, 40.69839032657938], [-73.81670807164542, 40.69838988534341], [-73.81670313576517, 40.698389432829515], [-73.81669821789409, 40.6983889885784], [-73.81669325674686, 40.69838854425819], [-73.81668832442033, 40.69838811096273], [-73.8166834786162, 40.698387688783946], [-73.81667850299088, 40.698387263653444], [-73.81667367518097, 40.6983868552268], [-73.81666872477007, 40.6983864411151], [-73.81666375631234, 40.69838603246401], [-73.81665879146864, 40.6983856210737], [-73.81665381936692, 40.698385226140196], [-73.81664895542582, 40.69838484235793], [-73.81664409507599, 40.6983844640707], [-73.81663913014187, 40.698384085616674], [-73.8166341579876, 40.69838370989567], [-73.81662929758508, 40.69838335082113], [-73.8166242280366, 40.69838298317888], [-73.8166192197736, 40.698382623868305], [-73.81661446029644, 40.6983822841674], [-73.81660945560971, 40.698381935841226], [-73.81660447975874, 40.69838159305033], [-73.8165994750419, 40.69838125570278], [-73.81659449913823, 40.69838093212477], [-73.81658960256685, 40.69838061141777], [-73.816584583387, 40.69838028777035], [-73.81657971923518, 40.698379980838446], [-73.81657471805698, 40.69837966819841], [-73.8165697060371, 40.698379363775196], [-73.81656479857895, 40.698379067752725], [-73.81655979012777, 40.69837877705862], [-73.81655477807026, 40.69837848635856], [-73.81654976599013, 40.69837820389259], [-73.81654485847172, 40.69837792982732], [-73.81653985358174, 40.69837765560668], [-73.8165348018016, 40.698377384055824], [-73.81652988702533, 40.698377126447056], [-73.8165248856889, 40.698376871444836], [-73.8165198338636, 40.6983766163619], [-73.81651491542058, 40.69837638070479], [-73.81650990683383, 40.698376139414215], [-73.81650486578236, 40.69837590081641], [-73.81649991486717, 40.69837567059646], [-73.81649489541611, 40.69837544575656], [-73.81648984350792, 40.69837522086468], [-73.81648493582377, 40.69837500718163], [-73.81647989109054, 40.698374796024616], [-73.81647483192438, 40.69837458758916], [-73.81646988450242, 40.698374398545056], [-73.81646483612516, 40.69837420110546], [-73.8164597768911, 40.698374017372146], [-73.81645482946917, 40.6983738283274], [-73.8164497810467, 40.69837364735571], [-73.81644472176737, 40.69837348009034], [-73.81643977429263, 40.69837331025827], [-73.81643471859704, 40.698373151232445], [-73.81642966651542, 40.69837298946745], [-73.8164246144262, 40.69837283044694], [-73.81641962360727, 40.69837268524786], [-73.81641456428275, 40.69837253444969], [-73.81640951575461, 40.69837239190289], [-73.81640453208801, 40.698372268672735], [-73.81639947271066, 40.69837213708725], [-73.81639437723192, 40.6983720191678], [-73.81638942600749, 40.698371901478296], [-73.81638433777931, 40.698371769846105], [-73.81637927831888, 40.69837166845207], [-73.8163742909931, 40.69837156442819], [-73.81636923513905, 40.69837146303951], [-73.81636413957727, 40.698371375311126], [-73.81635914859982, 40.69837128774936], [-73.81635405300783, 40.69837121099955], [-73.81634900075262, 40.69837111236047], [-73.81634401695014, 40.6983710385334], [-73.81633891771402, 40.698370975500936], [-73.81633382209182, 40.6983709097293], [-73.81632883463763, 40.69837085236437], [-73.81632373536378, 40.698370803055084], [-73.8163186397038, 40.69837075100654], [-73.816313655856, 40.69837069364669], [-73.81630856377214, 40.69837065258254], [-73.81630346807437, 40.69837061425712], [-73.81629837595273, 40.69837058691631], [-73.81629338480147, 40.6983705624812], [-73.81628824938845, 40.69837054056041], [-73.81628315723655, 40.69837052419796], [-73.81627816972194, 40.69837048878892], [-73.81627307753978, 40.69837048340508], [-73.81626805027201, 40.698370478124595], [-73.816262954476, 40.698370475479315], [-73.81625785865725, 40.69837048106807], [-73.81625273398762, 40.698370486610585], [-73.81624763815373, 40.69837049768841], [-73.81624261809874, 40.69837049241837], [-73.81623762683402, 40.69837050915223], [-73.81623249851266, 40.69837053115663], [-73.81622740984609, 40.69837055871364], [-73.81622238609394, 40.698370586374075], [-73.81621718922906, 40.69837061650269], [-73.81621206086233, 40.698370654974696], [-73.81620714892229, 40.698370677323496], [-73.8162020566115, 40.69837071859742], [-73.81619692822204, 40.69837076530309], [-73.81619180343132, 40.69837081475902], [-73.81618667862546, 40.698370869704256], [-73.81618169446749, 40.69837092487387], [-73.81617656965405, 40.698370982563425], [-73.81617155303883, 40.6983710376808], [-73.81616642819515, 40.69837110634891], [-73.8161613033514, 40.698371175016824], [-73.81615632273919, 40.698371252149215], [-73.81615119788029, 40.698371326306194], [-73.81614607299109, 40.69837141144201], [-73.81614095170066, 40.69837149932808], [-73.81613593501733, 40.69837157914671], [-73.8161308100978, 40.698371675260866], [-73.81612568876949, 40.69837177687009], [-73.816120675647, 40.698371873162415], [-73.81611555430352, 40.6983719802607], [-73.81611053755192, 40.69837208478107], [-73.81610541257939, 40.698372200107436], [-73.81610029480436, 40.6983723209346], [-73.81609513736696, 40.69837243895342], [-73.81609001957675, 40.698372565269636], [-73.81608500636328, 40.69837269449752], [-73.81607999317251, 40.69837281549093], [-73.81607487536711, 40.69837294729601], [-73.8160697684262, 40.6983730626496], [-73.81606464335503, 40.698373213656026], [-73.81605950760867, 40.69837331249444], [-73.81605449794081, 40.698373463684895], [-73.81604948103002, 40.698373625842585], [-73.81604443951082, 40.69837355739982], [-73.81603918092863, 40.69837373563946], [-73.81603416758622, 40.69837391152607], [-73.81602915062227, 40.698374092896195], [-73.8160240254525, 40.69837427958274], [-73.81601886780273, 40.69837447445141], [-73.81601385802112, 40.698374666811475], [-73.8160087327982, 40.698374872710616], [-73.8160035751105, 40.6983750813024], [-73.81599856168457, 40.69837528737986], [-73.8159934400376, 40.69837550426315], [-73.8159882823043, 40.69837572932281], [-73.81598316063454, 40.69837595443996], [-73.81597800648487, 40.69837618773921], [-73.81597299660453, 40.69837641577936], [-73.81596797227596, 40.698376652030525], [-73.8159628216946, 40.69837689905866], [-73.81595769995648, 40.69837714887749], [-73.81595254213963, 40.69837740412793], [-73.81594753578969, 40.69837765962036], [-73.81594240680843, 40.698377920406024], [-73.8159372525523, 40.69837819213013], [-73.81593223895922, 40.69837845858938], [-73.81592708108154, 40.698378735796794], [-73.81592196285857, 40.698379018556956], [-73.81591680495802, 40.698379303998145], [-73.81591179130413, 40.69837959241464], [-73.8159067415791, 40.698379883517966], [-73.81590162331804, 40.698380180000996], [-73.81589649781391, 40.698380487451296], [-73.81589134705766, 40.69838079760575], [-73.81588622514462, 40.69838111055089], [-73.81588117535873, 40.698381423611174], [-73.81587605702164, 40.6983817475407], [-73.81587090261334, 40.69838207415701], [-73.81586588885293, 40.698382400998156], [-73.81586073081547, 40.698382735842564], [-73.8158556124327, 40.698383076239736], [-73.81585056257063, 40.69838341674627], [-73.81584555599241, 40.69838375457709], [-73.81584032214539, 40.69838411674703], [-73.81583516763818, 40.698384479043625], [-73.8158301538092, 40.698384830586065], [-73.81582510027985, 40.6983851930438], [-73.81581997822211, 40.69838555813649], [-73.81581482727553, 40.69838593690654], [-73.81580971239248, 40.69838631573405], [-73.81580458669028, 40.69838669454406], [-73.81579953310003, 40.698387078958795], [-73.81579441457252, 40.698387471503686], [-73.8157893645809, 40.69838785866847], [-73.8157842460381, 40.698388256702444], [-73.81577909140137, 40.69838866565751], [-73.81577408105674, 40.698389061119435], [-73.81576895165675, 40.6983894728592], [-73.81576379700462, 40.69838988730309], [-73.8157586928187, 40.698390310061825], [-73.81575366438892, 40.698390724707345], [-73.81574850609236, 40.698391152868574], [-73.81574339827708, 40.698391583855155], [-73.81573836980922, 40.698392012223756], [-73.81573321869479, 40.698392451374914], [-73.81572821184977, 40.69839288526727], [-73.81572308955572, 40.69839333544321], [-73.81571796004891, 40.698393785607344], [-73.81571279805442, 40.69839424669833], [-73.81570769739069, 40.69839469965298], [-73.81570267966559, 40.69839515548496], [-73.81569764750733, 40.698395614038425], [-73.81569248908862, 40.698396086113306], [-73.81568738475757, 40.698396561019365], [-73.81568225877317, 40.698397041380076], [-73.81567714360767, 40.69839752175787], [-73.81567211500236, 40.69839799952931], [-73.8156669565225, 40.698398493561136], [-73.81566194954759, 40.6983989741115], [-73.81565683072238, 40.69839947369595], [-73.81565171189709, 40.69839997328019], [-73.81564669045852, 40.698400467530604], [-73.81564153913796, 40.698400980786175], [-73.81563630845461, 40.69840150214872], [-73.81563118236316, 40.698402020933806], [-73.81562608513765, 40.69840253427535], [-73.81562085441618, 40.698403069360985], [-73.81561567418356, 40.69840360452727], [-73.81561046869878, 40.69840414239765], [-73.81560533895498, 40.69840467764435], [-73.81560015147907, 40.69840522377744], [-73.81559494595606, 40.698405775370944], [-73.81558981618171, 40.69840632159601], [-73.81558463950182, 40.69840687597999], [-73.8155794447673, 40.698407438569156], [-73.81557424642631, 40.698408001152266], [-73.81556913464536, 40.6984085611291], [-73.81556390020269, 40.698409137377794], [-73.81555872707557, 40.698409710979725], [-73.81555362970465, 40.698410276468515], [-73.81554843130247, 40.69841086100856], [-73.81554324012052, 40.69841144281521], [-73.81553804170296, 40.69841203284433], [-73.81553294428613, 40.69841261480074], [-73.81552774585322, 40.6984132103189], [-73.81552255461767, 40.69841381133793], [-73.81551745717024, 40.69841440427272], [-73.8155121685249, 40.69841501885903], [-73.8155070133451, 40.69841562267988], [-73.8155020060563, 40.69841621575849], [-73.8154968039557, 40.69841683322758], [-73.81549150444535, 40.69841746426415], [-73.81548643219622, 40.69841807370658], [-73.81548126615132, 40.698418693977544], [-73.81547605319325, 40.69841932515213], [-73.81547095566141, 40.69841994827725], [-73.81546577516038, 40.6984205795034], [-73.81546061267582, 40.69842121624776], [-73.81545539967941, 40.69842186114525], [-73.81545032016372, 40.69842248978789], [-73.81544515765611, 40.69842313476583], [-73.81543985805361, 40.698423798737124], [-73.81543479655424, 40.6984244328975], [-73.81542970255954, 40.69842508072937], [-73.81542454002111, 40.69842573668549], [-73.81541923678142, 40.698426411629086], [-73.81541408143276, 40.698427075830516], [-73.81540908482454, 40.69842771832816], [-73.815403933082, 40.69842838253496], [-73.81539865504838, 40.69842907124188], [-73.81539345999894, 40.698429746357846], [-73.81538842006843, 40.69843040525374], [-73.81538323580742, 40.69843109136564], [-73.81537804072727, 40.69843177745994], [-73.81537299717486, 40.69843244183886], [-73.81536771548106, 40.698433149751956], [-73.8153625167714, 40.698433844074046], [-73.81535748039342, 40.698434522187696], [-73.81535231414081, 40.69843521656138], [-73.8153471550932, 40.698435913691185], [-73.81534207900692, 40.6984366054643], [-73.815336873046, 40.698437313497465], [-73.81533163099857, 40.698438029706836], [-73.81532657653491, 40.69843872700352], [-73.81532140662966, 40.69843943783862], [-73.81531624754341, 40.69844014869083], [-73.8153110848202, 40.69844087051609], [-73.81530593654514, 40.698441584129945], [-73.8152980391289, 40.69844268857917], [-73.81529005871289, 40.69844381210801], [-73.8152820494153, 40.69844494656907], [-73.81527407258228, 40.69844607833693], [-73.81526605964736, 40.69844722377009], [-73.81525815492577, 40.698448361142134], [-73.81525013836111, 40.698449514802746], [-73.81524216867125, 40.69845067128279], [-73.81523422421806, 40.69845183054759], [-73.81522626171754, 40.698452995272355], [-73.81521835331216, 40.69845416008348], [-73.81521036192217, 40.698455338484656], [-73.81520235607603, 40.698456527841174], [-73.8151944548445, 40.698457706386], [-73.8151864165025, 40.69845890941311], [-73.8151785116336, 40.69846009893009], [-73.81517059953647, 40.69846129392452], [-73.81516256475433, 40.69846251342432], [-73.81515465624015, 40.69846371665767], [-73.8151466791516, 40.69846493899377], [-73.81513872730723, 40.6984661613699], [-73.81513085483299, 40.69846737289381], [-73.81512286687878, 40.69846861167949], [-73.81511496190865, 40.698469836874004], [-73.81510699918314, 40.69847108118863], [-73.81509906891462, 40.69847232555482], [-73.81509107730724, 40.698473580801], [-73.81508312897581, 40.698474836116226], [-73.81507525640818, 40.698476080573464], [-73.81506734773856, 40.698477338696065], [-73.81505942101401, 40.69847860502343], [-73.8150514726357, 40.69847987680497], [-73.81504350259615, 40.6984811567855], [-73.81503558306053, 40.698482431357064], [-73.81502769597431, 40.69848370872508], [-73.81501972588808, 40.69848500517252], [-73.81501180631354, 40.698486293466225], [-73.81500393722767, 40.69848758184062], [-73.8149960645352, 40.69848887020861], [-73.81498806193721, 40.698490185815004], [-73.81498013148136, 40.698491496047296], [-73.81497225874983, 40.69849279813751], [-73.81496432465653, 40.69849411934192], [-73.81495645551556, 40.69849542692636], [-73.81494852861914, 40.69849675363079], [-73.81494063417962, 40.69849808038691], [-73.81493274695259, 40.698499407154046], [-73.81492482363106, 40.6985007448417], [-73.81491692556142, 40.698502079824635], [-73.81490897696429, 40.69850342844966], [-73.81490112216274, 40.69850476624587], [-73.81489322044769, 40.69850611494522], [-73.81488528624455, 40.698507474570846], [-73.81487746388402, 40.69850881790713], [-73.81486954769684, 40.69851018305019], [-73.81486161346986, 40.6985115509085], [-73.81485372612526, 40.69851291884162], [-73.81484589289106, 40.698514281371715], [-73.81483798749115, 40.69851565750904], [-73.81483009650115, 40.698517039158574], [-73.81482225602272, 40.69851841265453], [-73.81481435419009, 40.698519802519826], [-73.8148065209009, 40.69852118426058], [-73.81479861183966, 40.69852257960274], [-73.81479071358187, 40.69852398045127], [-73.81478281170979, 40.69852538403823], [-73.81477493146792, 40.698526790404244], [-73.81476712698988, 40.69852818591252], [-73.81475922507867, 40.698529603221665], [-73.81475142418346, 40.69853100696898], [-73.81474350420928, 40.69853243522707], [-73.814735620306, 40.69853386079786], [-73.81472776526091, 40.698535283669855], [-73.81471989575957, 40.69853671749712], [-73.81471205512399, 40.698538145880725], [-73.81470426859124, 40.69853957160617], [-73.81469639545193, 40.698541016405066], [-73.8146884681787, 40.69854247484011], [-73.81468066718132, 40.69854391426452], [-73.81467286256195, 40.69854535917212], [-73.81466499658829, 40.69854682044902], [-73.81465712700025, 40.69854828446432], [-73.81464926460937, 40.69854975398025], [-73.81464146355687, 40.698551212615335], [-73.81463359031567, 40.69855269309179], [-73.81462574593262, 40.698554170869436], [-73.81461797370713, 40.69855563778368], [-73.8146101076471, 40.698557129249174], [-73.81460227405923, 40.69855861527693], [-73.81459441157428, 40.698560117726224], [-73.81458664290797, 40.698561601112736], [-73.81457877318672, 40.69856311178361], [-73.81457096480385, 40.69856461157375], [-73.81456317805117, 40.69856611414287], [-73.81455531190471, 40.698567635797005], [-73.8145474962699, 40.698569149297725], [-73.81453972752507, 40.698570660128624], [-73.8145318902132, 40.69857218731719], [-73.81452406370475, 40.698573720012135], [-73.8145162949207, 40.69857524456528], [-73.81450847921539, 40.69857678276615], [-73.81450067793516, 40.69857832098979], [-73.81449283334001, 40.69857987286689], [-73.81448502120175, 40.698581424795805], [-73.81447729204018, 40.69858296587882], [-73.81446951957122, 40.69858451787056], [-73.81446165687403, 40.69858609441934], [-73.81445383386178, 40.69858766554201], [-73.81444616238532, 40.69858921220551], [-73.81443832490864, 40.69859079702762], [-73.81443048741636, 40.69859238733877], [-73.81442275816816, 40.69859395861052], [-73.81441502169157, 40.698595535359594], [-73.81440722385292, 40.698597131222634], [-73.8143994259986, 40.698598732574666], [-73.81439163534903, 40.69860033668257], [-73.81438384107742, 40.69860194627366], [-73.81437612979005, 40.69860354227417], [-73.81436836075463, 40.698605154649634], [-73.81436055562455, 40.698606777945486], [-73.8143528406839, 40.698608390407216], [-73.81434507882187, 40.698610016516575], [-73.8143372844715, 40.698611653552106], [-73.81432959114501, 40.69861327428141], [-73.81432178955825, 40.69861491953856], [-73.81431405290107, 40.69861655941035], [-73.81430635232245, 40.69861819385028], [-73.81429859038171, 40.69861984740413], [-73.8142908320316, 40.69862150645278], [-73.81428307367347, 40.698623168245675], [-73.81427531530736, 40.6986248327828], [-73.8142676254848, 40.69862648919568], [-73.81425992481978, 40.69862815382489], [-73.814252177241, 40.69862982935698], [-73.81424445129238, 40.698631507668196], [-73.81423667842235, 40.698633199627025], [-73.81422893800925, 40.69863489163774], [-73.81422121563524, 40.69863658093229], [-73.8142135257182, 40.69863827027867], [-73.81420587548611, 40.69863995419908], [-73.81419814946632, 40.69864165721004], [-73.8141904053837, 40.698643371170434], [-73.81418265046624, 40.69864509060234], [-73.81417494605292, 40.698646804625696], [-73.81416728853726, 40.698648513234765], [-73.81415957687979, 40.69865023822453], [-73.81415189408048, 40.698651960515555], [-73.81414421126554, 40.69865368829565], [-73.81413648874184, 40.69865542973493], [-73.81412878424956, 40.698657171202825], [-73.81412109778877, 40.69865891269932], [-73.81411344018622, 40.698660651497136], [-73.8141057464812, 40.69866240396003], [-73.81409803110701, 40.69866416736648], [-73.81409042398478, 40.698665908989064], [-73.81408273024034, 40.69866767517421], [-73.8140750437006, 40.69866944411525], [-73.81406742210574, 40.69867120218158], [-73.8140597283218, 40.698672982088965], [-73.81405204534887, 40.69867476475809], [-73.81404441649416, 40.69867653927983], [-73.81403672627708, 40.69867833291531], [-73.81402905770548, 40.698680123840475], [-73.81402140715767, 40.69868191753904], [-73.81401372050746, 40.698683724902615], [-73.81400613129013, 40.698685510464955], [-73.8139985059627, 40.69868731243706], [-73.81399080483978, 40.69868913624436], [-73.81398315784266, 40.69869094915955], [-73.8139755541293, 40.69869275939938], [-73.8139679287466, 40.69869458058281], [-73.81396028531634, 40.69869640722606], [-73.81395265990989, 40.69869823664276], [-73.81394503449529, 40.69870006880372], [-73.81393737297829, 40.698701914629645], [-73.81392978361896, 40.69870374959261], [-73.81392214733806, 40.6987055982031], [-73.81391453269498, 40.69870744684808], [-73.81390694691007, 40.69870929279444], [-73.81389934306996, 40.6987111469454], [-73.81389171034013, 40.698713014773034], [-73.81388412090165, 40.69871487718061], [-73.81387652062828, 40.698716745059734], [-73.81386890229965, 40.698718621143435], [-73.81386128756164, 40.698720502722026], [-73.81385373776862, 40.69872237342601], [-73.813846115794, 40.69872426322621], [-73.81383852627631, 40.69872615307838], [-73.81383100171126, 40.69872802931123], [-73.8138233832958, 40.69872993558432], [-73.81381580095889, 40.69873183642571], [-73.81380820778712, 40.698733742738604], [-73.81378465586089, 40.69873969098556], [-73.81376285775625, 40.69874523858394], [-73.81375529336344, 40.698747169642886], [-73.81374765315964, 40.69874912802637], [-73.81374016091652, 40.69875105096675], [-73.81373261090953, 40.69875299577133], [-73.81372503562686, 40.698754951513656], [-73.8137175505568, 40.69875688818801], [-73.81370997525018, 40.69875885216358], [-73.81370251180984, 40.69876079161682], [-73.81369495452657, 40.69876275836534], [-73.81368742602486, 40.69876474986288], [-73.81367987953678, 40.69876672486224], [-73.81367234385976, 40.69876870262335], [-73.81366485508818, 40.698770672225606], [-73.8136573121592, 40.698772663697866], [-73.81364979088328, 40.698774649715126], [-73.81364234176522, 40.69877662486965], [-73.81363479519007, 40.698778630058385], [-73.81362729192173, 40.69878062433769], [-73.8136198282003, 40.69878266259688], [-73.81361233571953, 40.69878466787174], [-73.81360482518335, 40.698786681351216], [-73.81359729659945, 40.69878870029048], [-73.81358977882661, 40.69879072199158], [-73.81358238376222, 40.69879271095363], [-73.81357490567399, 40.69879472722848], [-73.81356733012859, 40.698796773537474], [-73.8135598484177, 40.698798795295], [-73.81355242804551, 40.69880080617233], [-73.81354497879882, 40.69880282523671], [-73.81353748622904, 40.6988048606991], [-73.81352991785573, 40.69880692074109], [-73.81352252271104, 40.69880893714693], [-73.81351509868415, 40.698810964484565], [-73.81350761329459, 40.69881301093568], [-73.8135001314956, 40.69881506288168], [-73.81349264969616, 40.698817114827214], [-73.8134851931409, 40.69881916681319], [-73.81347780516015, 40.69882119969636], [-73.81347029444684, 40.69882327355178], [-73.81346283064673, 40.69882533650361], [-73.81345703429186, 40.69882693829091], [-73.81344953438101, 40.69882901765204], [-73.81344056189897, 40.698831511831216], [-73.8134270923325, 40.698835261315494], [-73.81257996985546, 40.699076940121486], [-73.81251286768673, 40.69909535530616], [-73.81250549052669, 40.69909736618639], [-73.81249818554818, 40.69909935797035], [-73.81249082643464, 40.6991013633895], [-73.8124834781553, 40.69910336333629], [-73.81247609018199, 40.69910537145227], [-73.81246872026341, 40.69910737136288], [-73.8124613864392, 40.699109360352736], [-73.81245402735438, 40.69911135479049], [-73.81244671159214, 40.699113332829775], [-73.81243933086031, 40.69911532997606], [-73.81243193209609, 40.699117327092516], [-73.81242460911977, 40.699119305118614], [-73.81241716344836, 40.69912131039201], [-73.81240976469824, 40.69912330201753], [-73.81240249587829, 40.6991252581723], [-73.81239514044272, 40.6991272361436], [-73.81238765869782, 40.699129244101044], [-73.81238032852153, 40.69913121662305], [-73.81237291895772, 40.6991332054838], [-73.81236552744089, 40.69913518888394], [-73.8123581972788, 40.69913715591501], [-73.81235078771367, 40.69913914477433], [-73.8123434358891, 40.69914112000343], [-73.81233603355136, 40.69914310338408], [-73.81232855903889, 40.69914510311515], [-73.81232120006202, 40.69914705637298], [-73.81231386638356, 40.69914899045824], [-73.81230642439691, 40.69915096553799], [-73.81229899684304, 40.699152937895974], [-73.81229160178503, 40.69915489658267], [-73.81228418146634, 40.69915686071721], [-73.81227676838316, 40.69915881662873], [-73.8122590621608, 40.69916348679942], [-73.8122323043857, 40.69917052191916], [-73.81222489493679, 40.6991724668542], [-73.81221742052593, 40.6991744281514], [-73.81220997139029, 40.69917637851029], [-73.81220254752225, 40.69917832067559], [-73.81219515974867, 40.69918025192019], [-73.8121876745323, 40.699182207708326], [-73.81218029398619, 40.69918413347425], [-73.81217287735237, 40.699186067415155], [-73.81215046866629, 40.69919190465777], [-73.81183929237156, 40.69927249342238], [-73.81183410974027, 40.69927384361223], [-73.81181170096404, 40.699279691767885], [-73.81180419407134, 40.69928165298522], [-73.81179675935276, 40.699283597851384], [-73.81178929936569, 40.699285550910055], [-73.81178181411009, 40.69928751216125], [-73.81177438659529, 40.69928945978255], [-73.81176695168125, 40.699291473265816], [-73.81175949888198, 40.69929343456864], [-73.81175207134262, 40.69929539042278], [-73.81174459688081, 40.6992973599235], [-73.8117371224108, 40.699299332168536], [-73.81172966238147, 40.69930129894719], [-73.81172229977889, 40.699303246671285], [-73.81171484333959, 40.69930521894438], [-73.81170734719063, 40.699307204875886], [-73.81169993765697, 40.69930916899044], [-73.81169249563418, 40.69931114403042], [-73.8116850752572, 40.69931311636058], [-73.81167766571446, 40.699315083218444], [-73.81167023450185, 40.69931706101944], [-73.81166278524127, 40.69931904427998], [-73.81165536845337, 40.69932102210367], [-73.81164791190153, 40.69932303279906], [-73.8116405311846, 40.699325007936], [-73.81163312882103, 40.69932698578181], [-73.81162570118117, 40.699328974564914], [-73.81161828797421, 40.69933096062636], [-73.81161086753853, 40.699332952165065], [-73.81160348680389, 40.69933493278916], [-73.8115960302722, 40.6993369352469], [-73.81158862787497, 40.69933892406891], [-73.81158124707694, 40.699340926649704], [-73.81157386269533, 40.699342920989785], [-73.8115664783211, 40.69934491258467], [-73.81155905425257, 40.699346912348375], [-73.81155165904269, 40.69934890941411], [-73.81154427465931, 40.69935090375228], [-73.81153683252644, 40.69935291446409], [-73.81152946978837, 40.69935490609203], [-73.8115220745612, 40.69935690864538], [-73.81151466850656, 40.69935891392528], [-73.81150730575165, 40.69936091104129], [-73.8114999141218, 40.69936291634386], [-73.81149254751905, 40.69936499854062], [-73.81147045190427, 40.699371036532135], [-73.8112634026855, 40.6994273273499], [-73.81116250563852, 40.69945405513784], [-73.8106549415137, 40.699593259575444], [-73.81061174036313, 40.69960582268672], [-73.81053563036653, 40.69962856138264], [-73.81046861866149, 40.69964901214642], [-73.81037645224974, 40.69967824313115], [-73.81034875578854, 40.69968675844404], [-73.81032525589075, 40.69969447370283], [-73.8103018243691, 40.69970223847548], [-73.81027836764389, 40.69970998673316], [-73.81018850424432, 40.69973968797503], [-73.8101620440278, 40.69974845505604], [-73.81013978215539, 40.69975579902987], [-73.81011832910352, 40.69976279849238], [-73.81009490875964, 40.699770420513175], [-73.81007539426, 40.69977675344159], [-73.8100537980335, 40.699784633727916], [-73.81002913164089, 40.69979289046623], [-73.81000386313997, 40.69980108582033], [-73.80997346536142, 40.69981086192396], [-73.80994230242312, 40.69982084261404], [-73.8099149947943, 40.69982955059872], [-73.80989158936165, 40.69983698595822], [-73.80987214020868, 40.69984315427379], [-73.80985262248294, 40.699849338941384], [-73.80982927123472, 40.699856738695686], [-73.80980200700243, 40.699865394574594], [-73.80977091999092, 40.69987529025579], [-73.8097437314003, 40.69988397369363], [-73.80972048095144, 40.699891428487945], [-73.80969722321403, 40.699898907968475], [-73.8096778639744, 40.699905150508734], [-73.80965853722832, 40.69991137937564], [-73.80963146032177, 40.69992009316417], [-73.80960440870807, 40.699928787774766], [-73.80958120155235, 40.69993622614391], [-73.80955032727073, 40.69994611662792], [-73.80921648429809, 40.700054638265584], [-73.80917789157763, 40.7000672222015], [-73.8091546947761, 40.700074789506175], [-73.80913148711075, 40.70008237051204], [-73.80910828310152, 40.70008993230585], [-73.80908504657398, 40.700097513254484], [-73.80906179563897, 40.70010508594021], [-73.80904240002684, 40.700111394187836], [-73.80902300805681, 40.70011768871436], [-73.80900357642787, 40.70012397768227], [-73.80897633326387, 40.70013275691541], [-73.80894503280763, 40.70014279749233], [-73.80891396720979, 40.70015268199856], [-73.8088944060192, 40.70015886917636], [-73.80887487734604, 40.70016503444665], [-73.80885137800627, 40.70017243650147], [-73.8088278462347, 40.70017982751854], [-73.80880432172592, 40.70018719932944], [-73.80878465965243, 40.70019334514941], [-73.80876110996763, 40.70020068946193], [-73.80873356438879, 40.700209262277184], [-73.80870994620949, 40.700216592741555], [-73.80868234658362, 40.700225143496546], [-73.80865082329031, 40.700234887187584], [-73.80862708971773, 40.70024220646404], [-73.80860736650676, 40.700248280787974], [-73.80857966956704, 40.70025680116407], [-73.80854409279424, 40.70026772108151], [-73.80822358396377, 40.700364739463495], [-73.80820321485439, 40.7003709059643], [-73.80817177532639, 40.70038031754629], [-73.80814823361352, 40.7003873515874], [-73.80812463780664, 40.70039438278878], [-73.80809318761881, 40.70040373120177], [-73.80806958469016, 40.70041072669795], [-73.80804592403722, 40.70041772758256], [-73.80802223092907, 40.70042472566338], [-73.80799861364659, 40.70043169092856], [-73.8079669832345, 40.700440992345335], [-73.80793536373587, 40.700450258089525], [-73.80791162388648, 40.700457198429355], [-73.80788784798335, 40.70046413321461], [-73.80785612760812, 40.70047335485233], [-73.8078322868561, 40.700480262070094], [-73.80780848586527, 40.70048713641205], [-73.80778464159982, 40.70049400793207], [-73.80776077573809, 40.700500862942405], [-73.80773678720395, 40.700507734211556], [-73.80771294310578, 40.70051454258719], [-73.80768099944542, 40.70052363754408], [-73.80764907393537, 40.70053268860609], [-73.80762509287632, 40.700539461052614], [-73.80760102887147, 40.70054623061075], [-73.80756900617892, 40.70055520737926], [-73.80753692225476, 40.700564153843935], [-73.80750478063436, 40.70057309471364], [-73.80747259584645, 40.70058199433058], [-73.80744849612653, 40.700588632047975], [-73.80742424864732, 40.70059523108629], [-73.8073920244126, 40.700604045526774], [-73.80736782381432, 40.70061064188688], [-73.80734359079261, 40.700617224463805], [-73.8073112116088, 40.700625986471614], [-73.8072788866644, 40.700634696410454], [-73.80724642829568, 40.70064339788245], [-73.80721398446349, 40.70065205819807], [-73.80718148299853, 40.70066069096027], [-73.80714900690553, 40.7006692770947], [-73.80711644790277, 40.70067784661234], [-73.80708384931565, 40.700686383117194], [-73.80705936794728, 40.70069277308394], [-73.80703492634876, 40.700699127430084], [-73.807002234163, 40.700707597880374], [-73.80696950959005, 40.700716040819316], [-73.80694497795542, 40.70072234558946], [-73.80692041028317, 40.70072863931483], [-73.80689278928757, 40.70073569919343], [-73.80686304978539, 40.70074327152785], [-73.80683433895149, 40.700750560124526], [-73.80681229065233, 40.70075614441412], [-73.80678463375197, 40.70076314107674], [-73.80675225613444, 40.70077131280386], [-73.80673274512225, 40.70077623161369], [-73.80670898618597, 40.70078220825832], [-73.80668525614507, 40.70078816847793], [-73.80666146113546, 40.70079414505216], [-73.80663770585659, 40.70080009973006], [-73.80661393613164, 40.70080605986833], [-73.80659015920536, 40.70081201450004], [-73.80656641837153, 40.70081795820839], [-73.8064036787742, 40.700858825993144], [-73.80636674995506, 40.70086813452687], [-73.80634211746495, 40.70087435665576], [-73.80631753546115, 40.70088057886437], [-73.80628889309558, 40.70088784548209], [-73.8062684146219, 40.70089305627567], [-73.80624793971954, 40.70089827805073], [-73.80621933685865, 40.700905596868374], [-73.80619484841714, 40.70091188233807], [-73.806174413055, 40.700917145338174], [-73.80614991727228, 40.700923471957545], [-73.8061254755504, 40.700929809641785], [-73.80610104458744, 40.700936166552445], [-73.80607254952172, 40.70094361177478], [-73.80604410843526, 40.700951095507826], [-73.80601974207816, 40.70095755406668], [-73.80599133335836, 40.70096506528896], [-73.80595888211342, 40.70097368406691], [-73.80593052733352, 40.70098124477105], [-73.80590622935001, 40.700987747337514], [-73.80588603873609, 40.700993164406455], [-73.80586176590938, 40.70099969445375], [-73.80582945498847, 40.70100841498846], [-73.8058012081262, 40.70101606093078], [-73.80578104617923, 40.701021535669916], [-73.80576091307294, 40.70102701319896], [-73.80574075827633, 40.70103250715653], [-73.80572065397536, 40.701037998451035], [-73.80570053881962, 40.701043500702774], [-73.80568043085759, 40.701049008452685], [-73.80564828188545, 40.70105783076658], [-73.80531121466967, 40.7011511488097], [-73.80529203771462, 40.70115645495345], [-73.80492111416793, 40.70125992238617], [-73.8048865572412, 40.70126949521872], [-73.80484236309077, 40.70128172510938], [-73.80481818338423, 40.70128840605706], [-73.8047980679498, 40.70129395206705], [-73.80476981686402, 40.701301726753535], [-73.80473752689905, 40.70131058151127], [-73.80470519372768, 40.70131940873893], [-73.80467687431359, 40.701327109177804], [-73.80465258668411, 40.70133368560622], [-73.80462826303297, 40.70134024549968], [-73.80460798194899, 40.70134569512829], [-73.80458768286935, 40.70135113099889], [-73.80456331970275, 40.70135763317132], [-73.80454299186026, 40.70136303604794], [-73.80451848786979, 40.70136959286721], [-73.80448612309979, 40.70137810707562], [-73.80445337956472, 40.7013866453344], [-73.80442885813612, 40.70139299350225], [-73.8044084297243, 40.701398247966495], [-73.80438797973457, 40.70140348043227], [-73.80436749374081, 40.70140869087501], [-73.80434493614368, 40.70141439459656], [-73.80431828943122, 40.70142108771426], [-73.80428128453845, 40.7014303048724], [-73.80425249071641, 40.70143740878453], [-73.8042277753603, 40.701443462889095], [-73.8042051209196, 40.70144897702918], [-73.8041824196629, 40.701454466382216], [-73.80416180430258, 40.70145950639241], [-73.80413699191685, 40.701465436797626], [-73.80410803285785, 40.701472304342005], [-73.80407903785665, 40.701479127901585], [-73.80405002496214, 40.70148590201749], [-73.80402097973216, 40.701492632154626], [-73.80399604526467, 40.701498370187515], [-73.803966960578, 40.70150502339023], [-73.80394201546727, 40.70151069826354], [-73.80392117020637, 40.70151541395584], [-73.80389825346488, 40.70152057900261], [-73.80386701100667, 40.70152758532419], [-73.80383361784098, 40.70153499968776], [-73.80380852521165, 40.70154054802117], [-73.80378769827162, 40.701545159419155], [-73.80376259483934, 40.70155069948985], [-73.80373334846733, 40.70155713003134], [-73.80369571512078, 40.701565379769725], [-73.80350149309339, 40.7016077707443], [-73.80346847909894, 40.701614993515186], [-73.80343707462161, 40.70162187592874], [-73.8034113793446, 40.701627521958265], [-73.80338410331771, 40.701633533081306], [-73.8033519840901, 40.70164063108776], [-73.80332474041414, 40.70164667518931], [-73.8033023325964, 40.701651673556], [-73.80326905447176, 40.701659170295585], [-73.80323260413937, 40.70166735877491], [-73.80320164289253, 40.701674351672835], [-73.80317251850761, 40.70168096069074], [-73.80314164726563, 40.70168800313236], [-73.80310168844792, 40.70169716819812], [-73.80307060041778, 40.701704339254235], [-73.80304199167648, 40.701710971079436], [-73.80300939124594, 40.701718562226], [-73.8029728315742, 40.70172711549072], [-73.8029362681486, 40.70173571539852], [-73.80290447941631, 40.701743222817115], [-73.80287506899221, 40.701750190835135], [-73.80270630748292, 40.7017903870808], [-73.80268277622243, 40.70179596254826], [-73.8021631640735, 40.701918999831136], [-73.80032574289373, 40.70235452124721], [-73.80028407514496, 40.70236442894891], [-73.800256887268, 40.70237091707473], [-73.80000654364733, 40.702430831679806], [-73.79997537474104, 40.7024382872162]]]}, "properties": {"objectid": "14", "service_name": "Nassau Street Express", "service": "Z", "shape_stlength": "70651.59442793574"}}]}