{"type": "FeatureCollection", "features": [{"type": "Feature", "geometry": {"type": "MultiLineString", "coordinates": [[[-74.00612033974842, 40.75012166677511], [-74.00608832323505, 40.75016546092024], [-74.00605629224461, 40.75020927427022], [-74.00566289153817, 40.75074763258822], [-74.00526948447298, 40.75128598677621], [-74.00487607465813, 40.75182433683392], [-74.00448265487555, 40.752362688251125], [-74.00408923234319, 40.75290103553793], [-74.0036957998426, 40.753439384184034], [-74.00005129261709, 40.758402854274436], [-74.0000370093852, 40.75842313245105], [-74.00002504351694, 40.758440026355636], [-74.00001034877276, 40.75846069702737], [-73.9999986716605, 40.75847702002225], [-73.99998339936073, 40.7584982176813], [-73.99997209041692, 40.75851378312405], [-73.99995603842156, 40.758535683433735], [-73.99994521676476, 40.75855027723444], [-73.99992811435042, 40.75857307507099], [-73.99991791714791, 40.75858647490569], [-73.99989951524827, 40.758610299271304], [-73.99989007966761, 40.75862232947676], [-73.9998617512489, 40.75865776409442], [-73.99983272253304, 40.75869270739475], [-73.99980300795819, 40.75872713467446], [-73.99977256420843, 40.75876104318827], [-73.99974132991991, 40.758794339614134], [-73.99970932675022, 40.75882700199348], [-73.99967706727045, 40.75885848412312], [-73.99964917906318, 40.75888460577166], [-73.99958468526681, 40.75894135863167], [-73.99954723500784, 40.75897216000909], [-73.99948646627249, 40.759019070175675], [-73.99943747944776, 40.75905434265311], [-73.99938190854618, 40.75909186576456], [-73.99931994848303, 40.75913058003033], [-73.99927115648102, 40.75915931720208], [-73.99919570336031, 40.759200655289796], [-73.99915523161833, 40.75922142173336], [-73.99906541549284, 40.75926435432541], [-73.99903471512853, 40.75927807779223], [-73.99892991873696, 40.759321430097614], [-73.99890999687638, 40.75932909049125], [-73.9987815028284, 40.75937425396565], [-73.99864972031949, 40.75941339803452], [-73.99851500313001, 40.759446404667166], [-73.99837787469835, 40.759473144857864], [-73.99834737284361, 40.75947818377416], [-73.9982388259784, 40.75949352528428], [-73.99819491416596, 40.75949858865708], [-73.99809831543791, 40.75950750752063], [-73.99804108033418, 40.75951133273465], [-73.99795679793613, 40.759515069611794], [-73.99788655362997, 40.759516385821605], [-73.99781481135756, 40.7595161347114], [-73.9977320993579, 40.75951374244089], [-73.9976728502695, 40.7595106945935], [-73.99757837453251, 40.75950338888277], [-73.99753142007074, 40.759498669671395], [-73.99742611197235, 40.75948527850595], [-73.99739107308662, 40.75947996114879], [-73.99727611307061, 40.759459554061706], [-73.99725233636315, 40.75945475019521], [-73.99711483814504, 40.75942299014649], [-73.99706485563536, 40.759409759218066], [-73.99701435340036, 40.75939547976231], [-73.99698545117747, 40.75938689894004], [-73.99696405336665, 40.75938036039807], [-73.99693168234174, 40.75937016007188], [-73.99691417934407, 40.75936421174424], [-73.9968793682629, 40.75935268288188], [-73.99686435951328, 40.75934758274008], [-73.99681474910129, 40.75933025655512], [-73.9967654022518, 40.75931228534136], [-73.99671624316048, 40.759293723991746], [-73.99666726821538, 40.75927464112515], [-73.99661842326456, 40.759255195935246], [-73.99656970470063, 40.7592353554852], [-73.99652105115551, 40.75921521034991], [-73.99647241569672, 40.75919490325467], [-73.99642784104687, 40.75917615527935], [-73.99637910458752, 40.759155612093465], [-73.99633047283675, 40.75913509359294], [-73.99588102853913, 40.75894508446944], [-73.99404999769922, 40.75817112379878], [-73.99356588326161, 40.757966477076074], [-73.99328258211516, 40.7578474515259], [-73.99299907610204, 40.757729693336415], [-73.9925418503724, 40.75754094972318], [-73.99225615607885, 40.75742225085553], [-73.99197182732506, 40.75730264011713], [-73.99160039145272, 40.75714580910564], [-73.99135236041664, 40.7570429094812], [-73.99122090441259, 40.75698926996722], [-73.99110308104581, 40.75694152157918], [-73.99094283008846, 40.756876903284436], [-73.99072624149902, 40.75678944945566], [-73.9907009654151, 40.75677919305071], [-73.99045201651933, 40.75667759241706], [-73.99044295715734, 40.756673864302066], [-73.9903944625499, 40.756653686392475], [-73.99024729695618, 40.75659255953347], [-73.99020289180703, 40.756574017757174], [-73.99015187085247, 40.75655270869529], [-73.98942138697366, 40.7562425783033], [-73.9893808044605, 40.75622581515501], [-73.9893692151354, 40.756221008037166], [-73.9893184329115, 40.75619990448295], [-73.9893085868755, 40.75619575625947], [-73.98925632857292, 40.756173626006], [-73.98924826913164, 40.75617017236452], [-73.98919450226178, 40.756147053833864], [-73.98918816083317, 40.75614428928039], [-73.9891326543395, 40.75612050358434], [-73.98912801287123, 40.75611844184266], [-73.98908796121982, 40.75610096226248], [-73.98907111334152, 40.75609353612934], [-73.98901007783212, 40.75606589897172], [-73.98894954419345, 40.75603764975157], [-73.98888929221228, 40.75600900253862], [-73.98882910528218, 40.75598018512612], [-73.9887829942515, 40.75595807721113], [-73.98877609347527, 40.755954796568304], [-73.98876884982676, 40.75595135120691], [-73.98871892389967, 40.75592756585476], [-73.98870847529349, 40.75592261879992], [-73.98866343982297, 40.755901359068616], [-73.98865463339932, 40.75589722461513], [-73.98861920919622, 40.75588067579572], [-73.98859991807203, 40.7558717177841], [-73.98854550951654, 40.75584665011667], [-73.98849092409462, 40.755821832177695], [-73.98843028243162, 40.75579463116557], [-73.98838434102981, 40.75577411231507], [-73.98836975988328, 40.75576770186328], [-73.98832820727468, 40.755749236502865], [-73.98831553539166, 40.75574372102465], [-73.9882613433716, 40.755720039340986], [-73.98820691672076, 40.75569666227447], [-73.98815216882606, 40.75567350747347], [-73.98808992823741, 40.755647458910246], [-73.98804071686395, 40.75562696154203], [-73.98802746029833, 40.75562142675811], [-73.9879794833137, 40.755601404332914], [-73.98796505377338, 40.755595369875714], [-73.98791832922952, 40.755575786715085], [-73.98790270867201, 40.755569236113004], [-73.98785717882339, 40.75555005104102], [-73.98784041417052, 40.75554300076614], [-73.98779610065615, 40.75552430161836], [-73.98777817025308, 40.75551675166719], [-73.98773500088394, 40.75549852745811], [-73.98771592277619, 40.75549049704458], [-73.98767388309906, 40.75547282188216], [-73.987653613978, 40.75546429453183], [-73.9876127184354, 40.75544713273704], [-73.98759124025769, 40.7554380974678], [-73.9875698523139, 40.75542910612019], [-73.98755164405318, 40.755421454548106], [-73.98752898569465, 40.755411919596014], [-73.98749045422949, 40.755395702206044], [-73.9874700010894, 40.75538708971625], [-73.98742726137019, 40.75536909325213], [-73.98740438649853, 40.7553594621857], [-73.9873682768381, 40.755344277043854], [-73.9873421573481, 40.75533328696016], [-73.98732745002327, 40.75532710966553], [-73.98730708354364, 40.755318541072185], [-73.98727980553585, 40.7553070567924], [-73.98725196089751, 40.75529534737428], [-73.9872174934682, 40.75528087051113], [-73.98718483062436, 40.75526718158038], [-73.98715529333117, 40.75525474184824], [-73.98712374575754, 40.75524143179937], [-73.98709366354277, 40.7552285720443], [-73.98706280536302, 40.755215437719684], [-73.98703218540625, 40.755202366542704], [-73.98700191555517, 40.75518940793167], [-73.9869707831448, 40.755176015545246], [-73.98694127485916, 40.75516331226571], [-73.98690948202908, 40.75514949709697], [-73.98687941796595, 40.755136527498045], [-73.98685776682314, 40.75512704467834], [-73.9868177271365, 40.75510984427161], [-73.98678673556716, 40.75509645734091], [-73.98677337817604, 40.755090776929165], [-73.98675581975657, 40.75508333116143], [-73.98674199678489, 40.75507749424196], [-73.98672287201828, 40.755069345633984], [-73.98669534877678, 40.75505783648442], [-73.98667158986402, 40.75504791971631], [-73.98664274205912, 40.755036009668004], [-73.98663463955302, 40.75503267935162], [-73.98659922311792, 40.75501818023482], [-73.98657424429656, 40.75500801353282], [-73.98653294136008, 40.75499127948635], [-73.9865215906326, 40.75498669443342], [-73.98649988169059, 40.75497794164183], [-73.986491526546, 40.75497457560408], [-73.98645760431353, 40.75496087533985], [-73.9864473255059, 40.754956735054385], [-73.98640291156464, 40.75493874075678], [-73.98634571775729, 40.75491545031329], [-73.98628859261422, 40.75489194026979], [-73.98623159748924, 40.754868243570755], [-73.98617477569691, 40.75484435473202], [-73.9861167016379, 40.75481969169593], [-73.98605685920155, 40.75479409794763], [-73.98599878540487, 40.75476860319394], [-73.98594079108061, 40.75474300960972], [-73.98588293399703, 40.7547172348598], [-73.98582523582854, 40.754691196604675], [-73.98576760990622, 40.75466509794507], [-73.98570690196033, 40.75463728615273], [-73.98564624461454, 40.75460939199219], [-73.98558581116284, 40.75458122060829], [-73.98552543552464, 40.7545529943049], [-73.98546517905035, 40.75452475700579], [-73.9854048937615, 40.754496475755474], [-73.98534466629123, 40.75446811762796], [-73.98527988068663, 40.75443756034488], [-73.98522417182485, 40.75441129422784], [-73.98516382541492, 40.754382861882014], [-73.98510332743734, 40.75435453927468], [-73.98504249734789, 40.7543266584964], [-73.98501903877838, 40.754315599611026], [-73.98499583643711, 40.75430474661017], [-73.98498170704414, 40.75429863770902], [-73.98497233804169, 40.75429429978845], [-73.98496451008498, 40.754290694915426], [-73.98494731311077, 40.75428283720642], [-73.98493008003047, 40.75427505085345], [-73.98492527995116, 40.75427323869299], [-73.9849127097153, 40.75426762678641], [-73.98490158669077, 40.754262703999395], [-73.98489538637591, 40.75425998314325], [-73.98488105490455, 40.754253747944844], [-73.9848794741472, 40.754253064295604], [-73.98487817489419, 40.75425250419687], [-73.98487658330872, 40.75425182054617], [-73.98486054107538, 40.754245211835155], [-73.98485369833138, 40.75424232071804], [-73.9848430985662, 40.754237883814206], [-73.9848255658017, 40.754230662823836], [-73.98480798605016, 40.754223743746664], [-73.98479034134205, 40.75421678623173], [-73.98478059685556, 40.75421302464262], [-73.98477262802223, 40.75420999064507], [-73.9847548280475, 40.75420334051574], [-73.98474284225617, 40.75419905438028], [-73.98473710380613, 40.75419698408152], [-73.98472464881638, 40.75419261279487], [-73.98471915216169, 40.75419069348831], [-73.9847010849781, 40.75418458677493], [-73.98469288147301, 40.754181851918034], [-73.98468315851275, 40.754178702401866], [-73.98467429811745, 40.7541758960929], [-73.9846653907914, 40.754173130948196], [-73.98465402203584, 40.7541696271382], [-73.9846469481346, 40.7541674880384], [-73.98464133951798, 40.75416589533801], [-73.9846288193884, 40.75416231726386], [-73.9846233695761, 40.754160765754975], [-73.98461740726692, 40.75415906047161], [-73.98460997601742, 40.75415701464319], [-73.98460263138027, 40.75415502646553], [-73.98458546619139, 40.75415052553099], [-73.9845770062924, 40.754148380751936], [-73.98456742753658, 40.75414601349794], [-73.98455072060715, 40.75414210274001], [-73.98450534569956, 40.75413238847855], [-73.98448200480892, 40.754128147448625], [-73.98447193143198, 40.75412638945365], [-73.98445538305118, 40.7541236561994], [-73.98444251245894, 40.75412166452087], [-73.98441240392854, 40.754117664100264], [-73.98437912270379, 40.75411388282125], [-73.98434207316596, 40.75411062252226], [-73.98431537133186, 40.754109046150084], [-73.98427134450426, 40.75410731644636], [-73.98425115730915, 40.75410699804236], [-73.98420017108913, 40.754107411006466], [-73.9841868126385, 40.754107958122674], [-73.9841289571976, 40.7541107498069], [-73.98412212809603, 40.754111385646866], [-73.98409603895409, 40.75411361078165], [-73.98406940831187, 40.75411621735538], [-73.984056132796, 40.754117091092624], [-73.984043279446, 40.754118513836104], [-73.98401681828861, 40.75412175445746], [-73.98399875278123, 40.75412404106761], [-73.98398994569466, 40.754124846799236], [-73.98397808848175, 40.754126475529844], [-73.98396350245812, 40.75412858969941], [-73.9839369328539, 40.754132483536885], [-73.98391017193329, 40.75413644321539], [-73.98388337126845, 40.754140559332654], [-73.98385657778512, 40.75414481542675], [-73.98381482646194, 40.75415133657422], [-73.98378805460085, 40.75415569695573], [-73.98376111313665, 40.75415988713291], [-73.98373409588744, 40.754164014163884], [-73.98371911997799, 40.75416635880611], [-73.98370720134653, 40.7541681713981], [-73.9836934708161, 40.75416993158217], [-73.9836731492993, 40.75417270638674], [-73.98366556571855, 40.754173778507315], [-73.98365290717251, 40.75417554158332], [-73.98363910081639, 40.75417740605055], [-73.98362564471019, 40.75417869965875], [-73.98361160383175, 40.754180201782816], [-73.98359770729364, 40.75418184390783], [-73.98357946856194, 40.75418389986891], [-73.98357082025231, 40.75418479891247], [-73.98355950467491, 40.75418542035539], [-73.98354305994681, 40.75418690565952], [-73.98353318805455, 40.75418780452548], [-73.98352050802802, 40.75418883199194], [-73.98350773778614, 40.75418977984645], [-73.98348106421754, 40.754190613171964], [-73.9834715966732, 40.75419111684718], [-73.98345527123277, 40.75419187205348], [-73.98340006185462, 40.754192712237206], [-73.98332836186165, 40.75419086839201], [-73.98327141745372, 40.75418738528791], [-73.9832567492388, 40.754186076657646], [-73.98320706374041, 40.75418089832352], [-73.98318547311737, 40.75417804338277], [-73.98315777929605, 40.754174119839575], [-73.98314538512653, 40.75417230649434], [-73.98313123693431, 40.75416994943124], [-73.98311723675434, 40.75416748808767], [-73.9831031355446, 40.75416490046931], [-73.98307618555131, 40.75415985715919], [-73.98306177038005, 40.75415706637838], [-73.9830497698326, 40.75415449278609], [-73.98302332898261, 40.75414861788047], [-73.98300363369987, 40.7541442124034], [-73.98298487327727, 40.75413970001596], [-73.98296075334498, 40.754133539985155], [-73.98294402859754, 40.754129115724034], [-73.98292724246537, 40.75412479849651], [-73.98290229978015, 40.754117954889715], [-73.98287637906704, 40.75411068569651], [-73.98283410563585, 40.75409805082784], [-73.98281088831072, 40.75409098787864], [-73.98276656158772, 40.754076727789034], [-73.98274609451968, 40.75407006871586], [-73.98269963870821, 40.754054202605055], [-73.9826818785175, 40.754048197176495], [-73.98263330438922, 40.75403096109204], [-73.98261819333644, 40.75402555715244], [-73.98256745756038, 40.75400703891753], [-73.98255496310652, 40.7540024340867], [-73.98250204763069, 40.75398266937802], [-73.98249211200937, 40.7539789130556], [-73.98243695906774, 40.75395797871494], [-73.9823721268918, 40.75393301083488], [-73.98230752943623, 40.75390780690611], [-73.98224330384579, 40.753882410866126], [-73.98218216047458, 40.75385787437261], [-73.98212131676931, 40.753833175953], [-73.98206061394612, 40.75380821128268], [-73.98200011337659, 40.75378293645559], [-73.98198922516626, 40.753778348282744], [-73.98193971036525, 40.75375744203224], [-73.98192613350571, 40.7537516841699], [-73.98187940487976, 40.753731848781584], [-73.9818631032803, 40.753724926710724], [-73.98181905614186, 40.753706206086974], [-73.98180004423735, 40.75369814450964], [-73.98175869299037, 40.75368064570077], [-73.98173692386271, 40.75367144735133], [-73.98169821074934, 40.75365518407476], [-73.98167366632342, 40.75364496697151], [-73.98163758049449, 40.753629999612656], [-73.98161019579314, 40.75361881040287], [-73.98157694654712, 40.7536052817249], [-73.98154645449331, 40.75359307919146], [-73.9815182793818, 40.75358186238566], [-73.98148243158131, 40.75356782274051], [-73.98145959406585, 40.75355896451533], [-73.98141800431588, 40.7535431206274], [-73.98140052244949, 40.753536568841234], [-73.9813531582485, 40.75351900853088], [-73.98134104649043, 40.7535146561466], [-73.98132063411948, 40.75350713497812], [-73.98130421683271, 40.75350128600494], [-73.98128117700578, 40.75349326211437], [-73.98127126308444, 40.753489854272665], [-73.98125484943486, 40.7534839366744], [-73.98123825163037, 40.753478307242155], [-73.98122058554551, 40.753472381200794], [-73.98120489718369, 40.75346717185819], [-73.98118832108624, 40.75346139146122], [-73.98116578280532, 40.75345400715531], [-73.98115472837664, 40.753450478348256], [-73.98112540157868, 40.753440784591895], [-73.98110438625203, 40.75343411690229], [-73.9810874418813, 40.75342881950571], [-73.98107054803546, 40.753423552307176], [-73.98105511953447, 40.753418466500456], [-73.98104537516328, 40.75341545116588], [-73.98103683981444, 40.753412817549304], [-73.9810294485274, 40.753410538192774], [-73.98101997843969, 40.75340762445683], [-73.98099951891885, 40.75340114622713], [-73.98098279107053, 40.753396040983134], [-73.98096605601631, 40.75339090005378], [-73.98094927403612, 40.753385783817], [-73.9809325462215, 40.753380587989064], [-73.98091578592768, 40.753375383919085], [-73.98089897871827, 40.75337016885987], [-73.98088220038144, 40.75336497027145], [-73.98086543286739, 40.753359799129875], [-73.9808486292712, 40.75335459778766], [-73.98083185819328, 40.75334928665853], [-73.980815054634, 40.753343975521545], [-73.98079821496661, 40.75333872476052], [-73.98078945949462, 40.753335997767465], [-73.98078143665981, 40.75333347675199], [-73.980772886912, 40.75333078272895], [-73.98076447436023, 40.753327948746154], [-73.98074781159494, 40.75332257174894], [-73.9807310549935, 40.75331718100988], [-73.98071654679241, 40.75331255093954], [-73.98069988771339, 40.75330693514305], [-73.98068332605504, 40.75330143738463], [-73.98067485214723, 40.75329861985343], [-73.98066637824418, 40.75329578859788], [-73.9806496650072, 40.75329026336166], [-73.98063311787827, 40.75328447740005], [-73.98061653102476, 40.753278776516474], [-73.98059999832773, 40.75327302897897], [-73.98058340787458, 40.75326731436628], [-73.98056700517704, 40.753261369224155], [-73.98055053749506, 40.75325548994265], [-73.98053418532838, 40.75324956401765], [-73.98051778623605, 40.75324366278507], [-73.98050157127648, 40.75323757768329], [-73.98048533464217, 40.75323156668373], [-73.98046917383334, 40.75322546511809], [-73.98045302023569, 40.75321939923313], [-73.9804386061653, 40.753213926506525], [-73.98041515540497, 40.753204790750225], [-73.98039927976488, 40.753198626094054], [-73.98038953209424, 40.753194768066194], [-73.98036776313323, 40.75318618428058], [-73.98035083376351, 40.75317938814643], [-73.98033789223686, 40.75317418738829], [-73.98032651338863, 40.75316954133436], [-73.98030471564238, 40.753160710504666], [-73.98028893756504, 40.753154241183125], [-73.98027321004011, 40.753147708738844], [-73.98026381972817, 40.753143782142836], [-73.98022266762133, 40.75312668903761], [-73.98021440330007, 40.753123185321854], [-73.98019633363397, 40.753115650632246], [-73.98017358690238, 40.75310603736178], [-73.98015244255559, 40.75309697056745], [-73.98013912585097, 40.75309123175197], [-73.98009064795039, 40.75307054995239], [-73.98007699925263, 40.753064629918995], [-73.98002888951208, 40.75304404696793], [-73.98001487993659, 40.75303798139302], [-73.97996717444309, 40.753017516510326], [-73.97995282565623, 40.75301127246031], [-73.97991032416186, 40.75299306189646], [-73.97989075336491, 40.7529846101516], [-73.97984374443425, 40.752964515880024], [-73.97982863777573, 40.75295806582587], [-73.97978197892557, 40.75293817195676], [-73.97976647890586, 40.75293158184334], [-73.9797201232111, 40.75291189934784], [-73.97970425869782, 40.7529051938825], [-73.97965818812203, 40.752885687076], [-73.97964200242829, 40.75287886352123], [-73.97959628554958, 40.75285952692671], [-73.97957969928522, 40.7528525386074], [-73.97953432527588, 40.752833369478516], [-73.97951740701424, 40.75282623013017], [-73.97947237226357, 40.752807231211435], [-73.97945510756712, 40.75279994357584], [-73.97941044818026, 40.75278107370283], [-73.97939281539969, 40.75277361856256], [-73.97934851333467, 40.75275486126402], [-73.97933054855935, 40.7527472523488], [-73.97928665072914, 40.752728632336286], [-73.979268325086, 40.75272086689587], [-73.97922478818083, 40.75270237592773], [-73.97920611249673, 40.752694459453224], [-73.979162889596, 40.75267609477667], [-73.97914388192139, 40.7526680162919], [-73.979101016307, 40.75264987123647], [-73.97908163332743, 40.75264164171223], [-73.9790391033662, 40.75262364216622], [-73.97901937033775, 40.7526152917989], [-73.97897716157806, 40.75259748167596], [-73.97895706767771, 40.75258899673949], [-73.97891519094593, 40.752571378786726], [-73.97889471090915, 40.75256275927608], [-73.97885267900972, 40.752545144016786], [-73.97883228919355, 40.75253661234351], [-73.97879669903764, 40.75252176769678], [-73.97876977004104, 40.75251057514891], [-73.97874107633385, 40.75249867686909], [-73.97870717148649, 40.75248468337714], [-73.97868538144324, 40.752475709514655], [-73.97864445742864, 40.75245896172416], [-73.97862958548417, 40.75245288758612], [-73.97858062821463, 40.752433033973574], [-73.97856704820016, 40.75242760508314], [-73.9785274738608, 40.75241165896812], [-73.97850593277104, 40.75240310506427], [-73.97848630076112, 40.75239529259459], [-73.9784568852345, 40.75238358624126], [-73.97844568342677, 40.75237918980605], [-73.97840009312358, 40.75236120866384], [-73.97834092638736, 40.752338073061765], [-73.97828150702708, 40.75231498404222], [-73.97822205879784, 40.752292004776415], [-73.97816254922937, 40.752269094086905], [-73.97810296389426, 40.7522462217786], [-73.9780433858196, 40.75222334669601], [-73.97799895039519, 40.752206290594415], [-73.97798381862269, 40.752200444137124], [-73.97792428035919, 40.75217748665798], [-73.97786483238227, 40.75215448799412], [-73.9778054277943, 40.752131379517955], [-73.97774624700959, 40.752108309480796], [-73.97768821025615, 40.75208568428371], [-73.97763040454643, 40.75206302616529], [-73.97757266385398, 40.75204033509339], [-73.97751497734824, 40.75201761930036], [-73.97745723311685, 40.75199495287252], [-73.97743765544922, 40.75198725825837], [-73.97739944922007, 40.75197229464208], [-73.97737542193747, 40.75196284525087], [-73.97734168341356, 40.751949622662416], [-73.97731302965995, 40.75193844315734], [-73.97728381656825, 40.75192700552869], [-73.97724913975772, 40.751913532956], [-73.97722589200093, 40.751904426780854], [-73.977184982817, 40.75188862541098], [-73.97716787357663, 40.75188200992529], [-73.97715681989632, 40.75187767652293], [-73.97712076815345, 40.75186378369255], [-73.97709819885627, 40.75185501523017], [-73.97705456869059, 40.75183823065337], [-73.97699935439432, 40.75181691491482], [-73.9769827901165, 40.75181050811119], [-73.97694397413704, 40.75179551402936], [-73.97692807749472, 40.75178935986822], [-73.97690059670275, 40.75177871297617], [-73.97688511869154, 40.75177270436459], [-73.97686392800162, 40.751764482337556], [-73.97684899131355, 40.75175867968587], [-73.97682615867431, 40.7517497327086], [-73.97679983996159, 40.751739467546074], [-73.97676734670482, 40.75172668145453], [-73.97672728230076, 40.75171088832625], [-73.97670869363682, 40.75170347649662], [-73.97667206122692, 40.751688913689684], [-73.97665012366771, 40.75168014252249], [-73.97661534623887, 40.751666145491406], [-73.97659170179396, 40.75165659445833], [-73.97654489653274, 40.75163758030797], [-73.97653342799393, 40.7516328954335], [-73.97647528421857, 40.75160905367883], [-73.97641725242678, 40.75158505546706], [-73.97635930374103, 40.75156091177138], [-73.9763015536378, 40.751536677510714], [-73.97629216740803, 40.7515327176538], [-73.97623853854235, 40.7515100651839], [-73.97622927863564, 40.751506127305916], [-73.9761757328498, 40.751483406205175], [-73.97616640438474, 40.75147944086041], [-73.97611294526843, 40.75145670602459], [-73.97610360238575, 40.751452707734785], [-73.97605021189568, 40.75142995092602], [-73.976040814884, 40.75142594713033], [-73.97598746774665, 40.751403193046166], [-73.97597803465709, 40.75139917002463], [-73.97592474169515, 40.75137643239109], [-73.97591527974326, 40.75137239837931], [-73.97586199403568, 40.751349679931415], [-73.97585248878954, 40.75134562120272], [-73.97579926447177, 40.75132293018599], [-73.97578969788232, 40.75131885497072], [-73.97573651329685, 40.75129619687022], [-73.97572689258665, 40.75129209419084], [-73.9756737621653, 40.751269482733406], [-73.97566411980746, 40.751265380044195], [-73.97561096416209, 40.75124277404188], [-73.97560129655047, 40.75123866310782], [-73.97554820229146, 40.75121609277112], [-73.97553846251316, 40.75121195436895], [-73.97548538994498, 40.751189403221076], [-73.97547562491496, 40.75118525108448], [-73.97542262456464, 40.75116272462568], [-73.97541279458662, 40.7511585450224], [-73.9753598195413, 40.75113602402954], [-73.97534998957116, 40.7511318444209], [-73.97529706509329, 40.75110933438885], [-73.97528715934966, 40.75110512182158], [-73.97523426739315, 40.75108262274655], [-73.9752243255714, 40.751078393697654], [-73.9751715202642, 40.75105593303882], [-73.97516151710295, 40.75105167926852], [-73.97509382619484, 40.75102288597565], [-73.97506644744418, 40.751011239578766], [-73.97504594676673, 40.7510025205663], [-73.97503590392739, 40.75099824756325], [-73.97498316370375, 40.75097581153461], [-73.97497307395894, 40.75097152204737], [-73.9749356091207, 40.75095558338719], [-73.97491026208485, 40.75094480199056], [-73.97485763381266, 40.75092241533411], [-73.97484743943454, 40.75091807915223], [-73.97479486533445, 40.75089571443682], [-73.97478464209497, 40.75089136726412], [-73.97473208247071, 40.75086901075734], [-73.97472180150152, 40.750864638863675], [-73.97466931048288, 40.75084231253546], [-73.97465899343722, 40.75083792141496], [-73.97460653133007, 40.75081560604337], [-73.9745961854222, 40.75081120667664], [-73.97454376305201, 40.750788907753595], [-73.97453338828407, 40.7507844946511], [-73.97448098039067, 40.750762201192124], [-73.97447055871882, 40.750757768860296], [-73.97441821221436, 40.750735500088986], [-73.97440773642133, 40.75073104578149], [-73.97435544408837, 40.7507087989516], [-73.97434491417525, 40.750704319923535], [-73.97429267961975, 40.75068210327017], [-73.97428208476016, 40.75067759677439], [-73.97422988272507, 40.75065539107864], [-73.97421930230861, 40.75065089006982], [-73.9741671291836, 40.750628698075786], [-73.97415648382083, 40.75062416959913], [-73.97410433238957, 40.750601985815635], [-73.97409366177533, 40.750597446348486], [-73.97404158255792, 40.750575292744955], [-73.9740308433883, 40.750570725809055], [-73.97397878586463, 40.75054858041617], [-73.97396804670362, 40.75054401347438], [-73.9739160325244, 40.7505218872761], [-73.97390521759198, 40.7505172873743], [-73.97385323593178, 40.75049517487868], [-73.97384239574801, 40.75049056398622], [-73.97379048269217, 40.75046848166997], [-73.97377956673718, 40.750463837817406], [-73.97372768980938, 40.750441769204706], [-73.97371678829667, 40.75043713358368], [-73.97366494388767, 40.75041507867378], [-73.9736539702131, 40.750410410093366], [-73.97360215471366, 40.75038836888545], [-73.97359114496152, 40.750383686567005], [-73.97353938724184, 40.75036166730202], [-73.97352832336959, 40.7503569630071], [-73.97347660899389, 40.75033496293701], [-73.97346550543718, 40.750330239413714], [-73.97341383801353, 40.7503082612841], [-73.97340270920479, 40.750303529514674], [-73.97335105986623, 40.7502815568505], [-73.97333987332951, 40.750276800358826], [-73.97328828898536, 40.75025485787372], [-73.97327706276451, 40.75025008215349], [-73.97322551093872, 40.75022815337143], [-73.973214255859, 40.75022336391467], [-73.97316274376882, 40.75020145158216], [-73.97315145982805, 40.75019665387821], [-73.97309996221367, 40.750174747010405], [-73.97308863137162, 40.750169927331406], [-73.97303719514441, 40.750148045152514], [-73.97302581018394, 40.75014320075185], [-73.97297442812541, 40.75012134326027], [-73.97295446927795, 40.75011285181552], [-73.97291166476487, 40.75009464407932], [-73.97290017156561, 40.7500897557248], [-73.97284886897768, 40.75006793113269], [-73.97283736496132, 40.75006304002458], [-73.97278611654296, 40.750041237375186], [-73.97277455480047, 40.75003631879967], [-73.97272332085653, 40.7500145243599], [-73.97271174107976, 40.75000960028433], [-73.97266056852244, 40.74998783053379], [-73.9726489238025, 40.749982876244204], [-73.97259777654585, 40.7499611174507], [-73.97258612822607, 40.749956163153904], [-73.97253502431238, 40.74993442355598], [-73.97252330383124, 40.74992943904338], [-73.97247222882726, 40.74990771040338], [-73.97246047948802, 40.74990271215376], [-73.97240947669438, 40.74988101644007], [-73.97239764797688, 40.74987598522801], [-73.97234668131001, 40.74985430321885], [-73.97233484538481, 40.74984926925381], [-73.97228394010295, 40.74982761467904], [-73.9722720608854, 40.749822561483896], [-73.97222115203635, 40.74980090413563], [-73.9722092331346, 40.74979583445597], [-73.97215838567159, 40.749774201797415], [-73.97214641265138, 40.74976911014012], [-73.97209560492169, 40.74974749667659], [-73.97208359582652, 40.74974238853551], [-73.97203283865753, 40.74972079426976], [-73.97202080070349, 40.74971567513611], [-73.97197005800832, 40.74969408908032], [-73.971957962328, 40.749688945223326], [-73.97190729184364, 40.749667389349575], [-73.97189515648066, 40.74966222626306], [-73.97184451129621, 40.7496406813468], [-73.97183234707566, 40.7496355045228], [-73.97178174523222, 40.749613981547434], [-73.97176953050274, 40.74960878274644], [-73.97171897921965, 40.749587278969024], [-73.9717067356316, 40.74958206917529], [-73.97165621686543, 40.749560579101995], [-73.97164390833441, 40.749555341838075], [-73.97159342208515, 40.749533865468834], [-73.97158108830472, 40.74952861721299], [-73.97153067065658, 40.74950717102532], [-73.97151827193343, 40.749501895299225], [-73.97146787958607, 40.749480457324445], [-73.97145546643755, 40.74947517884325], [-73.97140512825813, 40.74945376281233], [-73.97139265738527, 40.74944845686249], [-73.97134233367922, 40.74942704904192], [-73.9713298447731, 40.74942173759127], [-73.97127958245188, 40.749400354461216], [-73.97126702138624, 40.74939501279349], [-73.97121678797367, 40.74937364062216], [-73.97120420526693, 40.74936829070793], [-73.97115404406398, 40.74934694871941], [-73.97114141445823, 40.74934157682856], [-73.97109969347405, 40.74932382706112], [-73.97109120277621, 40.74932021558665], [-73.97107858400673, 40.749314846436384], [-73.97102850226946, 40.74929354009466], [-73.97101575721359, 40.74928811875552], [-73.97096571520842, 40.74926683160964], [-73.97095295572991, 40.74926140202563], [-73.97090294985007, 40.749240128585214], [-73.97089017233857, 40.74923469350017], [-73.97084017010674, 40.74921342277816], [-73.97082734569662, 40.749207965716224], [-73.97077740484903, 40.749186719685106], [-73.97076452632211, 40.749181240644475], [-73.9707146288155, 40.749160013810325], [-73.97070170699801, 40.74915451553837], [-73.97065186365839, 40.74913331064869], [-73.97063889133338, 40.7491277903988], [-73.97058908411638, 40.7491066047043], [-73.97057609736778, 40.74910107895417], [-73.97052631905996, 40.749079901474076], [-73.97051326015293, 40.74907434550614], [-73.97046354322895, 40.749053192717234], [-73.9704504554644, 40.749047625755786], [-73.97040077466283, 40.749026492162194], [-73.97038765082503, 40.749020908715835], [-73.97033800614822, 40.74899978882812], [-73.97032485706215, 40.74899419438906], [-73.97027524851008, 40.74897308820725], [-73.97026203087383, 40.748967466295795], [-73.97021245483728, 40.748946373819024], [-73.97019921195283, 40.74894074091484], [-73.97014970451549, 40.748919678620936], [-73.9701363930823, 40.74891401549949], [-73.97008691094344, 40.74889296416405], [-73.9700735670452, 40.74888728730317], [-73.97002416072226, 40.74886626889736], [-73.97001078796687, 40.748860581042656], [-73.96996136724965, 40.74883955711657], [-73.96994797285538, 40.748833858269954], [-73.96989861712909, 40.74881286178128], [-73.96988515057727, 40.748807132716216], [-73.96983582736745, 40.748786147188056], [-73.96982233556783, 40.74878040713], [-73.96977308817355, 40.74875945453176], [-73.96975954586739, 40.748753692495086], [-73.9697102985114, 40.74873274261465], [-73.96969672013266, 40.74872696409261], [-73.96964753415942, 40.7487060389041], [-73.9696339016653, 40.74870023840237], [-73.96958475903178, 40.74867933241164], [-73.96957107242233, 40.748673509930214], [-73.9695219947805, 40.74865262863252], [-73.96950827209741, 40.748646792410284], [-73.9694592161444, 40.748625922070474], [-73.96944548625542, 40.748620083094075], [-73.96939645199245, 40.74859922096744], [-73.96938266438181, 40.74859335452074], [-73.9693336554167, 40.748572503352996], [-73.96931966935556, 40.7485665545034], [-73.96927089856837, 40.74854583512028], [-73.9692570135537, 40.748539927461266], [-73.96920810208188, 40.7485191421399], [-73.96919420625107, 40.74851323447036], [-73.9691453345196, 40.7484924463882], [-73.96913136653363, 40.74848650575473], [-73.969082577845, 40.748465728647076], [-73.96906858100914, 40.748459763295486], [-73.96901984649453, 40.748438988920476], [-73.9690057991505, 40.74843300707915], [-73.96895706828026, 40.74841224091269], [-73.96893464235197, 40.748402674907496], [-73.96889436590178, 40.74838550387009], [-73.96888024280648, 40.748379486311244], [-73.96883158778573, 40.74835876128323], [-73.96881744305121, 40.74835273547658], [-73.96876884940443, 40.748332051609815], [-73.96875463251406, 40.7483259955836], [-73.96871251948699, 40.74830808839156], [-73.96869948974603, 40.74830255143845], [-73.96865618237901, 40.748284152591204], [-73.96864432535338, 40.74827912647419], [-73.96859979116654, 40.748260235961666], [-73.96858912490504, 40.74825570970779], [-73.96854343245147, 40.74823637146354], [-73.96853393168766, 40.74823234781182], [-73.96848703045248, 40.7482125398629], [-73.9684305815656, 40.748188730179656], [-73.96837412187499, 40.748164956147455], [-73.96831808077884, 40.74814138531398], [-73.96825971232535, 40.74811688059735], [-73.96819352824488, 40.748089140379165], [-73.96814240898492, 40.74806774740466], [-73.96812888134544, 40.748062092224885], [-73.96809435321916, 40.74804765901158], [-73.96806289217974, 40.74803452490452], [-73.9680462938628, 40.7480275925554], [-73.9680029614387, 40.74800951184561], [-73.96799134984091, 40.74800466413799], [-73.96794301991152, 40.74798450698666], [-73.96792134109351, 40.74797546523845], [-73.96788308564348, 40.74795951033271], [-73.96785885937193, 40.74794939466562], [-73.96782314420362, 40.74793451090073], [-73.96779637769527, 40.747923332293055], [-73.96776319920237, 40.74790950594695], [-73.96773389606881, 40.7478972671417], [-73.9677032506411, 40.74788449272664], [-73.96767141810031, 40.74787120195741], [-73.96764333099715, 40.747859479483104], [-73.96760894740675, 40.74784512027265], [-73.96758340058044, 40.747834446992066], [-73.9675464912063, 40.74781902208952], [-73.96752348465026, 40.747809403494806], [-73.9674840531054, 40.74779291289848], [-73.96746357237686, 40.74778435447782], [-73.96743606990643, 40.74777284620836], [-73.96740366375357, 40.74775931366485], [-73.96738803982427, 40.74775276850591], [-73.96737915979763, 40.74774906332526], [-73.96735749917794, 40.74774002147568], [-73.96734370826046, 40.74773426731781], [-73.96731036038088, 40.74772033923714], [-73.96727763673667, 40.74770669952274], [-73.96726321798914, 40.7477006844257], [-73.96721712203406, 40.74768145807357], [-73.967201671325, 40.74767501449427], [-73.96715657850781, 40.7476562110948], [-73.9671401030554, 40.74764934177894], [-73.9670960819327, 40.74763098880025], [-73.96707856008837, 40.74762368550634], [-73.96703556014283, 40.74760576097709], [-73.96701699551724, 40.74759802370501], [-73.96697505282947, 40.7475805441052], [-73.96695543820623, 40.74757237285177], [-73.96691452029877, 40.747555327194156], [-73.96689388093847, 40.7475467301998], [-73.96685400585218, 40.74753012398013], [-73.96683229484863, 40.74752108201701], [-73.96679346979994, 40.74750491523854], [-73.96677073406114, 40.74749545027697], [-73.96673292296647, 40.747479706461846], [-73.9667091552787, 40.74746981300923], [-73.96668181540988, 40.747458433609275], [-73.96664758014992, 40.74744418119902], [-73.96663067541155, 40.747437147000824], [-73.96658600867343, 40.74741855759109], [-73.96657159725913, 40.74741256162254], [-73.9665244083749, 40.74739292845227], [-73.96651254440516, 40.747387992689745], [-73.96646283337716, 40.74736731850098], [-73.96645348076491, 40.74736342921289], [-73.96640122955331, 40.747341711253036], [-73.96633963299071, 40.74731611220835], [-73.96627804008168, 40.74729051862122], [-73.96621642196101, 40.74726491675943], [-73.96615483636323, 40.74723932585308], [-73.96609322916571, 40.74721372118363], [-73.96603164006201, 40.74718811374166], [-73.96598095510987, 40.74716703008942], [-73.96597006183686, 40.747162498035635], [-73.9659219315606, 40.747142466350965], [-73.96590846923284, 40.74713686307909], [-73.96586287919688, 40.74711787512613], [-73.96584691276766, 40.74711122535549], [-73.96583647415423, 40.74710687457727], [-73.96580389544071, 40.74709329761506], [-73.96578533470998, 40.74708556014495], [-73.96576034412334, 40.747075139140826], [-73.96573820404579, 40.747065901966046], [-73.96571670984677, 40.74705693396463], [-73.96569109506194, 40.74704624651898], [-73.96567315137028, 40.747038753497186], [-73.9656288027199, 40.747020237918065], [-73.9656133270662, 40.74701377215957], [-73.96556655373026, 40.74699423753056], [-73.96555346311933, 40.74698876882091], [-73.9655043084024, 40.74696822887618], [-73.96549358118241, 40.74696374623243], [-73.96547257055485, 40.74695497046265], [-73.96544204508527, 40.74694220645891], [-73.96537981429347, 40.74691619225188], [-73.96531758716071, 40.74689017526746], [-73.9652668882839, 40.746868978761015], [-73.96525532399374, 40.74686414451471], [-73.96521985537002, 40.74684931765406], [-73.96519310777943, 40.74683813844507], [-73.96515662888824, 40.74682288856826], [-73.96513084831446, 40.7468121158602], [-73.96509344214397, 40.746796481417654], [-73.96506860332687, 40.74678610696967], [-73.96503023379442, 40.74677007697045], [-73.96500635116561, 40.74676010627744], [-73.96496703270579, 40.74674368621445], [-73.96494409904858, 40.74673411378574], [-73.96490381362223, 40.74671729541815], [-73.96488181450222, 40.746708115760875], [-73.96484060541141, 40.74669091282457], [-73.96481958051854, 40.74668213967565], [-73.9647773828162, 40.74666452744706], [-73.96475729606647, 40.74665614707278], [-73.96471417470255, 40.746638150273434], [-73.96469503692147, 40.74663016267812], [-73.96465095220746, 40.74661176482635], [-73.96463277060705, 40.74660417824749], [-73.96458774419693, 40.746585382093635], [-73.9645705187771, 40.7465781937875], [-73.96452452541243, 40.74655899383329], [-73.96450823091331, 40.74655219555895], [-73.96446131750197, 40.74653261103099], [-73.96444600083139, 40.7465262165277], [-73.96439809881764, 40.74650622270109], [-73.9643837166723, 40.746500220977474], [-73.96433489100583, 40.746479842573954], [-73.9643214578202, 40.7464742336355], [-73.96427166881121, 40.746453456918054], [-73.96425919179724, 40.74644824900234], [-73.96420844305625, 40.746427073971], [-73.96419693664677, 40.74642226982826], [-73.96416715492926, 40.746409846065646], [-73.96413464906718, 40.74639628512086], [-73.96407237236156, 40.74637030312776], [-73.96401011374489, 40.7463443293408], [-73.96394781548562, 40.7463183417839], [-73.96388557500639, 40.74629237616934], [-73.96382328766968, 40.746266391293034], [-73.96376102203081, 40.746240414624026], [-73.96369874561809, 40.74621442968362], [-73.96363648729576, 40.7461884502046], [-73.96362780613217, 40.746184829883774], [-73.96357421819812, 40.74616246519895], [-73.96354039922315, 40.74614834923123], [-73.96351196358488, 40.74613648016407], [-73.96349914752662, 40.74613112933137], [-73.96344968015758, 40.74611047861783], [-73.96343729347468, 40.746105309067936], [-73.9633874509026, 40.746084496268224], [-73.96337545390801, 40.74607948603101], [-73.96332517479192, 40.746058491912024], [-73.9633135963476, 40.746053657465566], [-73.96326292398798, 40.746032495764304], [-73.96325175687834, 40.7460278316173], [-73.96320066962362, 40.746006499581746], [-73.9631898994153, 40.74600200024049], [-73.9631384261362, 40.7459805006241], [-73.96312806365088, 40.745976174326735], [-73.96307614661256, 40.74595449338694], [-73.96306620989272, 40.745950342884434], [-73.9630139212609, 40.745928505346576], [-73.96300437061525, 40.745924516902974], [-73.9629516490523, 40.74590249804424], [-73.9629425169546, 40.74589868264932], [-73.96288939853987, 40.74587650169408], [-73.96282714446703, 40.745850505309015], [-73.9627648976607, 40.74582450889253], [-73.96270261843019, 40.745798498708055], [-73.96264039336846, 40.745772513210134], [-73.96257812145149, 40.74574650570521], [-73.96251587123206, 40.74572050640789], [-73.9624536210628, 40.745694504332015], [-73.96239138176891, 40.745668502225925], [-73.96232911005413, 40.74564248086231], [-73.96226689250938, 40.745616481440614], [-73.96220462088407, 40.745590473733174], [-73.96214236734264, 40.74556448246643], [-73.96208009580516, 40.74553849116001], [-73.96201784596192, 40.74551251355069], [-73.96197075360364, 40.74549286756143], [-73.96195292980997, 40.745485431637505], [-73.9619237009601, 40.745473240779226], [-73.96189635913325, 40.7454618355362], [-73.96187559118279, 40.74545317721261], [-73.96186098218085, 40.74544708726587], [-73.96182920608192, 40.745433833321854], [-73.96179829953053, 40.745420950198685], [-73.96176731722292, 40.74540803410504], [-73.96173558806127, 40.74539480759822], [-73.96170543201914, 40.74538223760082], [-73.9616728874632, 40.74536867320136], [-73.96165839034923, 40.74536262718202], [-73.96161017609077, 40.745342533277146], [-73.96154747198698, 40.74531639057637], [-73.961500347429, 40.74529673889388], [-73.9614865575216, 40.74529098677749], [-73.96145320847273, 40.74527707071873], [-73.96142418907594, 40.74526495940112], [-73.96139281725858, 40.7452518591777], [-73.96136183151364, 40.745238918270715], [-73.96134329708894, 40.74523116087802], [-73.96129372644937, 40.74521042136877], [-73.96126707759991, 40.74519926872575], [-73.96123717794411, 40.745186737118075], [-73.96121784978912, 40.74517863908899], [-73.96116865088324, 40.74515800395142], [-73.96110981140507, 40.745133314287116], [-73.96105092146522, 40.745108591638584], [-73.96100319834146, 40.74508856900839], [-73.96099198465997, 40.74508385796501], [-73.96094846849445, 40.745065618079444], [-73.96093305149121, 40.745059151709874], [-73.96090016452177, 40.74504538935316], [-73.96087413639293, 40.745034475622894], [-73.96085180645638, 40.74502514137496], [-73.96081517802037, 40.74500981870416], [-73.96080329686322, 40.74500486587732], [-73.96075621246713, 40.74498517273176], [-73.96074578895642, 40.74498081875105], [-73.96069722890176, 40.744960545936124], [-73.96063827783895, 40.74493595480303], [-73.96058609903146, 40.74491417383663], [-73.96056751787685, 40.744906408068395], [-73.96053397798076, 40.74489242580323], [-73.96050429865446, 40.74488004229669], [-73.96048181366724, 40.74487066126289], [-73.96044109031195, 40.74485367100439], [-73.96042854174061, 40.74484842696603], [-73.96037517603996, 40.7448261569304], [-73.96032360716418, 40.744804612103], [-73.96031472070892, 40.744800900884165], [-73.96027203111709, 40.74478304529195], [-73.96025152698155, 40.744774480087024], [-73.96022042623727, 40.74476147021352], [-73.96018835496245, 40.74474805102835], [-73.96016884665137, 40.744739897865394], [-73.96011728514327, 40.74471832550032], [-73.96005948911554, 40.74469412147971], [-73.96000478877541, 40.74467119206906], [-73.9599501065157, 40.74464826538341], [-73.9599394666476, 40.74464379597477], [-73.95989541348348, 40.744625311220474], [-73.95987264728716, 40.744615746071126], [-73.95983304999244, 40.74459911555154], [-73.95979690552011, 40.74458394643062], [-73.95977062881354, 40.74457291159433], [-73.9597464302989, 40.744562742074635], [-73.95970825460562, 40.74454669664064], [-73.95968331285708, 40.74453624139363], [-73.9596458479521, 40.74452050634439], [-73.95962017741121, 40.744509757140094], [-73.95958341246173, 40.74449434070688], [-73.95955702756345, 40.74448330029423], [-73.9595209553539, 40.7444681969858], [-73.9594938705397, 40.74445685713491], [-73.95945850910832, 40.744442075192545], [-73.95943071715331, 40.744430449623835], [-73.95939604846795, 40.744415967084045], [-73.95936751689845, 40.74440404755095], [-73.95933356260947, 40.744389867166866], [-73.95930432752364, 40.74437763995767], [-73.95927108041553, 40.74436375623799], [-73.95924114180777, 40.74435123233089], [-73.95920864157515, 40.74433764803517], [-73.95916977337052, 40.74432139083102], [-73.95914615949596, 40.744311509590815], [-73.95911480302107, 40.744298392281806], [-73.95908371715475, 40.74428538485036], [-73.95905164634313, 40.74427195711348], [-73.9590212604406, 40.74425923811276], [-73.95898847888877, 40.74424552190663], [-73.9589588218079, 40.74423311056091], [-73.95892530787398, 40.744219089408475], [-73.95889637239931, 40.744206980226465], [-73.95886214773418, 40.74419265962417], [-73.95883390860598, 40.744180847108204], [-73.95879500090234, 40.74416456506027], [-73.95878347002403, 40.7441597411529], [-73.95877145207943, 40.74415471395851], [-73.95873581316951, 40.744139799946225], [-73.95870900642497, 40.74412858626823], [-73.9586726495678, 40.74411337554589], [-73.95864656442826, 40.74410245854533], [-73.95860947880362, 40.74408694287404], [-73.95858407557596, 40.74407631430307], [-73.95854632614233, 40.74406049645017], [-73.95852162286955, 40.74405015631608], [-73.95848323850898, 40.74403401982273], [-73.95845923158295, 40.74402396538026], [-73.95842008236482, 40.744007532156864], [-73.95839681868554, 40.74399778538173], [-73.95835690458865, 40.74398109110919], [-73.95833436250372, 40.743971649249595], [-73.95829369434543, 40.74395471039952], [-73.95827184859006, 40.7439455761918], [-73.9582304444138, 40.74392839551464], [-73.95820931302421, 40.74391957994512], [-73.95816720173255, 40.74390210804503], [-73.95814675584553, 40.743893597380335], [-73.95810392663213, 40.743875804060345], [-73.95808419511717, 40.743867598311596], [-73.95804068408187, 40.743849467115545], [-73.95802166333763, 40.743841552558564], [-73.95797748853265, 40.743823072513344], [-73.95795921465324, 40.74381543818305], [-73.95791433999158, 40.74379660927475], [-73.95789680936879, 40.743789252425906], [-73.95785126733968, 40.74377006094197], [-73.95783446193356, 40.743762973334505], [-73.95778828139848, 40.74374343575325], [-73.95777217595312, 40.743736606399786], [-73.95772241650852, 40.74371548924824], [-73.9577099405855, 40.74371017632053], [-73.95766242170254, 40.74368993005159], [-73.95764780275412, 40.74368366939042], [-73.9575996850745, 40.74366306331299], [-73.95758559650959, 40.74365699771646], [-73.95754766742823, 40.743640679924354], [-73.9575236141015, 40.74363026296201], [-73.95747417980098, 40.743608843900255], [-73.95746171482125, 40.7436034101806], [-73.95741161679724, 40.74358158736835], [-73.95739986618788, 40.74357644210497], [-73.9573485740822, 40.74355400399943], [-73.95733811869349, 40.74354940815942], [-73.95732805295027, 40.74354497989266], [-73.9572805923994, 40.74352417630282], [-73.9572638017449, 40.74351678669474], [-73.95721817038243, 40.74349678796974], [-73.95720250175415, 40.74348990654835], [-73.9571556726107, 40.74346943251156], [-73.95714068223862, 40.743462880704065], [-73.95709309903472, 40.74344218678111], [-73.95707879051407, 40.74343598380289], [-73.95703559792925, 40.74341735554465], [-73.95701674354419, 40.74340926796386], [-73.95696748250046, 40.743388301632315], [-73.95695527725601, 40.743383147919246], [-73.95694905015931, 40.7433805270997], [-73.95694280502443, 40.743377898038815], [-73.95693701086219, 40.743375466768285], [-73.95693134297115, 40.743373093184374], [-73.95692572920001, 40.743370738833725], [-73.95691994224775, 40.74336832128872], [-73.95691414807659, 40.74336590648553], [-73.95690835029522, 40.743363494425395], [-73.95690271847113, 40.74336115653537], [-73.9568970144874, 40.743358793915306], [-73.95689122030541, 40.7433563983242], [-73.95688545859059, 40.74335402195816], [-73.95687969687798, 40.74335164284711], [-73.95687402174674, 40.74334931042895], [-73.95686827084891, 40.74334695053464], [-73.95686246222492, 40.74334456866041], [-73.95685669328218, 40.743342211503524], [-73.9568509568065, 40.74333987357174], [-73.956845252798, 40.74333755486507], [-73.95683941168936, 40.743335183956525], [-73.95683359944084, 40.743332829526956], [-73.95682791346151, 40.74333053552899], [-73.95682218779649, 40.743328225047314], [-73.9568163538911, 40.74332587884303], [-73.95681050915974, 40.743323532634406], [-73.95680477626765, 40.74332123861765], [-73.95679894957034, 40.743318908883694], [-73.95679315172964, 40.74331660111827], [-73.95678744408428, 40.7433143318129], [-73.95678162819858, 40.74331202678487], [-73.95677579787811, 40.743309721751125], [-73.9567699711633, 40.74330742220796], [-73.9567642093858, 40.74330515562585], [-73.95675834297678, 40.74330285332242], [-73.95675258119117, 40.74330060046353], [-73.95674677250231, 40.74329833111816], [-73.95674086639599, 40.743296031543714], [-73.95673510460085, 40.74329379515241], [-73.9567293572342, 40.74329156974523], [-73.9567234222551, 40.74328927564849], [-73.95671754860638, 40.74328701176677], [-73.95671180483716, 40.74328480557337], [-73.95670590953283, 40.74328254717239], [-73.95670011163965, 40.74328032997902], [-73.95669437146789, 40.7432781429993], [-73.95668845089612, 40.74327589556699], [-73.95668255557732, 40.743273661867555], [-73.95667662417631, 40.74327141992003], [-73.95667081904247, 40.743269241148965], [-73.95666504999163, 40.74326707062539], [-73.95665912579334, 40.74326485338246], [-73.95665319437788, 40.743262636136485], [-73.95664736758742, 40.7432604655903], [-73.9566414469866, 40.74325826756106], [-73.95663555163884, 40.74325608326473], [-73.95662979338624, 40.74325395940425], [-73.9566238763793, 40.74325178607821], [-73.95661790885858, 40.74324959900904], [-73.9566120856506, 40.74324747237849], [-73.9566061722411, 40.743245318266105], [-73.95660020831782, 40.74324315041061], [-73.95659434180548, 40.74324102376284], [-73.95658838508807, 40.74323887512272], [-73.95658241754457, 40.74323672647822], [-73.95657669533678, 40.74323467399222], [-73.95657070974478, 40.743232533574556], [-73.95656473497056, 40.74323040688442], [-73.95655884678806, 40.7432283104189], [-73.95655288283027, 40.7432262002007], [-73.95654703433085, 40.74322412570756], [-73.95654104511047, 40.74322201822398], [-73.9565350450605, 40.74321991622553], [-73.95652914242145, 40.74321785543478], [-73.95652314597027, 40.743215769905596], [-73.9565172830107, 40.743213736576685], [-73.95651135510218, 40.743211689499276], [-73.95650537308552, 40.743209606719326], [-73.95649933693015, 40.743207534897614], [-73.95649343065581, 40.74320551801967], [-73.95648744500274, 40.743203479153436], [-73.95648142689605, 40.743201401848104], [-73.95647548452772, 40.743199395934596], [-73.95646954576493, 40.74319739551164], [-73.95646352040409, 40.743195375842404], [-73.9564574733909, 40.74319335616469], [-73.956451567085, 40.74319139143482], [-73.95644559583197, 40.7431894102116], [-73.95643956684584, 40.74318741798726], [-73.95643348373541, 40.74318541476309], [-73.95642755216939, 40.74318345002246], [-73.9564215195594, 40.74318148249855], [-73.95641556273615, 40.74317951225823], [-73.95640958063015, 40.743177574945065], [-73.95640341811745, 40.743175588157726], [-73.95639742517683, 40.743173664563614], [-73.9563914827452, 40.74317176294625], [-73.9563853671226, 40.74316981460227], [-73.95637935252132, 40.743167904722725], [-73.95637330905008, 40.74316599483189], [-73.95636722949307, 40.74316408218236], [-73.95636117880493, 40.74316217228816], [-73.95635510284663, 40.743160276107865], [-73.95634912070634, 40.74315839643129], [-73.95634310246595, 40.74315653595396], [-73.95633688938733, 40.74315462050747], [-73.95633086031411, 40.74315277100442], [-73.95632486731645, 40.74315094072796], [-73.95631871916824, 40.74314906922111], [-73.95631268286581, 40.743147238927584], [-73.95630653831448, 40.743145386634694], [-73.95630040818969, 40.74314354807071], [-73.95629434661593, 40.743141734235195], [-73.95628831029325, 40.743139936877405], [-73.95628219819893, 40.74313812027729], [-73.95627603197494, 40.74313630091156], [-73.95626996677575, 40.743134514520825], [-73.95626389796267, 40.743132736362696], [-73.95625774615685, 40.74313094444896], [-73.95625160877925, 40.74312916351938], [-73.95624550387026, 40.74312739907029], [-73.95623931235974, 40.74312562086422], [-73.95623326516493, 40.7431238976077], [-73.95622716384406, 40.74312216609605], [-73.95622100479376, 40.7431204180936], [-73.95621483491384, 40.74311867557621], [-73.95620863616574, 40.74311693030274], [-73.95620251678776, 40.743115220740926], [-73.95619640462411, 40.74311351667097], [-73.9561902058607, 40.74311179609928], [-73.95618400709223, 40.74311008376152], [-73.95617788769931, 40.74310839890111], [-73.95617180077488, 40.74310673052124], [-73.95616556589604, 40.7431050538505], [-73.95615936349296, 40.743103382681284], [-73.95615320799715, 40.743101722508584], [-73.95614709218921, 40.74310007607439], [-73.95614085369924, 40.74309840489043], [-73.95613464406536, 40.743096755675104], [-73.95612851741937, 40.7430951284491], [-73.95612228252462, 40.7430934792235], [-73.95611604040715, 40.74309183822908], [-73.95610996065456, 40.743090243956935], [-73.95610372572455, 40.74308864962534], [-73.95609750885139, 40.74308703608699], [-73.95609131361138, 40.74308545274887], [-73.95608504621407, 40.74308384193533], [-73.95607882932734, 40.74308225035403], [-73.95607263408642, 40.74308066975962], [-73.95606646770334, 40.74307910838919], [-73.95606021832944, 40.74307753051823], [-73.95605394369612, 40.743075949892514], [-73.95604771957161, 40.74307439124375], [-73.9560415567822, 40.74307285457607], [-73.95603530015204, 40.7430713370855], [-73.95602902550002, 40.74306978665071], [-73.95602281938795, 40.74306827741298], [-73.95601664215, 40.743066762696444], [-73.95601033501075, 40.74306522597197], [-73.95600403508571, 40.743063694739405], [-73.95599777845541, 40.74306217999154], [-73.95599153625335, 40.74306067622783], [-73.95598533734419, 40.743059191693646], [-73.95597902657761, 40.7430576851583], [-73.95597282044605, 40.74305620885489], [-73.95596660346118, 40.743054773718235], [-73.95596029629154, 40.74305328639654], [-73.9559539818919, 40.74305181828499], [-73.95594766749615, 40.743050344683574], [-73.95594142526178, 40.743048893067375], [-73.95593519024347, 40.74304744419842], [-73.95592887583585, 40.7430459898092], [-73.9559225650355, 40.743044538165805], [-73.95591631917713, 40.743043111249634], [-73.9559101057926, 40.74304169257986], [-73.95590376250492, 40.74304025464673], [-73.95589744445354, 40.74303885514939], [-73.95589116249936, 40.74303744194182], [-73.95588492743957, 40.7430360589441], [-73.95587861300687, 40.7430346457234], [-73.955858504216, 40.74303019152191], [-73.95584071549347, 40.74302631185945], [-73.95583442629315, 40.74302494530677], [-73.9558281659506, 40.74302359797807], [-73.95582185509448, 40.743022236905865], [-73.9558155009351, 40.743020873071956], [-73.95580917202646, 40.743019525715916], [-73.95580286477082, 40.743018178367834], [-73.95579652503639, 40.7430168310069], [-73.95579017447402, 40.74301548638626], [-73.95578091202728, 40.74301353680211], [-73.9557745073339, 40.74301219215984], [-73.9557681278949, 40.74301085850587], [-73.95576171958231, 40.74300953032995], [-73.95575532931386, 40.74300820216061], [-73.95575057359127, 40.74300722320227], [-73.95574245134064, 40.74300554578342], [-73.9557361007531, 40.74300424233105], [-73.955729753771, 40.74300294436919], [-73.95572139696719, 40.743001242155934], [-73.95571052878738, 40.74299903668698], [-73.95570409519556, 40.742997738690406], [-73.9556976507758, 40.74299644343408], [-73.95569125687737, 40.742995150941525], [-73.95568488461907, 40.742993877670216], [-73.95567842937187, 40.74299258515338], [-73.95567200659299, 40.74299130911717], [-73.95566560907032, 40.742990041324596], [-73.95565924402145, 40.74298878177841], [-73.95565245679504, 40.742987447961006], [-73.95564637679811, 40.742986251653186], [-73.95563997565668, 40.74298500032626], [-73.955633462658, 40.74298372699788], [-73.95562708316238, 40.742982486657645], [-73.95562067842756, 40.74298121337028], [-73.95561425564357, 40.74297994830983], [-73.95560785449419, 40.742978710704875], [-73.9556013703523, 40.742977459343834], [-73.95559494394018, 40.74297622447319], [-73.95558855361055, 40.74297499785038], [-73.95558338650125, 40.74297400500273], [-73.9555757224309, 40.74297254183941], [-73.95551424027505, 40.74296082546973], [-73.95550632360805, 40.74295934024616], [-73.95544503985468, 40.742947780367], [-73.95543690667883, 40.74294627309688], [-73.95537579965634, 40.74293489714752], [-73.95536741389326, 40.7429333540929], [-73.95530653781377, 40.74292204132552], [-73.95529793555137, 40.74292046250007], [-73.95523727597023, 40.742909226633046], [-73.9552284499948, 40.74290760654418], [-73.95516801052429, 40.742896442089766], [-73.95515896444844, 40.74289477524916], [-73.95509874511232, 40.742883646525826], [-73.95508948976259, 40.74288193293741], [-73.95502950140552, 40.742870812502154], [-73.95502002956637, 40.74286904941807], [-73.95496027581376, 40.74285791256985], [-73.95495059109417, 40.74285609999132], [-73.95489107554552, 40.74284496045561], [-73.95488113825476, 40.74284309013248], [-73.95482187172519, 40.74283196438231], [-73.954811732377, 40.74283005005793], [-73.95475268238, 40.74281894905983], [-73.95474232653945, 40.74281699072829], [-73.95470334236406, 40.74280966887581], [-73.9546835002794, 40.74280593369862], [-73.95466217157677, 40.74280191522345], [-73.95461427129743, 40.74279291004308], [-73.95460351132974, 40.74279088292101], [-73.95454507842273, 40.74277989733913], [-73.95453409834883, 40.74277783444194], [-73.95447587473183, 40.74276690929207], [-73.95446467816062, 40.74276481062093], [-73.95440667105483, 40.74275394041664], [-73.95439522190816, 40.742751792233264], [-73.95433746379783, 40.74274096875346], [-73.9543239398811, 40.74273843273047], [-73.95431390519117, 40.74273655408552], [-73.95426825656777, 40.74272799704863], [-73.95425637082423, 40.74272576908026], [-73.95419904214718, 40.742715025299375], [-73.95418695795271, 40.74271275881839], [-73.95412983857986, 40.74270205351274], [-73.95411752706636, 40.7426997457627], [-73.95406063503941, 40.742689081684524], [-73.95404809620712, 40.742686732665106], [-73.95399142430844, 40.74267610981185], [-73.95397867259248, 40.742673719528554], [-73.95392222082002, 40.74266314064518], [-73.95390921652806, 40.74266070359235], [-73.95385301014292, 40.74265016868923], [-73.95383979296582, 40.74264769311678], [-73.95378381031716, 40.74263719944083], [-73.95377036943256, 40.74263467985458], [-73.95371459247644, 40.742624227398764], [-73.95370094953331, 40.74262166929671], [-73.95364538548893, 40.742611255319424], [-73.95363152244367, 40.74260865869409], [-73.95357618574208, 40.742598288690914], [-73.95356209898985, 40.742595648051015], [-73.95350697519974, 40.742585316526956], [-73.9534926755632, 40.74258263736605], [-73.95343777189991, 40.74257234706901], [-73.9534232160799, 40.74256962113518], [-73.95336852893651, 40.74255936931917], [-73.95335379631811, 40.74255660762317], [-73.9532993256906, 40.74254639977799], [-73.95328437297282, 40.7425435968126], [-73.95323010803855, 40.742533427444585], [-73.95321494965464, 40.742530585960175], [-73.95316090123974, 40.74252045507402], [-73.95314552636351, 40.742517575065854], [-73.95309170168342, 40.74250748540947], [-73.95307611031707, 40.742504564132595], [-73.95302249132975, 40.74249451295415], [-73.95300667986659, 40.74249154766214], [-73.9529532882205, 40.74248154046022], [-73.9529372169664, 40.74247852839175], [-73.95288407431197, 40.74246856792021], [-73.9528677973925, 40.742465517331404], [-73.95286326179553, 40.742464664602345], [-73.95282438265934, 40.742457380582835], [-73.95281487847218, 40.742455598090736], [-73.95279836702147, 40.74245250347998], [-73.95274566101074, 40.7424426227213], [-73.95272894389507, 40.74243948958968], [-73.95272104899868, 40.742438012417736], [-73.95268219515482, 40.74243072836053], [-73.95267645800733, 40.74242965280564], [-73.95265953522684, 40.74242648115293], [-73.95260725503088, 40.74241668284838], [-73.95259009771965, 40.74241346717292], [-73.95257040019008, 40.742409775606916], [-73.95252556026433, 40.74240137191782], [-73.9525206818901, 40.742400455904715], [-73.95246884194329, 40.74239074006135], [-73.95245122278665, 40.7423874390873], [-73.9523996318302, 40.74237776997627], [-73.95238179979388, 40.74237442773234], [-73.95233042896152, 40.74236479985259], [-73.95231237682823, 40.74236141633558], [-73.9522612189043, 40.74235182693958], [-73.95224296110716, 40.74234840489987], [-73.95221967700522, 40.7423440420673], [-73.95219201969826, 40.74233885673417], [-73.95218496555064, 40.742337536325216], [-73.95217353458698, 40.742335393417825], [-73.95212277000269, 40.742325878231924], [-73.95210410809591, 40.74232237914918], [-73.95205356363311, 40.74231290794028], [-73.95203468523867, 40.74230936758487], [-73.95198436090115, 40.742299934863766], [-73.95196523354264, 40.74229635047715], [-73.9519151509787, 40.74228696174269], [-73.95189580352418, 40.74228333608137], [-73.9518459519074, 40.74227399132923], [-73.95182637353285, 40.74227032164365], [-73.9517767420388, 40.74226101812488], [-73.95175695439285, 40.7422573099134], [-73.95170753941271, 40.74224804762669], [-73.95168753167326, 40.742244295394975], [-73.95163832237857, 40.74223507708089], [-73.95161810536607, 40.74223128906741], [-73.9515792084505, 40.74222401559877], [-73.95156910535343, 40.74222213119618], [-73.9515486682318, 40.74221832111995], [-73.95149988471249, 40.742209231929046], [-73.95147918418103, 40.742205394282074], [-73.95143063517243, 40.742196409461165], [-73.95140972176158, 40.74219253328541], [-73.95136138924772, 40.742183614400666], [-73.95134024848464, 40.74217975184], [-73.95129214690819, 40.74217088791875], [-73.95127080406002, 40.74216703074939], [-73.95122296952015, 40.74215820533873], [-73.95120142823188, 40.74215430415641], [-73.95115384635382, 40.742145434908046], [-73.951132131917, 40.74214144855204], [-73.95108481710352, 40.742132579388525], [-73.95106291153118, 40.74212843099793], [-73.95101582417303, 40.742119443878344], [-73.95099369854533, 40.742115202059466], [-73.95094681687117, 40.74210625891517], [-73.95092452532543, 40.74210191545654], [-73.95087785656676, 40.742092997077634], [-73.9508553558026, 40.74208854647105], [-73.9508088782482, 40.74207973244629], [-73.95078616462474, 40.74207521860603], [-73.9507398926889, 40.742066536389345], [-73.95071693371357, 40.7420619785144], [-73.95067087821396, 40.742053439089645], [-73.95064766304041, 40.742048864622696], [-73.95060175904995, 40.742040426790986], [-73.95057821186657, 40.74203587412559], [-73.95056889183043, 40.74203411074026], [-73.95056427691858, 40.74203323318379], [-73.95055971973429, 40.74203237212047], [-73.95055494952727, 40.742031656437284], [-73.95055030935266, 40.742030781614176], [-73.95054566917206, 40.74202991502515], [-73.95054095321032, 40.742029045658626], [-73.95053244843244, 40.74202770805691], [-73.95052310671575, 40.74202598582986], [-73.95051845930615, 40.74202513570514], [-73.95051381911004, 40.74202429107279], [-73.95050905262292, 40.742023427172775], [-73.95050448458525, 40.7420226045291], [-73.95049991293284, 40.742021790117924], [-73.95049518612575, 40.74202094819235], [-73.95049051343945, 40.74202012001363], [-73.95048591644068, 40.742019420870584], [-73.95046536369456, 40.742015972859406], [-73.95044388001986, 40.742012362503715], [-73.95043924698182, 40.742011600213985], [-73.95043463919671, 40.74201084891401], [-73.9504299664159, 40.74201014973605], [-73.9504252720237, 40.742009395653625], [-73.95042057762545, 40.742008649805264], [-73.95041599502224, 40.74200800556064], [-73.95041130061398, 40.74200727343562], [-73.95040659898429, 40.742006546796844], [-73.95040198755854, 40.74200583940998], [-73.95039734718544, 40.742005236311], [-73.95039275379123, 40.742004545400015], [-73.95038802688245, 40.74200384345235], [-73.9503833107959, 40.74200314699861], [-73.95037871738562, 40.74200247804508], [-73.95037399046284, 40.742001795310095], [-73.9503693826097, 40.74200113732896], [-73.95036474227607, 40.74200048207841], [-73.9503599575935, 40.74199982676546], [-73.95035531363905, 40.741999187981484], [-73.95035071658788, 40.741998562941276], [-73.95034604372293, 40.74199797903944], [-73.95034141057647, 40.74199736496234], [-73.95033669082484, 40.74199674535816], [-73.95033196384969, 40.741996133984976], [-73.95032738114998, 40.74199562148482], [-73.95032274797934, 40.741995040343944], [-73.95031802820138, 40.74199445642073], [-73.95031339501864, 40.741993891747995], [-73.95030876543856, 40.74199333531089], [-73.95030404925116, 40.741992776091436], [-73.95029943409178, 40.74199223887343], [-73.95029477923448, 40.74199170438282], [-73.95029005577665, 40.7419912165232], [-73.95028539729638, 40.74199070124394], [-73.95028077849989, 40.74199020245011], [-73.9502760947403, 40.74198971186233], [-73.95027142541362, 40.74198922402533], [-73.9502668065989, 40.741988749933675], [-73.9502620795225, 40.74198827579509], [-73.9502574931352, 40.741987870335876], [-73.95025284543037, 40.74198742367872], [-73.95024819771741, 40.7419869880004], [-73.9502435536071, 40.741986560557685], [-73.95023890948863, 40.741986144093794], [-73.95023419680244, 40.74198573034482], [-73.95022952019532, 40.74198532759025], [-73.95022486883911, 40.741984938570155], [-73.95022014524898, 40.741984629116416], [-73.95021556965347, 40.74198427032101], [-73.95021093992308, 40.74198391699144], [-73.95020632825067, 40.74198354445628], [-73.95020165520336, 40.74198320757615], [-73.95019698215, 40.74198287893006], [-73.95018807265168, 40.74198228495552], [-73.9501822303842, 40.74198193933464], [-73.95017529832934, 40.74198153011274], [-73.95016810644027, 40.74198112901226], [-73.95016118156813, 40.74198076645336], [-73.95015411955428, 40.74198041755846], [-73.9501469094863, 40.74198019760236], [-73.9501396381276, 40.74197990076628], [-73.95013297305097, 40.74197958223418], [-73.95012588569413, 40.74197934311662], [-73.95011870088538, 40.74197912591448], [-73.95011181558017, 40.74197893628909], [-73.95010475702956, 40.741978782269996], [-73.95009767319736, 40.74197865568709], [-73.9500911703471, 40.74197855954772], [-73.95008498143528, 40.741978490991556], [-73.95008164338635, 40.741978462097315], [-73.95007829441468, 40.74197856220151], [-73.95007502852998, 40.741978547062025], [-73.9500717662499, 40.741978537413615], [-73.95006835961468, 40.74197853593673], [-73.95006502522801, 40.741978435680046], [-73.95006176293354, 40.74197844524453], [-73.95005849702623, 40.74197846029687], [-73.9500550939812, 40.74197848352393], [-73.95005172701934, 40.74197851225604], [-73.95004846109967, 40.7419785437766], [-73.95004526016585, 40.74197853689874], [-73.95004186070695, 40.74197859031924], [-73.95003849372448, 40.741978646498445], [-73.95003523139088, 40.741978708212486], [-73.95003196544442, 40.74197877541432], [-73.95002856957774, 40.74197885079394], [-73.95002520257667, 40.74197893167552], [-73.95002193300917, 40.74197901534405], [-73.95001867065288, 40.741979107249826], [-73.95001527116096, 40.74197920458557], [-73.95001187166285, 40.74197931015537], [-73.95000867776929, 40.741979539328206], [-73.95000527826086, 40.74197965862159], [-73.95000188596369, 40.74197978615226], [-73.9499987931968, 40.74197990557863], [-73.94999540097994, 40.74197992606388], [-73.94999200145087, 40.7419800728044], [-73.94998874987942, 40.741980219609054], [-73.94998552356704, 40.74198036916933], [-73.94998210958856, 40.74198053511657], [-73.9499787172604, 40.741980703817845], [-73.94997549093353, 40.741980872591064], [-73.9499722718632, 40.741980989217126], [-73.94996887951437, 40.741981185365574], [-73.94996551964199, 40.741981384272854], [-73.9499622535964, 40.741981583220756], [-73.94995888288955, 40.74198179310206], [-73.94995561322487, 40.74198200577197], [-73.94995236160376, 40.74198221844959], [-73.94994899088246, 40.74198244754389], [-73.9499455912851, 40.74198268485982], [-73.94994235769518, 40.741982914013505], [-73.94993895448084, 40.741983162306674], [-73.9499357749372, 40.74198350401848], [-73.9499325052435, 40.74198375511421], [-73.94992901179027, 40.74198403081536], [-73.9499257746493, 40.74198418311401], [-73.94992250854774, 40.74198445616902], [-73.94991927492468, 40.741984729238105], [-73.94991586445764, 40.74198502418817], [-73.94991251533676, 40.741985321909574], [-73.94990927809252, 40.74198561144531], [-73.94990589648273, 40.741985922876125], [-73.94990267731922, 40.74198616301401], [-73.94989931374066, 40.741986490921], [-73.94989594655121, 40.74198682157111], [-73.94989285003057, 40.74198713312557], [-73.94988945756971, 40.74198747748824], [-73.94988605066771, 40.741987830078735], [-73.94988282782099, 40.741988169025525], [-73.94987945339125, 40.741988529864244], [-73.94987621970793, 40.741988882529824], [-73.94987284166113, 40.74198925434581], [-73.9498694672189, 40.74198963165272], [-73.94986641753498, 40.74199004478265], [-73.9498630575214, 40.74199043032993], [-73.94985971915598, 40.74199082137605], [-73.94985644220077, 40.74199113010621], [-73.94985306412688, 40.74199153760335], [-73.94984968965555, 40.741991953336175], [-73.9498464703696, 40.741992355412755], [-73.94984325469026, 40.741992760235576], [-73.94983985494322, 40.741993195170394], [-73.94983663203814, 40.741993610968855], [-73.94983326844022, 40.74199396357667], [-73.94982993722785, 40.74199443971233], [-73.94982685506078, 40.74199485831657], [-73.94982347333647, 40.741995320706266], [-73.94981874901976, 40.74199597738819], [-73.94981421958651, 40.74199661768636], [-73.94980490445272, 40.7419979612998], [-73.94979710510502, 40.74199914363287], [-73.94978608643721, 40.742000771956285], [-73.94977703828172, 40.742002203515874], [-73.94977253043585, 40.742002928909116], [-73.9497678854335, 40.74200368717934], [-73.94976329099043, 40.74200439606595], [-73.94975872537982, 40.742005154370446], [-73.94975402621316, 40.74200595653253], [-73.94974942809898, 40.74200674775953], [-73.9497448552416, 40.74200754448686], [-73.94974021380179, 40.74200836314207], [-73.94973552543601, 40.7420091982451], [-73.94973085510954, 40.74201003884537], [-73.9497262894568, 40.74201085204359], [-73.94972179235931, 40.74201167899534], [-73.94971706067797, 40.742012527802494], [-73.94971240836782, 40.742013404091594], [-73.94970791124717, 40.742014261235056], [-73.94970322283294, 40.742015159466064], [-73.94969854523848, 40.74201606593584], [-73.94969393983918, 40.742016944989494], [-73.94968938859132, 40.74201779661903], [-73.94968470014756, 40.74201873327583], [-73.94968002252358, 40.742019678171346], [-73.94967554340431, 40.742020590216434], [-73.9496708838154, 40.74202154609847], [-73.94966620256577, 40.74202251294989], [-73.94966163680557, 40.74202346612785], [-73.94965698446482, 40.74202438084121], [-73.9496524439613, 40.742025339519344], [-73.94964784209684, 40.74202631463893], [-73.94964306336323, 40.74202734457607], [-73.94963853366677, 40.742028327961094], [-73.94963395704436, 40.742029327793986], [-73.9496293046219, 40.74203034955152], [-73.9496246449715, 40.74203138502946], [-73.94962002509372, 40.7420323189688], [-73.94961545927407, 40.74203334899793], [-73.9496108934522, 40.742034381771624], [-73.94960625904567, 40.74203543921784], [-73.94960164629138, 40.74203649667342], [-73.94959705157851, 40.742037556881414], [-73.94959242076786, 40.742038630797204], [-73.9495878189099, 40.74203959493542], [-73.94958314116886, 40.7420406907883], [-73.9495785247781, 40.74204178392305], [-73.94957399861788, 40.74204286062868], [-73.94956943275109, 40.74204395104047], [-73.94956472250387, 40.742045082560146], [-73.94956008083064, 40.74204620313061], [-73.9495556015687, 40.74204729906929], [-73.94955096722488, 40.74204827142605], [-73.94954632553873, 40.74204940846451], [-73.94954174160034, 40.74205053454904], [-73.94953721901648, 40.742051652426056], [-73.94953257370864, 40.74205280593083], [-73.94952784898993, 40.74205398410342], [-73.94952335887996, 40.74205510748359], [-73.94951874978165, 40.7420560990634], [-73.94951414777165, 40.74205726082069], [-73.94950961442515, 40.7420582936046], [-73.949504889689, 40.74205949373421], [-73.94950032376376, 40.74206065825152], [-73.94949580475806, 40.74206181455498], [-73.94949115941968, 40.742063006484614], [-73.94948195547053, 40.74206523393054], [-73.94947616232079, 40.74206673551299], [-73.94946688966326, 40.74206914957067], [-73.94945315946283, 40.74207256625025], [-73.94784532055871, 40.74247121889967], [-73.94782678194802, 40.742476406316925], [-73.9478188698168, 40.74247863695982], [-73.94781089992776, 40.74248088953398], [-73.9478029589082, 40.7424831421207], [-73.94779501066417, 40.74248540293785], [-73.94778709490264, 40.742487658279664], [-73.94777914303582, 40.742489935562574], [-73.94777117311833, 40.74249222107102], [-73.94776328621658, 40.74249448740327], [-73.94775531989809, 40.74249678389125], [-73.94774734635507, 40.74249908860964], [-73.94773946665632, 40.74250137141208], [-73.94773156168714, 40.742503665181495], [-73.94772361339732, 40.742505978143946], [-73.9477157156359, 40.74250828289455], [-73.94770651481487, 40.74251096857333], [-73.94770152275962, 40.742512432003686], [-73.94769651626484, 40.74251390091674], [-73.94769164332381, 40.74251533146374], [-73.94768670901873, 40.74251678119591], [-73.94768172056705, 40.74251825011653], [-73.9476682134768, 40.74252223759277], [-73.94765730167374, 40.74252546869567], [-73.94764691686409, 40.742528551820534], [-73.94763980595235, 40.74253067028053], [-73.94763268782046, 40.7425327914815], [-73.94762563104558, 40.74253490173101], [-73.9476185345632, 40.74253702568573], [-73.947611438076, 40.74253915512955], [-73.94760431992721, 40.74254129554203], [-73.94759724870043, 40.74254342499647], [-73.94759017747099, 40.74254555719521], [-73.94758309540622, 40.74254770036759], [-73.94757600611915, 40.74254984902573], [-73.94756890600107, 40.742552003167994], [-73.94756184919184, 40.74255415184003], [-73.94755475628389, 40.74255631421899], [-73.94754360254268, 40.742559723609766], [-73.94753588154799, 40.74256209155779], [-73.94752817498775, 40.742564459511904], [-73.94752050451886, 40.74256682199244], [-73.94751426706924, 40.742568748710084], [-73.94750506610414, 40.74257159631305], [-73.94749740284033, 40.742573972519075], [-73.94748968903386, 40.742576373404304], [-73.94748197161597, 40.74257877703211], [-73.94747386434793, 40.742581312229674], [-73.94746676416909, 40.742583534984384], [-73.94745968925324, 40.742585755005436], [-73.94745256379478, 40.7425879997058], [-73.9474454491643, 40.74259024166588], [-73.94743837062312, 40.7425924808972], [-73.94743126320056, 40.742594733838715], [-73.94742331833356, 40.742597255383096], [-73.94741538429007, 40.74259977967658], [-73.94740746828761, 40.74260230672253], [-73.94739956671742, 40.74260483651926], [-73.94739167958164, 40.74260736632208], [-73.94738374549458, 40.74260994276364], [-73.94737588361455, 40.7426124780664], [-73.94736797480276, 40.742615035305164], [-73.94735906971286, 40.742617921458184], [-73.9473521607731, 40.742620166251264], [-73.94734521573007, 40.742622430240644], [-73.94733823097731, 40.74262471067998], [-73.94733126426777, 40.74262699112716], [-73.94732431199499, 40.742629268835756], [-73.94731736693494, 40.74263155203675], [-73.94731124127112, 40.74263357211607], [-73.94730500370497, 40.74263563057036], [-73.94729880945223, 40.74263767806516], [-73.94729267295013, 40.742639711862275], [-73.94728655088271, 40.742641745665686], [-73.94728038188579, 40.74264379866052], [-73.94727414430037, 40.742645879071176], [-73.94726795002623, 40.74264795126703], [-73.94726185682298, 40.742649990571856], [-73.94725464099295, 40.74265241088261], [-73.94724537844111, 40.74265553016692], [-73.94723899644653, 40.74265768187304], [-73.94722791457569, 40.742661434359995], [-73.94722091530363, 40.74266381085184], [-73.9472139593449, 40.74266617638413], [-73.94720694562373, 40.742668569337], [-73.9471999318977, 40.74267096777894], [-73.9471929650938, 40.742673355262994], [-73.94718596940622, 40.74267575920186], [-73.94717899537291, 40.74267816040548], [-73.94717200328438, 40.742680575324165], [-73.9471650545092, 40.742682979283295], [-73.9471580840701, 40.74268539695581], [-73.94715108835602, 40.74268783108481], [-73.94714410346782, 40.74269026521838], [-73.94713590208421, 40.74269312971906], [-73.94712768264299, 40.74269601067937], [-73.94711939461062, 40.7426989217998], [-73.94711119681403, 40.742701811003144], [-73.94710298095988, 40.74270471666608], [-73.94709472178239, 40.7427076442665], [-73.94709068243641, 40.74270907791571], [-73.94708655284289, 40.742710547205085], [-73.94707834418881, 40.74271347208281], [-73.9470701319165, 40.74271640793735], [-73.94706193046545, 40.74271934928572], [-73.94705376871445, 40.74272228516228], [-73.9470455600313, 40.742725242974664], [-73.94703735133876, 40.7427282117655], [-73.94702914624983, 40.742731186046875], [-73.94702098446969, 40.7427341548581], [-73.94701279380565, 40.74273714012397], [-73.94700463201096, 40.742740125402534], [-73.9469965026988, 40.74274310520596], [-73.94698834088959, 40.74274610695188], [-73.94698016102268, 40.742749125157374], [-73.94697199559013, 40.74275214336898], [-73.94696384458749, 40.74275516707615], [-73.94695567914034, 40.742758201755045], [-73.94694755700199, 40.74276123096384], [-73.94694368003097, 40.742762681151184], [-73.94693944207602, 40.742764265664874], [-73.94693130548366, 40.742767316823894], [-73.94692314722478, 40.74277038444085], [-73.94691505393612, 40.74277343561862], [-73.94690688844295, 40.74277652244432], [-73.94689878791992, 40.74277959283092], [-73.94689069460713, 40.742782671454485], [-73.94688260490018, 40.742785752823906], [-73.94687447186536, 40.74278886162031], [-73.94686635687364, 40.742791970424456], [-73.94685828158197, 40.74279507375683], [-73.94685022433337, 40.74279817709696], [-73.94684209488025, 40.742801316084964], [-73.94683401234687, 40.7428044468598], [-73.94682592619743, 40.742807585866636], [-73.94681785086911, 40.74281073036743], [-73.94680976831597, 40.74281388309858], [-73.94680565303304, 40.74281549236676], [-73.94680172185191, 40.742817033101076], [-73.94679366455418, 40.74282019133222], [-73.94678559280749, 40.742823366024645], [-73.94677754271267, 40.742826540726526], [-73.94676944568332, 40.742829740108895], [-73.94676142445269, 40.74283292031248], [-73.9467534176586, 40.742836097777456], [-73.94674536753654, 40.742839302669296], [-73.94673731740711, 40.74284251579485], [-73.94672931059097, 40.74284571796091], [-73.94672128932578, 40.74284893658816], [-73.94671323556769, 40.742852171668346], [-73.94670520707245, 40.742855404014925], [-73.94669722549925, 40.74285862540364], [-73.94668917532783, 40.742861885186606], [-73.94668118652234, 40.74286512303935], [-73.94667317966119, 40.742868374606964], [-73.94666517279272, 40.74287163440825], [-73.94666124155448, 40.74287323826699], [-73.94665716591687, 40.74287490244325], [-73.94664917708627, 40.742878167741296], [-73.94664121712948, 40.74288142756264], [-73.94663318496784, 40.74288472303177], [-73.94662522499848, 40.74288799657575], [-73.94661723253398, 40.74289128931739], [-73.94660922923141, 40.74289459577722], [-73.94660129090573, 40.74289787756384], [-73.94659334173971, 40.74290117581345], [-73.94658534564127, 40.74290449599868], [-73.94657736758595, 40.74290781619173], [-73.9465694292351, 40.74291112542365], [-73.94656147643741, 40.74291444837208], [-73.94655349475323, 40.74291779051982], [-73.94654557443513, 40.74292111073749], [-73.94653761801085, 40.74292445289583], [-73.94652172319707, 40.74293114545351], [-73.94633356174356, 40.743011591667496], [-73.9453067336585, 40.74345117452775], [-73.94528792471067, 40.74345539525516], [-73.94528212337273, 40.74345781611406], [-73.94527527874516, 40.74346065642382], [-73.94527101891359, 40.74346241104017], [-73.94526521037714, 40.74346480719204], [-73.94526101552829, 40.743466531646675], [-73.94525676653136, 40.743468275288606], [-73.94525248865249, 40.74347003264044], [-73.94524821077565, 40.74347178724737], [-73.94524399065752, 40.74347351992358], [-73.94523974165743, 40.74347526630967], [-73.94523548904607, 40.74347701543865], [-73.94523123282346, 40.74347876731048], [-73.94522703796832, 40.74348049725332], [-73.9452227709075, 40.74348226284344], [-73.94521851828627, 40.743484022950774], [-73.94521431258825, 40.743485772101266], [-73.94521008161482, 40.743487537708106], [-73.94520584341682, 40.74348931154559], [-73.94520158355449, 40.74349109909633], [-73.94519741393236, 40.74349286198715], [-73.94519314683609, 40.743494668747395], [-73.94518895554263, 40.743496453585564], [-73.94518477868418, 40.74349823843048], [-73.94518055127283, 40.743500058932916], [-73.9451763816157, 40.74350186299417], [-73.94517214697049, 40.74350370270614], [-73.9451679664684, 40.74350552871993], [-73.94516382566071, 40.74350735749725], [-73.94515966318868, 40.74350919998785], [-73.9451554970963, 40.74351105620031], [-73.94515131655486, 40.74351292887426], [-73.94514719014762, 40.743514798829075], [-73.9451430673376, 40.74351668250926], [-73.94513891563203, 40.743518596367736], [-73.94513478557911, 40.74352051023641], [-73.94513072050252, 40.74352240217784], [-73.94512660125743, 40.743524338009365], [-73.94512248199634, 40.74352629305398], [-73.94511840243631, 40.74352824262792], [-73.94511435176693, 40.74353016751262], [-73.94511032634759, 40.74353210613305], [-73.94510622870446, 40.74353410235863], [-73.94510219602861, 40.74353608763609], [-73.94509815251027, 40.74353809212142], [-73.94509410536476, 40.74354011856293], [-73.94509014124203, 40.74354212034109], [-73.94508614100154, 40.74354415778367], [-73.94508218407101, 40.74354618975729], [-73.94507821629117, 40.74354824917305], [-73.94507418351182, 40.74355035796324], [-73.94507026985683, 40.743552425638796], [-73.94506634896817, 40.743554512524064], [-73.94506246777613, 40.743556599428096], [-73.94505854324422, 40.74355872748263], [-73.94505458981216, 40.74356089120494], [-73.94505072662271, 40.743563027522704], [-73.94504692479634, 40.74356514740111], [-73.9450430001955, 40.7435673577976], [-73.9450391802838, 40.74356952707259], [-73.94503536396486, 40.7435717155625], [-73.94503154401646, 40.74357392875324], [-73.94502778182012, 40.74357612824772], [-73.9450239690571, 40.74357837986814], [-73.94502017794221, 40.74358063698831], [-73.94501641930182, 40.743582899613365], [-73.94501269674926, 40.743585162255485], [-73.94500893807438, 40.74358746605156], [-73.94500522992708, 40.743589764382115], [-73.94500157230972, 40.74359205450237], [-73.94499788217881, 40.74359438577828], [-73.94499424618886, 40.74359670610094], [-73.94499060656945, 40.74359905112451], [-73.94498689110583, 40.743601467475244], [-73.94498332727093, 40.74360381253478], [-73.94498122940219, 40.743605203121255], [-73.94497910264244, 40.743606618396676], [-73.9449770119798, 40.743608022710234], [-73.94497496464322, 40.74360940234176], [-73.94497292091083, 40.74361078746441], [-73.94497081217216, 40.743612230195815], [-73.94496870343107, 40.743613675671845], [-73.94496667412004, 40.74361507726979], [-73.9449646881351, 40.743616454185684], [-73.94496259381317, 40.7436179188818], [-73.94496047060021, 40.743619408266795], [-73.94495857486258, 40.743620752288685], [-73.94495657440348, 40.7436221758583], [-73.94495444755876, 40.74362369268893], [-73.94495249763874, 40.74362509706935], [-73.94495045021726, 40.74362657825612], [-73.94494839195103, 40.74362808139573], [-73.94494641312174, 40.743629532423], [-73.9449444451233, 40.74363097796586], [-73.944942469889, 40.74363244546326], [-73.94494046576374, 40.74363393764958], [-73.9449385013489, 40.74363541338634], [-73.94493655498712, 40.74363687815273], [-73.944934623056, 40.74363834841544], [-73.94493261889401, 40.74363988451758], [-73.94493062556522, 40.743641412390694], [-73.94492875500184, 40.743642860724634], [-73.94492683749198, 40.743644347462606], [-73.94492493802156, 40.74364583969869], [-73.94492294827626, 40.74364739776561], [-73.9449210018435, 40.74364894761892], [-73.9449190987413, 40.74365046730068], [-73.94491713063952, 40.743652036356835], [-73.94491534307828, 40.74365348473026], [-73.94491345079321, 40.74365501539612], [-73.94491152960121, 40.74365658996411], [-73.94490959756911, 40.74365818099538], [-73.94490767998347, 40.743659758309796], [-73.94490588516332, 40.743661256085126], [-73.94490404339668, 40.74366279226451], [-73.9449022124496, 40.74366433668323], [-73.94490029844295, 40.743665949681], [-73.94489842414225, 40.74366755171872], [-73.94489666178508, 40.74366906872271], [-73.94489484887042, 40.74367062687368], [-73.9448929275958, 40.743672300252356], [-73.94489104966097, 40.74367393248046], [-73.94488938839342, 40.74367539738246], [-73.94488755015536, 40.74367702962951], [-73.94488570469734, 40.74367866461782], [-73.9448839964582, 40.74368019811599], [-73.94488216543071, 40.743681838600665], [-73.94488040661122, 40.74368344069334], [-73.94487856834324, 40.74368510862198], [-73.94487683117875, 40.74368670798024], [-73.9448750903963, 40.7436883183157], [-73.94487327376953, 40.7436899999784], [-73.94487155102871, 40.743691613067206], [-73.94486982828553, 40.74369322890077], [-73.94486812358407, 40.743694847487674], [-73.94486632859626, 40.743696545629064], [-73.94486465276744, 40.74369816148499], [-73.94486294804301, 40.74369980751934], [-73.94486118914307, 40.743701505677976], [-73.94485943745616, 40.743703209329496], [-73.94485781938398, 40.74370480599971], [-73.94485613991411, 40.74370646028028], [-73.94485443514382, 40.74370816120947], [-73.94485275204684, 40.743709837446204], [-73.94485104725365, 40.743711565822885], [-73.9448493930338, 40.74371323383917], [-73.94484769546264, 40.74371495672973], [-73.94484599065783, 40.74371669882999], [-73.94484448449474, 40.743718251637596], [-73.9448428519116, 40.74371993887747], [-73.94484109651263, 40.74372176604071], [-73.94483948196654, 40.74372346152338], [-73.94483791434867, 40.74372514056001], [-73.94483626005548, 40.74372689640812], [-73.94483472133527, 40.743728542521495], [-73.94483307424588, 40.74373031484149], [-73.94483144520956, 40.743732076191165], [-73.94482992091073, 40.74373373877994], [-73.94482829185613, 40.74373552208747], [-73.94482667723669, 40.74373730540197], [-73.94482513123924, 40.74373902287529], [-73.94482358161926, 40.743740756815335], [-73.9448219705811, 40.74374257306845], [-73.94482045345626, 40.74374428781079], [-73.94481897243773, 40.74374598061239], [-73.94481740110768, 40.743747783160686], [-73.944815833375, 40.74374959943449], [-73.9448143414934, 40.74375133614684], [-73.9448128315426, 40.743753103042806], [-73.94481127462018, 40.743754938534956], [-73.94480980438219, 40.74375668623659], [-73.94480837026185, 40.743758398273776], [-73.94480684942968, 40.74376023103841], [-73.94480533220398, 40.74376206654951], [-73.94480382579788, 40.743763910300046], [-73.94480238441182, 40.74376567997343], [-73.94480093578987, 40.74376747160138], [-73.94479943296727, 40.74376934554581], [-73.94479808186746, 40.74377103566463], [-73.94479665127575, 40.74377284376964], [-73.94479517732347, 40.743774717727845], [-73.94479378644911, 40.74377650114911], [-73.94479234137407, 40.74377836688685], [-73.94479093603013, 40.74378019147242], [-73.94478948371231, 40.74378208739891], [-73.9447881216968, 40.743783884557686], [-73.94478679218791, 40.74378564879503], [-73.94478533983346, 40.743787588637446], [-73.94478394888118, 40.74378946538006], [-73.94478267353625, 40.743791191216815], [-73.94478127533664, 40.74379310363768], [-73.94477985545211, 40.74379505447462], [-73.94477858007058, 40.74379682422734], [-73.94477726132169, 40.74379866806745], [-73.94477591366348, 40.7438005585545], [-73.94477458405154, 40.74380244630538], [-73.94477329417752, 40.74380428466982], [-73.94477195732054, 40.74380620535423], [-73.94477068548365, 40.74380805196154], [-73.9447693702817, 40.74380996991156], [-73.94476808397299, 40.74381186042787], [-73.94476682655305, 40.74381372900009], [-73.94476559080866, 40.743815570135126], [-73.94476430085, 40.74381751005517], [-73.9447630253288, 40.74381944723742], [-73.94476183290602, 40.74382126917997], [-73.94476056820203, 40.743823217346325], [-73.9447593071, 40.74382517374868], [-73.94475813632089, 40.74382700668059], [-73.9447569402344, 40.743828894495316], [-73.94475571161837, 40.743830842678946], [-73.94475447575955, 40.74383282105135], [-73.94475326156504, 40.74383478571041], [-73.9447521196357, 40.74383664335882], [-73.94475097046585, 40.74383852845127], [-73.94474977430386, 40.74384050684264], [-73.94474863594901, 40.74384240566398], [-73.94474746144209, 40.743844381321004], [-73.94474629414593, 40.74384636521573], [-73.94474520996194, 40.74384821740225], [-73.9447440426429, 40.74385022874446], [-73.94474295481353, 40.74385212484525], [-73.94474183445003, 40.74385408680439], [-73.94474067431202, 40.74385614206603], [-73.9447396117465, 40.74385803543417], [-73.94473856723417, 40.7438599178319], [-73.94473746127159, 40.74386192096918], [-73.94473638059115, 40.74386389941586], [-73.9447353288132, 40.74386583944988], [-73.94473428062804, 40.74386779869888], [-73.9447332324383, 40.74386976343731], [-73.9447321589229, 40.74387180501667], [-73.94473115768648, 40.74387372311687], [-73.9447301202934, 40.74387572354226], [-73.944729075653, 40.743877759645926], [-73.9447280671441, 40.74387974361664], [-73.9447271164606, 40.74388162605933], [-73.9447261079174, 40.74388365120126], [-73.9447250849001, 40.743885722996986], [-73.94472413055296, 40.74388767131194], [-73.94472318703909, 40.74388961139777], [-73.9447222254286, 40.74389161460419], [-73.94472124211273, 40.743893680929474], [-73.94472028047254, 40.74389571981762], [-73.9447193730444, 40.74389766266553], [-73.9447184511354, 40.74389966040148], [-73.94471751836565, 40.743901699303464], [-73.94471659642691, 40.74390373272114], [-73.94471571062647, 40.74390570577164], [-73.94471483926587, 40.74390767333958], [-73.94471394619754, 40.74390970677108], [-73.94471303503727, 40.743911797833654], [-73.94471217447335, 40.743913801088496], [-73.94471135005463, 40.743915735741915], [-73.94471046776704, 40.74391782407361], [-73.94470959268796, 40.74391992338774], [-73.94470875374724, 40.743921962334646], [-73.94470795095394, 40.74392392993544], [-73.94470714814011, 40.74392592223895], [-73.94470629830211, 40.74392804626795], [-73.9447054846002, 40.743930112674505], [-73.94470471428394, 40.743932083035595], [-73.94470394756044, 40.74393407261165], [-73.94470314827096, 40.743936166472636], [-73.94470237065714, 40.74393823289648], [-73.94470161834379, 40.743940252671706], [-73.94470087324807, 40.743942272450404], [-73.94470012450473, 40.743944338888134], [-73.9446993612805, 40.74394646021384], [-73.94469864144418, 40.74394848274941], [-73.94469792157591, 40.743950543711456], [-73.94469719445576, 40.74395264584127], [-73.94469652881784, 40.743954588805096], [-73.94469582335972, 40.743956679966274], [-73.94469512511465, 40.74395877662046], [-73.94469445941509, 40.74396079369245], [-73.94469377197592, 40.743962915054574], [-73.9446930917544, 40.74396503642014], [-73.94469245492307, 40.743967056250774], [-73.94469182531165, 40.743969073340104], [-73.94469117396292, 40.74397119197475], [-73.94469052982723, 40.74397331610238], [-73.94468992908405, 40.743975335950275], [-73.9446893428013, 40.74397732561293], [-73.94468872030025, 40.74397947170891], [-73.94468810501684, 40.74398161780839], [-73.9446875439889, 40.74398361571739], [-73.94468694674961, 40.74398576182552], [-73.9446863675726, 40.74398788598428], [-73.94468584629189, 40.743989823527826], [-73.94468528516585, 40.74399193946107], [-73.94468473124377, 40.74399407186621], [-73.9446842098786, 40.7439961109655], [-73.9446836631445, 40.74399827905586], [-73.94468316344826, 40.74400029895228], [-73.94468264562346, 40.744002420395766], [-73.9446821313824, 40.74400457203325], [-73.94468164970976, 40.74400661664105], [-73.94468117886578, 40.74400865850933], [-73.94468068989335, 40.74401080192468], [-73.94468021174279, 40.74401295083471], [-73.94467979150899, 40.74401488842674], [-73.94467933140943, 40.7440170291112], [-73.94467887852062, 40.74401917803337], [-73.94467844008534, 40.74402130500446], [-73.94467802335093, 40.744023374346234], [-73.94467761745436, 40.74402542996944], [-73.94467718614324, 40.74402766947872], [-73.94467679467287, 40.74402973608785], [-73.94467641404036, 40.74403178897844], [-73.9446760478637, 40.74403381717319], [-73.94467566352428, 40.74403598808629], [-73.9446752900296, 40.74403813704654], [-73.94467494186513, 40.744040203676484], [-73.94467459002568, 40.744042349902436], [-73.94467425990766, 40.74404441379623], [-73.94467394064114, 40.74404644750306], [-73.94467361044097, 40.744048610207834], [-73.94467328744021, 40.744050794874134], [-73.94467299703977, 40.74405283408431], [-73.94467269571479, 40.74405499131348], [-73.94467239797589, 40.744057175991905], [-73.94467214375263, 40.74405910817416], [-73.94467186768942, 40.744061265415446], [-73.94467159882801, 40.744063441873486], [-73.94467135170613, 40.744065514041466], [-73.9446711081384, 40.74406765208514], [-73.94467086454783, 40.74406981757627], [-73.94467064630345, 40.74407188152386], [-73.94467043167019, 40.7440739427284], [-73.94467021694345, 40.74407611646766], [-73.94467002396088, 40.74407818042738], [-73.94466982728062, 40.74408035143058], [-73.94466963782254, 40.744082516947714], [-73.9446694664884, 40.74408458640735], [-73.94466930600815, 40.74408662293516], [-73.94466914542075, 40.74408878846614], [-73.94466899204646, 40.74409095949016], [-73.94466885681207, 40.744093015243344], [-73.94466872878854, 40.74409507923425], [-73.94466860067604, 40.74409725027036], [-73.94466848339468, 40.744099415822205], [-73.94466838063298, 40.74410147982523], [-73.94466828508892, 40.74410354383171], [-73.94466819668048, 40.74410570665267], [-73.94466811187864, 40.74410787222011], [-73.94466804157592, 40.74410996094148], [-73.94466798211798, 40.74411202771007], [-73.9446679261868, 40.74411419329138], [-73.94466787747331, 40.74411635887612], [-73.94466783967522, 40.74411841742086], [-73.94466781261019, 40.74412058850553], [-73.94466779285403, 40.74412264980369], [-73.94466778031781, 40.74412470836057], [-73.94466777491043, 40.7441268739661], [-73.94466778032947, 40.744129039576876], [-73.94466779305517, 40.7441310981459], [-73.94466781651847, 40.74413326376534], [-73.94466784719718, 40.744135432132964], [-73.94466788527134, 40.744137386413605], [-73.94466793399651, 40.744139552045205], [-73.94466798993939, 40.74414171768024], [-73.94466803515603, 40.74414376254108], [-73.94466810914537, 40.744145925440044], [-73.9446681868302, 40.744147984040254], [-73.94466827886153, 40.74415014969264], [-73.94466838171934, 40.74415231535022], [-73.94466848114385, 40.74415426966034], [-73.94466859843935, 40.744156432580105], [-73.94466871213052, 40.744158590008624], [-73.94466884033916, 40.74416064863309], [-73.94466898651228, 40.744162803332465], [-73.94466912187936, 40.7441649333239], [-73.94466927895648, 40.74416699470698], [-73.94466943964247, 40.7441690560918], [-73.94466960746405, 40.74417121629107], [-73.94466977177714, 40.744173255719645], [-73.94466996488349, 40.74417538848357], [-73.94467017239329, 40.744177559680914], [-73.94467036556343, 40.744179615591804], [-73.94467056235389, 40.744181657780736], [-73.94467079154867, 40.74418379056197], [-73.94467102071386, 40.74418595902497], [-73.94467125719474, 40.744188009467194], [-73.94467148648081, 40.74419003245847], [-73.9446717553479, 40.74419219545102], [-73.94467201341578, 40.744194325501354], [-73.94467227154753, 40.74419637869876], [-73.94467254774405, 40.744198407202056], [-73.94467283826427, 40.74420057020501], [-73.9446731432449, 40.74420270302262], [-73.94467343746746, 40.7442047534926], [-73.94467376048783, 40.74420689180841], [-73.94467406914349, 40.744208945030046], [-73.94467438143992, 40.7442109598269], [-73.94467472972455, 40.74421309541008], [-73.94467507800466, 40.74421523648275], [-73.94467543356853, 40.744217297961185], [-73.94467579629999, 40.74421941982757], [-73.94467617706889, 40.74422154993683], [-73.94467652191572, 40.7442234796621], [-73.94467691350889, 40.7442256125213], [-73.94467732314635, 40.74422774538918], [-73.9446777148239, 40.7442297766927], [-73.94467814250106, 40.74423191505875], [-73.9446785486163, 40.7442339436244], [-73.9446789835135, 40.7442360792492], [-73.94467943286205, 40.744238195667656], [-73.94467985704215, 40.74424019953922], [-73.94468031005202, 40.744242252830205], [-73.94468077744258, 40.74424437200205], [-73.94468126288656, 40.74424648020356], [-73.94468170156138, 40.74424841271857], [-73.94468219422079, 40.74425052366834], [-73.94468270851513, 40.744252656586475], [-73.94468321921886, 40.74425476754488], [-73.94468374794864, 40.744256900469935], [-73.94468422274628, 40.74425879183103], [-73.94468476951803, 40.7442609275095], [-73.94468531990326, 40.744263057700216], [-73.94468584153394, 40.74426504789483], [-73.94468638479728, 40.74426706280259], [-73.94468695684935, 40.74426917653519], [-73.94468754334143, 40.74427128478517], [-73.94468810464681, 40.74427330244633], [-73.94468870918092, 40.744275413449785], [-73.94468927772915, 40.744277400922144], [-73.94469322942584, 40.74429043489504], [-73.9446977435761, 40.744304105919916], [-73.9446984564264, 40.744306156590795], [-73.94469914047656, 40.74430812216054], [-73.94469984256418, 40.74431009597325], [-73.94470114235858, 40.74431371143364], [-73.94470239180009, 40.7443171210136], [-73.94470367010571, 40.74432053884164], [-73.94470500247587, 40.744324039038155], [-73.9447063384937, 40.74432749257562], [-73.94470770697768, 40.74433096259717], [-73.94470907911399, 40.74433438047019], [-73.94471049451788, 40.74433784502471], [-73.94471192437554, 40.74434128762814], [-73.94471339029229, 40.74434476593064], [-73.94471485266185, 40.744348170123146], [-73.94471632227197, 40.744351546871606], [-73.94471784956696, 40.74435499226649], [-73.94471938770462, 40.74435841845333], [-73.94472098352263, 40.74436191877602], [-73.94472252535147, 40.744365246153556], [-73.94472412486063, 40.74436864766704], [-73.94472574962047, 40.74437206291632], [-73.94472739604505, 40.74437546445222], [-73.94472905691201, 40.744378857760786], [-73.94473072502646, 40.744382215391056], [-73.94473246523395, 40.74438567461164], [-73.94473415503374, 40.744388993825766], [-73.94473588811489, 40.74439234325287], [-73.94473764644458, 40.74439570916055], [-73.94473943003415, 40.744399077825136], [-73.94474125689145, 40.74440249317112], [-73.9447430657684, 40.7444058316555], [-73.9447448854903, 40.744409148187046], [-73.9447467592883, 40.744412533363224], [-73.94474859708446, 40.74441581422158], [-73.94475048896122, 40.74441915823516], [-73.9447524385276, 40.744422565405614], [-73.94475431604673, 40.7444258160907], [-73.94475626928148, 40.744429151899325], [-73.94475823335212, 40.744432476734104], [-73.94476020104774, 40.744435782357336], [-73.94476220481617, 40.74443910721114], [-73.94476419058606, 40.74444237716122], [-73.94476621242652, 40.74444566908656], [-73.94476825950413, 40.74444899121621], [-73.94477031382694, 40.744452280412325], [-73.94477238618973, 40.74445557510652], [-73.94477444415139, 40.744458828622555], [-73.9447765201644, 40.744462073912935], [-73.94477863223658, 40.74446535490234], [-73.94478077676597, 40.74446866335474], [-73.94478291049859, 40.74447193612019], [-73.9447850154197, 40.744475137508246], [-73.94478717081948, 40.7444783938155], [-73.9447893478613, 40.74448166385681], [-73.9447914996777, 40.74448488996999], [-73.94479370198424, 40.74448815727857], [-73.94479591151094, 40.74449142184584], [-73.94479810662068, 40.744494664448176], [-73.9448002837363, 40.744497846657275], [-73.94480250411077, 40.74450108652688], [-73.94480476775304, 40.7445043730779], [-73.94480697733317, 40.74450757451568], [-73.9448091977378, 40.744510778703415], [-73.94481142175377, 40.74451398014804], [-73.94481365658748, 40.74451719257683], [-73.94481594189543, 40.744520465414254], [-73.94481815871933, 40.744523636663075], [-73.94482041880207, 40.74452686557231], [-73.94482267167866, 40.744530080754295], [-73.94482489571638, 40.74453325749593], [-73.94482715580659, 40.74453647817081], [-73.94482944472243, 40.74453975375441], [-73.94483169399555, 40.74454296344499], [-73.94483531660703, 40.74454815275832], [-73.94483752981252, 40.744551337728794], [-73.9448406225287, 40.74455579393982], [-73.94485065386448, 40.7445704529657], [-73.94544975779354, 40.745461033674026], [-73.94545763332347, 40.7454731829225], [-73.94545920484337, 40.74547558532294], [-73.9454608484585, 40.74547808931318], [-73.94546246684955, 40.74548054663079], [-73.94546409245626, 40.74548300669649], [-73.94546571445649, 40.745485464015715], [-73.94546727519064, 40.74548781700545], [-73.94546891522441, 40.7454902880569], [-73.94547058769811, 40.74549280852921], [-73.94547219889904, 40.74549523290625], [-73.94547378126691, 40.74549761060887], [-73.94547540328132, 40.74550005145947], [-73.94547708297105, 40.74550257467985], [-73.94547874824323, 40.74550507593536], [-73.94548037025801, 40.74550751678587], [-73.945481941811, 40.7455098807595], [-73.9454836431233, 40.745512442416526], [-73.9454852687428, 40.74551488875819], [-73.94548687633365, 40.745517315878004], [-73.94548852717313, 40.745519814381844], [-73.9454901708084, 40.74552229641371], [-73.94549178920163, 40.745524753730834], [-73.94549340398602, 40.74552721104623], [-73.94549504039715, 40.7455297013089], [-73.94549671284587, 40.74553225471778], [-73.94549828796622, 40.74553467084312], [-73.94549991715087, 40.74553717208124], [-73.94550156794867, 40.745539722735096], [-73.94550315747364, 40.74554217729365], [-73.94550477942734, 40.745544694996774], [-73.94550639776551, 40.74554722093244], [-73.94550796563958, 40.745549672735955], [-73.9455095695423, 40.745552198664754], [-73.94551119146504, 40.745554754794256], [-73.94551275209918, 40.74555723404177], [-73.94551431633336, 40.745559724269974], [-73.94551593821834, 40.74556232706016], [-73.94551753847014, 40.74556490513732], [-73.94551907384006, 40.74556738711756], [-73.94552061640103, 40.74556990203818], [-73.94552213371983, 40.745572392244036], [-73.9455237267161, 40.74557501697847], [-73.94552528726365, 40.745577603270995], [-73.94552679012925, 40.74558011542802], [-73.94552828938149, 40.74558263307278], [-73.9455298210513, 40.74558522758586], [-73.94553136352108, 40.74558785504099], [-73.9455328411067, 40.745590389143956], [-73.94553429344353, 40.74559290676644], [-73.94553582145326, 40.74559556440693], [-73.94553730979645, 40.745598183602176], [-73.94553874407327, 40.74560072042931], [-73.94554021436308, 40.74560335059498], [-73.9455416702263, 40.74560596977479], [-73.94554306480532, 40.74560850658309], [-73.94554447378648, 40.74561108456948], [-73.9455459259851, 40.74561377236624], [-73.94554732771499, 40.74561639152037], [-73.94554867898066, 40.7456189365424], [-73.94555009148365, 40.74562162157561], [-73.94555148594446, 40.74562430385549], [-73.94555282273436, 40.74562689827608], [-73.94555416310644, 40.745629525635394], [-73.94555551786937, 40.74563220789646], [-73.94555687260554, 40.74563492309455], [-73.9455581516554, 40.74563751474303], [-73.94555941987409, 40.74564011187594], [-73.94556075651664, 40.745642887449876], [-73.94556203549274, 40.74564556967505], [-73.94556325680698, 40.74564815306195], [-73.94556426553575, 40.745650319146385], [-73.94556520940495, 40.74565236168643], [-73.94556613884745, 40.74565439324062], [-73.94556718714897, 40.74565671304972], [-73.94556808414042, 40.745658708906824], [-73.94556898110726, 40.745660734956154], [-73.9455699501069, 40.7456629394483], [-73.94557083984029, 40.74566498470744], [-73.94557171874476, 40.7456670327062], [-73.94557264085769, 40.7456692014944], [-73.94557357015938, 40.74567140596767], [-73.94557443099919, 40.74567347866068], [-73.9455752594081, 40.74567549095379], [-73.9455761562274, 40.745677698156484], [-73.94557703862453, 40.74567988888384], [-73.94557784896205, 40.74568193410543], [-73.94557866288393, 40.74568400952093], [-73.94557950920318, 40.74568618650748], [-73.94558031588258, 40.74568829211181], [-73.94558110093097, 40.745690370258416], [-73.9455819687851, 40.745692692726855], [-73.94558273218449, 40.745694765373706], [-73.94558348836158, 40.74569684350663], [-73.94558428052714, 40.745699045170326], [-73.94558501505526, 40.74570111780354], [-73.94558573875216, 40.745703195921116], [-73.94558650923513, 40.74570543325628], [-73.94558726889815, 40.74570766235206], [-73.94558795292393, 40.74570970751389], [-73.94558864772722, 40.7457118130653], [-73.9455893820987, 40.74571407783085], [-73.94559008765037, 40.74571627945357], [-73.94559074277801, 40.745718357538706], [-73.94559140507872, 40.74572049052226], [-73.94559207814575, 40.74572269761911], [-73.94559270440433, 40.74572477294589], [-73.94559333422035, 40.74572691140354], [-73.94559402520211, 40.74572927770431], [-73.94559462256703, 40.74573138046492], [-73.94559521631852, 40.745733488713306], [-73.94559583522725, 40.745735725976786], [-73.94559640371858, 40.74573783146848], [-73.94559697219205, 40.745739958918115], [-73.94559756580928, 40.745742231851445], [-73.9455981557884, 40.74574454046472], [-73.94560142508881, 40.74575827673727], [-73.94560441949112, 40.74577277317556], [-73.94560484350264, 40.745775029560185], [-73.94560526027837, 40.745777307899395], [-73.9456056626207, 40.74577958348704], [-73.94560603260142, 40.74578171358767], [-73.9456063917487, 40.74578385191743], [-73.94560674006914, 40.745785990242055], [-73.9456071386099, 40.74578850187638], [-73.94560723553788, 40.74578913046988], [-73.94560743655109, 40.74579046176847], [-73.94560777035298, 40.745792701642], [-73.94560810049671, 40.745795001898294], [-73.94560841624057, 40.74579725823178], [-73.94560869960043, 40.74579939652571], [-73.94560897934021, 40.74580154854172], [-73.94560924823969, 40.74580371702107], [-73.94560952066752, 40.745805984313115], [-73.94560978585731, 40.745808276304494], [-73.94561002228325, 40.74581043653425], [-73.94561024789806, 40.74581257754567], [-73.94561048059411, 40.7458148859902], [-73.94561069888128, 40.745817161490876], [-73.94561089560456, 40.74581932719141], [-73.9456110815212, 40.7458214681841], [-73.94561126730117, 40.74582377660647], [-73.94561144227674, 40.74582605757618], [-73.94561160287488, 40.74582826717564], [-73.94561163499677, 40.74582870635079], [-73.94561174553365, 40.74583034776341], [-73.94561189159751, 40.74583267812496], [-73.94561202325475, 40.74583497279803], [-73.94561213699284, 40.745837113756615], [-73.94561224348611, 40.74583928764878], [-73.9456123639693, 40.745842007752756], [-73.94561238163526, 40.745842471623796], [-73.94561243110942, 40.74584375893482], [-73.94561251225284, 40.74584603986025], [-73.94561257905693, 40.74584820275469], [-73.9456126385512, 40.74585047818043], [-73.9456126836882, 40.74585265753311], [-73.94561272161633, 40.745854825903365], [-73.9456127485003, 40.74585726050913], [-73.94561276479271, 40.745859406911215], [-73.94561277384713, 40.74586157801263], [-73.94561277196718, 40.74586388085682], [-73.94561275937019, 40.74586604920326], [-73.94561273583663, 40.74586835203723], [-73.94561270149643, 40.74587063016337], [-73.94561266002576, 40.745872801240886], [-73.94561260773052, 40.74587496956858], [-73.9456125482174, 40.74587713789285], [-73.94561247415426, 40.745879446192454], [-73.94561238561502, 40.74588180389075], [-73.94561233773537, 40.745882984110565], [-73.94561230462755, 40.74588375262489], [-73.94561219437195, 40.7458861871659], [-73.94561208794265, 40.74588835546802], [-73.94561197067979, 40.745890531999244], [-73.94561183890278, 40.74589280458984], [-73.94561169627876, 40.7458951018781], [-73.94561153921228, 40.74589740739378], [-73.94561138586678, 40.74589957567375], [-73.94561122168996, 40.74590174943806], [-73.94561105393107, 40.74590389026367], [-73.94561086078639, 40.74590618203856], [-73.94561066041264, 40.74590848753379], [-73.9456104601464, 40.74591066128108], [-73.94561025268918, 40.74591280208795], [-73.94561002706403, 40.745915093847536], [-73.9456097869964, 40.745917393834496], [-73.94560955063847, 40.74591957030946], [-73.94560931070299, 40.74592170835626], [-73.94560904537946, 40.74592400009704], [-73.94560876560674, 40.745926308299524], [-73.94560850040641, 40.74592844907913], [-73.94560822436354, 40.745930609066846], [-73.94560791933044, 40.74593291451264], [-73.94560762886744, 40.74593505528035], [-73.94560732755754, 40.74593722074561], [-73.94560698275433, 40.74593961400463], [-73.94560666339068, 40.74594179044039], [-73.94560634044943, 40.74594392844797], [-73.94560598491343, 40.74594620642238], [-73.9456056294043, 40.74594845145983], [-73.94560516151608, 40.745951311268136], [-73.94560470094203, 40.74595405305567], [-73.94560420779341, 40.74595691010734], [-73.94560368568577, 40.7459598741905], [-73.94560317816851, 40.74596264889282], [-73.94560266343785, 40.74596541810227], [-73.94560209440715, 40.74596839039757], [-73.94560155804064, 40.745971137638776], [-73.94560100723163, 40.74597389310739], [-73.94560039850248, 40.745976865383916], [-73.94559980431882, 40.74597970317453], [-73.94559921380008, 40.74598247234815], [-73.94559861969029, 40.7459852195621], [-73.94559798579022, 40.74598807929194], [-73.94559734107223, 40.7459909280377], [-73.94559671088635, 40.74599365876607], [-73.94559604450788, 40.74599651573581], [-73.94559536730924, 40.74599936446622], [-73.9455947010248, 40.74600210615651], [-73.94559400941719, 40.746004921943126], [-73.94559329612225, 40.746007778890686], [-73.94559259734378, 40.746010537034095], [-73.94559186602639, 40.746013366525666], [-73.94559114921424, 40.74601611093681], [-73.94559042156845, 40.74601886357711], [-73.94558966862195, 40.74602166286618], [-73.94558890483951, 40.74602447312913], [-73.94558812660783, 40.746027299853736], [-73.9455873628836, 40.7460300387532], [-73.94558658470783, 40.746032796859055], [-73.94558581018359, 40.74603550281643], [-73.9455849958689, 40.746038321289696], [-73.94558417796095, 40.74604112054807], [-73.94558337093129, 40.74604385668228], [-73.94558256031507, 40.74604656536731], [-73.94558173885179, 40.746049298749924], [-73.94558088847195, 40.746052087013915], [-73.94558002363169, 40.74605490546331], [-73.94557917691455, 40.746057627854995], [-73.94557833744433, 40.74606031456832], [-73.94557745095244, 40.746063130262705], [-73.94557658258137, 40.74606585264415], [-73.94557571783716, 40.746068553069286], [-73.94557481332271, 40.74607134130764], [-73.94557393414031, 40.74607404447069], [-73.94557304774219, 40.74607674488556], [-73.94557212879849, 40.74607952488279], [-73.9455712279622, 40.74608222803564], [-73.94557032713028, 40.746084925698916], [-73.94556939014164, 40.74608770568759], [-73.94556850020146, 40.74609032375829], [-73.9455675849381, 40.74609301592525], [-73.94556660457674, 40.74609587549115], [-73.94556566763937, 40.7460985923506], [-73.94556477050342, 40.746101182970335], [-73.94556384082189, 40.74610385317245], [-73.9455628713589, 40.74610662491146], [-73.94556189467338, 40.74610940213658], [-73.94556096502076, 40.74611203665691], [-73.94556002451884, 40.74611469861962], [-73.94555904785332, 40.746117451141984], [-73.94555807843923, 40.7461201624965], [-73.94555712710796, 40.74612282719882], [-73.94555619025948, 40.74612543426821], [-73.94555520638697, 40.746128173063376], [-73.94555421528298, 40.74613092832359], [-73.94555326398057, 40.74613355734413], [-73.94555230182655, 40.746136216551776], [-73.945551325212, 40.74613890594485], [-73.9455464493895, 40.74615231174212], [-73.94549941461474, 40.74629705582839], [-73.94506203886918, 40.74759101660156], [-73.94505023280948, 40.747627142847705], [-73.9449920360842, 40.74779893910823], [-73.94495604196621, 40.747905173893564], [-73.94495241679027, 40.74791595902479], [-73.94495059335203, 40.74792137903268], [-73.944948777143, 40.74792678532022], [-73.94494696093813, 40.747932186118234], [-73.9449451338696, 40.747937630826996], [-73.9449433321298, 40.74794299595013], [-73.94494151592185, 40.74794839949279], [-73.94493968885234, 40.747953844201525], [-73.94493786903249, 40.74795925048714], [-73.94493606728926, 40.74796461835488], [-73.94493425108466, 40.74797001640791], [-73.94493241679365, 40.747975463857756], [-73.9449305788933, 40.74798091130584], [-73.9449287554583, 40.74798632307909], [-73.94492694288648, 40.74799169094147], [-73.94492510137623, 40.747997138387746], [-73.94492325625428, 40.74800258857701], [-73.9449214292318, 40.74800797290088], [-73.94491960221349, 40.74801335173527], [-73.9449177498794, 40.748018793686704], [-73.94491590116989, 40.74802421642661], [-73.94491404523974, 40.74802964190777], [-73.94491219293425, 40.74803504817742], [-73.94491032978766, 40.74804047091035], [-73.94490845941584, 40.748045901874], [-73.94490658905738, 40.748051316369114], [-73.94490471510086, 40.748056717138795], [-73.94490283391234, 40.748062134373384], [-73.9449009418918, 40.7480675570923], [-73.94489904988912, 40.748072957853225], [-73.94489714342494, 40.7480783887994], [-73.94489524060127, 40.74808378132078], [-73.94489331970706, 40.748089204025796], [-73.94489137351513, 40.74809466788985], [-73.94488943818858, 40.748100085098294], [-73.94488750651169, 40.74810545290302], [-73.94488556760729, 40.74811083168327], [-73.94488357813492, 40.748116259844714], [-73.94488157781913, 40.74812170721421], [-73.94487959918688, 40.7481271189123], [-73.94487759530686, 40.74813251138498], [-73.94487558784238, 40.74813787366374], [-73.94487354423026, 40.7481433045438], [-73.94487149341101, 40.7481487216967], [-73.94486943176885, 40.748154133354866], [-73.94486737738305, 40.74815949835571], [-73.94486530856295, 40.748164860604874], [-73.94486321083822, 40.748170261266665], [-73.94486109867242, 40.74817566741096], [-73.94485897568136, 40.74818107080529], [-73.94485684910134, 40.74818644949509], [-73.9448547225596, 40.748191781524184], [-73.94485254178845, 40.74819722606196], [-73.94485036105783, 40.74820262119424], [-73.94484819120174, 40.748207958691914], [-73.94484599244333, 40.74821333185748], [-73.94484377563239, 40.748218713248576], [-73.94484155886205, 40.7482240452342], [-73.94483930595294, 40.74822943484218], [-73.94483705307533, 40.74823478602363], [-73.94483477491576, 40.74824015915093], [-73.94483248232633, 40.74824552403701], [-73.94483017892077, 40.7482508751941], [-73.94482785746719, 40.748256229087275], [-73.94482553605188, 40.74826153631967], [-73.94482318573418, 40.74826687921989], [-73.94482090394513, 40.74827227430317], [-73.94481851034288, 40.74827758699034], [-73.94481608423138, 40.74828293259885], [-73.94481364730589, 40.748288261733656], [-73.94481119595294, 40.74829357988246], [-73.94480874101549, 40.74829886783729], [-73.94480625357107, 40.748304185968685], [-73.9448045290196, 40.748307838403065], [-73.94480281893387, 40.74831145516261], [-73.94480107632987, 40.74831511582254], [-73.94479935182338, 40.74831871336183], [-73.94479759117597, 40.74832237126831], [-73.9447958377738, 40.748325996241206], [-73.94479410607595, 40.74832956084006], [-73.94479232739852, 40.748333199524524], [-73.94479051620523, 40.74833687936463], [-73.94478874840695, 40.74834045492505], [-73.94478696616085, 40.74834404420227], [-73.94478513693754, 40.74834770482042], [-73.94478334748884, 40.74835127488088], [-73.944781511072, 40.74835490530325], [-73.94477966743456, 40.748358538466896], [-73.94477787803532, 40.74836204814282], [-73.9447760199703, 40.74836567032047], [-73.9447741438461, 40.74836930895793], [-73.94477228219891, 40.748372898196834], [-73.9447704024902, 40.74837650664028], [-73.9447685336427, 40.74838007391767], [-73.94476663951099, 40.748383665885655], [-73.94476252596631, 40.748391409594255], [-73.94475978966634, 40.7483965135149], [-73.94475362678091, 40.7484078683298], [-73.94475123396063, 40.74841222584324], [-73.94474926043885, 40.74841580404905], [-73.94474731946681, 40.74841929992803], [-73.94474531344703, 40.748422897331466], [-73.94474330744528, 40.748426472776885], [-73.94474134121822, 40.74842995766462], [-73.94473930632974, 40.7484335495646], [-73.94473723892982, 40.74843717713067], [-73.94473527635448, 40.74844060986983], [-73.9447332415155, 40.74844414138523], [-73.94473117415585, 40.74844771954574], [-73.9447291538028, 40.74845119068357], [-73.94472708284509, 40.7484547551185], [-73.94472501553265, 40.74845827563915], [-73.94472290848373, 40.748461840056734], [-73.94472082313007, 40.74846535507918], [-73.94471874502389, 40.74846883442331], [-73.9447166235585, 40.7484723741311], [-73.94471452740427, 40.74847585621126], [-73.94471240235669, 40.74847936298022], [-73.94471026286801, 40.74848287523174], [-73.94470815230189, 40.748486327112616], [-73.94470605973528, 40.74848983389709], [-73.94470382994842, 40.748493431192344], [-73.94470166885, 40.74849688853835], [-73.94469950775813, 40.74850033765004], [-73.94469729969794, 40.748503847123644], [-73.94469511334209, 40.74850729622312], [-73.94469291976789, 40.748510745319116], [-73.94469068284347, 40.74851424379969], [-73.94468844954388, 40.74851772306877], [-73.94468624516908, 40.74852113922246], [-73.9446839396191, 40.74852470079918], [-73.94468168829165, 40.74852815810145], [-73.94467945143444, 40.748531574239394], [-73.94467716399521, 40.748535056226984], [-73.94467490547625, 40.748538480588664], [-73.9446726397457, 40.748541896712624], [-73.9446703451195, 40.748545340270105], [-73.9446680360545, 40.748548786565365], [-73.94466570169833, 40.74855226578544], [-73.94466340711023, 40.7485556626821], [-73.94466105471726, 40.74855913091439], [-73.94465872040368, 40.74856255798408], [-73.94465640416719, 40.74856594663594], [-73.94465403735543, 40.74856939290317], [-73.94465169945941, 40.74857278703402], [-73.94464929653817, 40.74857625524178], [-73.94464583129238, 40.74858123255079], [-73.94464238414172, 40.74858614948391], [-73.94463886474043, 40.74859114872471], [-73.94463534536604, 40.748596115028356], [-73.94463182240253, 40.7486010566275], [-73.94462827055901, 40.748606006446835], [-73.94462471150592, 40.74861094528362], [-73.94462113802285, 40.74861587587911], [-73.94461752482106, 40.74862082841341], [-73.94461395138478, 40.74862570136895], [-73.9446103237707, 40.74863062370382], [-73.9446066564356, 40.748635570722215], [-73.94460302163873, 40.7486404491374], [-73.94459918113954, 40.7486453082403], [-73.94459553193494, 40.74865015096659], [-73.94459185023439, 40.7486550101456], [-73.94458811796726, 40.748659915960936], [-73.9445843857156, 40.7486648025629], [-73.94458066793625, 40.74866964525571], [-73.94457695740424, 40.74867445227015], [-73.944573163785, 40.74867935256596], [-73.94456939548137, 40.74868418974459], [-73.94456562718864, 40.748689013199346], [-73.94456184446123, 40.74869383390229], [-73.94455803645833, 40.74869866831666], [-73.94455422847308, 40.74870348077296], [-73.944550413276, 40.7487082849914], [-73.94454656558058, 40.74871310840727], [-73.9445427467961, 40.74871788517627], [-73.9445388882929, 40.74872268388399], [-73.94453502257088, 40.74872748258806], [-73.94453114241198, 40.74873228128506], [-73.94452728755957, 40.74873702784388], [-73.94452340382932, 40.74874177987814], [-73.94451950564617, 40.74874655111862], [-73.94451557496691, 40.748751338811715], [-73.94451167681696, 40.74875606888069], [-73.94450774254577, 40.74876083461387], [-73.9445038191242, 40.748765572904574], [-73.94449988126337, 40.74877031393299], [-73.94449591450638, 40.748775082394786], [-73.94449195859443, 40.748779828903736], [-73.94448803520949, 40.74878452053324], [-73.94448407208964, 40.74878925331466], [-73.94448009813742, 40.74879399158022], [-73.94447613142334, 40.74879870514638], [-73.9444721719338, 40.74880341048167], [-73.9444681907754, 40.74880813227486], [-73.94446421323698, 40.7488128403459], [-73.94446021041827, 40.748817567617834], [-73.94445623288787, 40.748822264709645], [-73.9444522517524, 40.748826956310005], [-73.94444824894349, 40.748831669857786], [-73.9444442533636, 40.748836369685186], [-73.9444402686265, 40.748841050304414], [-73.94443625860227, 40.748845758358826], [-73.94443224135927, 40.74885046640959], [-73.94442825663192, 40.74885513330465], [-73.9444242574539, 40.748859816661124], [-73.94442025466624, 40.74886450001569], [-73.94441623743013, 40.74886919708688], [-73.94441222380715, 40.74887388867021], [-73.94440819934712, 40.74887859122715], [-73.94440418572988, 40.74888327457589], [-73.94440020462602, 40.748887919513734], [-73.94439620184643, 40.74889258914373], [-73.94439217377739, 40.74889728895359], [-73.94438815655107, 40.74890196955532], [-73.94438414654927, 40.74890664192611], [-73.94438012931954, 40.74891132527228], [-73.94437613015312, 40.748915986669054], [-73.94436410376152, 40.74892999005779], [-73.94425504245827, 40.74905682705612], [-73.94327323197919, 40.750175104410516], [-73.94323568517683, 40.75021818394905], [-73.94322137178473, 40.75023443952723], [-73.94318357626166, 40.75027707427661], [-73.94277535334619, 40.75073504475226], [-73.9427718917945, 40.75073962950638], [-73.94276362812997, 40.750750598902805], [-73.94275788655182, 40.750758231938505], [-73.94275214496767, 40.750765870463354], [-73.94274636725712, 40.75077354739649], [-73.94274057871057, 40.75078123255815], [-73.9427348154625, 40.75078887656086], [-73.94272903055791, 40.75079652055252], [-73.94272320593187, 40.75080418648209], [-73.94271740299035, 40.75081181674045], [-73.94271151699343, 40.750819496362645], [-73.94270563464207, 40.75082713207041], [-73.94269973786673, 40.750834751302165], [-73.94269375443373, 40.750842411661715], [-73.94268778911861, 40.750849986942825], [-73.94268178768174, 40.750857595142584], [-73.94267569964617, 40.75086517585144], [-73.94266956831768, 40.750872734580426], [-73.94266337924758, 40.75088028504613], [-73.94265717938387, 40.750887794334865], [-73.9426508892981, 40.75089529259936], [-73.94264287235804, 40.750904708582425], [-73.94263813955095, 40.75091021767941], [-73.94263264091741, 40.75091650864794], [-73.94263055275776, 40.75091887358065], [-73.94262841039605, 40.75092131259447], [-73.94262636199416, 40.750923611672945], [-73.94262428106667, 40.75092596014064], [-73.94262247465637, 40.750928056228226], [-73.94262036124815, 40.75093040193491], [-73.94261828033679, 40.75093273118924], [-73.94261615249849, 40.750935068654414], [-73.94261398495877, 40.750937406099766], [-73.94261186077668, 40.750939688671735], [-73.94260968603005, 40.75094201238968], [-73.94260746071888, 40.75094437725362], [-73.94260531481245, 40.750946739412306], [-73.94260315815875, 40.75094900824416], [-73.94260096900774, 40.75095129352831], [-73.94259872567594, 40.750953628190835], [-73.94259648596969, 40.750955943641905], [-73.94259427878639, 40.750958212448474], [-73.94259201020378, 40.7509605306298], [-73.94258977414182, 40.75096280491134], [-73.94258752725199, 40.75096507918745], [-73.94258521896762, 40.75096739734887], [-73.94258316709318, 40.750969534484696], [-73.94258090217821, 40.750971784048936], [-73.94257857586148, 40.75097408573274], [-73.94257630013038, 40.75097632156774], [-73.94257401357147, 40.750978557397346], [-73.94257168729219, 40.750980815165065], [-73.94256933935034, 40.75098308115618], [-73.94256730195436, 40.75098516889348], [-73.94256498654718, 40.750987374516264], [-73.94256259890592, 40.750989637742684], [-73.94256027268261, 40.75099182963625], [-73.94255788867866, 40.75099405992746], [-73.94255551190956, 40.75099627100892], [-73.94255315682865, 40.75099844367474], [-73.94255072590211, 40.7510006766871], [-73.94254830582669, 40.75100288225732], [-73.9425459327182, 40.75100503295601], [-73.94254348738271, 40.75100723302407], [-73.9425410601192, 40.751009402908835], [-73.9425386003607, 40.7510115865011], [-73.94253615145102, 40.751013745396], [-73.94253370255308, 40.75101589056711], [-73.94253124644358, 40.75101802750032], [-73.94252875422998, 40.7510201781392], [-73.9425262800836, 40.75102230408434], [-73.94252377344706, 40.75102443824741], [-73.94252161324037, 40.75102663571252], [-73.94251918242063, 40.75102874246584], [-73.94251672271997, 40.751030857439005], [-73.94251424858938, 40.7510329641706], [-73.94251174918703, 40.7510350791238], [-73.94251059700923, 40.751036050189505], [-73.94250926063351, 40.751037169379664], [-73.94250676487086, 40.75103924865285], [-73.9425042402296, 40.75104133340104], [-73.9425027557906, 40.75104255132815], [-73.94250170837684, 40.751043409911354], [-73.94249916570578, 40.75104547543724], [-73.94249664832986, 40.751047505293926], [-73.94249410207534, 40.75104954062567], [-73.94249151249583, 40.75105159240425], [-73.94248893376516, 40.7510536194854], [-73.94248635505097, 40.751055627353246], [-73.94248375829046, 40.7510576352121], [-73.94248111459582, 40.751059659515896], [-73.94247849619393, 40.75106165089529], [-73.94247588142248, 40.751063617573685], [-73.94247325582796, 40.75106557875717], [-73.9424705905224, 40.751067550899705], [-73.9424688858892, 40.751068804398095], [-73.94246715237277, 40.751070068861], [-73.94246543330492, 40.75107131960737], [-73.94246368535622, 40.75107257857355], [-73.94246195907694, 40.75107382108201], [-73.94246018585885, 40.75107508552504], [-73.9424584487589, 40.7510763197938], [-73.94245670805445, 40.75107754857124], [-73.94245492402035, 40.751078799285004], [-73.9424531724952, 40.75108001982275], [-73.94245139569601, 40.75108125132683], [-73.94244965501501, 40.75108245265669], [-73.94244787100673, 40.751083673178144], [-73.94244608339152, 40.751084890953], [-73.94244432467607, 40.75108607855007], [-73.94244252984944, 40.751087288087], [-73.94244072780906, 40.75108849213081], [-73.94243890049461, 40.751089707141], [-73.94243712374464, 40.75109088100513], [-73.94243612342227, 40.75109153924476], [-73.94243532894384, 40.7510920603498], [-73.94243350887136, 40.75109324791601], [-73.94243169963829, 40.751094421763874], [-73.94242988318909, 40.75109559286336], [-73.94242804869137, 40.75109676669853], [-73.9424273083914, 40.75109724116988], [-73.9424262033636, 40.75109794327302], [-73.94241164319907, 40.75110695798057], [-73.94239637204066, 40.751115942138576], [-73.9423944545986, 40.751117036333994], [-73.94239255521684, 40.75111811407001], [-73.94239062695414, 40.75111920002575], [-73.94238871675168, 40.75112026952202], [-73.94238680655626, 40.75112133078402], [-73.94238485664755, 40.75112240574987], [-73.9423829320199, 40.75112346151508], [-73.9423815057042, 40.75112424031], [-73.9423809893414, 40.751124522760726], [-73.9423792306546, 40.75112567467508], [-73.94237727716249, 40.75112671944676], [-73.94237530923115, 40.75112776695594], [-73.94237337741559, 40.75112878703572], [-73.94237216777869, 40.75112942046726], [-73.94237139144273, 40.75112982904629], [-73.94236944158816, 40.751130840882695], [-73.94236747007105, 40.75113186094246], [-73.94236549856099, 40.751132872767975], [-73.94236352705798, 40.751133876359184], [-73.94236257741531, 40.75113435895963], [-73.9423615230625, 40.75113489091315], [-73.94235956962446, 40.75113587255533], [-73.94235755841991, 40.75113687612658], [-73.94235555805479, 40.751137865979494], [-73.9423535685268, 40.751138844858836], [-73.94235286804128, 40.75113918760175], [-73.94235155373183, 40.7511398264702], [-73.94234956421559, 40.75114079162568], [-73.94234753498839, 40.75114176774029], [-73.94234552743303, 40.75114272465244], [-73.94234349460837, 40.751143687041434], [-73.94234145456758, 40.75114464668201], [-73.9423394398079, 40.75114558712197], [-73.94233740700201, 40.751146527552876], [-73.94233537058929, 40.75114746523715], [-73.942333334186, 40.751148391942436], [-73.94233126168092, 40.75114932960862], [-73.9423292288962, 40.75115024533662], [-73.94232718528855, 40.75115115556972], [-73.94232510196993, 40.75115207676188], [-73.94232304393239, 40.75115297875341], [-73.94232099673197, 40.75115386977135], [-73.94231891704142, 40.751154769007215], [-73.94231683735791, 40.7511556600088], [-73.94231475406984, 40.75115654551908], [-73.94231269245135, 40.751157414571665], [-73.94231057307103, 40.75115830006375], [-73.94230847535782, 40.751159171842936], [-73.9423063884841, 40.751160029903744], [-73.9423042980059, 40.75116088247326], [-73.94230285381117, 40.751161466381156], [-73.94230220753239, 40.75116172955323], [-73.94230008457107, 40.751162582106325], [-73.94229795078677, 40.75116342916453], [-73.94229586394135, 40.7511642542882], [-73.94229373016883, 40.751165087622596], [-73.9422925531657, 40.7511655454058], [-73.94229158917787, 40.751165920953326], [-73.94228947346802, 40.7511667350834], [-73.94228733971198, 40.751167549204446], [-73.94228519874225, 40.75116835783235], [-73.94228305777717, 40.7511691609707], [-73.94228216601176, 40.7511694926383], [-73.94228093126084, 40.75116995039251], [-73.94227876864515, 40.751170748030404], [-73.94227662769899, 40.75117152921065], [-73.94227446509504, 40.75117231312479], [-73.94227230610977, 40.75117308606165], [-73.94227170679348, 40.75117329985166], [-73.94227012185759, 40.751173861730614], [-73.94226795205167, 40.751174626427755], [-73.94226579308295, 40.75117538015127], [-73.94226363412128, 40.75117612564054], [-73.94226144628102, 40.75117687660478], [-73.94225924039704, 40.751177624815206], [-73.94225710311433, 40.75117834286769], [-73.94225487197042, 40.75117908557585], [-73.94225268054457, 40.7511798090907], [-73.94225051439747, 40.751180516149645], [-73.94224829771174, 40.751181234162175], [-73.94224610630474, 40.75118193571887], [-73.94224390407243, 40.751182634525364], [-73.94224167657553, 40.751183333319155], [-73.94223946352503, 40.75118402114114], [-73.94223724325833, 40.751184706214715], [-73.94223501216872, 40.751185385793306], [-73.94223277025382, 40.75118606262167], [-73.94223058249857, 40.75118671477446], [-73.94222900125217, 40.75118718333329], [-73.94222834059548, 40.75118737787902], [-73.94222609147859, 40.751188035490415], [-73.94222386402893, 40.751188679388925], [-73.94222160770306, 40.75118932601764], [-73.94221936221437, 40.751189961672765], [-73.9422181095094, 40.751190312372074], [-73.94221712756278, 40.751190586354284], [-73.94221589291104, 40.751190928828414], [-73.94221486764422, 40.751191213767854], [-73.94221364382729, 40.751191548013104], [-73.94221263661369, 40.75119182472732], [-73.94221139835749, 40.75119216171012], [-73.94221034421679, 40.75119244663498], [-73.94220912762542, 40.75119277264961], [-73.942208091538, 40.75119304934931], [-73.94220683523804, 40.75119338357822], [-73.94220582442468, 40.75119364931161], [-73.94220460783801, 40.75119396983668], [-73.94220356092764, 40.7511942410414], [-73.94220236600343, 40.75119455334308], [-73.94220126855438, 40.75119483550145], [-73.94220008446499, 40.75119513957428], [-73.94219898340909, 40.75119541898603], [-73.94219782820298, 40.75119571209435], [-73.94219671992866, 40.75119599150246], [-73.94219556472484, 40.751196281866044], [-73.94219445645288, 40.75119655852939], [-73.94219324710363, 40.75119685709998], [-73.94219218937499, 40.751197117320196], [-73.9421909836397, 40.75119741040311], [-73.94218988620248, 40.75119767883763], [-73.9421887093505, 40.751197960956], [-73.94218756498623, 40.75119823760116], [-73.94218642423594, 40.75119850875862], [-73.94218530153414, 40.75119877718043], [-73.94218417161623, 40.75119904285383], [-73.94218300198979, 40.75119931674151], [-73.94218187207426, 40.75119957967015], [-73.94218070606175, 40.75119984807015], [-73.9421795581001, 40.75120011098971], [-73.94217837403909, 40.75120038212535], [-73.9421772405191, 40.75120063956267], [-73.94217607451132, 40.751200902473116], [-73.9421749482145, 40.75120115442448], [-73.94217378221146, 40.75120141184542], [-73.94217266674707, 40.75120165831272], [-73.94217148630472, 40.751201918471146], [-73.9421703527942, 40.75120216492939], [-73.9421691506965, 40.75120242507692], [-73.94216803523683, 40.751202666054674], [-73.94216687646174, 40.75120291250019], [-73.94216574656758, 40.75120315072592], [-73.94216450476597, 40.751203413598226], [-73.9421634759491, 40.7512036299167], [-73.94216218722526, 40.751203895510166], [-73.9421611295322, 40.75120411455889], [-73.94215988051931, 40.75120436919324], [-73.94215881199852, 40.751204588236504], [-73.94215754493952, 40.7512048428618], [-73.94215649086274, 40.75120505367805], [-73.94215521297603, 40.751205308297905], [-73.94215420944035, 40.75120550541576], [-73.94215290989587, 40.7512057627694], [-73.94215187387476, 40.7512059626157], [-73.94215054184727, 40.75120621995302], [-73.94214951665623, 40.75120641706002], [-73.94214820990042, 40.75120666617575], [-73.94214719915338, 40.75120685505569], [-73.94214586713306, 40.7512071041587], [-73.94214488526455, 40.75120728756364], [-73.94214353158883, 40.75120753665579], [-73.94214257138042, 40.751207714582094], [-73.94214115995231, 40.75120796913471], [-73.94214022140638, 40.75120813883762], [-73.94213883524765, 40.75120838791338], [-73.94213787143713, 40.751208557603576], [-73.94213652860091, 40.75120879297736], [-73.94213556118122, 40.75120896266571], [-73.94213411366319, 40.75120921445535], [-73.94213321122378, 40.751209367707844], [-73.94213174566207, 40.75120961674365], [-73.94213085766191, 40.75120976725862], [-73.94212941015343, 40.751210008069215], [-73.9421285149348, 40.7512101585806], [-73.94212704216174, 40.75121039937845], [-73.94212470666497, 40.75121077698019], [-73.94212236034288, 40.75121115183168], [-73.94211995266159, 40.75121152939709], [-73.9421175810844, 40.75121189325681], [-73.94211520951441, 40.751212248882275], [-73.94211287043451, 40.751212596289776], [-73.94211046277692, 40.751212946407485], [-73.94210809122355, 40.75121328281955], [-73.9421057124564, 40.75121361373848], [-73.94210334452413, 40.751213936428556], [-73.9421009693781, 40.75121425362543], [-73.9420985545306, 40.75121457080229], [-73.94209618300569, 40.751214874277174], [-73.94209380787635, 40.75121517226071], [-73.94209143275407, 40.751215462009945], [-73.94208901793036, 40.75121575173918], [-73.94208661033224, 40.75121603323773], [-73.94208423522666, 40.75121630377356], [-73.94208181681036, 40.75121657428761], [-73.94207940923121, 40.75121683382805], [-73.9420770341423, 40.751217085150515], [-73.94207462296349, 40.75121733371006], [-73.94207220096173, 40.7512175767746], [-73.94206979340406, 40.75121781161211], [-73.94206741472965, 40.751218035485124], [-73.94206496747766, 40.751218262068335], [-73.94206259242438, 40.75121847221931], [-73.94206013796583, 40.75121868507507], [-73.94205772321826, 40.75121888697171], [-73.942055312087, 40.75121908063591], [-73.94205293705521, 40.751219266083986], [-73.94205047901124, 40.75121945149021], [-73.94204807150591, 40.75121962594287], [-73.94204569288156, 40.75121979217573], [-73.94204319515278, 40.75121995834863], [-73.94204078405492, 40.751220113586065], [-73.942038369355, 40.7512202605874], [-73.9420359185652, 40.75122040482579], [-73.94203353996946, 40.75122053812143], [-73.94203112528383, 40.75122066865417], [-73.94202867090387, 40.75122079093255], [-73.94202621291711, 40.75122091046438], [-73.94202379825056, 40.75122101903897], [-73.94202138720041, 40.751221119381086], [-73.94201892923269, 40.75122121695476], [-73.94201647126978, 40.75122130903889], [-73.9420140566271, 40.751221390165796], [-73.9420116419892, 40.7512214658032], [-73.94200918404293, 40.751221538673946], [-73.94200676941696, 40.75122160058747], [-73.94200431509432, 40.75122165699147], [-73.9420018138565, 40.75122170788227], [-73.94199939924486, 40.751221753327165], [-73.94199698464277, 40.75122178779302], [-73.94199452312316, 40.751221819490496], [-73.94199210853063, 40.751221842977216], [-73.9419896109307, 40.75122186093263], [-73.94198719635011, 40.75122187069559], [-73.94198477816508, 40.75122187496718], [-73.94198227336348, 40.751221873705575], [-73.94197982270735, 40.751221864236925], [-73.94197740093222, 40.75122184654854], [-73.94197493945802, 40.751221826095396], [-73.94197252130166, 40.75122179742973], [-73.94197007066947, 40.75122176051343], [-73.94196760560517, 40.75122171810031], [-73.94196519107481, 40.7512216702231], [-73.94196268993022, 40.751221614067966], [-73.94196022127345, 40.751221552439645], [-73.9419578536798, 40.751221485372696], [-73.94195535255196, 40.75122141000416], [-73.94195288391433, 40.75122132641771], [-73.94195042249996, 40.75122123734534], [-73.94194796830878, 40.751221142787095], [-73.94194554660544, 40.75122104275564], [-73.94194307798935, 40.75122093446626], [-73.94194066351645, 40.751220820714636], [-73.94193815882015, 40.75122069868323], [-73.94193573353151, 40.75122057120227], [-73.94193332268462, 40.75122043823905], [-73.94193081800503, 40.75122029699425], [-73.94192834581573, 40.75122014753157], [-73.9419259241579, 40.751219995349494], [-73.94192348806801, 40.751219837670654], [-73.94192082822774, 40.75121965517619], [-73.9419181900476, 40.75121946720307], [-73.94191554104702, 40.751219270990255], [-73.94191290648813, 40.751219069295125], [-73.94191026110877, 40.75121885936021], [-73.94190762656426, 40.75121864119647], [-73.94190498841539, 40.751218417541374], [-73.94190229614007, 40.75121818013517], [-73.94189965439635, 40.7512179400096], [-73.94189705596811, 40.75121769441641], [-73.94189441784557, 40.75121744056883], [-73.94189177612107, 40.751217178485156], [-73.9418890874886, 40.751216902654], [-73.94188648186832, 40.751216626864675], [-73.94188388707815, 40.751216348336015], [-73.94188125620771, 40.7512160560653], [-73.94187856038566, 40.751215747293365], [-73.94187592230878, 40.75121544129518], [-73.94187327703507, 40.751215110590564], [-73.9418706317566, 40.75121478537541], [-73.94186803700482, 40.75121446293045], [-73.94186531596864, 40.7512140965057], [-73.9418627031876, 40.7512137548383], [-73.94186010845752, 40.7512134076904], [-73.94185741268599, 40.75121304127823], [-73.94185481797028, 40.75121267766177], [-73.94185218716966, 40.751212305792755], [-73.94184954195363, 40.75121190921373], [-73.94184690395136, 40.75121151812772], [-73.9418442515194, 40.751211118800164], [-73.94184170374776, 40.75121072775961], [-73.94183903329366, 40.75121030097534], [-73.94183637727413, 40.751209876943044], [-73.94183376817217, 40.751209455679145], [-73.94183117351193, 40.75120902893296], [-73.94182858246567, 40.75120859669908], [-73.94182591204536, 40.75120813148807], [-73.94182330296985, 40.75120768003169], [-73.94182074081193, 40.751207231343706], [-73.94181811370478, 40.75120676340962], [-73.94181543970176, 40.75120626800434], [-73.94181287756307, 40.751205797358224], [-73.94181023604074, 40.75120530471393], [-73.9418076703073, 40.75120481759736], [-73.94180506128245, 40.75120430850095], [-73.94180244504153, 40.75120379665604], [-73.9417998937595, 40.751203293078156], [-73.941797259487, 40.751202764755526], [-73.94179463965376, 40.75120223369539], [-73.94179206313854, 40.751201694422846], [-73.94178950466458, 40.75120116064883], [-73.94178694619548, 40.751200621385294], [-73.94178434803936, 40.75120006563313], [-73.941781731854, 40.75119949065861], [-73.9417791734042, 40.75119892943689], [-73.94177661856853, 40.751198362727465], [-73.9417740204366, 40.75119777952762], [-73.94177140788219, 40.75119717985195], [-73.94176883863132, 40.75119658843235], [-73.94176631268876, 40.75119599977933], [-73.94176377231656, 40.75119540288474], [-73.94176116699998, 40.75119478125446], [-73.94175859416887, 40.751194156895856], [-73.9417560393815, 40.75119353529106], [-73.9417534665577, 40.75119290269808], [-73.94175095147669, 40.75119227562376], [-73.94174839671106, 40.75119162931606], [-73.9417458239066, 40.75119097476497], [-73.94174326192987, 40.75119032021926], [-73.94174073604779, 40.75118966294703], [-73.94173821738902, 40.75118900018885], [-73.94173565543159, 40.75118832368502], [-73.94173313678252, 40.75118764994779], [-73.94173057844407, 40.75118696246668], [-73.94172805258864, 40.75118627500194], [-73.94172552674287, 40.75118557655817], [-73.94172300089956, 40.75118487536956], [-73.94172044258535, 40.751184160440786], [-73.94171794922757, 40.7511834565238], [-73.94171543783568, 40.751182738873844], [-73.9417128939729, 40.75118200748369], [-73.94171042589183, 40.751181289855595], [-73.94170787121354, 40.751180544736144], [-73.94170536345273, 40.75117980238507], [-73.94170288817017, 40.75117906553995], [-73.94170165053134, 40.75117869437258], [-73.94170036237544, 40.751178309455895], [-73.94169908144035, 40.75117792179813], [-73.94169784380396, 40.75117754788603], [-73.9416953504971, 40.75117678632882], [-73.94169285719511, 40.75117601928211], [-73.94169036389798, 40.75117524674586], [-73.94168788143094, 40.751174471470286], [-73.94168543144215, 40.75117370170057], [-73.94168291290467, 40.75117290170392], [-73.94168041962939, 40.751172104464686], [-73.94167793357504, 40.751171304484345], [-73.94167546556683, 40.751170504513084], [-73.94167297952221, 40.75116969355363], [-73.94167048265717, 40.75116887435441], [-73.94166802549124, 40.75116805792], [-73.94166557193455, 40.75116724148736], [-73.94166312199198, 40.75116641956699], [-73.94166061793281, 40.75116557291642], [-73.9416581535703, 40.75116473177543], [-73.94165569642627, 40.75116389063801], [-73.94165327536972, 40.75116305500835], [-73.94165082545153, 40.75116220564026], [-73.94164835389006, 40.751161342537436], [-73.94164588594268, 40.75116047394681], [-73.94164346129878, 40.75115961361242], [-73.94164104026424, 40.751158753279775], [-73.94163857954509, 40.751157873713694], [-73.9416361116172, 40.751156983164954], [-73.94163366534235, 40.75115609537187], [-73.94163126597535, 40.751155221326236], [-73.94162884135588, 40.75115433354402], [-73.94162641674376, 40.75115343752757], [-73.94162394523102, 40.75115251952924], [-73.94162152423301, 40.75115161802499], [-73.94161912488802, 40.751150719276374], [-73.9416167327663, 40.75114981504192], [-73.94161430095771, 40.75114889431875], [-73.94161185833111, 40.751147962611114], [-73.94160943374585, 40.75114703640202], [-73.94160706328694, 40.75114612394412], [-73.94160464592754, 40.751145189504356], [-73.9416021744515, 40.751144230334354], [-73.9415998148301, 40.75114330690278], [-73.94159741191493, 40.75114236423598], [-73.94159498374736, 40.75114140783255], [-73.94159264578147, 40.75114048441179], [-73.94159023927178, 40.751139525274496], [-73.94158721941132, 40.75113831879882], [-73.9415722933776, 40.75113225905966], [-73.9415702729466, 40.75113142363144], [-73.94128423529483, 40.75101230159415], [-73.94118384737862, 40.750968721420996], [-73.9410835354332, 40.75092508904862], [-73.94098320918238, 40.75088145658127], [-73.94088298408656, 40.75083786250452], [-73.9408827964786, 40.75083778281054], [-73.94056916276068, 40.750701372125384], [-73.94054489311075, 40.750690814278784], [-73.940255526718, 40.75056496058168], [-73.94020680001583, 40.75054376780045], [-73.93994189556895, 40.750428548183216], [-73.93986871203016, 40.75039671209427], [-73.93962827293271, 40.75029212395291], [-73.93957953580713, 40.75027092541031], [-73.93953062553466, 40.75024965813743], [-73.93948277596812, 40.750228855263394], [-73.9394662059347, 40.75022126830655], [-73.93946071148358, 40.7502187182925], [-73.93945522786039, 40.750216168283885], [-73.9394497298084, 40.75021361003321], [-73.93944527076101, 40.75021153265937], [-73.93944422454354, 40.75021104628895], [-73.93943874092909, 40.7502084880453], [-73.93943325010171, 40.7502059243081], [-73.9394277484547, 40.75020335233071], [-73.93942484791324, 40.750201997644474], [-73.93942226484653, 40.7502007885968], [-73.9394167523829, 40.75019820563421], [-73.93941130485972, 40.75019565015301], [-73.93940867129005, 40.75019441363096], [-73.93940582126278, 40.7501930754393], [-73.93940030880538, 40.75019048698642], [-73.9393948396435, 40.75018791502453], [-73.93939246582465, 40.75018679940774], [-73.9393893452303, 40.75018532932536], [-73.93938386164251, 40.750182746376396], [-73.9393783780577, 40.75018016068242], [-73.93937632171384, 40.75017919070399], [-73.93937291251414, 40.750177580487154], [-73.93936741450098, 40.75017498655078], [-73.93936015597664, 40.75017155453912], [-73.93935647621016, 40.75016981243142], [-73.9393520821336, 40.750167735088226], [-73.93934400468984, 40.750163907400626], [-73.93933593446283, 40.75016008246097], [-73.9393278678509, 40.750156252033186], [-73.93931980123992, 40.7501524216048], [-73.93931175988905, 40.75014859667868], [-73.9393036824649, 40.750144752519745], [-73.93929620390558, 40.75014119138491], [-73.93928759977771, 40.75013709168568], [-73.9392795115414, 40.7501332337956], [-73.93927146299184, 40.750129392394356], [-73.93926343609313, 40.750125556493465], [-73.93925537311875, 40.75012170410448], [-73.93924730654115, 40.75011784622353], [-73.93923927965027, 40.7501140048315], [-73.93923605085537, 40.75011246057968], [-73.93923122750866, 40.75011014970176], [-73.93922318980215, 40.750106297323875], [-73.93921516652824, 40.750102450442526], [-73.93920710717863, 40.750098587073104], [-73.93919908391155, 40.75009473470109], [-73.93919103178466, 40.75009086858962], [-73.93918301573777, 40.75008701622032], [-73.93917599177546, 40.75008364196056], [-73.93916696200434, 40.750079297744904], [-73.93915892071365, 40.75007542614738], [-73.93915089024638, 40.75007156004447], [-73.93914285978006, 40.750067693941055], [-73.93913483653544, 40.750063825096085], [-73.93912683493926, 40.75005996449626], [-73.93911599779014, 40.75005473825719], [-73.93909696065155, 40.75004553603089], [-73.93909343966433, 40.750043835169954], [-73.93907872440786, 40.75003671025553], [-73.93907071561992, 40.75003282769], [-73.9390627248737, 40.75002895062296], [-73.93905609779051, 40.75002573027174], [-73.93904671814501, 40.75002116902636], [-73.93903872380501, 40.75001727823201], [-73.93903073307757, 40.75001338469426], [-73.9390227712168, 40.75000949940546], [-73.93901476968138, 40.750005586647646], [-73.93900676814684, 40.75000167388924], [-73.93899633874338, 40.749996565878945], [-73.93899079395892, 40.74999384289659], [-73.9389828537754, 40.74998993840329], [-73.93897491359779, 40.74998602841993], [-73.93896692291807, 40.74998209096181], [-73.93895895750092, 40.74997815626121], [-73.93894307358082, 40.749970295117485], [-73.93893679649928, 40.74996718199012], [-73.93892719690547, 40.74996240927274], [-73.93891922791401, 40.749958441630504], [-73.93891129861164, 40.74995448773256], [-73.93890339096515, 40.749950533845535], [-73.93889549414708, 40.74994657996367], [-73.93888752879624, 40.74994258212896], [-73.93888035710035, 40.749938977213866], [-73.9388717640607, 40.749934649675154], [-73.93886385284502, 40.749930657357], [-73.93885593803118, 40.749926654057454], [-73.93884805208656, 40.749922656262115], [-73.93884024551394, 40.74991869144544], [-73.93882421753824, 40.749910522796945], [-73.93878601821874, 40.7498909104885], [-73.93877927952107, 40.74988742656608], [-73.9387726021545, 40.74988397012337], [-73.93876584903934, 40.74988046697929], [-73.93875913922206, 40.74987697758155], [-73.93875245827114, 40.749873496433054], [-73.93874574486125, 40.74986999056413], [-73.93873905670854, 40.74986649294248], [-73.93873236135086, 40.74986298159292], [-73.93872566599644, 40.74985946749817], [-73.93871895261717, 40.74985593143549], [-73.93871226449505, 40.74985240362006], [-73.93870561966828, 40.74984889229582], [-73.93869892795618, 40.74984534526447], [-73.93869227953934, 40.749841814724284], [-73.93868563112831, 40.749838278694206], [-73.9386789646924, 40.74983472069617], [-73.93867231629797, 40.74983116819686], [-73.93866563184052, 40.74982758548569], [-73.93865898707175, 40.74982401651904], [-73.93865237116684, 40.74982045854635], [-73.93864576248846, 40.749816892342935], [-73.93863912496036, 40.74981330142096], [-73.9386324693999, 40.749809696765304], [-73.93862583188589, 40.749806092118845], [-73.9386192521013, 40.74980250671602], [-73.93861265428677, 40.749798904834705], [-73.9386060168002, 40.749795272739654], [-73.93859943704052, 40.74979166263292], [-73.93859286089564, 40.74978804703829], [-73.93858709640719, 40.74978486829106], [-73.93858138964278, 40.74978171427703], [-73.93857565763261, 40.74977854103599], [-73.9385699472728, 40.74977537329574], [-73.93856426577916, 40.74977221380481], [-73.93855855904225, 40.74976903234219], [-73.93855287035159, 40.74976585088887], [-73.93854715280607, 40.74976265020667], [-73.93854141001731, 40.7497594275527], [-73.93853575020403, 40.74975624336922], [-73.93853009039884, 40.74975305095122], [-73.93852436927676, 40.74974981732897], [-73.9385187563814, 40.749746635914406], [-73.93851309299154, 40.74974341879093], [-73.93850742600321, 40.749740190686204], [-73.9385017265584, 40.74973693511646], [-73.93849606679962, 40.749733696036046], [-73.93849042507942, 40.74973046519926], [-73.93848481944622, 40.74972723987097], [-73.93847919217639, 40.74972399531757], [-73.9384735216253, 40.74972072054857], [-73.93846786912046, 40.7497174457889], [-73.93846226351727, 40.74971419026732], [-73.93845663267352, 40.74971091002917], [-73.93845106316033, 40.74970765727104], [-73.93844543233284, 40.74970436056387], [-73.9384398520136, 40.74970108584142], [-73.93843427531166, 40.749697802886416], [-73.93842863729549, 40.74969447598232], [-73.93842304618349, 40.74969116557155], [-73.93841747311518, 40.749687857914914], [-73.93841189644591, 40.74968454202181], [-73.93840634504117, 40.74968122614196], [-73.93840079724873, 40.74967790751906], [-73.93839526389584, 40.7496745861588], [-73.9383896511958, 40.749671207116116], [-73.93838411064611, 40.74966786379353], [-73.93837863142693, 40.74966454795096], [-73.93837307286059, 40.74966117442593], [-73.93836752512475, 40.74965779816168], [-73.93836200986156, 40.74965443289358], [-73.93835651985783, 40.74965107312819], [-73.93835100822015, 40.74964769139298], [-73.93834547495102, 40.74964428494315], [-73.93833997775867, 40.749640894980885], [-73.93833453829272, 40.749637527007266], [-73.93832900144413, 40.74963409036252], [-73.9383235114971, 40.74963067295583], [-73.93831810812924, 40.74962729951127], [-73.93831260738138, 40.74962385465082], [-73.93830713910609, 40.749620420786485], [-73.93830167444563, 40.749616981434336], [-73.9382962350471, 40.74961354484017], [-73.9382907740147, 40.749610086276206], [-73.93827522780556, 40.74960018038321], [-73.93825833266956, 40.74958931859252], [-73.9382542459687, 40.74958667320902], [-73.93825017008794, 40.74958403606547], [-73.9382461338927, 40.74958141541151], [-73.93824212656071, 40.749578805751874], [-73.93823814087364, 40.749576207082725], [-73.93823409027083, 40.74957355622837], [-73.93823208480836, 40.74957224316314], [-73.93823006491957, 40.749570919111136], [-73.93822599989612, 40.749568251780275], [-73.93822203587787, 40.749565639398455], [-73.93821798529412, 40.74956296933029], [-73.93821396718023, 40.749560313003144], [-73.93820999596504, 40.74955767865902], [-73.93820603197092, 40.74955504157388], [-73.93820197419824, 40.749552341309084], [-73.93819801742812, 40.74954969873806], [-73.93819406066093, 40.74954705342213], [-73.93819001733335, 40.749544344930406], [-73.93818607140436, 40.749541688641045], [-73.93818204612313, 40.74953898015872], [-73.93817812905252, 40.74953634035304], [-73.93817419396207, 40.74953367309007], [-73.93817015788495, 40.74953093166455], [-73.93816623361998, 40.74952826715189], [-73.93816229493912, 40.74952558067332], [-73.93815828412184, 40.74952284475044], [-73.93815431660175, 40.74952012257441], [-73.93815042482278, 40.74951745533388], [-73.93814650059251, 40.74951475513882], [-73.9381425402967, 40.74951202747678], [-73.9381385511537, 40.74950927235158], [-73.93813464497768, 40.7495065639316], [-73.93813076044145, 40.74950387199154], [-73.938126861492, 40.749501155340866], [-73.93812298057578, 40.749498452423495], [-73.93811895540422, 40.749495631404336], [-73.93811502400673, 40.749492879054095], [-73.93811125492348, 40.7494902310914], [-73.93810728025784, 40.7494874348017], [-73.93810333084367, 40.74948465224914], [-73.9380995112871, 40.749481946619206], [-73.93809559795467, 40.74947917506481], [-73.93809176037861, 40.74947644197744], [-73.93808785427272, 40.74947366219241], [-73.93808395899714, 40.749470879668245], [-73.93808012864535, 40.7494681410949], [-73.93807623337551, 40.74946535308104], [-73.93807234171769, 40.749462562324204], [-73.9380684861489, 40.749459774331434], [-73.9380646341794, 40.74945699731943], [-73.93806077500466, 40.7494542065797], [-73.93805695912704, 40.74945142958684], [-73.93805315767094, 40.749448669070134], [-73.93804925163472, 40.749445817920325], [-73.93804229074294, 40.74944073364663], [-73.93803534790044, 40.74943564663745], [-73.93802847362218, 40.74943057064372], [-73.93802157410151, 40.74942547267804], [-73.9380146890312, 40.749420360995956], [-73.93800781479696, 40.749415241085025], [-73.93800092616051, 40.74941008548419], [-73.93799408803245, 40.749404951868165], [-73.93798727156783, 40.74939981002911], [-73.93798046598533, 40.74939461055582], [-73.93797367480715, 40.749389446771566], [-73.93796688725193, 40.74938426926514], [-73.93796013217984, 40.749379091775815], [-73.93795330138884, 40.749373837392305], [-73.93794657524816, 40.74936859953332], [-73.93793988515115, 40.74936341384349], [-73.93793316624357, 40.749358162263846], [-73.93792644011886, 40.7493529106799], [-73.93791975368272, 40.749347672840706], [-73.93791307809805, 40.74934241030419], [-73.93790638809584, 40.74933712854632], [-73.93789973058445, 40.74933183857129], [-73.93789311636822, 40.74932656508773], [-73.93788646971191, 40.74932124767029], [-73.93787987359461, 40.74931591930074], [-73.93787327746044, 40.74931061014403], [-73.93786668855833, 40.74930528726712], [-73.9378600996778, 40.749299942431804], [-73.93785350360307, 40.74929457288951], [-73.9378470013128, 40.74928926103717], [-73.93784049543488, 40.74928392722452], [-73.93783393188637, 40.74927851378268], [-73.93782739719401, 40.74927311956925], [-73.93782093825315, 40.74926776931235], [-73.93781446129597, 40.749262388853126], [-73.93780794469073, 40.74925695347712], [-73.93780147858604, 40.749251548320224], [-73.93779506298954, 40.74924616514827], [-73.93778863659495, 40.74924075177788], [-73.93778218857484, 40.74923530820324], [-73.93777578384724, 40.74922988386479], [-73.93776937913611, 40.74922444305757], [-73.93776294559152, 40.74921896106311], [-73.93775655173292, 40.74921349555828], [-73.93775026247042, 40.74920810421782], [-73.93774384340138, 40.74920258380364], [-73.93773749285009, 40.749197123810596], [-73.93773117478196, 40.74919166383481], [-73.93772484951964, 40.74918617915197], [-73.93771853869487, 40.74918069447667], [-73.9377121882171, 40.74917516037406], [-73.93770588823968, 40.74916965649065], [-73.9376996567954, 40.74916419655992], [-73.93769334239389, 40.749158681689], [-73.93768702802937, 40.749153128391285], [-73.93768077859399, 40.749147613554825], [-73.93767455441315, 40.7491421097107], [-73.93766832303308, 40.749136586649065], [-73.93766207363163, 40.7491310388746], [-73.9376558386702, 40.749125488362864], [-73.93764960728552, 40.74911997353445], [-73.9376434192266, 40.749114442260684], [-73.93763722035683, 40.74910889451219], [-73.93763100707476, 40.749103322052825], [-73.9376248406839, 40.74909777981078], [-73.93761867790828, 40.749092232080855], [-73.93761252235447, 40.74908668160971], [-73.93760634156881, 40.74908109818765], [-73.93760015714682, 40.74907554495549], [-73.93759405210561, 40.74907001372398], [-73.93758788576977, 40.74906441932971], [-73.93758174469095, 40.74905883318303], [-73.93757558197915, 40.74905322506631], [-73.93756942649428, 40.74904760871894], [-73.9375610388878, 40.749039949068184], [-73.93755490501111, 40.749034384881945], [-73.93754880364058, 40.74902879601027], [-73.93754270588019, 40.74902320714025], [-73.93753114504493, 40.74901258418264], [-73.93752433692721, 40.74900631971815], [-73.93751240467168, 40.74899536444255], [-73.9375064115299, 40.748989830522305], [-73.93749933299934, 40.748983283200495], [-73.93748829151008, 40.74897306399839], [-73.93747949295096, 40.748964907319035], [-73.93747017874846, 40.74895626453853], [-73.93746413512494, 40.74895068941741], [-73.93745812399975, 40.7489450978451], [-73.93745209123907, 40.748939487047444], [-73.93744604406359, 40.7489338542837], [-73.93743478990902, 40.748923363230794], [-73.93742801073894, 40.74891703839176], [-73.9374192626962, 40.748908909182674], [-73.93740997020267, 40.74890022523777], [-73.93740391584448, 40.74889456227564], [-73.93739791916325, 40.74888897345274], [-73.93739020969147, 40.74888175606244], [-73.93737992918498, 40.74887214385294], [-73.93737390008268, 40.74886649462667], [-73.937367889014, 40.74886085913365], [-73.93736182746541, 40.748855174207364], [-73.93735583443134, 40.748849552447226], [-73.93734573065653, 40.748840072078686], [-73.9373379130368, 40.74883273385707], [-73.9373318695001, 40.74882709011019], [-73.93732582599283, 40.74882141617079], [-73.93731385437941, 40.74881016716478], [-73.93730783251425, 40.74880450970472], [-73.93730130943055, 40.74879837987464], [-73.93728978493168, 40.74878757850356], [-73.93727778448864, 40.74877629654106], [-73.93727178426606, 40.74877065830406], [-73.93725689189765, 40.748756657462984], [-73.93721250328792, 40.74871494053919], [-73.93718461169547, 40.748688723958765], [-73.93716809671427, 40.74867319614072], [-73.93712372265212, 40.74863147919009], [-73.93707935225459, 40.748589762224086], [-73.93703496387761, 40.74854803425186], [-73.93699057915236, 40.74850631998803], [-73.93694616923476, 40.74846458922453], [-73.93690176297147, 40.74842286942461], [-73.93685736396635, 40.74838116607975], [-73.93681293977411, 40.748339440745696], [-73.936768530066, 40.748297723636426], [-73.93672414566652, 40.74825601750264], [-73.93667978661473, 40.74821428117321], [-73.93665542928748, 40.74819125580386], [-73.93663579910883, 40.748172800292465], [-73.93659178996677, 40.748131357809186], [-73.93654770507626, 40.74808992899089], [-73.93650353717483, 40.7480485604941], [-73.93645934763471, 40.74800723313946], [-73.93641511121601, 40.747965922210206], [-73.93637082793198, 40.74792461398247], [-73.93632656273238, 40.747883322216], [-73.93628217844727, 40.74784207428236], [-73.93623798559076, 40.747800727626306], [-73.9361939660833, 40.747759317919844], [-73.936150152527, 40.74771771892273], [-73.9361065556701, 40.74767601298366], [-73.9360631574671, 40.74763420009289], [-73.93602941941116, 40.74760123613345], [-73.93601888713597, 40.74759113509525], [-73.93599670180693, 40.74756924711707], [-73.93597524470053, 40.74754820766685], [-73.9359647019815, 40.74753772509767], [-73.93593248977926, 40.74750565674596], [-73.93592402394074, 40.74749718174], [-73.93588970238393, 40.747463155196336], [-73.93588268962294, 40.747456102776255], [-73.93584705585836, 40.74742058783498], [-73.93580430108241, 40.747378056078944], [-73.93576117801139, 40.747335762894586], [-73.9357181416882, 40.747293390144456], [-73.93567505844169, 40.747251080480964], [-73.93563183805732, 40.747208822874704], [-73.93559009576623, 40.747168276057494], [-73.93555860722714, 40.7471383845904], [-73.93554808990159, 40.747127901996585], [-73.93552265882867, 40.74710389590725], [-73.93550584574498, 40.747087681492665], [-73.93548658405409, 40.747069508697656], [-73.93546344277433, 40.747047532247485], [-73.93544258378923, 40.747027843448215], [-73.9354308364488, 40.74701672337221], [-73.9354209928953, 40.747007426876124], [-73.93541136573268, 40.74699828695124], [-73.9353995896292, 40.746987065300125], [-73.93538795779091, 40.74697594528444], [-73.93537883912734, 40.7469671953965], [-73.93536074946987, 40.746950011347536], [-73.93534934850021, 40.746939014971204], [-73.9353367684917, 40.74692688709489], [-73.93531822824919, 40.74690917030477], [-73.93530684183077, 40.746898069631776], [-73.93529482788921, 40.74688651846621], [-73.9352760102223, 40.746868343140115], [-73.93526440384036, 40.74685706667532], [-73.93525316174862, 40.74684601822831], [-73.93523371309762, 40.746827260653546], [-73.93522243143994, 40.74681608592277], [-73.93521168342194, 40.746805419269705], [-73.93519195737802, 40.74678617296629], [-73.93518058209307, 40.7467748005567], [-73.9351704507143, 40.746764658493966], [-73.93513687641224, 40.7467312140295], [-73.93510358376729, 40.74669764345529], [-73.93507047173847, 40.746663935735604], [-73.93503743918345, 40.746630184135036], [-73.93503412584339, 40.746626789755524], [-73.9350309027254, 40.746623398171536], [-73.93502753529957, 40.74661995435583], [-73.93502437338218, 40.74661671925692], [-73.93502112854435, 40.74661339627918], [-73.93501775030603, 40.746609938733286], [-73.9350143937031, 40.74660650041279], [-73.93501099020267, 40.746603042852456], [-73.93500782828689, 40.74659980775312], [-73.9350045473958, 40.74659644907279], [-73.93500120521409, 40.7465930272285], [-73.93499794234978, 40.74658968777141], [-73.9349946975146, 40.746586364792876], [-73.93499131207444, 40.74658289351841], [-73.93498812505848, 40.74657949371936], [-73.93498475042716, 40.74657604166403], [-73.93498148756457, 40.74657270220647], [-73.93497835810295, 40.74656949731685], [-73.9349749690528, 40.74656602878457], [-73.93497159078713, 40.74656260417435], [-73.93496820173775, 40.7465591356419], [-73.93496493527046, 40.74655579343703], [-73.93496188151842, 40.74655267093221], [-73.93495851410778, 40.746549218880205], [-73.93495502771135, 40.74654565422612], [-73.93495178288045, 40.74654233124638], [-73.93494859225677, 40.74653893418892], [-73.93494531497262, 40.74653558374314], [-73.93494194034575, 40.74653213168655], [-73.93493876761784, 40.746528888344926], [-73.93493540380786, 40.746525447273214], [-73.93493203278831, 40.746521997963136], [-73.9349288420138, 40.74651875735574], [-73.93492547459586, 40.746515316281766], [-73.9349222117392, 40.746511976822454], [-73.93491882629317, 40.746508519269554], [-73.93491554901469, 40.74650516607819], [-73.93491228615899, 40.746501826618626], [-73.934908904323, 40.746498369067474], [-73.93490565955301, 40.746494988446656], [-73.93490238948303, 40.746491646238006], [-73.93489910859724, 40.746488293044116], [-73.93489571234012, 40.74648482176067], [-73.93489235574181, 40.74648139167079], [-73.93488906764712, 40.74647803023827], [-73.9348566410053, 40.7464448690486], [-73.934824109811, 40.74641163093747], [-73.93479145961793, 40.74637832687564], [-73.93478802731197, 40.7463748253763], [-73.93478464908709, 40.746371378802486], [-73.93478118072177, 40.746367847090276], [-73.9347778061012, 40.746364406007764], [-73.93477441345226, 40.74636094844647], [-73.93477095951314, 40.746357427721136], [-73.93476743346508, 40.74635383559136], [-73.9347640552396, 40.74635039176163], [-73.9347606806181, 40.74634695342337], [-73.93475715817473, 40.746343366784835], [-73.9347537186598, 40.74633985979087], [-73.9347503224071, 40.746336399482054], [-73.93474700907747, 40.74633302430736], [-73.93474349023916, 40.74632944315989], [-73.93474010128071, 40.746325906001935], [-73.93473670502674, 40.74632244843745], [-73.93473325108891, 40.746318930455686], [-73.9347297971515, 40.746315412473805], [-73.93472636845293, 40.74631191920893], [-73.93472297220036, 40.74630846164407], [-73.93471953629538, 40.746304957395836], [-73.9347160931755, 40.746301450398676], [-73.93471271134638, 40.74629800656542], [-73.93470932951763, 40.74629456273206], [-73.93470581429229, 40.74629098158548], [-73.93470236035779, 40.74628746360276], [-73.93469899295518, 40.746284030756264], [-73.9346955462285, 40.74628052375647], [-73.9346921716194, 40.7462770799267], [-73.93468871047112, 40.74627355919472], [-73.93468527096609, 40.74627004945394], [-73.93468184226954, 40.746266558932426], [-73.934678460452, 40.74626310686389], [-73.93467508944289, 40.746259674014645], [-73.93467164993936, 40.74625616427342], [-73.93466819240219, 40.746252643542896], [-73.93466474929575, 40.746249128309955], [-73.93466132060134, 40.74624563778782], [-73.93465793517967, 40.746242182971876], [-73.93465448846277, 40.746238670481304], [-73.93465105977745, 40.74623517172459], [-73.93464767074795, 40.7462317169063], [-73.93464422764103, 40.74622820441747], [-73.934637424348, 40.74622126731857], [-73.93459970881972, 40.74618281117581], [-73.93456206182681, 40.74614443465711], [-73.93455550010243, 40.7461377502075], [-73.93452435716108, 40.74610603064562], [-73.93451392331271, 40.74609539978663], [-73.93448665972166, 40.74606766230741], [-73.93447229603173, 40.74605306853496], [-73.93444889732959, 40.74602932960145], [-73.93443056048137, 40.74601079210137], [-73.93441105191854, 40.745991054475304], [-73.93438879247113, 40.74596854857086], [-73.9343469847452, 40.74592637636575], [-73.93430531429021, 40.74588412462573], [-73.93426389302898, 40.74584174675411], [-73.93422255854054, 40.7457992618716], [-73.93403381925155, 40.74560542946333], [-73.93402022007929, 40.74559161558036], [-73.93401340968757, 40.7455846894188], [-73.93400663536198, 40.745577787980274], [-73.93399987909054, 40.74557087831741], [-73.93399312281778, 40.745563971398894], [-73.93398637376963, 40.74555705899461], [-73.93397960310482, 40.74555011089579], [-73.93397284686885, 40.7455431710391], [-73.93396606540459, 40.745536198230525], [-73.93395930918237, 40.745529247394], [-73.93395258180568, 40.745522324021145], [-73.93394580393282, 40.74551537317141], [-73.93393896112535, 40.74550839758131], [-73.9339321868043, 40.7455015071173], [-73.9339253258408, 40.74549464679543], [-73.93391849389707, 40.74548763827328], [-73.93391170519634, 40.745480695649576], [-73.93390489124282, 40.74547374477667], [-73.93389800515878, 40.7454667472012], [-73.93389111172763, 40.74545988136915], [-73.93388420756919, 40.74545291671947], [-73.93387735746693, 40.7454460316982], [-73.93387046407273, 40.74543913292789], [-73.9338622186383, 40.74543092413488], [-73.93384931496662, 40.745418208530836], [-73.93384667935841, 40.7454156845916], [-73.93384418803042, 40.745413237588146], [-73.9338416858786, 40.745410787833706], [-73.93383899623821, 40.74540816230747], [-73.9338364183651, 40.74540564663538], [-73.93383393422572, 40.745403229828106], [-73.93383133831388, 40.74540070865605], [-73.93382873878797, 40.74539819297133], [-73.933826135656, 40.74539567453977], [-73.93382345319917, 40.74539308469904], [-73.9338209041358, 40.74539063217244], [-73.93381839112627, 40.745388215348186], [-73.93381569783236, 40.74538563648008], [-73.93381317757816, 40.74538324709908], [-73.93381053474938, 40.74538072864435], [-73.93380788471119, 40.74537820195113], [-73.93380538248843, 40.745375826304105], [-73.93380264587776, 40.74537325838977], [-73.93380009316883, 40.7453708442871], [-73.93379745752884, 40.74536835602842], [-73.93379480745618, 40.74536586501662], [-73.93379235929432, 40.745363563508626], [-73.93378963349502, 40.74536101206867], [-73.9337869581688, 40.745358512807975], [-73.933784380185, 40.74535611241416], [-73.93378172287366, 40.745353643355905], [-73.93377916651094, 40.74535127591144], [-73.93377648394862, 40.74534879585952], [-73.93377391315613, 40.74534642291712], [-73.93377123779283, 40.74534396208252], [-73.93376847228356, 40.74534142434297], [-73.93376596997622, 40.74533913652705], [-73.9337632837759, 40.74533668666499], [-73.93376057593605, 40.7453342230667], [-73.93375799791049, 40.74533186658829], [-73.9337554162571, 40.745329529320905], [-73.933752693974, 40.74532707394839], [-73.93374998971377, 40.74532464054415], [-73.93374737919788, 40.74532229502582], [-73.93374462083723, 40.74531982865334], [-73.93374203554588, 40.74531752157584], [-73.93373939976823, 40.745315176042745], [-73.9337365548491, 40.74531265472527], [-73.93373395875616, 40.745310322938636], [-73.93373130492911, 40.74530798288449], [-73.9337285645568, 40.74530557416173], [-73.93372601889075, 40.74530334121495], [-73.93372327489632, 40.74530094621373], [-73.93372050204992, 40.74529853198255], [-73.93371786261304, 40.74529623859715], [-73.93371507172255, 40.74529382435545], [-73.93371245756472, 40.74529151451596], [-73.93370978565093, 40.745289218366885], [-73.93370709570381, 40.74528691122842], [-73.93370443820145, 40.745284639790256], [-73.93370162564213, 40.74528224200429], [-73.93369893567098, 40.74527995956832], [-73.93369624569723, 40.745277679877056], [-73.93369343672009, 40.74527530954044], [-73.93369078647473, 40.74527299967969], [-73.93368822629087, 40.745270851810936], [-73.9336854389295, 40.74526851991306], [-73.93368276694652, 40.745266295126875], [-73.93368010577684, 40.745264084070556], [-73.93367730396942, 40.745261763143176], [-73.93367474014478, 40.745259648209064], [-73.9336719202878, 40.74525733276065], [-73.93366923384832, 40.74525512992378], [-73.93366668456636, 40.74525290795257], [-73.93366385747849, 40.74525060622358], [-73.93366114937793, 40.74524841160832], [-73.93365832948362, 40.74524613458607], [-73.93365563579991, 40.745243959192166], [-73.93365301782667, 40.74524186069488], [-73.93365018348642, 40.745239594643145], [-73.93364732389497, 40.745237317597706], [-73.93364458690243, 40.74523514492341], [-73.93364186072036, 40.74523298872376], [-73.93363911289603, 40.745230821532566], [-73.93363635424515, 40.745228654335065], [-73.9336334874013, 40.74522641296689], [-73.9336305989152, 40.745224160607194], [-73.93362784024026, 40.745222018112244], [-73.93362507795113, 40.745219881104624], [-73.93362242023547, 40.74521782924447], [-73.93361964362872, 40.74521557420421], [-73.93361672625046, 40.745213343785494], [-73.933613942295, 40.74521122048887], [-73.93361115472533, 40.745209102679596], [-73.93360822289843, 40.74520688597611], [-73.93360542449146, 40.745204779139435], [-73.9336027450826, 40.74520276843759], [-73.9335996906221, 40.74520048304441], [-73.9335968597356, 40.74519837618881], [-73.93359415145879, 40.74519636272537], [-73.93359122318445, 40.74519420366323], [-73.93358824442126, 40.74519200889018], [-73.93358538825957, 40.74518991574343], [-73.93358255733843, 40.74518784456925], [-73.93357958575805, 40.745185685481864], [-73.9335768593995, 40.74518371043408], [-73.93357400320836, 40.74518164747932], [-73.93357099554233, 40.74517948562612], [-73.9335682115514, 40.745177400754876], [-73.93356521468779, 40.74517526361052], [-73.93356221420997, 40.74517313195348], [-73.93355932191164, 40.745171088190766], [-73.93355654501335, 40.745169129581846], [-73.93355364909277, 40.745167099540694], [-73.93355061973357, 40.745164978845715], [-73.93354759036089, 40.74516287187438], [-73.93354466917312, 40.74516084730789], [-73.93354173715888, 40.7451588227351], [-73.93353883759471, 40.74515682837319], [-73.93353589835206, 40.745154814775084], [-73.93353283648112, 40.74515272699786], [-73.93352976738703, 40.745150644705916], [-73.93352695074059, 40.74514873822357], [-73.93352400425347, 40.74514675206846], [-73.93352079448154, 40.74514460107632], [-73.93351802838198, 40.74514267266493], [-73.93351508547417, 40.745140716703915], [-73.93351183239884, 40.74513856294176], [-73.93350897963975, 40.74513668114089], [-73.93350600424974, 40.74513472790566], [-73.93350289901909, 40.74513269499759], [-73.93349988393972, 40.74513073350502], [-73.9334968941009, 40.74512879398493], [-73.93349390786022, 40.74512686544588], [-73.93349063668695, 40.74512476656769], [-73.93348760715357, 40.74512282427968], [-73.93348484810379, 40.7451210660461], [-73.93348169592319, 40.74511906879212], [-73.93347852210042, 40.74511706054653], [-73.93347550335058, 40.74511516218047], [-73.93347233311235, 40.74511317863952], [-73.93346916286613, 40.74511120333277], [-73.93346625229317, 40.74510939560573], [-73.93346357650118, 40.74510738490267], [-73.93346035933716, 40.745105412313315], [-73.9334573116816, 40.74510354961181], [-73.93345425680566, 40.7451016896508], [-73.93345116945807, 40.745099821436725], [-73.9334479234072, 40.7450978652988], [-73.93344487211327, 40.74509603278712], [-73.93344175588683, 40.74509417279033], [-73.93343851342074, 40.745092241357014], [-73.93343526012258, 40.745090315406806], [-73.93343216190827, 40.745088488357204], [-73.93342919713537, 40.74508674921662], [-73.93342592577685, 40.74508483972419], [-73.93342267244381, 40.74508294945539], [-73.93341966436466, 40.74508121028953], [-73.93341655168275, 40.745079416168124], [-73.93341327668314, 40.745077539610236], [-73.93341010988193, 40.745075731733635], [-73.93340680601155, 40.7450738551589], [-73.93340367526115, 40.745072085729426], [-73.93340048318719, 40.74507028881691], [-73.93339715765035, 40.74506842595315], [-73.93339416754293, 40.745066760905246], [-73.93339086362954, 40.745064928246066], [-73.93338737575628, 40.74506300215882], [-73.93338432070028, 40.74506132609414], [-73.93338125121164, 40.74505964727628], [-73.93337779216884, 40.74505776237667], [-73.93337462888503, 40.745056047822615], [-73.93337167839968, 40.7450544596501], [-73.93336815079952, 40.74505256373159], [-73.93336465925547, 40.7450507007708], [-73.93336174842719, 40.74504915379224], [-73.93335837950342, 40.74504737324472], [-73.93335500335654, 40.745045598182415], [-73.93335190854673, 40.74504397973363], [-73.93334852156532, 40.74504221289914], [-73.93334524638821, 40.745040517492754], [-73.93334198924202, 40.74503883582045], [-73.93333848680689, 40.7450370387266], [-73.93333519717828, 40.74503535978007], [-73.93333222857065, 40.7450338511938], [-73.93332881628686, 40.74503212551532], [-73.93332538234988, 40.74503039982426], [-73.93332196283217, 40.74502869060989], [-73.93331851806064, 40.74502697314655], [-73.93331554220028, 40.74502550023742], [-73.93331209380096, 40.74502380198505], [-73.93330865621753, 40.74502211471785], [-73.93330548915796, 40.74502057033421], [-73.93330202630439, 40.745018891286406], [-73.93329855623047, 40.74501721497909], [-73.93329537471935, 40.74501568705532], [-73.93329188659028, 40.74501402171634], [-73.93328828663266, 40.74501230965173], [-73.93328528545642, 40.74501089162213], [-73.93328191273532, 40.74500930320272], [-73.93327841014393, 40.745007665302445], [-73.93327509151523, 40.745006118085406], [-73.93327158529878, 40.74500449665137], [-73.93326807907705, 40.745002880706686], [-73.93326468106157, 40.74500132520912], [-73.93326132272198, 40.74499979169238], [-73.93325799683784, 40.74499828289717], [-73.93325456633184, 40.7449967383595], [-73.93325121157416, 40.744995232292084], [-73.9332476836588, 40.74499365750545], [-73.933244134093, 40.74499207996145], [-73.93324088392198, 40.744990645317856], [-73.93323730908335, 40.744989078738], [-73.93323394707285, 40.74498760834763], [-73.93323056340924, 40.74498613794462], [-73.9332270246214, 40.744984609811844], [-73.93322355436683, 40.74498311740043], [-73.9332199758816, 40.74498158924436], [-73.9332165813644, 40.744980146282174], [-73.9332133022767, 40.74497875828179], [-73.93320969490985, 40.744977241087696], [-73.93320611278608, 40.744975743121365], [-73.93320268937914, 40.74497431935527], [-73.93319911445421, 40.74497284060615], [-73.93319559362965, 40.74497139482533], [-73.93319217020114, 40.744969993016895], [-73.93318873954954, 40.74496859669363], [-73.93318513212323, 40.74496713988325], [-73.93318161487787, 40.744965724296314], [-73.93317816255964, 40.74496434168395], [-73.93317472826939, 40.74496297555042], [-73.93317120017583, 40.7449615819149], [-73.93316754220939, 40.74496014154309], [-73.93316408624975, 40.74495879186524], [-73.93316043548211, 40.74495737071067], [-73.93315697950901, 40.744956034756314], [-73.93315333594018, 40.74495463281895], [-73.93314966350313, 40.74495322811994], [-73.93314650693289, 40.74495202683183], [-73.93314293909869, 40.744950677088376], [-73.93313894556783, 40.74494917613637], [-73.93313547511873, 40.744947881344224], [-73.93313209485329, 40.7449466250308], [-73.93312860996343, 40.744945335719564], [-73.93312493025729, 40.744943983165825], [-73.93312132630207, 40.74494266633771], [-73.93311781252778, 40.744941390733125], [-73.93311412197617, 40.744940057385996], [-73.93311059736446, 40.7449387927539], [-73.93310692122935, 40.74493747862817], [-73.93310328837346, 40.744936191974936], [-73.93309976013674, 40.7449349438089], [-73.93309623910139, 40.744933712115426], [-73.93309253046763, 40.74493241718361], [-73.93308879296296, 40.74493112223489], [-73.93308527912643, 40.74492990975853], [-73.93308164623002, 40.74492866427588], [-73.9330780890872, 40.74492745177414], [-73.9330745788352, 40.74492626400226], [-73.93307092066317, 40.74492503222831], [-73.93306716507632, 40.74492377569489], [-73.93306340226631, 40.744922524646654], [-73.93305984509105, 40.74492134508135], [-73.93305630233492, 40.744920181992775], [-73.93305254310934, 40.744918955649034], [-73.93304898952128, 40.74491779804346], [-73.9330453276917, 40.74491661567212], [-73.93304152876057, 40.744915397539174], [-73.93303798958361, 40.74491426464437], [-73.93303449007688, 40.74491315922006], [-73.93303070194797, 40.74491196579581], [-73.93302691742254, 40.74491077786297], [-73.93302333492015, 40.7449096641558], [-73.93301953594566, 40.74490848993811], [-73.93301595704413, 40.74490738446706], [-73.93301238534394, 40.744906295468596], [-73.93300868015112, 40.74490517071062], [-73.9330048631162, 40.744904012950414], [-73.93300106049759, 40.74490287441174], [-73.93299744909187, 40.74490179362398], [-73.93299387735915, 40.7449007375619], [-73.93299012883826, 40.7448996347361], [-73.93298652462859, 40.74489857591018], [-73.93298271475975, 40.74489747030366], [-73.9329788688049, 40.7448963619313], [-73.93297526457626, 40.74489532231829], [-73.93297173970721, 40.74489431843303], [-73.93296788651568, 40.74489322926935], [-73.93296406218711, 40.74489214835662], [-73.932960421848, 40.74489113068007], [-73.93295680675459, 40.74489012948661], [-73.93295296075922, 40.74488906228462], [-73.93294912557407, 40.7448880115573], [-73.93294556818996, 40.744887043334096], [-73.93294193503604, 40.74488605859817], [-73.93293808179021, 40.74488502432848], [-73.93293421410624, 40.74488399279499], [-73.93293065669769, 40.74488304927404], [-73.93292675652849, 40.74488202321089], [-73.93292304757206, 40.744881054898734], [-73.93291926645466, 40.744880070075936], [-73.93291536987536, 40.74487906322775], [-73.93291195675624, 40.74487818566428], [-73.93290814675707, 40.74487721180327], [-73.93290418160663, 40.744876207659516], [-73.93290054477592, 40.74487529153887], [-73.93289672393112, 40.74487433688442], [-73.93289306183291, 40.74487342623834], [-73.93288917964013, 40.74487246880319], [-73.93288535156134, 40.744871530612656], [-73.9328816461458, 40.744870630919934], [-73.93287791547102, 40.7448697284677], [-73.93287410180315, 40.74486881498793], [-73.93287016185222, 40.744867873986934], [-73.93286673062352, 40.744867062285614], [-73.93286281591281, 40.744866143257056], [-73.93285891923837, 40.74486523247317], [-73.93285506946008, 40.744864340929716], [-73.93285129183457, 40.74486347413098], [-73.93284764048677, 40.74486264034274], [-73.93284377986558, 40.74486176526112], [-73.93284008160252, 40.74486093144528], [-73.93283615963331, 40.74486005358284], [-73.932832298993, 40.744859197714064], [-73.93282857184815, 40.74485837486005], [-73.93282458852276, 40.74485750245095], [-73.93282094435185, 40.7448567098373], [-73.93281722440291, 40.7448559089451], [-73.93281306787097, 40.744855017221326], [-73.93280932987226, 40.74485422180782], [-73.93280564238133, 40.7448534428922], [-73.93280191880446, 40.74485266121059], [-73.93279800038145, 40.744851846478234], [-73.93279409999461, 40.744851039990515], [-73.93279036918366, 40.74485027477281], [-73.93278663475839, 40.744849515042446], [-73.93278269466583, 40.74484871676538], [-73.93277873652623, 40.744847921222444], [-73.93277500569347, 40.74484717796222], [-73.93277105114907, 40.74484639614489], [-73.93276737081864, 40.74484567487197], [-73.93276361832174, 40.74484494257777], [-73.93275961324778, 40.74484416621999], [-73.9327557091948, 40.744843417368564], [-73.93275195307271, 40.74484270154037], [-73.9327479912806, 40.744841949910274], [-73.93274399700597, 40.744841201005755], [-73.93274050787734, 40.74484054846239], [-73.93273657493435, 40.744839818806675], [-73.93273252652125, 40.744839075359685], [-73.93272880645236, 40.744838395233536], [-73.93272486988417, 40.74483768204382], [-73.93272126887514, 40.744837034924025], [-73.93270345140415, 40.74483388726491], [-73.93268530547425, 40.744830791561306], [-73.93267680438389, 40.74482937579073], [-73.93266840069757, 40.744827995758236], [-73.93265099067389, 40.744825205146704], [-73.9326334939665, 40.74482248584541], [-73.93261591779579, 40.74481983511373], [-73.93259836320203, 40.74481726124499], [-73.93258072554434, 40.74481474770944], [-73.93256291823187, 40.744812272498386], [-73.93254507838246, 40.74480985490526], [-73.9325272456965, 40.744807492208594], [-73.93251599830482, 40.74480602815649], [-73.93250484110776, 40.74480459160365], [-73.93249368028832, 40.74480316877137], [-73.9324824328536, 40.744801748631986], [-73.93247122870916, 40.74480034498535], [-73.93246005702845, 40.744798957825196], [-73.93244890699305, 40.744797578910905], [-73.93243771726044, 40.74479619997223], [-73.93242653834665, 40.744794829273104], [-73.93241536303935, 40.74479346131976], [-73.93240418772974, 40.74479209611005], [-73.93239300881176, 40.744790730897115], [-73.93238188402452, 40.744789368459664], [-73.93237073398399, 40.74478799777206], [-73.93235956229901, 40.74478661883641], [-73.93234837257852, 40.74478523165478], [-73.93232688805071, 40.744782545646224], [-73.93230392412292, 40.744779625460275], [-73.93229273806942, 40.74477818338043], [-73.93228165306762, 40.74477673861413], [-73.93227058612193, 40.74477528287841], [-73.93225940011449, 40.74477379687934], [-73.93224830794111, 40.744772308189646], [-73.93222615250869, 40.74476928965278], [-73.93049694807608, 40.74455864253187], [-73.93046656172582, 40.74455490230909], [-73.93028781976429, 40.744532762146555], [-73.93025722415523, 40.744528991549636], [-73.92993163822804, 40.74448921188484], [-73.92553042481173, 40.74395098502187], [-73.92532107952164, 40.74392569931847], [-73.92508919351638, 40.743897313475564], [-73.92350142355347, 40.74370281701535], [-73.92329222133445, 40.74367685250852], [-73.9229497605978, 40.7436348789924], [-73.91952214267039, 40.74321450929413], [-73.91949434465691, 40.743211094609066], [-73.91931545054995, 40.74318944233708], [-73.91928504014739, 40.74318573482769], [-73.91880015614404, 40.74312618146687], [-73.9176264215739, 40.74298146809058], [-73.9176043352266, 40.74297904514466], [-73.91759328306041, 40.742977810333265], [-73.91758217318142, 40.74297655352154], [-73.91757118238905, 40.74297529953871], [-73.9175602132634, 40.74297403459131], [-73.91754912508246, 40.74297274211014], [-73.91753806939111, 40.74297144141691], [-73.91752704618602, 40.74297013525637], [-73.91751596165594, 40.74296880983757], [-73.91750496373349, 40.742967487224554], [-73.91749395860417, 40.742966156371], [-73.9174828127636, 40.742964800712855], [-73.91747182208044, 40.7429634616333], [-73.9174608314046, 40.7429621170632], [-73.91744970361603, 40.74296075592527], [-73.91743184647807, 40.742958569281384], [-73.91740548471603, 40.742955360977916], [-73.91739439299367, 40.74295401907376], [-73.91738323631039, 40.742952679866704], [-73.91737218064607, 40.74295136268904], [-73.91736108166664, 40.742950053713464], [-73.91734991411754, 40.742948747432415], [-73.91733882592787, 40.74294746865475], [-73.91732773772159, 40.74294620359974], [-73.9173138566815, 40.74294464833967], [-73.91729595957644, 40.74294268671565], [-73.917278145389, 40.74294079376717], [-73.91726032391007, 40.742938961195236], [-73.9172425564751, 40.74293720002295], [-73.9172248539001, 40.74293551849234], [-73.91720710432664, 40.74293390554396], [-73.91718940517455, 40.74293237497167], [-73.91718079912452, 40.74293166338227], [-73.91717216779625, 40.74293096549781], [-73.9171537539617, 40.742929552430425], [-73.91713522454128, 40.74292822436419], [-73.91713147533902, 40.742927969149434], [-73.91712760344531, 40.74292770835683], [-73.91712374597651, 40.74292745580873], [-73.91711992097986, 40.74292720877337], [-73.9171155619256, 40.74292692841646], [-73.91711171526612, 40.74292668959949], [-73.91710782891018, 40.74292645075382], [-73.9171037115995, 40.74292620625227], [-73.91709965923653, 40.742925970031536], [-73.91709577647237, 40.74292574491181], [-73.91709192978227, 40.74292553079693], [-73.91708780883562, 40.742925308250214], [-73.91708395852996, 40.742925099621935], [-73.9170798556136, 40.74292488806691], [-73.91707572382364, 40.7429246792357], [-73.91707187349756, 40.74292448707553], [-73.91706801233492, 40.74292430314169], [-73.91706387691576, 40.74292411077594], [-73.91706003379022, 40.74292393234432], [-73.91705593444173, 40.74292375372807], [-73.91705179539677, 40.742923575083005], [-73.91704819763035, 40.742923427019946], [-73.91704408743513, 40.74292326486395], [-73.91703997002236, 40.7429231027026], [-73.91703609076134, 40.74292296267066], [-73.91703199858611, 40.74292281974049], [-73.91702789557775, 40.74292268229186], [-73.91702402712603, 40.74292255599106], [-73.91702014783773, 40.74292243791653], [-73.91701625412121, 40.74292231434204], [-73.91701218356108, 40.74292220161901], [-73.91700807690982, 40.74292209161454], [-73.91700420119959, 40.74292199824489], [-73.91700008370493, 40.74292190195605], [-73.9169962188108, 40.74292181682818], [-73.9169923430835, 40.742921737181845], [-73.91698822917371, 40.7429216601085], [-73.91698411164491, 40.742921591266594], [-73.91697999772147, 40.74292152517194], [-73.91697613278976, 40.742921470235615], [-73.91697225702144, 40.74292142352562], [-73.91696838124972, 40.74292137956021], [-73.91696431059736, 40.742921340943695], [-73.91696020024169, 40.74292130778789], [-73.91695632805481, 40.742921283037944], [-73.91695246307866, 40.742921263782584], [-73.91694833826391, 40.74292124982921], [-73.91694422426868, 40.74292124137299], [-73.91694036287736, 40.742921241333065], [-73.91693649787041, 40.7429212467799], [-73.9169323838478, 40.74292126028126], [-73.91692826260076, 40.74292127926675], [-73.91692439756986, 40.74292130392639], [-73.91692052531792, 40.7429213313255], [-73.91691641126111, 40.742921372273784], [-73.91691230802712, 40.74292141597442], [-73.91690867753911, 40.742921462760826], [-73.91690456346169, 40.74292152017716], [-73.91690045659156, 40.742921585832796], [-73.9168965842883, 40.74292165440234], [-73.9168924701869, 40.7429217310315], [-73.91688835968057, 40.742921818642074], [-73.91688448735673, 40.74292190367972], [-73.91688062224011, 40.74292199695662], [-73.91687650810101, 40.742922103777474], [-73.91687263936194, 40.74292220803053], [-73.91686852520569, 40.742922328574785], [-73.9168644218689, 40.74292245461626], [-73.91686078768639, 40.742922570017214], [-73.9168566843324, 40.74292270978217], [-73.91685261705935, 40.7429228550625], [-73.91684873383369, 40.74292300047556], [-73.91684461241182, 40.74292315944027], [-73.91684075082169, 40.74292331859246], [-73.91683688201056, 40.74292348048402], [-73.91683277138749, 40.742923661414146], [-73.91682867158397, 40.74292384784143], [-73.91682458981398, 40.74292404251584], [-73.91682071014215, 40.742924231846544], [-73.91681684489514, 40.74292442942182], [-73.91681297242368, 40.7429246324812], [-73.91680887257544, 40.742924854589525], [-73.91680479798177, 40.74292508220544], [-73.9168009146599, 40.7429253044699], [-73.91679682200171, 40.74292554854094], [-73.91679298558019, 40.74292578181803], [-73.91678909862205, 40.742926026037416], [-73.91678499872225, 40.74292628931612], [-73.91678092046816, 40.74292655809982], [-73.91677704070354, 40.74292682153732], [-73.9167731898056, 40.742927087740235], [-73.91676910430647, 40.74292737847631], [-73.9167649935356, 40.74292767742823], [-73.91676116065398, 40.74292796560177], [-73.91675729528654, 40.742928259241275], [-73.91675321697049, 40.74292857742948], [-73.91674909533545, 40.742928906565204], [-73.91674529129645, 40.74292921671715], [-73.9167414331121, 40.74292953780881], [-73.9167373114495, 40.74292988890212], [-73.91673323670085, 40.74293024002922], [-73.91672937127142, 40.742930583073225], [-73.91672556358229, 40.74293092615889], [-73.91672148880612, 40.742931299243565], [-73.91671761613499, 40.74293166149524], [-73.91671349081184, 40.74293205375632], [-73.9167094593168, 40.7429324460851], [-73.9167056227127, 40.742932824830994], [-73.91670178610164, 40.74293320906619], [-73.91669770405274, 40.74293362606081], [-73.91669362199349, 40.74293405128948], [-73.91669003078583, 40.7429344302123], [-73.91668594871275, 40.74293486641976], [-73.9166818666259, 40.742935313606], [-73.91667803718406, 40.742935736272145], [-73.91667395869214, 40.742936194439736], [-73.9166698765811, 40.742936660838836], [-73.91666604350286, 40.74293710545997], [-73.91666223567918, 40.74293755558876], [-73.91665819324729, 40.74293803573992], [-73.91665431683272, 40.742938505032036], [-73.91665050898823, 40.74293897162893], [-73.91664646652532, 40.742939476482405], [-73.91664238796422, 40.742939989543856], [-73.91663834548399, 40.74294050812079], [-73.91663451234008, 40.74294100489112], [-73.91663070806294, 40.74294150442696], [-73.91662661863752, 40.74294204767226], [-73.91662281073422, 40.742942560928945], [-73.91661896672943, 40.74294308513839], [-73.91661497473042, 40.74294363668812], [-73.91661104047523, 40.74294418553468], [-73.91659340118592, 40.74294673361514], [-73.91657541521919, 40.742949468084895], [-73.91657166857148, 40.74295005549259], [-73.91656789303977, 40.742950653858216], [-73.91656379986361, 40.74295130963343], [-73.91656003514771, 40.74295191624086], [-73.916556255983, 40.74295253381677], [-73.91655220609809, 40.74295320060188], [-73.91654819590627, 40.74295387016042], [-73.9165441532216, 40.742954550674234], [-73.91654037763435, 40.74295519295496], [-73.91653655511577, 40.74295584892534], [-73.91653282283029, 40.74295649398194], [-73.91652881620898, 40.74295719373465], [-73.9165248059685, 40.74295790171882], [-73.91652095454157, 40.74295858785994], [-73.91651690818907, 40.74295931503095], [-73.91651325166684, 40.74295997661035], [-73.91650926305115, 40.7429607065677], [-73.91650519140606, 40.742961458422734], [-73.91650163592932, 40.742962120075], [-73.91649762202442, 40.742962871971585], [-73.91649366947209, 40.7429636211678], [-73.91648990100508, 40.74296434030508], [-73.91648582571285, 40.74296512234903], [-73.91648210776516, 40.74296584426742], [-73.91647818405855, 40.742966612697295], [-73.9164741412279, 40.74296740848815], [-73.91647057486568, 40.74296811679233], [-73.916466647526, 40.742968904432416], [-73.91646260106212, 40.7429697194335], [-73.9164588108764, 40.74297049070428], [-73.91645489073679, 40.74297129207297], [-73.91645090559776, 40.74297212633134], [-73.91644714426822, 40.742972908601686], [-73.91644344429807, 40.74297368268219], [-73.91643949524655, 40.74297451696635], [-73.91643566169984, 40.742975332120956], [-73.91643166570306, 40.742976191073566], [-73.91642775272865, 40.74297703361777], [-73.91642423681948, 40.74297779685221], [-73.91642024079826, 40.74297867501766], [-73.91641636389761, 40.74297952856669], [-73.91641255196855, 40.742980371183705], [-73.91640855592641, 40.7429812658173], [-73.91640467539597, 40.74298213583176], [-73.91640093564219, 40.74298297850082], [-73.91639705148211, 40.7429838649809], [-73.91639310234328, 40.742984767882255], [-73.91638928314791, 40.742985648919756], [-73.91638525458133, 40.742986579210665], [-73.91638142815782, 40.74298746847688], [-73.91637738874057, 40.74298841797292], [-73.91637343595798, 40.742989348318446], [-73.91636964561161, 40.742990245844744], [-73.91636581915668, 40.742991159813236], [-73.9163618122042, 40.74299212031126], [-73.91635778358862, 40.742993089027735], [-73.91635398238446, 40.7429940112484], [-73.91634995014263, 40.74299499368566], [-73.9163462283417, 40.74299590772952], [-73.91634221774885, 40.74299689292702], [-73.9163382251963, 40.74299788088222], [-73.91633442757282, 40.74299882506288], [-73.91633041335021, 40.74299982672581], [-73.91632641355906, 40.74300083114385], [-73.91632261952333, 40.74300179179525], [-73.91631881826653, 40.743002755186005], [-73.91631460907972, 40.743003828070265], [-73.91631067785147, 40.74300483528234], [-73.91630711483225, 40.74300575218507], [-73.91630310417621, 40.74300678678666], [-73.91629894189265, 40.74300786793875], [-73.91629514060068, 40.74300885877618], [-73.91629135735243, 40.743009849626645], [-73.91628736111029, 40.74301090070669], [-73.9162834587204, 40.74301193264157], [-73.9162794191485, 40.74301300290314], [-73.9162754228887, 40.74301406770651], [-73.91627172264181, 40.743015058616606], [-73.91626774442226, 40.743016126177594], [-73.91626378785867, 40.743017191009436], [-73.91626000456462, 40.743018217540595], [-73.91625603354844, 40.74301929608543], [-73.91625206613742, 40.74302037737747], [-73.91624809871942, 40.7430214641589], [-73.91624413129779, 40.74302255368493], [-73.91624017831118, 40.743023643221335], [-73.91623640220982, 40.7430246889702], [-73.91623242033546, 40.743025792209075], [-73.9162285467554, 40.74302687082383], [-73.91622460818962, 40.74302797134918], [-73.91622057936618, 40.74302910200102], [-73.91621687905553, 40.743030142314865], [-73.91621293686671, 40.7430312538162], [-73.91620890080809, 40.7430323981861], [-73.91620501276111, 40.74303350149228], [-73.91620108500014, 40.74303461849323], [-73.91619713196378, 40.74303574645463], [-73.91619320058341, 40.7430368716869], [-73.91618917172441, 40.74303802978509], [-73.91618547860267, 40.7430390920612], [-73.9161815435993, 40.74304022826945], [-73.91617739921057, 40.74304142470972], [-73.91617348225085, 40.74304256093081], [-73.9161697205203, 40.743043656093484], [-73.91616578911487, 40.743044800538065], [-73.91616170608172, 40.74304599153292], [-73.91614216089965, 40.7430517330478], [-73.91612999477164, 40.74305532804781], [-73.91611935570623, 40.74305848774321], [-73.91610884297481, 40.74306162557165], [-73.9160983627318, 40.74306475518854], [-73.91608776333577, 40.743067934123175], [-73.9160772325298, 40.74307109389357], [-73.91606675587526, 40.74307423723394], [-73.91605619977472, 40.74307742168674], [-73.91604572672013, 40.74308057051732], [-73.91603520672611, 40.743083738526], [-73.91602468673801, 40.74308690104422], [-73.91601424616982, 40.743090041661375], [-73.91600372618326, 40.74309320143294], [-73.91599320257993, 40.7430963666904], [-73.91598270065256, 40.74309951274942], [-73.91597226372036, 40.7431026286627], [-73.9159616715541, 40.74310578837771], [-73.9159511407708, 40.74310892068906], [-73.91594071830194, 40.74311201190719], [-73.91593020558828, 40.74311512227183], [-73.9159196170684, 40.74311824904867], [-73.9159091585261, 40.74312132651387], [-73.91589868554428, 40.743124406712354], [-73.91587759519852, 40.743130588958984], [-73.91387233200676, 40.74373931453022], [-73.91383273106426, 40.74375151552198], [-73.91354378475997, 40.743842320431185], [-73.91164109315393, 40.74444011879421], [-73.91122628297838, 40.744570606426], [-73.9112024835062, 40.74457797694983], [-73.91119449019014, 40.744580441062986], [-73.91118661241568, 40.7445828613486], [-73.91117866605026, 40.74458529804932], [-73.91117078467676, 40.744587710096894], [-73.91116280944293, 40.74459014402951], [-73.91115478006097, 40.74459258889878], [-73.91114686622059, 40.744594989940644], [-73.91113895238698, 40.744597385492455], [-73.91113091219862, 40.74459981388321], [-73.9111228864634, 40.74460222856084], [-73.91111497626257, 40.74460460490056], [-73.91110702996889, 40.744606983956615], [-73.9110990259181, 40.74460937394655], [-73.9110910543685, 40.744611747492485], [-73.91108310088102, 40.74461410732811], [-73.91107498132287, 40.74461651369572], [-73.9110670459042, 40.74461885433087], [-73.91105909965836, 40.744621194957155], [-73.91105106677723, 40.74462355198448], [-73.9110430880578, 40.74462588709507], [-73.91103511295773, 40.74462821397361], [-73.91102707287916, 40.74463055452521], [-73.91101897865964, 40.74463290052393], [-73.91101100358355, 40.74463520818757], [-73.91100305740346, 40.74463749665973], [-73.91099501736296, 40.74463980701683], [-73.91098689429599, 40.744642133777745], [-73.91097888315832, 40.74464441945328], [-73.91097093700904, 40.74464668322052], [-73.91096283202505, 40.744648979801426], [-73.91095482813283, 40.744651243522895], [-73.91094683869021, 40.74465349627597], [-73.9109386470881, 40.74465579553296], [-73.91093067571805, 40.744658026340886], [-73.91092262493036, 40.74466027355537], [-73.9109145272232, 40.74466252347772], [-73.91090651616503, 40.74466474601901], [-73.91089846901762, 40.74466696853187], [-73.91089032440823, 40.744669207437234], [-73.91088225922644, 40.74467142170073], [-73.91087421211046, 40.74467361950907], [-73.91086607113769, 40.74467583645755], [-73.91085806375123, 40.744678009592796], [-73.91084997334195, 40.74468019638701], [-73.91084183600583, 40.744682391378554], [-73.91083378893865, 40.744684550757626], [-73.91082564440569, 40.74468672927396], [-73.91081750710104, 40.74468889956105], [-73.91080946006166, 40.744691036980456], [-73.91080137332055, 40.74469317711331], [-73.91079319633144, 40.74469533638893], [-73.91078514932357, 40.74469744910388], [-73.91077705178002, 40.744699570013424], [-73.91076882067098, 40.744701718266384], [-73.91076071231817, 40.744703825442606], [-73.91075261841502, 40.74470592165046], [-73.91074444510146, 40.74470802877524], [-73.91073635843709, 40.74471010851903], [-73.9107282681744, 40.74471218002523], [-73.91072008405477, 40.744714270671345], [-73.91071187828878, 40.74471635581064], [-73.9107037555631, 40.744718413566176], [-73.91069566533885, 40.74472045487788], [-73.91068744515795, 40.74472252353571], [-73.91067926831242, 40.74472457026856], [-73.91067111674319, 40.744726606041425], [-73.91066299045765, 40.74472862536484], [-73.91065477392779, 40.74473066108618], [-73.91064656101729, 40.74473268857548], [-73.9106384383686, 40.74473468594197], [-73.91063028323954, 40.74473668328265], [-73.9106220306484, 40.74473869701564], [-73.9106139405186, 40.744740664213374], [-73.91060568072713, 40.74474266421588], [-73.91059741011226, 40.74474466146462], [-73.91058937055305, 40.744746593018114], [-73.91058114688937, 40.74474856285461], [-73.91057286547587, 40.744750538135214], [-73.91056470681147, 40.74475247782874], [-73.91055645429739, 40.74475443117257], [-73.91054829925936, 40.74475635714399], [-73.91054012979632, 40.744758274869426], [-73.91053185562764, 40.74476022819468], [-73.91052356343624, 40.744762165036846], [-73.91051531818545, 40.74476408270158], [-73.91050722456221, 40.74476595931233], [-73.9104989612772, 40.74476786872764], [-73.91049065468525, 40.74476977810871], [-73.91048245279072, 40.74477165737834], [-73.91047417148575, 40.74477354756461], [-73.91045013626575, 40.744778988189545], [-73.91042471489824, 40.744784677503795], [-73.91041646253846, 40.74478651006867], [-73.91040825711954, 40.74478832345621], [-73.91039991092077, 40.744790161436434], [-73.91039170552304, 40.74479195835427], [-73.91038340988088, 40.74479377166986], [-73.91037506732285, 40.744795584948314], [-73.910366840289, 40.74479736812381], [-73.91035860604434, 40.74479914580363], [-73.91035034293192, 40.744800920715626], [-73.91034198236099, 40.744802709274914], [-73.91033368677893, 40.74480447592618], [-73.91032542730363, 40.74480622888121], [-73.91031706676091, 40.744807995480684], [-73.91030874593758, 40.744809745642016], [-73.91030057673457, 40.74481146023904], [-73.91029223788075, 40.74481319940609], [-73.91028386293407, 40.74481494128918], [-73.91027559268869, 40.744816650316224], [-73.9102672322025, 40.74481837299616], [-73.91025896919248, 40.744820068303845], [-73.91025069897168, 40.74482175811589], [-73.91024233129237, 40.74482346157512], [-73.91023397084513, 40.74482515406035], [-73.91022568260459, 40.74482682464327], [-73.91021737993184, 40.744828492469594], [-73.91020901229146, 40.74483016573417], [-73.91020061939223, 40.7448318362337], [-73.91019235284402, 40.74483347663886], [-73.91018402855332, 40.74483511699842], [-73.91017565012167, 40.744836762804646], [-73.91016729335769, 40.74483839764817], [-73.91015896548276, 40.74484001878983], [-73.91015065927556, 40.74484162896882], [-73.91014225922234, 40.744843250052966], [-73.9101339349847, 40.744844849237694], [-73.91012549885299, 40.7448464620582], [-73.91011713492432, 40.74484805572124], [-73.91010889735047, 40.74484961654522], [-73.9101004576383, 40.74485120740313], [-73.91009206125074, 40.744852784570504], [-73.91008372623966, 40.74485434257189], [-73.91007532626102, 40.74485590601147], [-73.91006686492729, 40.74485747214728], [-73.91005852994468, 40.74485900818883], [-73.91005021662983, 40.744860533267726], [-73.91004191054344, 40.74486205011746], [-73.9100334492489, 40.74486358605852], [-73.9100249951792, 40.744865116515186], [-73.91001662053407, 40.744866625075225], [-73.9100082061946, 40.74486813085891], [-73.90999977742298, 40.74486963388593], [-73.90999142446711, 40.74487111501363], [-73.90996626096565, 40.744875539097954], [-73.90809601916762, 40.74520214752039], [-73.90807234276188, 40.7452062237941], [-73.90806047026209, 40.74520827013601], [-73.90804865912794, 40.7452103055467], [-73.90803679023553, 40.74521235188905], [-73.90802488163314, 40.74521440643273], [-73.90801309214645, 40.74521644460176], [-73.90800120880488, 40.745218499163194], [-73.90798931463216, 40.74522055645948], [-73.9079774745997, 40.74522260830828], [-73.90796556958739, 40.74522467382768], [-73.9079537403802, 40.74522672568269], [-73.90794190394688, 40.74522878302018], [-73.9079299917108, 40.745230851274925], [-73.90791813000989, 40.74523291133456], [-73.9079063152354, 40.74523496319624], [-73.90789446797243, 40.745237020520186], [-73.90788252324951, 40.74523909148878], [-73.90787061101733, 40.74524115424787], [-73.90785878542454, 40.74524319786175], [-73.90784691290399, 40.745245249671164], [-73.9078349970759, 40.74524730144466], [-73.90782311012961, 40.745249345005796], [-73.90781124124237, 40.74525137760116], [-73.90779931460435, 40.74525341563854], [-73.90778737715033, 40.74525544543181], [-73.90777548663026, 40.74525746153767], [-73.90776357446363, 40.745259472135466], [-73.90775163704166, 40.745261477222265], [-73.90773975016634, 40.74526346587985], [-73.9077278199911, 40.74526544901198], [-73.90771584290329, 40.74526742936054], [-73.90770389832147, 40.74526939052067], [-73.90769197180244, 40.74527133797027], [-73.907679991153, 40.745273282630514], [-73.90766802135622, 40.74527520808491], [-73.90765609488841, 40.74527711710433], [-73.90764413595876, 40.745279012372755], [-73.90763208680215, 40.74528091031227], [-73.90762014596136, 40.74528277265566], [-73.907608150994, 40.74528462946491], [-73.90759611634711, 40.74528647251732], [-73.90758408171854, 40.74528830184471], [-73.90757204351091, 40.74529010920997], [-73.90756004863985, 40.74529189465076], [-73.90754802852874, 40.745293663601515], [-73.90753598317754, 40.745295416062255], [-73.90752397033631, 40.745297146589806], [-73.90751183840828, 40.74529887153101], [-73.90749972094952, 40.7453005717798], [-73.90748774429456, 40.74530223096914], [-73.90747568103671, 40.7453038818534], [-73.90746352036462, 40.74530551344484], [-73.90745139580383, 40.74530712859556], [-73.90743930016707, 40.74530870534169], [-73.90742721177803, 40.745310260134424], [-73.9074150512333, 40.74531179839935], [-73.90740295930289, 40.74531330378115], [-73.90739085657958, 40.74531478445021], [-73.90737865643064, 40.745316254060675], [-73.90736648879941, 40.74531769624849], [-73.90735427789137, 40.74531911644221], [-73.90734215003721, 40.74532050101966], [-73.90732993558801, 40.74532187180244], [-73.90731770312811, 40.74532321786662], [-73.90730557177046, 40.74532452558441], [-73.90729333216052, 40.74532582223473], [-73.90728120448341, 40.745327077802656], [-73.90726895050946, 40.74532832228854], [-73.90725670018223, 40.745329539328615], [-73.90724442462661, 40.74533073164427], [-73.90723218881051, 40.745331893798394], [-73.90721988806045, 40.74533303668564], [-73.90720737078723, 40.74533417116285], [-73.90719104568765, 40.74533561272731], [-73.90717871271615, 40.74533656894113], [-73.90716643379749, 40.74533758283697], [-73.90715412244042, 40.74533856651306], [-73.90714185081922, 40.745339522772376], [-73.90712960449439, 40.74534045434806], [-73.90711721744492, 40.74534136934041], [-73.90710490983312, 40.74534225420326], [-73.90709275023582, 40.7453431035024], [-73.90708043186936, 40.74534393620364], [-73.90706800886352, 40.745344755095424], [-73.90705573748498, 40.74534553568169], [-73.90702988468317, 40.74534710402711], [-73.90700660176131, 40.74534843015886], [-73.90699422587639, 40.74534910086416], [-73.90698187889699, 40.74534974688868], [-73.90696957525482, 40.74535037098893], [-73.90695730773216, 40.74535097315903], [-73.90694502580817, 40.74535155061342], [-73.9069326500678, 40.74535211701168], [-73.90692030321759, 40.745352669708176], [-73.90690799610734, 40.74535319224326], [-73.90689572150002, 40.74535369833475], [-73.90688340721759, 40.74535418792437], [-73.90687102078377, 40.74535465824112], [-73.90685871016747, 40.74535510665975], [-73.90684639596896, 40.74535553586099], [-73.90683401322791, 40.74535594579216], [-73.90682177486988, 40.74535633662561], [-73.90680946075152, 40.74535670818317], [-73.90679707086522, 40.74535706595428], [-73.9067847531876, 40.74535740182457], [-73.90677239944384, 40.74535772119584], [-73.90676009263497, 40.74535802687999], [-73.90674777141723, 40.74535831333794], [-73.9067354213474, 40.745358586047445], [-73.90672310738955, 40.745358842316314], [-73.9067107573579, 40.745359087575714], [-73.90669851201523, 40.745359310960524], [-73.90668615841678, 40.74535952602213], [-73.9066737398695, 40.74535973279548], [-73.90666142961241, 40.74535992318676], [-73.90664915185079, 40.74536010262408], [-73.90663680192633, 40.74536027102257], [-73.90662449171906, 40.74536042572821], [-73.90661221039063, 40.74536057496642], [-73.90659986412109, 40.745360710426894], [-73.90658751785534, 40.745360843141334], [-73.90657527987597, 40.74536096221849], [-73.90656293363712, 40.74536107571702], [-73.90655065598277, 40.745361178290906], [-73.90653830615804, 40.74536127531537], [-73.90652596355875, 40.7453613668549], [-73.906513689544, 40.74536144746978], [-73.90650134335118, 40.74536152802474], [-73.90648906574289, 40.745361597655055], [-73.90647679175508, 40.74536165905278], [-73.90646444919803, 40.745361720393454], [-73.9064521066525, 40.745361773498615], [-73.90643983267235, 40.745361829402874], [-73.90642755509475, 40.74536187706867], [-73.90641527751721, 40.745361924733146], [-73.90640300716899, 40.745361964167934], [-73.90639066464266, 40.74536200354274], [-73.90637839069325, 40.745362037482465], [-73.9063661131388, 40.74536206867322], [-73.90635377062013, 40.74536210255461], [-73.90634149667837, 40.745362131000896], [-73.90632918303865, 40.745362159413595], [-73.90631691270582, 40.74536218786024], [-73.90630467485309, 40.745362216331976], [-73.90628012335674, 40.74536227595462], [-73.90600314799661, 40.74536395510184], [-73.9059770731654, 40.74536427965754], [-73.90596840439976, 40.745364396094345], [-73.9059597717231, 40.74536451256001], [-73.90595107407064, 40.74536463995091], [-73.90594234393411, 40.74536477005942], [-73.90593381228352, 40.745364903074126], [-73.90592511461928, 40.745365038697344], [-73.90591638085047, 40.74536518526943], [-73.90590778422006, 40.74536533195288], [-73.90589905044348, 40.74536548401313], [-73.90589035635311, 40.745365644339415], [-73.9058817199975, 40.74536581020168], [-73.90587309086737, 40.74536597057974], [-73.90586440035865, 40.74536615012026], [-73.9058557928664, 40.745366321493705], [-73.90584705905074, 40.745366500997505], [-73.90583836852635, 40.745366691515024], [-73.90582982597095, 40.745366879408124], [-73.90582112821706, 40.74536707815269], [-73.90581239797906, 40.745367279614804], [-73.90580379765387, 40.74536748667197], [-73.90579509987653, 40.745367701883076], [-73.90578636600229, 40.74536792255348], [-73.90577777287146, 40.745368146083095], [-73.90576917251498, 40.745368375095694], [-73.90576047109354, 40.74536861500392], [-73.90575183463233, 40.745368854964696], [-73.90574323786129, 40.74536910044681], [-73.9057345436342, 40.74536935682749], [-73.90572583857254, 40.74536961868814], [-73.90571714071692, 40.745369888788304], [-73.90570854751955, 40.74537015897351], [-73.90569994709266, 40.745370437386384], [-73.90569124920968, 40.74537072669781], [-73.90568264876708, 40.74537101608837], [-73.90567394725564, 40.74537131911933], [-73.90566524934522, 40.745371627642], [-73.90565674992455, 40.74537193632667], [-73.90564805199455, 40.745372258571805], [-73.90563935405281, 40.74537258905057], [-73.90563074993862, 40.74537292235028], [-73.90562205919504, 40.745373266557344], [-73.90561349475922, 40.74537361361204], [-73.90560479316933, 40.74537397153273], [-73.90559609878551, 40.74537433769285], [-73.90558760289527, 40.745374701270315], [-73.90557893735912, 40.7453750839213], [-73.90557023572605, 40.74537547203159], [-73.90556164235619, 40.74537586297471], [-73.90555298400642, 40.74537626758769], [-73.90554438339518, 40.74537667499208], [-73.905535818869, 40.74537708517023], [-73.90552712439097, 40.74537751719911], [-73.90551846239295, 40.745377949253985], [-73.90550976789913, 40.74537839226059], [-73.90550120694635, 40.74537882714182], [-73.90549260626827, 40.74537928120306], [-73.90548395505759, 40.74537974071172], [-73.90547538684388, 40.745380205777316], [-73.90546678612257, 40.7453806900289], [-73.9054581348765, 40.74538117423835], [-73.9054494727919, 40.745381666672486], [-73.90544081791715, 40.74538216460141], [-73.90543225685832, 40.74538267358568], [-73.90542368497259, 40.745383182560495], [-73.90541508781654, 40.745383697003376], [-73.90540643649175, 40.74538423610388], [-73.905397774344, 40.74538477245012], [-73.90538921324935, 40.74538530613393], [-73.9053805582841, 40.74538586718754], [-73.9053720043836, 40.745386417344484], [-73.90536337468033, 40.74538697841755], [-73.9053547088762, 40.74538754769458], [-73.90534624876783, 40.74538812537423], [-73.90533758654891, 40.74538871112134], [-73.90532893875765, 40.745389302369254], [-73.90532041004451, 40.74538990469339], [-73.9053117947136, 40.745390509690374], [-73.90528734182824, 40.745392276417675], [-73.9052688369866, 40.7453936500432], [-73.90526019270149, 40.74539431265233], [-73.90525153759339, 40.74539497250716], [-73.90524312068472, 40.745395624323024], [-73.9052344799846, 40.74539630340167], [-73.90522582484084, 40.74539698795733], [-73.90521731044821, 40.74539766988337], [-73.90520868776476, 40.745398368188155], [-73.90520016252941, 40.745399061083], [-73.90519163366935, 40.74539976495325], [-73.9051830109619, 40.74540047972462], [-73.90517438823474, 40.74540120821909], [-73.9051657655074, 40.745401936712874], [-73.90515724383319, 40.74540266254453], [-73.90514871492537, 40.745403399348554], [-73.90514018962622, 40.74540413615494], [-73.90513155964513, 40.74540488934297], [-73.90512294408775, 40.7454056507765], [-73.90511442238132, 40.74540639856295], [-73.90510583207414, 40.745407168250225], [-73.90509725634708, 40.74540783639313], [-73.9050887418188, 40.745408611631085], [-73.9050801514837, 40.745409400529724], [-73.9050715286565, 40.745410197635174], [-73.90506293830536, 40.7454109975115], [-73.90505441291823, 40.745411794695976], [-73.9050459308339, 40.745412594660294], [-73.90503742708812, 40.745413400095636], [-73.90502879700684, 40.74541422189466], [-73.90502022105896, 40.7454150437377], [-73.90501172811969, 40.74541586290378], [-73.90500312328057, 40.74541669844546], [-73.90499459062724, 40.74541752855656], [-73.90498601104221, 40.7454183696073], [-73.90497742062243, 40.74541921613793], [-73.90496902149805, 40.74542004635732], [-73.90496043828392, 40.74542090112688], [-73.9049518803319, 40.74542175591667], [-73.90494336569049, 40.745422607996844], [-73.9049347716333, 40.745423473734604], [-73.90492627141532, 40.745424334059635], [-73.90491773510023, 40.74542519984374], [-73.90489621561956, 40.74542739983552], [-73.90489205031942, 40.74542783006673], [-73.90488790306777, 40.74542825756798], [-73.90488381356641, 40.74542867962721], [-73.90487986844094, 40.7454290880818], [-73.90487570314065, 40.74542951831245], [-73.90487141872671, 40.74542996216826], [-73.90486727868867, 40.74543039241947], [-73.90486312060212, 40.745430825400334], [-73.90485903470146, 40.7454312529512], [-73.90485492353845, 40.74543168048106], [-73.90485077266565, 40.745432116212186], [-73.90484662179666, 40.745432549198405], [-73.9048425431137, 40.74543297675468], [-73.90483839223677, 40.74543341523012], [-73.90483424136374, 40.74543385096063], [-73.90482992806226, 40.745434305770104], [-73.90482578079799, 40.74543474150333], [-73.90482189702333, 40.74543515000661], [-73.90481774614612, 40.7454355884813], [-73.90481359887778, 40.74543602695887], [-73.90480931083843, 40.7454364817884], [-73.90480517078387, 40.74543692301634], [-73.90480101990254, 40.74543736423519], [-73.90479691233591, 40.74543780000018], [-73.90479276145452, 40.74543824121872], [-73.90478867915012, 40.745438677004294], [-73.9047845390953, 40.74543911823151], [-73.90478018607945, 40.74543958398526], [-73.90477628424787, 40.74544000070635], [-73.90477213336227, 40.7454404446689], [-73.90476781643925, 40.74544090770728], [-73.90476367276744, 40.74544135442026], [-73.90475956880528, 40.74544179293165], [-73.90475542513332, 40.74544223964428], [-73.90475130672763, 40.745442683632945], [-73.90474716305555, 40.74544313034533], [-73.90474285335, 40.74544359338874], [-73.90473871328673, 40.74544404010378], [-73.90473460570753, 40.745444484100794], [-73.904730436765, 40.74544493628118], [-73.90472631835895, 40.745445380268954], [-73.90472221438456, 40.745445827013235], [-73.90471804544582, 40.74544627644843], [-73.90471372129247, 40.74544674771301], [-73.90470961371288, 40.745447191709154], [-73.90470545920569, 40.745447643900576], [-73.90470134440427, 40.74544809063515], [-73.90469702746853, 40.74544856190514], [-73.90469286574333, 40.7454490140901], [-73.90468872567547, 40.74544946354811], [-73.90468461447877, 40.74544991302984], [-73.90468051050384, 40.74545035977267], [-73.90467613220845, 40.74545083648056], [-73.90467199935425, 40.745451288688706], [-73.90466786289109, 40.74545174089368], [-73.90466375891587, 40.745452187635905], [-73.90465965493674, 40.745452637122725], [-73.9046554895982, 40.74545309204813], [-73.90465114017766, 40.74545356603422], [-73.90464700732308, 40.745454018241425], [-73.90464287085958, 40.74545447044553], [-73.90463852865277, 40.74545494718188], [-73.90463438858023, 40.745455399382664], [-73.90463016548698, 40.74545586249356], [-73.90460674717718, 40.745458425910854], [-73.90460244467572, 40.74545889718925], [-73.90459834430466, 40.745459346676846], [-73.9045942114494, 40.7454597988822], [-73.90458985119731, 40.74546027560175], [-73.90458570029344, 40.74546073053657], [-73.90458153494995, 40.74546118820405], [-73.90457719996404, 40.745461662199325], [-73.90457306349953, 40.74546211440089], [-73.90456891259548, 40.7454625693351], [-73.90456475447353, 40.74546302426321], [-73.90456064688408, 40.74546347374349], [-73.90455649598377, 40.74546392593254], [-73.90455208880745, 40.745464408101306], [-73.90454798482675, 40.74546485758413], [-73.90454383392235, 40.74546531251742], [-73.90453942674978, 40.74546579194095], [-73.90453553933898, 40.745466216900105], [-73.90453137038982, 40.745466671818036], [-73.90452702818142, 40.74546714855016], [-73.90452287728061, 40.74546760073796], [-73.90451846288602, 40.745468082899436], [-73.90451433725141, 40.74546853236317], [-73.90451042096903, 40.7454689572975], [-73.90450603906228, 40.745469433995964], [-73.90450187733057, 40.74546988891878], [-73.90449775530465, 40.74547033838487], [-73.90449332647401, 40.74547082053342], [-73.90448919723015, 40.74547126999323], [-73.90448529899594, 40.74547169219694], [-73.90448115892525, 40.74547214164747], [-73.90447671565876, 40.74547262378341], [-73.90447257558796, 40.745473073233654], [-73.90446818285392, 40.74547354992168], [-73.90446402112562, 40.745474002098405], [-73.90446015537918, 40.74547441883869], [-73.9044559719933, 40.74547487374187], [-73.9044515539967, 40.74547535040831], [-73.9044474247562, 40.74547579712188], [-73.90444325942264, 40.74547624655012], [-73.90443913018208, 40.745476693263335], [-73.90443495402164, 40.745477142682304], [-73.90443081034135, 40.74547759212801], [-73.90442667027781, 40.745478036087086], [-73.90442222340162, 40.74547851821795], [-73.90441837209815, 40.74547892947937], [-73.90441418871572, 40.74547938163628], [-73.904409749065, 40.745479858283126], [-73.90440559817048, 40.74548030497723], [-73.90440146893336, 40.7454807489444], [-73.9043973036031, 40.745481195626176], [-73.90439316353913, 40.745481639584064], [-73.90438898737806, 40.745482089001335], [-73.90438482205157, 40.74548253293795], [-73.90438066393895, 40.745482979625145], [-73.90437654192715, 40.74548341810788], [-73.90437235854809, 40.74548386751858], [-73.90436819683029, 40.74548431145758], [-73.90436407842333, 40.74548475268766], [-73.90435989144305, 40.74548519660538], [-73.90435543735587, 40.745485673238164], [-73.90435130812598, 40.745486111714015], [-73.90434743155137, 40.74548652844156], [-73.90434328066783, 40.74548696689912], [-73.90433914060313, 40.74548741085508], [-73.90433489586809, 40.74548786295816], [-73.9043109831502, 40.745490401201934], [-73.90430689723452, 40.74549083422268], [-73.90430275356829, 40.74549127268481], [-73.9042982525645, 40.745491749276376], [-73.9042941052853, 40.74549219047995], [-73.90429030091194, 40.745492590797056], [-73.90428611393062, 40.745493034712105], [-73.90428194861065, 40.74549347315549], [-73.9042778013313, 40.745493914358484], [-73.90427365766863, 40.745494350074836], [-73.90426947790888, 40.7454947912505], [-73.90426533063719, 40.74549522696357], [-73.90426119057538, 40.745495668171955], [-73.90425701081948, 40.74549610660244], [-73.90425286715261, 40.745496545062764], [-73.9042487234896, 40.7454969807782], [-73.9042445473385, 40.745497421955974], [-73.90424040006648, 40.74549785766812], [-73.90423627083895, 40.74549829339515], [-73.90423244119461, 40.74549869917879], [-73.904228308362, 40.74549913215778], [-73.90422377848584, 40.74549960872244], [-73.90421995245417, 40.74550001176398], [-73.90421580518188, 40.74550044747521], [-73.90421132944708, 40.74550091859489], [-73.9042075214638, 40.7455013189063], [-73.90420337780021, 40.745501754620086], [-73.90419918721282, 40.74550219578422], [-73.90419540449567, 40.74550259337148], [-73.90419091071604, 40.74550306447533], [-73.90418674539481, 40.745503502915284], [-73.90418297711716, 40.74550389776939], [-73.90417877209386, 40.74550433892078], [-73.90417463203883, 40.745504774636544], [-73.90417051003223, 40.74550520762243], [-73.90416634471075, 40.74550564606162], [-73.90416221188129, 40.7455060762935], [-73.90415840750627, 40.74550647660623], [-73.90415427467276, 40.74550690958253], [-73.90414974479555, 40.745507386144276], [-73.90414597651743, 40.74550778099717], [-73.90414217214223, 40.74550818130938], [-73.90413767475293, 40.74550865240816], [-73.90413352387064, 40.74550908811345], [-73.90412975559234, 40.745509482965836], [-73.90412557944356, 40.74550992139455], [-73.90412145743632, 40.745510354378666], [-73.9041172921142, 40.7455107928161], [-73.90411317732864, 40.74551122306123], [-73.90410939821945, 40.745511620648635], [-73.90410522928825, 40.74551205908263], [-73.9041011000629, 40.74551249206001], [-73.90409692752667, 40.74551292774596], [-73.9040928307854, 40.745513358005354], [-73.90408905528483, 40.74551375559511], [-73.90408488996623, 40.74551419128665], [-73.90408078961593, 40.74551462154258], [-73.90407664234178, 40.74551505724882], [-73.90407286684497, 40.74551545209332], [-73.90406870874399, 40.745515887790255], [-73.90406460117566, 40.7455163180396], [-73.9040608509411, 40.74551671290477], [-73.904056299409, 40.74551718944478], [-73.9040521304811, 40.745517625132116], [-73.9040486365188, 40.745517992762814], [-73.9040253807478, 40.74552042993875], [-73.90402141395029, 40.74552084383537], [-73.90401766732809, 40.745521235957355], [-73.9040139279237, 40.74552162808522], [-73.90400978787046, 40.74552206105034], [-73.90400565503501, 40.7455224940213], [-73.90400183983532, 40.7455228915751], [-73.90398135252539, 40.74552503461649], [-73.90396115758371, 40.74552714496101], [-73.90395684427818, 40.74552759424822], [-73.9039527042242, 40.7455280272113], [-73.9039490153557, 40.74552841114492], [-73.90394489695906, 40.74552884138102], [-73.90394070276724, 40.745529277043225], [-73.9039370211125, 40.74552966372727], [-73.90393290993353, 40.74553009396892], [-73.90392837284324, 40.74553056502647], [-73.90392465870416, 40.745530954427736], [-73.90392085433024, 40.745531351987935], [-73.90391636415565, 40.7455318230841], [-73.90391225658931, 40.74553225058332], [-73.9039085063569, 40.74553264269871], [-73.90390440961717, 40.745533070206676], [-73.90390026594969, 40.74553350590956], [-73.90389614033457, 40.745533936137846], [-73.903891993058, 40.74553437183748], [-73.90388788188241, 40.74553479933277], [-73.90388374904143, 40.74553523504414], [-73.90387963786178, 40.74553566528389], [-73.90387587679436, 40.745536062878685], [-73.90387177644132, 40.74553649312724], [-73.90386762916444, 40.74553692882595], [-73.9038634999321, 40.745537364539565], [-73.90385937069972, 40.74553780025307], [-73.90385530643564, 40.7455382305311], [-73.90385114110606, 40.74553867170366], [-73.90384740169567, 40.74553906657088], [-73.90384287902796, 40.74553954587132], [-73.90383873174277, 40.74553998705849], [-73.90383507173637, 40.74554037650211], [-73.90383090279362, 40.74554082041567], [-73.90382676272611, 40.74554126160845], [-73.90382229419178, 40.74554174095329], [-73.90381812885383, 40.74554218761411], [-73.90381437860847, 40.74554258796069], [-73.90381032155373, 40.74554302373273], [-73.90380616342945, 40.74554347314391], [-73.90380200170021, 40.74554391980722], [-73.90379789049969, 40.74554436376781], [-73.90379375402877, 40.74554481319661], [-73.90378968613906, 40.74554525444834], [-73.9037855713255, 40.74554570115024], [-73.90378152509318, 40.745546139675], [-73.90376089686269, 40.745548392349534], [-73.90199174487513, 40.74573599463513], [-73.90196641709421, 40.74573865744657], [-73.90194120120009, 40.74574131211346], [-73.90193260339323, 40.74574221879525], [-73.90192430156658, 40.74574309279149], [-73.90191599251779, 40.745743969525705], [-73.90190743441654, 40.74574487074996], [-73.90189912175839, 40.745745747479866], [-73.90189065027896, 40.74574664328714], [-73.90188212826625, 40.74574754454027], [-73.90187378673197, 40.74574842398851], [-73.90186550294433, 40.745749300740634], [-73.90185697371314, 40.74575020198574], [-73.90184843365087, 40.74575110596571], [-73.90184014625363, 40.74575198271293], [-73.90183182637178, 40.74575286217657], [-73.9018233151843, 40.74575376343457], [-73.90181481121438, 40.7457546646981], [-73.90180648771894, 40.745755546901584], [-73.90179818948981, 40.745756426381284], [-73.90178971439468, 40.74575732492281], [-73.90178116349973, 40.74575823163331], [-73.90177283278554, 40.74575911382823], [-73.90176452733765, 40.74575999329932], [-73.90175603780189, 40.74576089457082], [-73.90174751217255, 40.745761798555655], [-73.90173921394187, 40.745762678031085], [-73.9017308723957, 40.74576356295847], [-73.90172240451663, 40.74576446150121], [-73.90171387527346, 40.74576536822523], [-73.90170553372663, 40.745766253150805], [-73.90169724271263, 40.74576713262935], [-73.90168874595719, 40.74576803388974], [-73.90168024198368, 40.74576893514331], [-73.90167191126275, 40.74576982007569], [-73.9016634072847, 40.745770724072734], [-73.9016548997016, 40.74577162532135], [-73.9016467458458, 40.745772491189676], [-73.9016382310403, 40.74577339517565], [-73.90162975233191, 40.74577429370233], [-73.90162144326726, 40.74577517590478], [-73.90161288875885, 40.745776082599754], [-73.90160458330267, 40.74577696480406], [-73.90159627062842, 40.74577784700161], [-73.9015877341639, 40.745778753710084], [-73.90157927711182, 40.74577964950684], [-73.90157074786876, 40.745780553475505], [-73.90156239187837, 40.74578144112306], [-73.90155410086066, 40.74578232059133], [-73.90154559688348, 40.74578322183497], [-73.90153725533216, 40.74578410674835], [-73.90152891738957, 40.74578499166417], [-73.9015204098028, 40.74578589290288], [-73.90149496644564, 40.74578859119358], [-73.90123631697287, 40.74581594620757], [-73.90121060650748, 40.74581866067492], [-73.90120202672534, 40.745819567317696], [-73.90119347943147, 40.74582046849818], [-73.90118487438228, 40.745821377862725], [-73.90117637401225, 40.745822273592715], [-73.90116774730902, 40.74582318293739], [-73.90115910616574, 40.74582409501383], [-73.90115057691541, 40.74582499620662], [-73.90114208737121, 40.74582589194335], [-73.90113343900934, 40.74582680401161], [-73.90112494946467, 40.7458276997471], [-73.90111639855985, 40.745828600918784], [-73.90110767078859, 40.74582952115121], [-73.90109919207005, 40.74583041689409], [-73.90109065199128, 40.74583131807313], [-73.90108202528572, 40.745832227411384], [-73.90107351047303, 40.745833125866106], [-73.90106488376705, 40.7458340352031], [-73.90105638338964, 40.74583493366898], [-73.90104786858039, 40.74583582937706], [-73.90103914441208, 40.74583675235214], [-73.90103062959831, 40.74583765080369], [-73.90102208952176, 40.74583854923296], [-73.90101349890773, 40.74583945585233], [-73.90100498409319, 40.745840354302], [-73.9009964548387, 40.74584125548337], [-73.90098784978821, 40.745842162088465], [-73.90097921946682, 40.7458430741607], [-73.90097072991801, 40.745843969884795], [-73.9009620815515, 40.745844881940194], [-73.90095358117134, 40.745845780398476], [-73.90094509162184, 40.74584667612071], [-73.90093645408145, 40.7458475881835], [-73.9009278345854, 40.745848500261204], [-73.90091921870221, 40.74584940959657], [-73.90091080856052, 40.745850297150334], [-73.90090219267272, 40.74585120922919], [-73.9008935840067, 40.745852118568884], [-73.90088507279786, 40.745853017012784], [-73.90087644969154, 40.7458539290835], [-73.90086790960268, 40.74585483299078], [-73.9008594236598, 40.745855728709785], [-73.9008508041617, 40.74585664078172], [-73.90084217022353, 40.745857555585296], [-73.9008336878889, 40.745858451305494], [-73.90082516945247, 40.74585935522825], [-73.90081652468677, 40.745860270020614], [-73.90080791240538, 40.745861182095524], [-73.90079941563, 40.745862080545535], [-73.90079087553495, 40.745862987191856], [-73.90078226686174, 40.74586389926796], [-73.90077367984603, 40.745864808617334], [-73.90076513975431, 40.745865712516995], [-73.90075658522262, 40.745866619148316], [-73.90073083139046, 40.74586934719502], [-73.89892696673184, 40.74605399324363], [-73.8988577688577, 40.74606106885163], [-73.89878857457366, 40.74606814716591], [-73.89876920233385, 40.74607013106459], [-73.89871939470235, 40.74607523094084], [-73.89870245887953, 40.74607696445359], [-73.8986501967674, 40.74608231740306], [-73.89863576954984, 40.74608379510683], [-73.89858099159149, 40.74608940930683], [-73.8985690188377, 40.746090636646386], [-73.89851180084084, 40.746096498437005], [-73.89850227533388, 40.746097475408874], [-73.89844262089811, 40.74610359027991], [-73.89837342650485, 40.746110682068476], [-73.89830422126586, 40.74611777655071], [-73.89823503045629, 40.7461248655146], [-73.89816585046718, 40.74613194895699], [-73.89809665241866, 40.74613903234185], [-73.89802744713755, 40.746146115678684], [-73.89796844234715, 40.746152151281564], [-73.89795825267696, 40.7461531934941], [-73.89788906903692, 40.74616026578801], [-73.89781987094219, 40.74616734077233], [-73.89775069810801, 40.74617440750323], [-73.89767985044108, 40.74618164562406], [-73.89760899193188, 40.746188883691666], [-73.89753816950517, 40.746196116258275], [-73.89746731458258, 40.746203348752445], [-73.89740533184965, 40.74620967784893], [-73.89732562634067, 40.74621781637402], [-73.89725476054505, 40.74622504872772], [-73.89718391999676, 40.7462322810604], [-73.89711309386884, 40.74623951336237], [-73.89704223885394, 40.746246745595], [-73.896971412691, 40.74625398055456], [-73.89690055764109, 40.746261215444775], [-73.89682969896259, 40.74626845303288], [-73.89675887636672, 40.74627568512021], [-73.89668801766169, 40.746282919876414], [-73.89661715172333, 40.74629015458249], [-73.89654634351717, 40.746297386552115], [-73.89647548474892, 40.746304632156544], [-73.89640466925137, 40.74631189148001], [-73.89633381043947, 40.74631914523144], [-73.89626295524674, 40.746326382474045], [-73.89619212894445, 40.74633359774116], [-73.896121255719, 40.74634080743284], [-73.89605040415758, 40.746348000632], [-73.89598895903602, 40.746354236130024], [-73.89597957063425, 40.74635518831433], [-73.89591824822554, 40.74636141016172], [-73.89590870822398, 40.74636237592706], [-73.89584755543596, 40.74636858965583], [-73.89583787465722, 40.74636957175646], [-73.89577684094735, 40.7463757883002], [-73.89576701578237, 40.746376786732746], [-73.89570614444533, 40.7463830143649], [-73.89569615684057, 40.74638403460233], [-73.89563548396164, 40.746390276100655], [-73.89562534834863, 40.74639132090059], [-73.89556478367363, 40.74639759539675], [-73.89555450366558, 40.74639866201751], [-73.8954941013331, 40.74640496681597], [-73.8954836805345, 40.74640605800547], [-73.8954234802388, 40.74641239588724], [-73.89541290420942, 40.746413514376876], [-73.8953844680184, 40.74641653797041], [-73.89535278322845, 40.74641989620975], [-73.89534204475028, 40.7464210419928], [-73.89528211497466, 40.74642745964429], [-73.89527125375045, 40.7464286300119], [-73.89521148631275, 40.74643508071128], [-73.8952004770754, 40.74643627838505], [-73.89514085393064, 40.74644276211611], [-73.89512970751557, 40.746443981616245], [-73.89507027560188, 40.746450484698116], [-73.89505898479109, 40.74645172601789], [-73.89499968636932, 40.746458245653464], [-73.89498822950453, 40.74645951151768], [-73.89492908984609, 40.746466042240655], [-73.8949174813718, 40.74646732717277], [-73.89485849688926, 40.74647385525636], [-73.89484673680546, 40.74647515925623], [-73.89478789305873, 40.746481687432144], [-73.89477603190375, 40.746483002311436], [-73.89471733252347, 40.746489516859455], [-73.89470528728239, 40.746490848031705], [-73.89464675393546, 40.74649734073754], [-73.89463454626203, 40.74649868822233], [-73.89457616091677, 40.74650515083542], [-73.8945638016378, 40.74650651464247], [-73.89450556429428, 40.746512947162955], [-73.89449308590342, 40.74651431908758], [-73.89443494964088, 40.74652072421748], [-73.89442233408023, 40.746522112477194], [-73.89436437831337, 40.74652847931042], [-73.89435157866198, 40.74652988660682], [-73.89429378531567, 40.746536234340276], [-73.89428085932123, 40.74653765798138], [-73.8942231850618, 40.746544003043944], [-73.8942100930213, 40.74654544573783], [-73.8941525703338, 40.746551785414795], [-73.89413934834549, 40.746553241704994], [-73.89408200251899, 40.74655955955122], [-73.89406860726646, 40.74656103488727], [-73.89401141663846, 40.7465673363726], [-73.89399789143809, 40.74656882530453], [-73.89394081630122, 40.74657511588211], [-73.89392713949468, 40.74657662113468], [-73.89387021594749, 40.746582895348354], [-73.89385638752162, 40.74658442515558], [-73.89379961916438, 40.746590688498394], [-73.89378563914973, 40.74659222364685], [-73.89372904044461, 40.746598459663836], [-73.89371492325074, 40.74660001663512], [-73.89365843642807, 40.74660624174166], [-73.89364417124114, 40.74660781229139], [-73.8935878504443, 40.74661402104809], [-73.89357340133229, 40.74661550633188], [-73.89351722853418, 40.74662168774331], [-73.89350264930722, 40.74662329092223], [-73.89344661365449, 40.74662946144705], [-73.8934319297464, 40.74663107549915], [-73.89337604567501, 40.74663723515085], [-73.89336117766624, 40.74663887372629], [-73.89330545962105, 40.74664501702896], [-73.89329042917416, 40.74664667465809], [-73.89323486271039, 40.74665280708802], [-73.89321971674642, 40.74665448106935], [-73.89316426576566, 40.746660608082784], [-73.89314896819039, 40.74666230112743], [-73.89309370087999, 40.74666866158113], [-73.89307826252457, 40.746670370954206], [-73.89302313638274, 40.746676462519524], [-73.89300750311251, 40.74667818817059], [-73.89295253950283, 40.746684192021064], [-73.89293745851705, 40.746685846812376], [-73.89288193177516, 40.74669192421403], [-73.89286741756744, 40.746693472477965], [-73.89281130614964, 40.74669955479122], [-73.89279737304581, 40.74670106516066], [-73.89274029431193, 40.74670720692352], [-73.89272731416067, 40.74670860289232], [-73.89268745689938, 40.746712866788876], [-73.89266977706042, 40.74671475242761], [-73.89262240102454, 40.74671979429376], [-73.892413582691, 40.74674147235044], [-73.89195160644981, 40.74678875190735], [-73.89181730357177, 40.74680308518895], [-73.89178537654499, 40.74680648613558], [-73.89170623930177, 40.746814961655566], [-73.89165110615664, 40.746820769848405], [-73.89157191882266, 40.74682895703011], [-73.8915400132059, 40.74683249242169], [-73.89140578988435, 40.74684661944211], [-73.89037408174427, 40.74695550075585], [-73.89018807778717, 40.74697512969298], [-73.8899170958904, 40.747003701884566], [-73.88478669553797, 40.74754525749539], [-73.88276411601025, 40.74775869051187], [-73.87769926113657, 40.74829298160329], [-73.87565507855535, 40.748508550502024], [-73.87173528559228, 40.74892182488982], [-73.87170953321781, 40.748924433915455], [-73.87170091660187, 40.74892530812776], [-73.87169219530598, 40.74892619045707], [-73.87168364727829, 40.748927056510226], [-73.87167512813372, 40.748927917105455], [-73.87166637073564, 40.7489288048821], [-73.87165786242322, 40.74892966274336], [-73.8716493143999, 40.74893052604924], [-73.87164071583844, 40.748931394787654], [-73.87163220752531, 40.74893225264701], [-73.87162359453232, 40.74893311862334], [-73.87161498153377, 40.74893398734375], [-73.87160647322531, 40.74893484245646], [-73.8715979757439, 40.74893569758064], [-73.87158936275002, 40.748936563554366], [-73.87158074975586, 40.7489374295275], [-73.87157226310639, 40.74893828191707], [-73.87156368621338, 40.748939142439646], [-73.87155508044735, 40.74894000292941], [-73.8715466190662, 40.74894085260051], [-73.87153812158854, 40.74894170497554], [-73.87152954830904, 40.74894256275486], [-73.87152093893307, 40.748943423237996], [-73.87151249199272, 40.74894427017798], [-73.87150390427614, 40.7489451279393], [-73.87149530211767, 40.7489459884286], [-73.87148685518198, 40.74894683262197], [-73.87147840102786, 40.748947676806615], [-73.87146982774682, 40.748948534581494], [-73.87146125807995, 40.748949389615056], [-73.87145280392521, 40.7489502337978], [-73.87144436059752, 40.748951077992096], [-73.87143582341714, 40.7489519303152], [-73.87142723931304, 40.748952785330076], [-73.87141867686326, 40.748953640368526], [-73.8714102660272, 40.74895447910705], [-73.87140181187117, 40.748955323286076], [-73.87139314834477, 40.748956189188775], [-73.87138470141176, 40.748957030629875], [-73.87137630140217, 40.748957869378025], [-73.87136776422005, 40.7489587216961], [-73.8713593497736, 40.748959560426876], [-73.8713508053676, 40.74896041548039], [-73.87134227179928, 40.748961265055904], [-73.87133386095599, 40.74896210653356], [-73.87132531294552, 40.74896295883645], [-73.87131690210181, 40.74896380031291], [-73.87130849487224, 40.748964639048], [-73.87129982772908, 40.74896550768437], [-73.87129145659539, 40.748966343713825], [-73.87128304214171, 40.74896718518379], [-73.87127453022094, 40.74896803752317], [-73.87126598581276, 40.74896889257041], [-73.87125748110972, 40.748969744916664], [-73.87123226661296, 40.74897227209423], [-73.87121261481899, 40.74897424555694], [-73.87118627043183, 40.74897689497488], [-73.87106401323611, 40.74898926875979], [-73.87103910186784, 40.74899180721338], [-73.87103072346683, 40.74899266517377], [-73.87102231619288, 40.748993523101234], [-73.87101428794334, 40.74899434577076], [-73.87100586622189, 40.748995209170346], [-73.87099747338367, 40.74899606711215], [-73.87098927185947, 40.74899690879912], [-73.87098102340612, 40.74899775592242], [-73.87097279660716, 40.74899860306942], [-73.87096438932107, 40.74899946648215], [-73.87095597480591, 40.74900033537564], [-73.87094774078811, 40.74900118251277], [-73.87093951398298, 40.74900203240209], [-73.87093111029976, 40.7490028985612], [-73.87092267773292, 40.74900377017677], [-73.8709144148255, 40.74900462551337], [-73.87090620606507, 40.7490054754206], [-73.87089777710132, 40.74900634978316], [-73.87088950336067, 40.74900720785059], [-73.87088126210699, 40.74900806320909], [-73.87087284396996, 40.74900893758193], [-73.8708643752946, 40.749009817387034], [-73.87085611959859, 40.7490106754723], [-73.8708478747296, 40.74901153356912], [-73.87083946019544, 40.74901241068834], [-73.8708311611736, 40.74901327695751], [-73.87082286576593, 40.74901414048537], [-73.8708144331803, 40.74901502032726], [-73.87080597892918, 40.74901590563373], [-73.87079772683543, 40.749016766463605], [-73.87078943863979, 40.7490176327419], [-73.87078094829165, 40.74901852075079], [-73.87077268535928, 40.74901938705623], [-73.87076438993951, 40.74902025606936], [-73.8707559320779, 40.749021141368104], [-73.87074744172355, 40.749022032119335], [-73.87073918240475, 40.74902289568162], [-73.87073085810061, 40.749023770149456], [-73.87072236413648, 40.749024660894705], [-73.87071405788805, 40.749025529892045], [-73.87070556030903, 40.74902642337681], [-73.87069707356244, 40.74902731412831], [-73.87068896224213, 40.74902816412946], [-73.87068045744961, 40.74902905485948], [-73.87067196709324, 40.749029945605066], [-73.87066385216318, 40.74903079560038], [-73.8706553220956, 40.74903169178968], [-73.87064679203309, 40.74903258523361], [-73.87063850382819, 40.74903345424579], [-73.87062996654704, 40.74903434768036], [-73.87062159893077, 40.7490352220916], [-73.87061328184704, 40.74903609381423], [-73.8706047698396, 40.74903698178588], [-73.87059632641554, 40.74903786434439], [-73.87057763465268, 40.74903981407457], [-73.87055667592409, 40.749041991813236], [-73.87053132763923, 40.74904462024283], [-73.87050588551038, 40.749047251306145], [-73.86863228342986, 40.749237877073085], [-73.86860664625463, 40.749240510239254], [-73.86859841217726, 40.74924135720842], [-73.86859001925544, 40.74924222595372], [-73.86858143140324, 40.749243113689325], [-73.86855965671236, 40.749245377965714], [-73.86853914185, 40.74924751741733], [-73.86853060090414, 40.74924841069215], [-73.86852216463862, 40.74924929585159], [-73.86851378612954, 40.74925017558681], [-73.86850521629921, 40.7492510743163], [-73.8684967728094, 40.74925196221038], [-73.86848838346688, 40.74925284467612], [-73.86847980640682, 40.74925374888496], [-73.86847116798074, 40.74925465851257], [-73.86846274975377, 40.74925554643302], [-73.8684543243084, 40.74925643434462], [-73.86844571114541, 40.74925734399915], [-73.86843728209047, 40.74925823190535], [-73.8684286580997, 40.74925914154628], [-73.8684200413269, 40.74926005119476], [-73.8684117674903, 40.749260925552676], [-73.86840310018407, 40.74926183788694], [-73.86839450145617, 40.74926274755415], [-73.86838622401514, 40.74926361916136], [-73.86837755309367, 40.749264534234314], [-73.8683689543705, 40.74926544115487], [-73.86836047477505, 40.74926633448721], [-73.86835176415256, 40.749267249512876], [-73.86834331343495, 40.74926814013215], [-73.8683348554989, 40.749269030742646], [-73.86832613765748, 40.749269945758115], [-73.86831748840531, 40.74927085261704], [-73.86830902686489, 40.749271740476736], [-73.86830048590741, 40.74927263647922], [-73.86829179694884, 40.74927354603558], [-73.86828329209287, 40.74927443658864], [-73.86827477280025, 40.74927532712447], [-73.86826607301366, 40.749276236666574], [-73.86825737684136, 40.74927714346733], [-73.86824886116258, 40.7492780312607], [-73.8682403382708, 40.74927891630037], [-73.86823162405219, 40.74927982307858], [-73.86822305423057, 40.7492807135528], [-73.86821431113854, 40.749281620296685], [-73.8682058063023, 40.74928249986501], [-73.86819722926718, 40.74928338758429], [-73.86818847535258, 40.74928429156907], [-73.86817991998255, 40.74928517382239], [-73.86817115884924, 40.7492860777976], [-73.86816243382314, 40.74928697357919], [-73.8681538206957, 40.74928786125394], [-73.86812778641433, 40.749290526796], [-73.86809906641562, 40.749293458242306], [-73.86807420898452, 40.749295982392844], [-73.86795173420882, 40.749308286751805], [-73.86792522717681, 40.749310921513874], [-73.86791647693478, 40.74931178980039], [-73.86790773752529, 40.74931265535396], [-73.86789869849896, 40.74931355075549], [-73.8678898363518, 40.749314429890674], [-73.86788120885149, 40.74931528184681], [-73.86787234310017, 40.74931615823176], [-73.86786345207938, 40.74931703733178], [-73.86785475599422, 40.74931789469678], [-73.86784590468417, 40.74931876835149], [-73.86783719055299, 40.749319625694476], [-73.86782834646613, 40.74932049661142], [-73.86781948432801, 40.74932137025168], [-73.86781074131781, 40.74932223030425], [-73.86780195499249, 40.74932309305121], [-73.8677932877896, 40.74932394495518], [-73.86778455560605, 40.74932480501819], [-73.86777561044616, 40.749325684049296], [-73.8677669143697, 40.749326535918144], [-73.86775821467843, 40.749327390526936], [-73.86774942112805, 40.74932825600636], [-73.86774064563392, 40.749329116016284], [-73.86773195676936, 40.74932997063553], [-73.86772330039751, 40.74933081980193], [-73.86771436245427, 40.74933169883658], [-73.86770569525459, 40.749332547989255], [-73.86769707136413, 40.74933339719097], [-73.86768829586325, 40.749334259941705], [-73.86767961061187, 40.74933511181639], [-73.86767087842539, 40.74933597187077], [-73.86766212458397, 40.74933683189961], [-73.86765346820489, 40.749337683805514], [-73.86764468908828, 40.7493385492935], [-73.86763596772822, 40.749339409357674], [-73.86762733661776, 40.749340258545885], [-73.86761870550167, 40.74934111047821], [-73.86760996969902, 40.74934197326857], [-73.86760125555632, 40.74934283333843], [-73.8675926641453, 40.749343682569716], [-73.8675840257991, 40.74934453998065], [-73.86757529721382, 40.749345402776626], [-73.86756659028302, 40.74934626559693], [-73.86755800969298, 40.74934711758278], [-73.86754928470523, 40.74934798587049], [-73.86754060664671, 40.749348848721986], [-73.867531993563, 40.749349706158085], [-73.86752342018488, 40.749350560894406], [-73.86751470962729, 40.74935143194082], [-73.867506049608, 40.74935229755523], [-73.86749747622373, 40.7493531550344], [-73.86748880536571, 40.74935402612451], [-73.86748013812208, 40.74935489447342], [-73.8674715611171, 40.74935575743596], [-73.86746290108577, 40.74935662853664], [-73.86743738663797, 40.74935920668877], [-73.8674026237266, 40.74936272661759], [-73.86563844841741, 40.749549230146854], [-73.86562283920551, 40.74955086427781], [-73.86369626546401, 40.749759499001435], [-73.86201711782117, 40.7499413541417], [-73.86199425592645, 40.74994380800744], [-73.86197889550732, 40.749945469390326], [-73.86196362169564, 40.749947136364455], [-73.86194844531894, 40.74994880894283], [-73.86193307396765, 40.749950519711994], [-73.86191791556689, 40.74995222524493], [-73.86190249720971, 40.74995397712493], [-73.86188734956089, 40.74995571834849], [-73.86187211161986, 40.749957489654015], [-73.86185671118646, 40.74995929918915], [-73.86184167531646, 40.74996108994632], [-73.86181813407373, 40.74996393546165], [-73.86181039046045, 40.749964881345065], [-73.86180254575082, 40.74996584631997], [-73.86179469741468, 40.74996681952419], [-73.86178695015171, 40.74996778461493], [-73.86177918481998, 40.749968760662476], [-73.86177129312779, 40.74996975577108], [-73.86176346279096, 40.74997075095285], [-73.86175571186665, 40.74997174073983], [-73.86174786345514, 40.74997274962259], [-73.86174011972015, 40.74997375314088], [-73.86173226045219, 40.74997477573328], [-73.86172441200009, 40.74997580382761], [-73.86171677291848, 40.74997681295951], [-73.86170893527053, 40.749977852044765], [-73.8617011192659, 40.74997889664499], [-73.86169335740396, 40.749979938564934], [-73.86168553415203, 40.749980996879145], [-73.86166358060393, 40.74998399797548], [-73.86163871710687, 40.74998746217992], [-73.86163100206508, 40.74998855081268], [-73.86162325451785, 40.74998965038486], [-73.8616154600228, 40.74999076362387], [-73.86160773772201, 40.74999187145961], [-73.86159988543443, 40.749993006586145], [-73.86159209450788, 40.749994139041114], [-73.86158437216065, 40.74999526883326], [-73.8615766353538, 40.74999640958647], [-73.86156883716252, 40.749997563989155], [-73.86156102812639, 40.749998726612546], [-73.86155332377255, 40.749999881126996], [-73.86154562301621, 40.75000104113473], [-73.86153780671535, 40.750002225705806], [-73.86152999762108, 40.750003415774515], [-73.86152229320912, 40.7500045977343], [-73.86151453101616, 40.75000579609261], [-73.86150657024527, 40.75000702989343], [-73.86149868888118, 40.75000826104438], [-73.86149097719276, 40.75000947044086], [-73.86148307413887, 40.7500107180332], [-73.86147519634315, 40.750011968400074], [-73.86146738713245, 40.75001321335945], [-73.86145950569271, 40.75001448018942], [-73.86145170728037, 40.75001573888445], [-73.86144395579245, 40.750016994890665], [-73.86143604904206, 40.75001828364658], [-73.8614281350559, 40.7500195806275], [-73.86142027882165, 40.750020874932595], [-73.86141250921821, 40.750022163851916], [-73.86140474321797, 40.7500234555198], [-73.86139684000098, 40.75002477995905], [-73.86138892232988, 40.750026112614606], [-73.86138120682834, 40.75002741806542], [-73.86137347326355, 40.75002873172822], [-73.86136556637904, 40.75003008360842], [-73.86135768836745, 40.75003143552282], [-73.86134992948622, 40.75003277385638], [-73.86134216336922, 40.75003412041492], [-73.86133430336244, 40.75003549156263], [-73.86132645778629, 40.750036865471984], [-73.86131867357115, 40.75003823670986], [-73.8613109326656, 40.75003960799944], [-73.86130308343925, 40.75004100111603], [-73.86129520530508, 40.75004241066579], [-73.86128739214682, 40.750043814803746], [-73.86127964034961, 40.75004521627036], [-73.86127188132237, 40.750046623217216], [-73.86126406811738, 40.750048049311566], [-73.86125634155471, 40.75004946453071], [-73.86124848860261, 40.75005091253414], [-73.86124062481126, 40.750052366013456], [-73.86123286931142, 40.75005381138843], [-73.86122517879326, 40.75005524860698], [-73.86121747742442, 40.75005669679087], [-73.86120954496621, 40.750058194101385], [-73.86120168470225, 40.750059686008804], [-73.86119408438879, 40.75006113431294], [-73.86118624575617, 40.750062637224396], [-73.8611784359965, 40.7500641401701], [-73.86117074897645, 40.75006562953949], [-73.86116302945075, 40.75006712984816], [-73.86115521964426, 40.75006865475025], [-73.86114739176301, 40.75007019335381], [-73.86113970468432, 40.75007171016852], [-73.86113186955542, 40.75007326248604], [-73.86112409579331, 40.75007480938746], [-73.86111641950099, 40.75007634542691], [-73.86110873958204, 40.750077889695724], [-73.86110090799791, 40.75007947220764], [-73.86109319554996, 40.75008103839422], [-73.86108541809675, 40.75008262371512], [-73.86107765868321, 40.750084211802005], [-73.86107001479105, 40.75008578630393], [-73.86106230950278, 40.75008737994459], [-73.8610545031004, 40.75008900091024], [-73.8610467111228, 40.75009062738229], [-73.86103907078679, 40.75009222658922], [-73.8610210711511, 40.75009602831098], [-73.86100045360685, 40.75010043346075], [-73.86099267596018, 40.75010210935194], [-73.86098501745549, 40.75010376617314], [-73.86097740587518, 40.75010542030573], [-73.8609696462388, 40.750107112685626], [-73.86096202379017, 40.7501087860173], [-73.86095425329108, 40.75011049485153], [-73.86094650443515, 40.750112209200914], [-73.86093887472123, 40.7501139044803], [-73.86093124498969, 40.75011560799344], [-73.86092351775314, 40.75011733883586], [-73.86091579772304, 40.75011907517597], [-73.86090817516855, 40.750120797909474], [-73.8609004514941, 40.75012255071266], [-73.86089282891014, 40.75012428716887], [-73.860885227975, 40.750126026395506], [-73.86087747175384, 40.75012780935012], [-73.86086979495681, 40.75012958142109], [-73.86086203870614, 40.75013137809835], [-73.8608544232754, 40.75013314475295], [-73.86084686920007, 40.750134911481176], [-73.86083914540197, 40.750136721919866], [-73.86083142881606, 40.75013853511147], [-73.86082384942945, 40.75014032376562], [-73.86081630251917, 40.75014211520324], [-73.86080861477089, 40.75014394489671], [-73.86080085839647, 40.75014579920949], [-73.86079331866887, 40.7501476071228], [-73.86078576086635, 40.75014942873751], [-73.86077804416853, 40.7501512940757], [-73.8607703707802, 40.75015315946573], [-73.860762657662, 40.750155038531], [-73.8607551539608, 40.75015687667759], [-73.86074760330571, 40.75015873123548], [-73.86073992263422, 40.75016062680691], [-73.860732205842, 40.75016253605794], [-73.8607246370824, 40.750164418039915], [-73.86071717303402, 40.75016627819006], [-73.86070952841227, 40.75016819301632], [-73.86070180433104, 40.750170135193514], [-73.86069426440285, 40.75017203642161], [-73.86068676778997, 40.750173934956905], [-73.86067912310907, 40.750175877228585], [-73.86067144590506, 40.75017783867369], [-73.86066394563572, 40.75017975916107], [-73.86065626479872, 40.75018173157977], [-73.86064867060988, 40.75018369037904], [-73.86064117029903, 40.75018563007811], [-73.86063362663761, 40.75018758893753], [-73.86062594574133, 40.75018958880163], [-73.86061835871737, 40.75019157231036], [-73.86061089806539, 40.7501935312687], [-73.86060343379232, 40.7501954957117], [-73.86059573839441, 40.75019752574853], [-73.86058810436909, 40.75019954762487], [-73.86058065088766, 40.75020152854795], [-73.86057304933244, 40.7502035559521], [-73.86056554887926, 40.75020556152011], [-73.86055807368987, 40.75020756711824], [-73.86055043237491, 40.750209621920256], [-73.86054287409907, 40.75021166309857], [-73.86053526886336, 40.75021372343277], [-73.86052781167771, 40.75021574826394], [-73.86052034364685, 40.750217781315804], [-73.86051273476039, 40.750219860857385], [-73.8605051079138, 40.75022189920537], [-73.86049764346774, 40.7502239432391], [-73.86049022234276, 40.75022598183532], [-73.86048264591963, 40.75022806964846], [-73.86047503698484, 40.75023017114548], [-73.86046746414694, 40.75023226994094], [-73.86046000685941, 40.75023434142841], [-73.86045261817434, 40.75023639927476], [-73.86044499113426, 40.75023852819536], [-73.86043738935791, 40.750240657146065], [-73.86043000786103, 40.750242728723435], [-73.86042256496181, 40.750244822183866], [-73.86041498482749, 40.75024695664884], [-73.86040746245666, 40.75024908294905], [-73.86040005924535, 40.75025118194567], [-73.86039257297098, 40.7502533055439], [-73.86038503973668, 40.750255448298006], [-73.86037748481814, 40.75025760474904], [-73.86036991545092, 40.75025976667162], [-73.86036256997818, 40.75026186848056], [-73.86035510531613, 40.750264011315835], [-73.86034752147627, 40.75026618968785], [-73.8603400242962, 40.750268348951224], [-73.86033261739094, 40.75027048636553], [-73.86032520687026, 40.75027262651976], [-73.86031770244166, 40.75027479949665], [-73.86031017994944, 40.750276980685356], [-73.86030271884715, 40.75027914547956], [-73.86029520356654, 40.7502813294208], [-73.86028768466474, 40.75028351884666], [-73.860280270486, 40.75028568095154], [-73.8602729429728, 40.7502878212031], [-73.8602654926726, 40.75028999698699], [-73.86025777872975, 40.75029225479303], [-73.8602503067447, 40.750294444273386], [-73.8602430622751, 40.75029656815531], [-73.86023551444468, 40.75029878224542], [-73.86022799910782, 40.75030099088499], [-73.86020560115664, 40.75030757580912], [-73.85940687282519, 40.750542967897864], [-73.85876759925243, 40.75073140622694], [-73.85742528373399, 40.7511270964253], [-73.85634851258907, 40.75144447631784], [-73.85441911890277, 40.7520131432973], [-73.85423107001502, 40.752068560786526], [-73.85395114499967, 40.75215105650353], [-73.85255677885286, 40.75256200827808], [-73.8520879194837, 40.75270022568167], [-73.85193250540227, 40.75274604724464], [-73.85151319585201, 40.75286966627819], [-73.85136041747393, 40.75291473017084], [-73.85092755813224, 40.75304240279666], [-73.84869318617864, 40.75370132295849], [-73.84842009861947, 40.7537819587624], [-73.84796521754464, 40.753916159462065], [-73.84793580009521, 40.75392451682281], [-73.84792089086933, 40.75392877346106], [-73.8479061441006, 40.75393301384336], [-73.84789141179256, 40.75393724326386], [-73.84787673724502, 40.753941467269286], [-73.84786201572369, 40.75394571316874], [-73.84784713888492, 40.753950008266756], [-73.84783259069721, 40.75395421596491], [-73.84781771022017, 40.75395852203331], [-73.8478029778193, 40.75396278712414], [-73.84778831765416, 40.75396703035051], [-73.84777358887143, 40.753971289952865], [-73.84775885286186, 40.75397555228854], [-73.84773812855774, 40.75398153864445], [-73.84772196593295, 40.75398619707846], [-73.84770721912629, 40.75399044292475], [-73.84769255179297, 40.75399465868198], [-73.84767779057644, 40.75399889078169], [-73.84766288491426, 40.754003152880735], [-73.84764829351016, 40.75400730834824], [-73.84763342401322, 40.75401153755434], [-73.84761125891345, 40.75401779920139], [-73.84755161541094, 40.75403447698274], [-73.8475294036001, 40.75404063974123], [-73.84752203940303, 40.75404267757724], [-73.84751442600805, 40.75404478095687], [-73.84750707627272, 40.754046807832026], [-73.84749966514616, 40.75404884834919], [-73.84749218540334, 40.75405090524357], [-73.84748490069823, 40.75405290475589], [-73.84747733790127, 40.75405497800783], [-73.84746983650712, 40.754057032127335], [-73.8474625048662, 40.7540590370656], [-73.84745514795296, 40.754061044714696], [-73.84744761768879, 40.75406309604977], [-73.84744013076805, 40.754065133718015], [-73.84743272330965, 40.7540671467882], [-73.8474254025386, 40.75406913252527], [-73.84741336499494, 40.75407239106759], [-73.84739849956838, 40.75407640615819], [-73.84738362333704, 40.75408041025359], [-73.84736877602927, 40.75408439242739], [-73.84735500860833, 40.754088076852476], [-73.84733353046484, 40.75409380413012], [-73.84732914599725, 40.75409497032755], [-73.84732503240252, 40.754096062775574], [-73.84732073461628, 40.75409720438478], [-73.847316639087, 40.75409828862218], [-73.84731255438574, 40.75409937287379], [-73.84730827756952, 40.7541008136881], [-73.8473040339799, 40.754101930665755], [-73.84729997819726, 40.754102995742], [-73.84729579962024, 40.75410409359233], [-73.84729151269883, 40.75410521874639], [-73.84726915718905, 40.7541110656179], [-73.84726587429004, 40.754111923116696], [-73.84726246138423, 40.75411281063525], [-73.84725934462337, 40.75411362169334], [-73.84725593894247, 40.75411450647655], [-73.84725274633418, 40.75411533939194], [-73.84724960068547, 40.75411615590097], [-73.84724619861993, 40.75411703794392], [-73.84724275682599, 40.75411793091309], [-73.84723966896485, 40.754118731030005], [-73.84723653054716, 40.754119542058774], [-73.84723314654077, 40.7541204186358], [-73.84722992866631, 40.75412125151702], [-73.84722649410324, 40.75412213900578], [-73.8472230775996, 40.754123021028896], [-73.84721996806913, 40.75412382660604], [-73.8472168549355, 40.75412462943356], [-73.84721373819247, 40.75412543225623], [-73.84721022779428, 40.75412633611244], [-73.84720677517753, 40.75412722632142], [-73.84720375233468, 40.754128004565594], [-73.84720056336599, 40.7541288237606], [-73.84719742495365, 40.75412963204359], [-73.84719400123676, 40.75413051131152], [-73.84719047639427, 40.75413141789271], [-73.84718716102779, 40.75413226711193], [-73.84716995577818, 40.75413667980255], [-73.84715287696169, 40.75414104599759], [-73.84713757862437, 40.75414495343489], [-73.8471223922579, 40.75414882533696], [-73.84710691335992, 40.75415277095701], [-73.84709170172418, 40.75415664282153], [-73.84707642508015, 40.7541605310662], [-73.84703070346264, 40.75417217671868], [-73.84701478032906, 40.75417623976069], [-73.84700966281862, 40.754177547699385], [-73.84700429250006, 40.75417892117613], [-73.84699896913472, 40.754180280991186], [-73.8469940321935, 40.75418154525303], [-73.84698868715263, 40.754182913273084], [-73.84698332043628, 40.75418428949838], [-73.84697825347482, 40.75418558926858], [-73.84697291203632, 40.75418696003743], [-73.84696757059129, 40.75418833355078], [-73.84696245306006, 40.75418964972165], [-73.84695710438952, 40.754191025969654], [-73.84695175571245, 40.75419240496217], [-73.84694685847266, 40.75419366927473], [-73.84694149896075, 40.754195050997154], [-73.84693622250217, 40.754196416361154], [-73.84693111939458, 40.75419773803925], [-73.84692569847212, 40.75419914163731], [-73.84692040755647, 40.7542005152156], [-73.84691538750188, 40.75420182053488], [-73.84691021937412, 40.75420316408365], [-73.84690484899473, 40.75420456225841], [-73.84689959056264, 40.754205935878915], [-73.84689448742839, 40.75420726853439], [-73.84688908091658, 40.75420868312889], [-73.84688380441804, 40.75421006495894], [-73.84687902991354, 40.75421132119751], [-73.84687361255405, 40.7542127440111], [-73.84686828186366, 40.75421414772639], [-73.84686293671656, 40.75421555965649], [-73.84685791299984, 40.7542168869264], [-73.84685282787929, 40.7542182333277], [-73.84684716859542, 40.75421969698966], [-73.84684213762773, 40.754221037972975], [-73.84683713194451, 40.75422237075547], [-73.84683174342042, 40.754223810073924], [-73.84682662936689, 40.75422518113837], [-73.84682139612784, 40.75422658498109], [-73.84681623876762, 40.754227953242705], [-73.84681105968147, 40.75422935166745], [-73.84680570723748, 40.75423079652218], [-73.84680073764659, 40.7542321293511], [-73.84679557298473, 40.75423353328385], [-73.84679047696403, 40.754234909860166], [-73.846785189488, 40.75423635480035], [-73.84678002480018, 40.75423776971134], [-73.8467750081979, 40.75423914090311], [-73.84676976041813, 40.75424058864014], [-73.84676474378385, 40.75424197355516], [-73.84675949599095, 40.754243426781244], [-73.84675425180095, 40.75424488275656], [-73.84674931098199, 40.75424625953754], [-73.84674409204455, 40.754247721035526], [-73.84673876113392, 40.75424921806601], [-73.84673382750788, 40.75425060583489], [-73.84672860491614, 40.75425208654054], [-73.84672337149605, 40.7542535672316], [-73.84671846312872, 40.75425495777817], [-73.84671316103517, 40.754256479548594], [-73.84670791674833, 40.754257976692955], [-73.8467027844217, 40.75425944379382], [-73.84669781095192, 40.75426089189262], [-73.84669250524172, 40.75426241640204], [-73.84668735121383, 40.75426390268659], [-73.84668240299644, 40.75426535630785], [-73.84667714420752, 40.754266880879015], [-73.84667205510368, 40.75426838646254], [-73.84666675656679, 40.75426993019359], [-73.84666177947979, 40.75427138103077], [-73.84665656753609, 40.754272938600344], [-73.84665134482721, 40.75427446870785], [-73.84664620880015, 40.754275974227774], [-73.84664104739976, 40.75427752637445], [-73.84663597636646, 40.754279021001466], [-73.84663084393547, 40.754280532014995], [-73.8466256537162, 40.75428205941988], [-73.84662044536124, 40.75428362522684], [-73.84661525152579, 40.75428515537113], [-73.84661027439223, 40.75428662541929], [-73.84660508772447, 40.754288177530704], [-73.84659963021984, 40.754289786920964], [-73.84659476144934, 40.754291221431025], [-73.84658971565437, 40.754292727068595], [-73.84658424371145, 40.754294336438846], [-73.84657914740357, 40.754295833774464], [-73.84657418832171, 40.75429730110035], [-73.84656889337701, 40.75429885032116], [-73.84656341784896, 40.75430044870669], [-73.84655831794342, 40.75430194054707], [-73.84655334808303, 40.754303385899696], [-73.84654813985755, 40.754304894063814], [-73.8465431555718, 40.75430633390728], [-73.84653783901993, 40.75430786113988], [-73.84653236356633, 40.75430942658703], [-73.84652723124447, 40.75431088819062], [-73.8465220881069, 40.75431234429001], [-73.84650056586166, 40.754318351318126], [-73.84648020323812, 40.75432392072767], [-73.844876673973, 40.75479964173391], [-73.84485608252919, 40.75480570185843], [-73.84484918739597, 40.75480773741056], [-73.84484243312532, 40.75480973198067], [-73.84483556688576, 40.754811759336675], [-73.84482877648823, 40.75481376758113], [-73.84482192829483, 40.75481579496057], [-73.84481500063642, 40.75481784693533], [-73.84480820660904, 40.754819863407896], [-73.84480138368674, 40.754821888075405], [-73.84479443795443, 40.75482395100359], [-73.84478765475401, 40.754825967489545], [-73.84478100158165, 40.75482794572383], [-73.8447741389094, 40.75482998954943], [-73.84476730152174, 40.75483202517444], [-73.84476043884226, 40.754834071743964], [-73.84475386149796, 40.754836036355115], [-73.84474694463164, 40.75483810206405], [-73.84473990495515, 40.75484020603357], [-73.84473331676224, 40.75484217886315], [-73.84472658770576, 40.75484419267377], [-73.84471954079, 40.75484630486653], [-73.84471278281896, 40.75484833510587], [-73.84470629574568, 40.75485028336749], [-73.84469945108388, 40.7548523409367], [-73.84469243304169, 40.75485445316671], [-73.84468577619029, 40.75485645883802], [-73.84467900374754, 40.75485850277959], [-73.84467220240346, 40.75486055766081], [-73.84466545884801, 40.754862596151035], [-73.84465885976482, 40.75486459366448], [-73.84465203673099, 40.75486666223899], [-73.84464519923988, 40.754868739027884], [-73.84463856040709, 40.754870755699756], [-73.84461802981237, 40.7548770162306], [-73.84459794703771, 40.75488316757184], [-73.84459144178894, 40.75488516795276], [-73.84458463673394, 40.75488726399508], [-73.84457781361222, 40.75488936824682], [-73.84457118553316, 40.754891415121584], [-73.84456435516614, 40.75489353034179], [-73.84455779930663, 40.754895563589514], [-73.84455116035323, 40.754897629661684], [-73.8445443516286, 40.754899750399375], [-73.84453754650659, 40.754901873886325], [-73.84453098338174, 40.75490392633591], [-73.84452436606395, 40.75490600067002], [-73.84451756090226, 40.75490814062423], [-73.84451102663874, 40.75491019860113], [-73.84450422868217, 40.75491234405379], [-73.84449745238167, 40.75491448953524], [-73.84449099754976, 40.75491653663927], [-73.84448436570848, 40.75491864663323], [-73.84447765077326, 40.75492078945159], [-73.84447088526089, 40.75492295141458], [-73.84446425699576, 40.754925075135944], [-73.84445772265201, 40.75492716604674], [-73.84445095347117, 40.754929352706306], [-73.84444435043224, 40.75493149292912], [-73.8444378124009, 40.75493361677082], [-73.84443123462067, 40.75493575977172], [-73.84442445092992, 40.75493797660239], [-73.8444179489787, 40.754940105981206], [-73.84441134948297, 40.75494227365436], [-73.84440467772784, 40.75494447142182], [-73.84439811432543, 40.754946639143], [-73.84439151478347, 40.75494882602825], [-73.84438500914378, 40.754950988337214], [-73.84437835899858, 40.75495320534556], [-73.84437355471015, 40.754954807278594], [-73.84436861314171, 40.75495646117614], [-73.84436386301338, 40.754958054947686], [-73.84435922124449, 40.75495961592845], [-73.84435427604022, 40.754961280799506], [-73.84434932721989, 40.754962948410196], [-73.84434437838003, 40.75496462425489], [-73.84433963905317, 40.75496622901904], [-73.84433467936535, 40.754967913082936], [-73.84433004477545, 40.75496949054068], [-73.84432530903808, 40.754971103543326], [-73.84432015064523, 40.75497286693579], [-73.84431552687006, 40.75497444989711], [-73.84431068996554, 40.754976106678384], [-73.84430573383435, 40.75497781270385], [-73.84430100528257, 40.75497943943894], [-73.84429629116825, 40.75498106619334], [-73.8442912410951, 40.75498281326249], [-73.84428642221079, 40.75498448104612], [-73.84428170446071, 40.754986118774006], [-73.84427695057764, 40.754987772921375], [-73.8442721208258, 40.75498945715824], [-73.84426711045504, 40.75499120427993], [-73.84426245047398, 40.7549928338509], [-73.84425766765686, 40.75499451266113], [-73.84425283065316, 40.754996210611104], [-73.84424788527022, 40.754997949585615], [-73.84424307353841, 40.75499964482459], [-73.84423835571558, 40.75500131274287], [-73.84423360177259, 40.75500299159112], [-73.84422879001437, 40.75500469780848], [-73.84422388794324, 40.75500643684054], [-73.84421915203384, 40.755008121202074], [-73.8442142391083, 40.755009871198006], [-73.8442094273234, 40.75501158839351], [-73.84420472390447, 40.755013270053674], [-73.84419997351786, 40.755014970863314], [-73.8441949016161, 40.7550167892622], [-73.84419016566024, 40.75501849283572], [-73.84418552724205, 40.755020160859225], [-73.84418063955503, 40.75502192186686], [-73.84417572296029, 40.755023696558965], [-73.84417083165047, 40.75502546305079], [-73.84416636659935, 40.755027081902576], [-73.84416147166677, 40.75502885387863], [-73.84415656587998, 40.75503063681874], [-73.84413732922776, 40.75503764558641], [-73.84397905509024, 40.75509633365962], [-73.84336945478611, 40.75527672301706], [-73.84205973308441, 40.755664941734835], [-73.84203185181697, 40.75567327224652], [-73.8420149726744, 40.755678365312356], [-73.84200750291289, 40.75568063046525], [-73.84200002590595, 40.75568290658674], [-73.84199251276479, 40.755685199126674], [-73.84198516937194, 40.75568744798294], [-73.84197776816865, 40.755689721462204], [-73.84197017189115, 40.75569206329211], [-73.84196275981935, 40.75569435322399], [-73.84195544164514, 40.7556966213262], [-73.84194799702209, 40.75569893866], [-73.84194057406177, 40.75570125327826], [-73.84193312579565, 40.75570358432984], [-73.84192569196027, 40.75570591814546], [-73.84191830506701, 40.75570824379078], [-73.84191095066484, 40.75571056673544], [-73.84190346982027, 40.75571293616687], [-73.84189607203842, 40.75571528649863], [-73.8418887175826, 40.75571763139979], [-73.84188127641447, 40.75572001186323], [-73.84187392193157, 40.755722367742436], [-73.84186647711378, 40.755724764668436], [-73.84185908286055, 40.75572714793959], [-73.84185176082866, 40.75572951758568], [-73.84184440988145, 40.75573190366013], [-73.84183699750763, 40.75573431709727], [-73.84182956345043, 40.755736741483105], [-73.8418222810814, 40.755739127650294], [-73.84181487226984, 40.75574156030412], [-73.84180755375296, 40.75574396837873], [-73.84180014851066, 40.75574641750501], [-73.84179275048677, 40.755748866640765], [-73.84178543190961, 40.75575129941664], [-73.84177806997273, 40.75575375134574], [-73.84177078387323, 40.755756186910006], [-73.84176346163282, 40.755758641637456], [-73.84175613215345, 40.75576110458876], [-73.84174871957103, 40.75576360310713], [-73.84174131780345, 40.75576610712944], [-73.84173407857864, 40.75576856196905], [-73.84172683211474, 40.755771025032516], [-73.84171949170644, 40.75577352913771], [-73.84171208264597, 40.75577606334034], [-73.84170480722648, 40.7557785592996], [-73.84169754624429, 40.75578105527828], [-73.84168023179268, 40.75578703974061], [-73.84166100623368, 40.755793735208385], [-73.84165372347395, 40.75579628055987], [-73.84164639372536, 40.7557988532938], [-73.84163910730938, 40.755801417852545], [-73.8416318931279, 40.75580396329695], [-73.84162464280548, 40.75580652790442], [-73.84161734549411, 40.755809119894316], [-73.84161009874744, 40.755811698229564], [-73.84160283030421, 40.75581429300302], [-73.84159554017096, 40.75581690146991], [-73.84158832227222, 40.75581949082242], [-73.84158102848923, 40.755822115751904], [-73.84157381777561, 40.75582471883713], [-73.84156655647013, 40.755827346555144], [-73.84155930236996, 40.755829979772045], [-73.84155208438352, 40.755832604803906], [-73.84154490249774, 40.755835227140274], [-73.84153760499733, 40.75583789597784], [-73.84153039055987, 40.755840545716005], [-73.84152320501714, 40.75584318725924], [-73.84151594358363, 40.755845867124044], [-73.84150877244501, 40.75584852240991], [-73.84150154349553, 40.75585120231856], [-73.84149431813533, 40.7558538904659], [-73.84148714333327, 40.75585656770338], [-73.84147999741946, 40.755859239490675], [-73.84147272865243, 40.75586196600347], [-73.84146555018036, 40.75586466793728], [-73.84145840421253, 40.75586736168118], [-73.84145117513485, 40.75587009373672], [-73.84144395325592, 40.755872834035934], [-73.84143685781243, 40.75587553059276], [-73.8414297370563, 40.75587824632756], [-73.84142251152039, 40.75588100583367], [-73.84141531847567, 40.755883762639336], [-73.84140810012478, 40.75588653587816], [-73.8414010407143, 40.75588925718514], [-73.84139392348631, 40.75589200585958], [-73.84138673036733, 40.75589479285557], [-73.84137954446012, 40.755897582605826], [-73.84137243801302, 40.755900350507], [-73.84136536767967, 40.75590311022325], [-73.84135812390801, 40.755905946553206], [-73.84135103186433, 40.75590872819669], [-73.84134398676282, 40.755911501670106], [-73.8413368079729, 40.755914332598714], [-73.84131546658303, 40.75592279545818], [-73.83914954488357, 40.75678794210009], [-73.83813794798127, 40.75719200700508], [-73.83734098677427, 40.75750996980854], [-73.8373238207439, 40.757516911742854], [-73.83731797108794, 40.75751926945614], [-73.83731212505454, 40.75752162168469], [-73.83730640548944, 40.75752391919663], [-73.83730060283027, 40.75752624678311], [-73.83729474959662, 40.75752859076639], [-73.83728890721808, 40.757530923785694], [-73.8372831660141, 40.757533213031685], [-73.83727741759064, 40.757535502267125], [-73.83727166918015, 40.75753778601281], [-73.83726576902689, 40.7575401271836], [-73.83725985081873, 40.75754247107331], [-73.83725413134387, 40.75754473015626], [-73.83724838658829, 40.757546994692696], [-73.8372424539675, 40.75754932758216], [-73.83723669116334, 40.75755159209253], [-73.83723091392723, 40.75755385383744], [-73.83722493798372, 40.757556189409556], [-73.83721912102823, 40.75755845658727], [-73.83721331492788, 40.75756071280103], [-73.83720755218877, 40.75756294986254], [-73.83720173527234, 40.757565200570916], [-73.8371957593939, 40.75756750869411], [-73.83718991721645, 40.75756975662144], [-73.83718410395537, 40.75757198812087], [-73.837178200381, 40.75757424968462], [-73.83717240520718, 40.75757646474051], [-73.83716660282732, 40.75757867429644], [-73.83716063426623, 40.75758094125689], [-73.83715481023488, 40.75758314803686], [-73.8371489934491, 40.75758534384779], [-73.83714299964667, 40.75758759979268], [-73.83713710340277, 40.75758981470391], [-73.8371313047308, 40.75759198309207], [-73.83712541213589, 40.75759418153936], [-73.83711941478275, 40.757596412775236], [-73.83711343190099, 40.7575986303075], [-73.8371076585817, 40.757600763048565], [-73.83710176244284, 40.75760293404214], [-73.83709573625859, 40.757605146022776], [-73.83707526620422, 40.75761258279205], [-73.83705440248787, 40.757620106832825], [-73.83704836922234, 40.75762226116122], [-73.83704243712498, 40.757624374461194], [-73.83703651227326, 40.757626476792055], [-73.83703055492832, 40.75762858182143], [-73.83702457954192, 40.75763068408025], [-73.83701858972363, 40.75763278357353], [-73.83701262882173, 40.75763486663896], [-73.83700671491773, 40.75763691957834], [-73.83700080102676, 40.75763896702791], [-73.83699476071335, 40.757641049980016], [-73.83698868068757, 40.75764313562038], [-73.83698273795926, 40.757645166559726], [-73.83697681692833, 40.75764718106099], [-73.83697073696861, 40.75764923925302], [-73.83696470038377, 40.75765127280333], [-73.83695869994126, 40.75765328719126], [-73.83695279706426, 40.757655257800984], [-73.83694687252947, 40.75765722837974], [-73.83694067708188, 40.75765927817247], [-73.83693456474805, 40.75766128965602], [-73.83692865834063, 40.757663227322524], [-73.83692269416638, 40.75766517039642], [-73.83691655300196, 40.75766716262496], [-73.83691042991865, 40.757669141154985], [-73.83690446581049, 40.75767105678055], [-73.83689846921592, 40.75767297235984], [-73.83689249070244, 40.75767487424063], [-73.83688630269249, 40.7576768334642], [-73.83688017973505, 40.75767875984264], [-73.83687417239106, 40.757680642468394], [-73.83686815423813, 40.75768251684431], [-73.8368619663276, 40.75768443489548], [-73.83685579650488, 40.75768633650345], [-73.83684983260879, 40.7576881642945], [-73.8368437712002, 40.757690013905126], [-73.83683766286013, 40.75769186619374], [-73.83683152925948, 40.757693715701485], [-73.83682538484322, 40.75769555970408], [-73.83681927657612, 40.75769738179957], [-73.83681321890317, 40.75769917926366], [-73.83680702760863, 40.757701003985595], [-73.83680084355295, 40.757702820483246], [-73.83679478234347, 40.75770458774911], [-73.8367887175442, 40.757706346775294], [-73.83678246854893, 40.75770814945618], [-73.83677637851567, 40.75770989472226], [-73.83677030294729, 40.757711629029494], [-73.83676407209308, 40.75771339330859], [-73.83675786292959, 40.757715143894366], [-73.83675171520242, 40.75771686437464], [-73.83674560361104, 40.75771856843727], [-73.83673936202098, 40.75772029427335], [-73.83673312045079, 40.75772201187484], [-73.83672701976792, 40.75772368301497], [-73.83672090105705, 40.75772534589497], [-73.8367146595599, 40.757727033303325], [-73.83670849393745, 40.75772869062667], [-73.83670233917708, 40.75773033424137], [-73.8366960833013, 40.757731996925585], [-73.8366898057812, 40.7577336540893], [-73.83668368360028, 40.75773525932266], [-73.83667748198151, 40.757736875422076], [-73.83667118647995, 40.75773850511182], [-73.83666489821742, 40.7577401265772], [-73.83665874362319, 40.757741701571], [-73.83665258543927, 40.75774326832518], [-73.8366464200561, 40.757744826834596], [-73.8366401174483, 40.75774640985179], [-73.83663377874451, 40.75774799281746], [-73.83662758453772, 40.75774952932692], [-73.8366213253382, 40.75775107397817], [-73.8366151203425, 40.75775259400324], [-73.83660886840867, 40.75775411945089], [-73.83660258038555, 40.75775564210223], [-73.8365964079627, 40.75775712649071], [-73.83659002246704, 40.757758654492584], [-73.83658369117533, 40.757760157868304], [-73.83657748992219, 40.75776162300165], [-73.83657127785355, 40.75776308262979], [-73.83656506942117, 40.75776453128379], [-73.83655872738042, 40.75776600170585], [-73.83655234563406, 40.75776747207126], [-73.83654610476182, 40.75776890146494], [-73.8365399361414, 40.757770306258074], [-73.83653354361941, 40.757771754649134], [-73.83652712945317, 40.75777319751962], [-73.83652092839294, 40.75777458305246], [-73.83651471290091, 40.757775965819725], [-73.83650828796576, 40.75777738397117], [-73.83650204723311, 40.757778755722924], [-73.83649579208218, 40.75778011921963], [-73.83648928052317, 40.75778153450231], [-73.8364830470763, 40.75778287881592], [-73.83647679197843, 40.757784220353656], [-73.83647041410764, 40.75778558093006], [-73.83646416626891, 40.75778690600893], [-73.83645787511502, 40.757788231025984], [-73.8364514575718, 40.75778957782127], [-73.83644520979297, 40.75779087819647], [-73.83643878867336, 40.75779221126217], [-73.8364324217511, 40.75779352244654], [-73.83642622457972, 40.757794792700274], [-73.83641983962926, 40.75779609562409], [-73.83641346553426, 40.75779738758398], [-73.8364071456231, 40.7577986631519], [-73.83640073544532, 40.75779994957033], [-73.83639445529296, 40.75780120323604], [-73.83638816071552, 40.75780245139146], [-73.8363817541938, 40.75780371860077], [-73.83637534408251, 40.75780497757037], [-73.83636902787387, 40.757806214714996], [-73.83636270807564, 40.75780744361997], [-73.83635630161365, 40.75780868612518], [-73.8363498662748, 40.75780992858903], [-73.83634362596746, 40.75781112466886], [-73.8363373062155, 40.75781233435926], [-73.83633081653004, 40.75781365908731], [-73.83632453653013, 40.7578148496202], [-73.83631813375722, 40.75781605919157], [-73.83631178878453, 40.757817249631486], [-73.83630547270845, 40.757818431877816], [-73.83629904108521, 40.75781963042814], [-73.83629260947525, 40.757820823488586], [-73.83628630427447, 40.757821986536094], [-73.83627999186105, 40.75782314682826], [-73.83627350972982, 40.75782433432637], [-73.83625268033384, 40.757828111687836], [-73.83622892600401, 40.75783236247374], [-73.83622252701949, 40.75783349793692], [-73.83621616776706, 40.757834622477276], [-73.83620983741808, 40.75783573607935], [-73.83620340956979, 40.757836866010976], [-73.83619699617981, 40.75783798772852], [-73.83619064057665, 40.757839095804165], [-73.83618431026052, 40.75784019568114], [-73.8361778643905, 40.757841314606665], [-73.83617141131458, 40.75784242803211], [-73.83615237712984, 40.757845694660375], [-73.83518189234746, 40.758016169977786], [-73.83479718792235, 40.75808332640323], [-73.83476478058756, 40.75808927445682], [-73.83474848308227, 40.758092242856065], [-73.8347322470066, 40.75809518389365], [-73.83471593514174, 40.75809811933075], [-73.83469955471365, 40.75810104643288], [-73.83468325377689, 40.75810394070975], [-73.83466696372882, 40.75810681029724], [-73.834650652049, 40.758109668872336], [-73.83463412736097, 40.75811254360785], [-73.83461790242443, 40.75811535564213], [-73.83460144640446, 40.758118194789816], [-73.83458505901304, 40.75812101482045], [-73.83456861023676, 40.758123842994856], [-73.83455227329503, 40.75812669603025], [-73.83453581369396, 40.75812952143968], [-73.83451090733908, 40.758133910198964], [-73.83448659311793, 40.75813823392964], [-73.83447021625216, 40.758141171983276], [-73.83445382487845, 40.75814413746125], [-73.83443733593504, 40.758147146712645], [-73.83442103109307, 40.75815015073681], [-73.83440402558575, 40.75815331569168], [-73.83439174719233, 40.75815562009899], [-73.83438781087146, 40.75815636375668], [-73.8343837373177, 40.75815713466441], [-73.83437967459264, 40.7581579055876], [-73.83437560824422, 40.75815868199493], [-73.83437154912174, 40.75815945566776], [-73.83436747193073, 40.758160237548694], [-73.8343632799902, 40.75816071459732], [-73.83435922081968, 40.75816150748291], [-73.8343551688682, 40.75816230037869], [-73.83435129747832, 40.758163060596985], [-73.83434723467744, 40.758163861711154], [-73.83434297685592, 40.75816470371599], [-73.8343389248768, 40.758165507590185], [-73.83433511124692, 40.75816626514625], [-73.83433108814431, 40.75816706906169], [-73.8343269855828, 40.758167892075974], [-73.83432292635675, 40.75816870691817], [-73.83431887072659, 40.75816952725488], [-73.83431501372644, 40.75817030670589], [-73.83431099780849, 40.75817112435476], [-73.8343067868698, 40.75817198289416], [-73.83430289012288, 40.758172778756084], [-73.83429883084848, 40.758173612810616], [-73.83429482212878, 40.758174438703485], [-73.83429100119673, 40.758175229184594], [-73.8342867035453, 40.75817612053551], [-73.83428270202403, 40.75817695467257], [-73.8342788774616, 40.7581777533823], [-73.83427478202915, 40.75817861208669], [-73.83427098272688, 40.758179413577245], [-73.83426695228746, 40.758180264140634], [-73.83426270875887, 40.7581811638028], [-73.83425889499063, 40.758181976251116], [-73.83425503427017, 40.758182799610765], [-73.83425086294682, 40.7581836938869], [-73.83424680357548, 40.758184566365934], [-73.83424295366304, 40.75818539797501], [-73.83423913263412, 40.75818622688071], [-73.83423507685158, 40.758187107598744], [-73.8342309163223, 40.75818801561342], [-73.83422710249863, 40.75818885001861], [-73.83422328505156, 40.75818968990798], [-73.8342192111728, 40.75819058981269], [-73.83421516256789, 40.75819148700885], [-73.83421119702464, 40.758192367855926], [-73.8342071736867, 40.758193265088174], [-73.83420336342421, 40.75819411871097], [-73.83419954593558, 40.75819497506797], [-73.83419532754243, 40.758195926914034], [-73.83419136556728, 40.75819682423408], [-73.83418778280453, 40.7581976397573], [-73.83418370524006, 40.7581985698477], [-73.83417968545632, 40.758199489042084], [-73.83417571622736, 40.758200400074855], [-73.83417173614899, 40.75820131932616], [-73.83416792220075, 40.75820220313471], [-73.8341641371429, 40.758203081495225], [-73.83416010286558, 40.75820402262608], [-73.83415618054713, 40.7582049392152], [-73.83415233405745, 40.758205844934395], [-73.8341483033689, 40.75820679430425], [-73.83414451826954, 40.75820768913253], [-73.83412616690893, 40.75821207901168], [-73.8341083137934, 40.7582164201999], [-73.83410430828188, 40.75821740528623], [-73.83410040028406, 40.75821836855483], [-73.83409632251879, 40.75821937823953], [-73.83409241810983, 40.758220349747305], [-73.83408858593378, 40.75822130489042], [-73.8340843203255, 40.75822237194395], [-73.83408044117654, 40.75822334623244], [-73.83407655117819, 40.75822432873941], [-73.83407246974112, 40.758225363120744], [-73.83406838830385, 40.758226397501936], [-73.834064512723, 40.7582273882635], [-73.8340606877106, 40.75822836537406], [-73.83405663512931, 40.758229408030644], [-73.83405247779426, 40.75823048072839], [-73.83404846132238, 40.7582315179472], [-73.83404467599456, 40.75823250334863], [-73.83404073896774, 40.75823352695787], [-73.83403681550386, 40.75823490191448], [-73.83403262686495, 40.75823549972481], [-73.83402877283804, 40.758236531687494], [-73.8340247129271, 40.758237618248394], [-73.83402066022151, 40.758238710308994], [-73.83401682422858, 40.75823974778673], [-73.83401309298225, 40.75824075796779], [-73.83400913416008, 40.75824183643954], [-73.83400526924895, 40.75824289034376], [-73.83400153796805, 40.75824391424813], [-73.83399759357026, 40.75824499822978], [-73.83399366722715, 40.75824607949253], [-73.83398971919891, 40.75824717170294], [-73.833985998719, 40.75824820660135], [-73.83398204344398, 40.758249309780034], [-73.83397820736774, 40.758250380193395], [-73.83397446880528, 40.758251428789144], [-73.83397066882476, 40.75825249925423], [-73.83396670629581, 40.75825361614567], [-73.83396293519868, 40.75825468390742], [-73.83395903766282, 40.758255792658], [-73.83395504259235, 40.758256931460174], [-73.83395130759085, 40.7582579992735], [-73.83394738475315, 40.758259121711035], [-73.83394372558722, 40.75826017590972], [-73.833939817174, 40.75826130385724], [-73.8339358979182, 40.758262437278475], [-73.83393199671708, 40.7582635679809], [-73.83392807383082, 40.75826470963089], [-73.83392436405461, 40.758265793948254], [-73.83392044115445, 40.75826694108747], [-73.83391680722744, 40.7582680063007], [-73.8339128192858, 40.7582691807934], [-73.83390870851485, 40.75827039628009], [-73.8339050817862, 40.758271469737586], [-73.8339011805156, 40.75827262788633], [-73.83389729007362, 40.75827378605055], [-73.83389356940596, 40.75827489505395], [-73.83388967172404, 40.75827606144177], [-73.83388577764472, 40.75827723057935], [-73.83388187633237, 40.758278405195874], [-73.83387815924644, 40.758279525183], [-73.83387425792006, 40.758280705288726], [-73.83387025905226, 40.75828191819064], [-73.83386658167836, 40.7582830354899], [-73.8338626008651, 40.75828424567289], [-73.83385870312046, 40.758285436762236], [-73.83385506184905, 40.75828655136845], [-73.83385101959682, 40.758287791654645], [-73.8338471326669, 40.758288988248715], [-73.83384344441552, 40.758290124744775], [-73.83383954664275, 40.75829132681246], [-73.83383568136317, 40.758292526182146], [-73.83383178357649, 40.75829373373905], [-73.83382792550894, 40.758294935863624], [-73.83382403131782, 40.75829614891498], [-73.8338203538671, 40.75829729640486], [-73.83381644912085, 40.75829839965077], [-73.8338124104083, 40.7582996673882], [-73.83380870404606, 40.75830082855973], [-73.83380491097111, 40.75830202254307], [-73.83380079638115, 40.758303320362884], [-73.83379709360761, 40.75830448977347], [-73.83379330773771, 40.75830568925629], [-73.83378919674321, 40.75830699257038], [-73.83378540364015, 40.75830819753202], [-73.83376626462888, 40.75831431540946], [-73.83374712547713, 40.75832048817849], [-73.8337316132002, 40.7583255298529], [-73.83371607556464, 40.75833060717034], [-73.83370069679725, 40.758335665501804], [-73.83368514095129, 40.75834080591802], [-73.83366978735046, 40.758345902708186], [-73.83365430712325, 40.758351114592905], [-73.83363896062038, 40.75835625804993], [-73.83362353452551, 40.758361472753464], [-73.83360816257924, 40.758366684788385], [-73.83359282673344, 40.758371894128636], [-73.83357744389865, 40.75837712810174], [-73.8335621007877, 40.758382353895904], [-73.83354683353784, 40.75838755509488], [-73.83353146512736, 40.75839279182744], [-73.8335161075639, 40.75839802033933], [-73.83350082226568, 40.75840321876141], [-73.8334855369856, 40.75840840894718], [-73.83347015779846, 40.758413620953235], [-73.83345491230169, 40.75841877825549], [-73.83343204057633, 40.75842646067747], [-73.8332601145755, 40.758484021868476], [-73.83295070976696, 40.75858564261011], [-73.83273248978226, 40.75865741954894], [-73.83226669649414, 40.758811762976094], [-73.83223745923367, 40.75882145877245], [-73.8320903598895, 40.758871240068146], [-73.83202568012248, 40.75889355390834], [-73.8320148091601, 40.75889733404488], [-73.83200400321826, 40.758901095061965], [-73.83199307441618, 40.75890490804908], [-73.8319821203107, 40.75890873472201], [-73.83197126372649, 40.75891253683338], [-73.83196050106076, 40.758916311633264], [-73.83194951799136, 40.75892017119785], [-73.83193864328601, 40.75892400072719], [-73.83192785527297, 40.75892780567929], [-73.83191690104917, 40.75893167626181], [-73.83190377184887, 40.758936325923194], [-73.83188438871281, 40.758943206171956], [-73.83182026340911, 40.75896602848454], [-73.83180506738911, 40.75897150403157], [-73.83178995442988, 40.75897696322934], [-73.83177505459633, 40.75898235960716], [-73.83175990182906, 40.75898785716937], [-73.83174488269917, 40.758993321987745], [-73.83172980572941, 40.75899881965673], [-73.83171471788661, 40.75900433377632], [-73.83169966975427, 40.75900984520719], [-73.83168476249946, 40.75901531567071], [-73.83166967818256, 40.75902085998178], [-73.83165459382845, 40.7590264180146], [-73.83163965393376, 40.7590319460643], [-73.83162461649997, 40.75903750416172], [-73.83160209281401, 40.759045848213546], [-73.83137755493573, 40.75912967652212], [-73.83117344519096, 40.759205750223686], [-73.83113581486106, 40.75921982229386], [-73.83111305635525, 40.75922819335333], [-73.83109043882202, 40.75923648501721], [-73.831067759919, 40.759244776586726], [-73.83104503772236, 40.759253057109255], [-73.831020042917, 40.75926217418697], [-73.8309844116707, 40.759275063408374], [-73.83096190647849, 40.75928316856894], [-73.83093907614706, 40.75929137754839], [-73.83091647710671, 40.75929947707285], [-73.83089345902013, 40.75930770223619], [-73.8308709612621, 40.75931571406844], [-73.83084807696562, 40.759323843352895], [-73.83082526861273, 40.75933191510461], [-73.83080253618962, 40.7593399348131], [-73.83077970990293, 40.75934795712398], [-73.8307569848346, 40.75935591919456], [-73.83073394917675, 40.759363941188795], [-73.83071113037194, 40.7593718537071], [-73.83068825748656, 40.759379738693944], [-73.83066533408146, 40.7593876153677], [-73.83064259142617, 40.75939538525741], [-73.83061954172793, 40.7594032397784], [-73.83059658606398, 40.75941102032484], [-73.83057352567958, 40.759418814436444], [-73.83055071107495, 40.75942647990175], [-73.83052765837402, 40.75943408737251], [-73.83050472105835, 40.75944174166917], [-73.83048167183773, 40.75944939579663], [-73.83045872026145, 40.75945697595492], [-73.83043562788906, 40.75946456139092], [-73.83041252117054, 40.759472108374645], [-73.83038933146644, 40.75947963876308], [-73.83036628638135, 40.75948707603835], [-73.83034310413083, 40.759494510362245], [-73.83031862146503, 40.7595023078177], [-73.83029529138938, 40.75950967055076], [-73.83028739788816, 40.75951216213355], [-73.83027938880004, 40.759514683737756], [-73.83027161815227, 40.75951712609498], [-73.83026393782951, 40.75951953564775], [-73.83025593239827, 40.759522038042505], [-73.83024797394111, 40.75952452129262], [-73.83024020350089, 40.75952688130552], [-73.83023234261553, 40.759529320782406], [-73.83022438060286, 40.75953178206764], [-73.83021660283666, 40.759534183239445], [-73.83020882870058, 40.75953657618181], [-73.83020086311852, 40.7595390209917], [-73.83019290116651, 40.75954145757216], [-73.8301851270707, 40.75954383404448], [-73.83017727713633, 40.7595462241282], [-73.83016927195054, 40.75954862770634], [-73.83016149791605, 40.75955097947441], [-73.83015360106822, 40.759553363997874], [-73.83014561031943, 40.75955576759559], [-73.83013769544314, 40.75955814385717], [-73.83012992507904, 40.75956047092578], [-73.83012195965924, 40.75956284985648], [-73.8301139436895, 40.75956523420158], [-73.83010602165459, 40.75956758574767], [-73.83009822245998, 40.7595698935584], [-73.83009032935735, 40.75957222318806], [-73.83008230983869, 40.75957458282298], [-73.83007450707478, 40.75957687415835], [-73.8300665887308, 40.75957919277019], [-73.83005863067287, 40.759581514067605], [-73.83005064373707, 40.75958383532194], [-73.83004273266681, 40.759586131984825], [-73.83003489386648, 40.75958839856159], [-73.83002679861085, 40.75959073063344], [-73.8300189237197, 40.75959299441111], [-73.83001113915391, 40.75959522538456], [-73.83000304756231, 40.759597535502124], [-73.82999499571858, 40.75959982920929], [-73.82998716423947, 40.75960205462239], [-73.82997927138136, 40.759604285433866], [-73.82997125209312, 40.75960655173993], [-73.82996312807478, 40.759608837104096], [-73.82995525333348, 40.75961104049318], [-73.82994737498205, 40.75961324387639], [-73.8299393268633, 40.759615490924425], [-73.82993144855286, 40.75961767783811], [-73.8299233210062, 40.75961993025727], [-73.82991541743395, 40.75962211438782], [-73.8299076005635, 40.759624271198305], [-73.82989948390032, 40.75962650167388], [-73.82989150453044, 40.759628682946136], [-73.82988347820617, 40.75963087512747], [-73.82987543383304, 40.759633067281584], [-73.82986745812728, 40.7596352265996], [-73.82985954743724, 40.75963736954457], [-73.82985163676072, 40.759639506999484], [-73.82984354189908, 40.75964167986358], [-73.82983545786601, 40.759643852743096], [-73.82982749304983, 40.75964598737168], [-73.8298195463376, 40.759648100068425], [-73.8298114587353, 40.75965025647251], [-73.82980335308415, 40.75965241284932], [-73.82979544613995, 40.75965450090043], [-73.82978750667311, 40.759656602626734], [-73.82977941913194, 40.75965873432587], [-73.82977142191629, 40.75966083322096], [-73.8297634860997, 40.75966291848247], [-73.82975536969357, 40.7596650446478], [-73.82974724969831, 40.75966716257302], [-73.82973933197769, 40.75966922864637], [-73.82973133119192, 40.759671311064885], [-73.82972318954414, 40.75967342621161], [-73.82971513820787, 40.75967551404379], [-73.82970715551106, 40.759677580018874], [-73.82969918727355, 40.75967963778057], [-73.82969108900296, 40.75968172828646], [-73.82968307381762, 40.75968379421185], [-73.82967511282605, 40.75968584100356], [-73.82966698206687, 40.7596879314597], [-73.82965885132121, 40.7596900164258], [-73.82963493589561, 40.75969614027775], [-73.82912714054844, 40.75982639233265], [-73.82905766564038, 40.7598443057953]]]}, "properties": {"objectid": "6", "service_name": "Flushing Local", "service": "7", "shape_stlength": "57050.04858324696"}}]}